[2025-12-29T21:40:22.717+0000] {manager.py:469} INFO - Processing files using up to 2 processes at a time 
[2025-12-29T21:40:22.720+0000] {manager.py:470} INFO - Process each file at most once every 30 seconds
[2025-12-29T21:40:22.721+0000] {manager.py:471} INFO - Checking for new files in /opt/airflow/dags every 300 seconds
[2025-12-29T21:40:22.723+0000] {manager.py:738} INFO - Searching for files in /opt/airflow/dags
[2025-12-29T21:40:22.734+0000] {manager.py:741} INFO - There are 0 files in /opt/airflow/dags
[2025-12-29T21:45:23.197+0000] {manager.py:738} INFO - Searching for files in /opt/airflow/dags
[2025-12-29T21:45:23.215+0000] {manager.py:741} INFO - There are 0 files in /opt/airflow/dags
[2025-12-29T21:50:23.627+0000] {manager.py:738} INFO - Searching for files in /opt/airflow/dags
[2025-12-29T21:50:23.637+0000] {manager.py:741} INFO - There are 0 files in /opt/airflow/dags
[2025-12-30T06:06:43.221+0000] {manager.py:469} INFO - Processing files using up to 2 processes at a time 
[2025-12-30T06:06:43.226+0000] {manager.py:470} INFO - Process each file at most once every 30 seconds
[2025-12-30T06:06:43.227+0000] {manager.py:471} INFO - Checking for new files in /opt/airflow/dags every 300 seconds
[2025-12-30T06:06:43.228+0000] {manager.py:738} INFO - Searching for files in /opt/airflow/dags
[2025-12-30T06:06:43.235+0000] {manager.py:741} INFO - There are 0 files in /opt/airflow/dags
[2025-12-30T06:11:43.694+0000] {manager.py:738} INFO - Searching for files in /opt/airflow/dags
[2025-12-30T06:11:43.710+0000] {manager.py:741} INFO - There are 0 files in /opt/airflow/dags
[2025-12-30T06:16:44.250+0000] {manager.py:738} INFO - Searching for files in /opt/airflow/dags
[2025-12-30T06:16:44.259+0000] {manager.py:741} INFO - There are 0 files in /opt/airflow/dags
[2025-12-30T06:21:44.635+0000] {manager.py:738} INFO - Searching for files in /opt/airflow/dags
[2025-12-30T06:21:44.647+0000] {manager.py:741} INFO - There are 0 files in /opt/airflow/dags
[2025-12-30T06:26:44.990+0000] {manager.py:738} INFO - Searching for files in /opt/airflow/dags
[2025-12-30T06:26:45.004+0000] {manager.py:741} INFO - There are 0 files in /opt/airflow/dags
[2025-12-30T06:31:45.494+0000] {manager.py:738} INFO - Searching for files in /opt/airflow/dags
[2025-12-30T06:31:45.510+0000] {manager.py:741} INFO - There are 0 files in /opt/airflow/dags
[2025-12-30T06:36:46.042+0000] {manager.py:738} INFO - Searching for files in /opt/airflow/dags
[2025-12-30T06:36:46.054+0000] {manager.py:741} INFO - There are 0 files in /opt/airflow/dags
[2025-12-30T06:41:46.316+0000] {manager.py:738} INFO - Searching for files in /opt/airflow/dags
[2025-12-30T06:41:46.332+0000] {manager.py:741} INFO - There are 0 files in /opt/airflow/dags
[2025-12-30T06:46:46.715+0000] {manager.py:738} INFO - Searching for files in /opt/airflow/dags
[2025-12-30T06:46:46.723+0000] {manager.py:741} INFO - There are 0 files in /opt/airflow/dags
[2025-12-30T06:51:47.012+0000] {manager.py:738} INFO - Searching for files in /opt/airflow/dags
[2025-12-30T06:51:47.023+0000] {manager.py:741} INFO - There are 0 files in /opt/airflow/dags
[2025-12-30T06:56:47.272+0000] {manager.py:738} INFO - Searching for files in /opt/airflow/dags
[2025-12-30T06:56:47.285+0000] {manager.py:741} INFO - There are 0 files in /opt/airflow/dags
[2025-12-30T07:01:47.670+0000] {manager.py:738} INFO - Searching for files in /opt/airflow/dags
[2025-12-30T07:01:47.683+0000] {manager.py:741} INFO - There are 0 files in /opt/airflow/dags
[2025-12-30T07:06:48.373+0000] {manager.py:738} INFO - Searching for files in /opt/airflow/dags
[2025-12-30T07:06:48.389+0000] {manager.py:741} INFO - There are 0 files in /opt/airflow/dags
[2025-12-30T10:04:04.956+0000] {manager.py:469} INFO - Processing files using up to 2 processes at a time 
[2025-12-30T10:04:04.960+0000] {manager.py:470} INFO - Process each file at most once every 30 seconds
[2025-12-30T10:04:04.963+0000] {manager.py:471} INFO - Checking for new files in /opt/airflow/dags every 300 seconds
[2025-12-30T10:04:04.966+0000] {manager.py:738} INFO - Searching for files in /opt/airflow/dags
[2025-12-30T10:04:04.980+0000] {manager.py:741} INFO - There are 0 files in /opt/airflow/dags
[2025-12-30T10:09:05.715+0000] {manager.py:738} INFO - Searching for files in /opt/airflow/dags
[2025-12-30T10:09:05.725+0000] {manager.py:741} INFO - There are 0 files in /opt/airflow/dags
[2025-12-30T10:28:47.524+0000] {manager.py:469} INFO - Processing files using up to 2 processes at a time 
[2025-12-30T10:28:47.526+0000] {manager.py:470} INFO - Process each file at most once every 30 seconds
[2025-12-30T10:28:47.528+0000] {manager.py:471} INFO - Checking for new files in /opt/airflow/dags every 300 seconds
[2025-12-30T10:28:47.530+0000] {manager.py:738} INFO - Searching for files in /opt/airflow/dags
[2025-12-30T10:28:47.541+0000] {manager.py:741} INFO - There are 0 files in /opt/airflow/dags
[2025-12-30T10:33:48.302+0000] {manager.py:738} INFO - Searching for files in /opt/airflow/dags
[2025-12-30T10:33:48.314+0000] {manager.py:741} INFO - There are 0 files in /opt/airflow/dags
[2025-12-30T10:38:48.641+0000] {manager.py:738} INFO - Searching for files in /opt/airflow/dags
[2025-12-30T10:38:48.653+0000] {manager.py:741} INFO - There are 0 files in /opt/airflow/dags
[2025-12-30T10:43:49.438+0000] {manager.py:738} INFO - Searching for files in /opt/airflow/dags
[2025-12-30T10:43:49.452+0000] {manager.py:741} INFO - There are 0 files in /opt/airflow/dags
[2025-12-30T10:48:49.741+0000] {manager.py:738} INFO - Searching for files in /opt/airflow/dags
[2025-12-30T10:48:49.779+0000] {manager.py:741} INFO - There are 0 files in /opt/airflow/dags
[2025-12-30T10:53:51.093+0000] {manager.py:738} INFO - Searching for files in /opt/airflow/dags
[2025-12-30T10:53:51.157+0000] {manager.py:741} INFO - There are 1 files in /opt/airflow/dags
[2025-12-30T10:53:56.394+0000] {manager.py:879} INFO - 
================================================================================
DAG File Processing Stats

File Path                               PID    Runtime      # DAGs    # Errors  Last Runtime    Last Run
--------------------------------------  -----  ---------  --------  ----------  --------------  -------------------
/opt/airflow/dags/model_sample_dags.py                           0           1  0.44s           2025-12-30T10:53:51
================================================================================
[2025-12-30T10:54:28.310+0000] {manager.py:879} INFO - 
================================================================================
DAG File Processing Stats

File Path                               PID    Runtime      # DAGs    # Errors  Last Runtime    Last Run
--------------------------------------  -----  ---------  --------  ----------  --------------  -------------------
/opt/airflow/dags/model_sample_dags.py                           0           1  0.19s           2025-12-30T10:54:22
================================================================================
[2025-12-30T10:55:00.167+0000] {manager.py:879} INFO - 
================================================================================
DAG File Processing Stats

File Path                               PID    Runtime      # DAGs    # Errors  Last Runtime    Last Run
--------------------------------------  -----  ---------  --------  ----------  --------------  -------------------
/opt/airflow/dags/model_sample_dags.py                           0           1  0.28s           2025-12-30T10:54:54
================================================================================
[2025-12-30T10:55:31.906+0000] {manager.py:879} INFO - 
================================================================================
DAG File Processing Stats

File Path                               PID    Runtime      # DAGs    # Errors  Last Runtime    Last Run
--------------------------------------  -----  ---------  --------  ----------  --------------  -------------------
/opt/airflow/dags/model_sample_dags.py                           0           1  0.18s           2025-12-30T10:55:25
================================================================================
[2025-12-30T10:56:03.725+0000] {manager.py:879} INFO - 
================================================================================
DAG File Processing Stats

File Path                               PID    Runtime      # DAGs    # Errors  Last Runtime    Last Run
--------------------------------------  -----  ---------  --------  ----------  --------------  -------------------
/opt/airflow/dags/model_sample_dags.py                           0           1  0.26s           2025-12-30T10:55:56
================================================================================
[2025-12-30T10:56:35.496+0000] {manager.py:879} INFO - 
================================================================================
DAG File Processing Stats

File Path                               PID    Runtime      # DAGs    # Errors  Last Runtime    Last Run
--------------------------------------  -----  ---------  --------  ----------  --------------  -------------------
/opt/airflow/dags/model_sample_dags.py                           0           1  0.19s           2025-12-30T10:56:28
================================================================================
[2025-12-30T10:57:07.234+0000] {manager.py:879} INFO - 
================================================================================
DAG File Processing Stats

File Path                               PID    Runtime      # DAGs    # Errors  Last Runtime    Last Run
--------------------------------------  -----  ---------  --------  ----------  --------------  -------------------
/opt/airflow/dags/model_sample_dags.py                           0           1  0.27s           2025-12-30T10:56:59
================================================================================
[2025-12-30T10:57:39.193+0000] {manager.py:879} INFO - 
================================================================================
DAG File Processing Stats

File Path                               PID    Runtime      # DAGs    # Errors  Last Runtime    Last Run
--------------------------------------  -----  ---------  --------  ----------  --------------  -------------------
/opt/airflow/dags/model_sample_dags.py                           0           1  0.24s           2025-12-30T10:57:31
================================================================================
[2025-12-30T10:58:10.650+0000] {manager.py:879} INFO - 
================================================================================
DAG File Processing Stats

File Path                               PID    Runtime      # DAGs    # Errors  Last Runtime    Last Run
--------------------------------------  -----  ---------  --------  ----------  --------------  -------------------
/opt/airflow/dags/model_sample_dags.py                           0           1  0.62s           2025-12-30T10:57:51
================================================================================
[2025-12-30T10:58:42.005+0000] {manager.py:879} INFO - 
================================================================================
DAG File Processing Stats

File Path                               PID    Runtime      # DAGs    # Errors  Last Runtime    Last Run
--------------------------------------  -----  ---------  --------  ----------  --------------  -------------------
/opt/airflow/dags/model_sample_dags.py                           0           1  0.35s           2025-12-30T10:58:27
================================================================================
[2025-12-30T10:58:51.100+0000] {manager.py:738} INFO - Searching for files in /opt/airflow/dags
[2025-12-30T10:58:51.181+0000] {manager.py:741} INFO - There are 1 files in /opt/airflow/dags
[2025-12-30T10:59:13.964+0000] {manager.py:879} INFO - 
================================================================================
DAG File Processing Stats

File Path                               PID    Runtime      # DAGs    # Errors  Last Runtime    Last Run
--------------------------------------  -----  ---------  --------  ----------  --------------  -------------------
/opt/airflow/dags/model_sample_dags.py                           0           1  0.22s           2025-12-30T10:58:58
================================================================================
[2025-12-30T10:59:45.630+0000] {manager.py:879} INFO - 
================================================================================
DAG File Processing Stats

File Path                               PID    Runtime      # DAGs    # Errors  Last Runtime    Last Run
--------------------------------------  -----  ---------  --------  ----------  --------------  -------------------
/opt/airflow/dags/model_sample_dags.py                           0           1  0.18s           2025-12-30T10:59:29
================================================================================
[2025-12-30T11:00:17.482+0000] {manager.py:879} INFO - 
================================================================================
DAG File Processing Stats

File Path                               PID    Runtime      # DAGs    # Errors  Last Runtime    Last Run
--------------------------------------  -----  ---------  --------  ----------  --------------  -------------------
/opt/airflow/dags/model_sample_dags.py                           0           1  0.26s           2025-12-30T11:00:00
================================================================================
[2025-12-30T11:00:49.246+0000] {manager.py:879} INFO - 
================================================================================
DAG File Processing Stats

File Path                               PID    Runtime      # DAGs    # Errors  Last Runtime    Last Run
--------------------------------------  -----  ---------  --------  ----------  --------------  -------------------
/opt/airflow/dags/model_sample_dags.py                           0           1  0.40s           2025-12-30T11:00:31
================================================================================
[2025-12-30T11:01:20.938+0000] {manager.py:879} INFO - 
================================================================================
DAG File Processing Stats

File Path                               PID    Runtime      # DAGs    # Errors  Last Runtime    Last Run
--------------------------------------  -----  ---------  --------  ----------  --------------  -------------------
/opt/airflow/dags/model_sample_dags.py                           0           1  0.21s           2025-12-30T11:01:01
================================================================================
[2025-12-30T11:01:52.820+0000] {manager.py:879} INFO - 
================================================================================
DAG File Processing Stats

File Path                               PID    Runtime      # DAGs    # Errors  Last Runtime    Last Run
--------------------------------------  -----  ---------  --------  ----------  --------------  -------------------
/opt/airflow/dags/model_sample_dags.py                           0           1  0.21s           2025-12-30T11:01:32
================================================================================
[2025-12-30T11:02:24.557+0000] {manager.py:879} INFO - 
================================================================================
DAG File Processing Stats

File Path                               PID    Runtime      # DAGs    # Errors  Last Runtime    Last Run
--------------------------------------  -----  ---------  --------  ----------  --------------  -------------------
/opt/airflow/dags/model_sample_dags.py                           0           1  0.22s           2025-12-30T11:02:03
================================================================================
[2025-12-30T11:02:56.515+0000] {manager.py:879} INFO - 
================================================================================
DAG File Processing Stats

File Path                               PID    Runtime      # DAGs    # Errors  Last Runtime    Last Run
--------------------------------------  -----  ---------  --------  ----------  --------------  -------------------
/opt/airflow/dags/model_sample_dags.py                           0           1  0.31s           2025-12-30T11:02:34
================================================================================
[2025-12-30T11:03:28.344+0000] {manager.py:879} INFO - 
================================================================================
DAG File Processing Stats

File Path                               PID    Runtime      # DAGs    # Errors  Last Runtime    Last Run
--------------------------------------  -----  ---------  --------  ----------  --------------  -------------------
/opt/airflow/dags/model_sample_dags.py                           0           1  0.24s           2025-12-30T11:03:04
================================================================================
[2025-12-30T11:03:51.203+0000] {manager.py:738} INFO - Searching for files in /opt/airflow/dags
[2025-12-30T11:03:51.307+0000] {manager.py:741} INFO - There are 1 files in /opt/airflow/dags
[2025-12-30T11:04:00.486+0000] {manager.py:879} INFO - 
================================================================================
DAG File Processing Stats

File Path                               PID    Runtime      # DAGs    # Errors  Last Runtime    Last Run
--------------------------------------  -----  ---------  --------  ----------  --------------  -------------------
/opt/airflow/dags/model_sample_dags.py                           0           1  0.31s           2025-12-30T11:03:35
================================================================================
[2025-12-30T11:04:32.356+0000] {manager.py:879} INFO - 
================================================================================
DAG File Processing Stats

File Path                               PID    Runtime      # DAGs    # Errors  Last Runtime    Last Run
--------------------------------------  -----  ---------  --------  ----------  --------------  -------------------
/opt/airflow/dags/model_sample_dags.py                           0           1  0.27s           2025-12-30T11:04:05
================================================================================
[2025-12-30T11:05:03.693+0000] {manager.py:879} INFO - 
================================================================================
DAG File Processing Stats

File Path                               PID    Runtime      # DAGs    # Errors  Last Runtime    Last Run
--------------------------------------  -----  ---------  --------  ----------  --------------  -------------------
/opt/airflow/dags/model_sample_dags.py                           0           1  0.30s           2025-12-30T11:04:39
================================================================================
[2025-12-30T11:05:35.374+0000] {manager.py:879} INFO - 
================================================================================
DAG File Processing Stats

File Path                               PID    Runtime      # DAGs    # Errors  Last Runtime    Last Run
--------------------------------------  -----  ---------  --------  ----------  --------------  -------------------
/opt/airflow/dags/model_sample_dags.py                           0           1  0.29s           2025-12-30T11:05:09
================================================================================
[2025-12-30T11:06:07.151+0000] {manager.py:879} INFO - 
================================================================================
DAG File Processing Stats

File Path                               PID    Runtime      # DAGs    # Errors  Last Runtime    Last Run
--------------------------------------  -----  ---------  --------  ----------  --------------  -------------------
/opt/airflow/dags/model_sample_dags.py                           0           1  0.20s           2025-12-30T11:05:40
================================================================================
[2025-12-30T11:06:39.020+0000] {manager.py:879} INFO - 
================================================================================
DAG File Processing Stats

File Path                               PID    Runtime      # DAGs    # Errors  Last Runtime    Last Run
--------------------------------------  -----  ---------  --------  ----------  --------------  -------------------
/opt/airflow/dags/model_sample_dags.py                           0           1  0.34s           2025-12-30T11:06:11
================================================================================
[2025-12-30T11:07:11.029+0000] {manager.py:879} INFO - 
================================================================================
DAG File Processing Stats

File Path                               PID    Runtime      # DAGs    # Errors  Last Runtime    Last Run
--------------------------------------  -----  ---------  --------  ----------  --------------  -------------------
/opt/airflow/dags/model_sample_dags.py                           0           1  0.27s           2025-12-30T11:06:42
================================================================================
[2025-12-30T11:07:42.862+0000] {manager.py:879} INFO - 
================================================================================
DAG File Processing Stats

File Path                               PID    Runtime      # DAGs    # Errors  Last Runtime    Last Run
--------------------------------------  -----  ---------  --------  ----------  --------------  -------------------
/opt/airflow/dags/model_sample_dags.py                           0           1  0.27s           2025-12-30T11:07:13
================================================================================
[2025-12-30T11:08:14.832+0000] {manager.py:879} INFO - 
================================================================================
DAG File Processing Stats

File Path                                 PID  Runtime      # DAGs    # Errors  Last Runtime    Last Run
--------------------------------------  -----  ---------  --------  ----------  --------------  -------------------
/opt/airflow/dags/model_sample_dags.py    321  0.01s             0           1  0.28s           2025-12-30T11:07:44
================================================================================
[2025-12-30T11:08:46.853+0000] {manager.py:879} INFO - 
================================================================================
DAG File Processing Stats

File Path                               PID    Runtime      # DAGs    # Errors  Last Runtime    Last Run
--------------------------------------  -----  ---------  --------  ----------  --------------  -------------------
/opt/airflow/dags/model_sample_dags.py                           0           1  0.27s           2025-12-30T11:08:46
================================================================================
[2025-12-30T11:08:51.908+0000] {manager.py:738} INFO - Searching for files in /opt/airflow/dags
[2025-12-30T11:08:51.964+0000] {manager.py:741} INFO - There are 1 files in /opt/airflow/dags
[2025-12-30T11:09:18.805+0000] {manager.py:879} INFO - 
================================================================================
DAG File Processing Stats

File Path                               PID    Runtime      # DAGs    # Errors  Last Runtime    Last Run
--------------------------------------  -----  ---------  --------  ----------  --------------  -------------------
/opt/airflow/dags/model_sample_dags.py                           0           1  0.27s           2025-12-30T11:09:16
================================================================================
[2025-12-30T11:09:50.750+0000] {manager.py:879} INFO - 
================================================================================
DAG File Processing Stats

File Path                               PID    Runtime      # DAGs    # Errors  Last Runtime    Last Run
--------------------------------------  -----  ---------  --------  ----------  --------------  -------------------
/opt/airflow/dags/model_sample_dags.py                           0           1  0.18s           2025-12-30T11:09:47
================================================================================
[2025-12-30T11:10:22.556+0000] {manager.py:879} INFO - 
================================================================================
DAG File Processing Stats

File Path                               PID    Runtime      # DAGs    # Errors  Last Runtime    Last Run
--------------------------------------  -----  ---------  --------  ----------  --------------  -------------------
/opt/airflow/dags/model_sample_dags.py                           0           1  0.25s           2025-12-30T11:10:18
================================================================================
[2025-12-30T11:10:28.597+0000] {manager.py:451} INFO - Exiting gracefully upon receiving signal 15
[2025-12-30T11:12:03.664+0000] {manager.py:469} INFO - Processing files using up to 2 processes at a time 
[2025-12-30T11:12:03.667+0000] {manager.py:470} INFO - Process each file at most once every 30 seconds
[2025-12-30T11:12:03.669+0000] {manager.py:471} INFO - Checking for new files in /opt/airflow/dags every 300 seconds
[2025-12-30T11:12:03.671+0000] {manager.py:738} INFO - Searching for files in /opt/airflow/dags
[2025-12-30T11:12:03.745+0000] {manager.py:741} INFO - There are 1 files in /opt/airflow/dags
[2025-12-30T11:12:04.091+0000] {manager.py:879} INFO - 
================================================================================
DAG File Processing Stats

File Path                                 PID  Runtime      # DAGs    # Errors  Last Runtime    Last Run
--------------------------------------  -----  ---------  --------  ----------  --------------  ----------
/opt/airflow/dags/model_sample_dags.py    170  0.14s             0           0
================================================================================
[2025-12-30T11:12:36.240+0000] {manager.py:879} INFO - 
================================================================================
DAG File Processing Stats

File Path                               PID    Runtime      # DAGs    # Errors  Last Runtime    Last Run
--------------------------------------  -----  ---------  --------  ----------  --------------  -------------------
/opt/airflow/dags/model_sample_dags.py                           0           1  0.37s           2025-12-30T11:12:35
================================================================================
[2025-12-30T11:13:08.019+0000] {manager.py:879} INFO - 
================================================================================
DAG File Processing Stats

File Path                               PID    Runtime      # DAGs    # Errors  Last Runtime    Last Run
--------------------------------------  -----  ---------  --------  ----------  --------------  -------------------
/opt/airflow/dags/model_sample_dags.py                           0           1  0.28s           2025-12-30T11:13:06
================================================================================
[2025-12-30T11:13:39.983+0000] {manager.py:879} INFO - 
================================================================================
DAG File Processing Stats

File Path                               PID    Runtime      # DAGs    # Errors  Last Runtime    Last Run
--------------------------------------  -----  ---------  --------  ----------  --------------  -------------------
/opt/airflow/dags/model_sample_dags.py                           0           1  0.30s           2025-12-30T11:13:36
================================================================================
[2025-12-30T11:14:11.914+0000] {manager.py:879} INFO - 
================================================================================
DAG File Processing Stats

File Path                               PID    Runtime      # DAGs    # Errors  Last Runtime    Last Run
--------------------------------------  -----  ---------  --------  ----------  --------------  -------------------
/opt/airflow/dags/model_sample_dags.py                           0           1  0.30s           2025-12-30T11:14:08
================================================================================
[2025-12-30T11:14:45.313+0000] {manager.py:879} INFO - 
================================================================================
DAG File Processing Stats

File Path                               PID    Runtime      # DAGs    # Errors  Last Runtime    Last Run
--------------------------------------  -----  ---------  --------  ----------  --------------  -------------------
/opt/airflow/dags/model_sample_dags.py                           0           1  0.39s           2025-12-30T11:14:38
================================================================================
[2025-12-30T11:15:17.203+0000] {manager.py:879} INFO - 
================================================================================
DAG File Processing Stats

File Path                               PID    Runtime      # DAGs    # Errors  Last Runtime    Last Run
--------------------------------------  -----  ---------  --------  ----------  --------------  -------------------
/opt/airflow/dags/model_sample_dags.py                           0           1  0.28s           2025-12-30T11:15:09
================================================================================
[2025-12-30T11:15:49.164+0000] {manager.py:879} INFO - 
================================================================================
DAG File Processing Stats

File Path                               PID    Runtime      # DAGs    # Errors  Last Runtime    Last Run
--------------------------------------  -----  ---------  --------  ----------  --------------  -------------------
/opt/airflow/dags/model_sample_dags.py                           0           1  0.42s           2025-12-30T11:15:40
================================================================================
[2025-12-30T11:16:21.355+0000] {manager.py:879} INFO - 
================================================================================
DAG File Processing Stats

File Path                               PID    Runtime      # DAGs    # Errors  Last Runtime    Last Run
--------------------------------------  -----  ---------  --------  ----------  --------------  -------------------
/opt/airflow/dags/model_sample_dags.py                           0           1  0.30s           2025-12-30T11:15:52
================================================================================
[2025-12-30T11:16:53.161+0000] {manager.py:879} INFO - 
================================================================================
DAG File Processing Stats

File Path                               PID    Runtime      # DAGs    # Errors  Last Runtime    Last Run
--------------------------------------  -----  ---------  --------  ----------  --------------  -------------------
/opt/airflow/dags/model_sample_dags.py                           0           1  0.34s           2025-12-30T11:16:23
================================================================================
[2025-12-30T11:17:04.331+0000] {manager.py:738} INFO - Searching for files in /opt/airflow/dags
[2025-12-30T11:17:04.407+0000] {manager.py:741} INFO - There are 1 files in /opt/airflow/dags
[2025-12-30T11:17:25.078+0000] {manager.py:879} INFO - 
================================================================================
DAG File Processing Stats

File Path                                 PID  Runtime      # DAGs    # Errors  Last Runtime    Last Run
--------------------------------------  -----  ---------  --------  ----------  --------------  -------------------
/opt/airflow/dags/model_sample_dags.py    225  0.01s             0           1  0.24s           2025-12-30T11:16:54
================================================================================
[2025-12-30T11:17:57.081+0000] {manager.py:879} INFO - 
================================================================================
DAG File Processing Stats

File Path                               PID    Runtime      # DAGs    # Errors  Last Runtime    Last Run
--------------------------------------  -----  ---------  --------  ----------  --------------  -------------------
/opt/airflow/dags/model_sample_dags.py                           0           1  0.27s           2025-12-30T11:17:56
================================================================================
[2025-12-30T11:18:29.108+0000] {manager.py:879} INFO - 
================================================================================
DAG File Processing Stats

File Path                               PID    Runtime      # DAGs    # Errors  Last Runtime    Last Run
--------------------------------------  -----  ---------  --------  ----------  --------------  -------------------
/opt/airflow/dags/model_sample_dags.py                           0           1  0.27s           2025-12-30T11:18:27
================================================================================
[2025-12-30T11:19:00.992+0000] {manager.py:879} INFO - 
================================================================================
DAG File Processing Stats

File Path                               PID    Runtime      # DAGs    # Errors  Last Runtime    Last Run
--------------------------------------  -----  ---------  --------  ----------  --------------  -------------------
/opt/airflow/dags/model_sample_dags.py                           0           1  0.24s           2025-12-30T11:18:58
================================================================================
[2025-12-30T11:19:32.918+0000] {manager.py:879} INFO - 
================================================================================
DAG File Processing Stats

File Path                               PID    Runtime      # DAGs    # Errors  Last Runtime    Last Run
--------------------------------------  -----  ---------  --------  ----------  --------------  -------------------
/opt/airflow/dags/model_sample_dags.py                           0           1  0.26s           2025-12-30T11:19:28
================================================================================
[2025-12-30T11:20:04.870+0000] {manager.py:879} INFO - 
================================================================================
DAG File Processing Stats

File Path                               PID    Runtime      # DAGs    # Errors  Last Runtime    Last Run
--------------------------------------  -----  ---------  --------  ----------  --------------  -------------------
/opt/airflow/dags/model_sample_dags.py                           0           1  0.26s           2025-12-30T11:20:00
================================================================================
[2025-12-30T11:20:36.905+0000] {manager.py:879} INFO - 
================================================================================
DAG File Processing Stats

File Path                               PID    Runtime      # DAGs    # Errors  Last Runtime    Last Run
--------------------------------------  -----  ---------  --------  ----------  --------------  -------------------
/opt/airflow/dags/model_sample_dags.py                           1           0  0.90s           2025-12-30T11:20:19
================================================================================
[2025-12-30T11:21:08.423+0000] {manager.py:879} INFO - 
================================================================================
DAG File Processing Stats

File Path                               PID    Runtime      # DAGs    # Errors  Last Runtime    Last Run
--------------------------------------  -----  ---------  --------  ----------  --------------  -------------------
/opt/airflow/dags/model_sample_dags.py                           1           0  0.53s           2025-12-30T11:20:49
================================================================================
[2025-12-30T11:21:40.100+0000] {manager.py:879} INFO - 
================================================================================
DAG File Processing Stats

File Path                               PID    Runtime      # DAGs    # Errors  Last Runtime    Last Run
--------------------------------------  -----  ---------  --------  ----------  --------------  -------------------
/opt/airflow/dags/model_sample_dags.py                           1           0  0.39s           2025-12-30T11:21:20
================================================================================
[2025-12-30T11:22:04.584+0000] {manager.py:738} INFO - Searching for files in /opt/airflow/dags
[2025-12-30T11:22:04.641+0000] {manager.py:741} INFO - There are 1 files in /opt/airflow/dags
[2025-12-30T11:22:10.728+0000] {manager.py:879} INFO - 
================================================================================
DAG File Processing Stats

File Path                               PID    Runtime      # DAGs    # Errors  Last Runtime    Last Run
--------------------------------------  -----  ---------  --------  ----------  --------------  -------------------
/opt/airflow/dags/model_sample_dags.py                           1           0  0.30s           2025-12-30T11:21:51
================================================================================
[2025-12-30T11:22:42.473+0000] {manager.py:879} INFO - 
================================================================================
DAG File Processing Stats

File Path                               PID    Runtime      # DAGs    # Errors  Last Runtime    Last Run
--------------------------------------  -----  ---------  --------  ----------  --------------  -------------------
/opt/airflow/dags/model_sample_dags.py                           1           0  0.30s           2025-12-30T11:22:22
================================================================================
[2025-12-30T11:23:13.852+0000] {manager.py:879} INFO - 
================================================================================
DAG File Processing Stats

File Path                               PID    Runtime      # DAGs    # Errors  Last Runtime    Last Run
--------------------------------------  -----  ---------  --------  ----------  --------------  -------------------
/opt/airflow/dags/model_sample_dags.py                           1           0  0.35s           2025-12-30T11:22:52
================================================================================
[2025-12-30T11:23:45.124+0000] {manager.py:879} INFO - 
================================================================================
DAG File Processing Stats

File Path                               PID    Runtime      # DAGs    # Errors  Last Runtime    Last Run
--------------------------------------  -----  ---------  --------  ----------  --------------  -------------------
/opt/airflow/dags/model_sample_dags.py                           1           0  0.29s           2025-12-30T11:23:23
================================================================================
[2025-12-30T11:24:16.309+0000] {manager.py:879} INFO - 
================================================================================
DAG File Processing Stats

File Path                               PID    Runtime      # DAGs    # Errors  Last Runtime    Last Run
--------------------------------------  -----  ---------  --------  ----------  --------------  -------------------
/opt/airflow/dags/model_sample_dags.py                           1           0  0.36s           2025-12-30T11:23:54
================================================================================
[2025-12-30T11:24:47.529+0000] {manager.py:879} INFO - 
================================================================================
DAG File Processing Stats

File Path                               PID    Runtime      # DAGs    # Errors  Last Runtime    Last Run
--------------------------------------  -----  ---------  --------  ----------  --------------  -------------------
/opt/airflow/dags/model_sample_dags.py                           1           0  0.35s           2025-12-30T11:24:25
================================================================================
[2025-12-30T11:25:18.879+0000] {manager.py:879} INFO - 
================================================================================
DAG File Processing Stats

File Path                               PID    Runtime      # DAGs    # Errors  Last Runtime    Last Run
--------------------------------------  -----  ---------  --------  ----------  --------------  -------------------
/opt/airflow/dags/model_sample_dags.py                           1           0  0.28s           2025-12-30T11:24:56
================================================================================
[2025-12-30T11:25:50.226+0000] {manager.py:879} INFO - 
================================================================================
DAG File Processing Stats

File Path                               PID    Runtime      # DAGs    # Errors  Last Runtime    Last Run
--------------------------------------  -----  ---------  --------  ----------  --------------  -------------------
/opt/airflow/dags/model_sample_dags.py                           1           0  0.32s           2025-12-30T11:25:26
================================================================================
[2025-12-30T11:26:21.595+0000] {manager.py:879} INFO - 
================================================================================
DAG File Processing Stats

File Path                               PID    Runtime      # DAGs    # Errors  Last Runtime    Last Run
--------------------------------------  -----  ---------  --------  ----------  --------------  -------------------
/opt/airflow/dags/model_sample_dags.py                           1           0  0.29s           2025-12-30T11:25:56
================================================================================
[2025-12-30T11:26:52.766+0000] {manager.py:879} INFO - 
================================================================================
DAG File Processing Stats

File Path                               PID    Runtime      # DAGs    # Errors  Last Runtime    Last Run
--------------------------------------  -----  ---------  --------  ----------  --------------  -------------------
/opt/airflow/dags/model_sample_dags.py                           1           0  0.29s           2025-12-30T11:26:27
================================================================================
[2025-12-30T11:27:04.927+0000] {manager.py:738} INFO - Searching for files in /opt/airflow/dags
[2025-12-30T11:27:04.976+0000] {manager.py:741} INFO - There are 1 files in /opt/airflow/dags
[2025-12-30T11:27:23.977+0000] {manager.py:879} INFO - 
================================================================================
DAG File Processing Stats

File Path                               PID    Runtime      # DAGs    # Errors  Last Runtime    Last Run
--------------------------------------  -----  ---------  --------  ----------  --------------  -------------------
/opt/airflow/dags/model_sample_dags.py                           1           0  0.24s           2025-12-30T11:26:59
================================================================================
[2025-12-30T11:27:55.173+0000] {manager.py:879} INFO - 
================================================================================
DAG File Processing Stats

File Path                               PID    Runtime      # DAGs    # Errors  Last Runtime    Last Run
--------------------------------------  -----  ---------  --------  ----------  --------------  -------------------
/opt/airflow/dags/model_sample_dags.py                           1           0  0.27s           2025-12-30T11:27:29
================================================================================
[2025-12-30T11:28:26.384+0000] {manager.py:879} INFO - 
================================================================================
DAG File Processing Stats

File Path                               PID    Runtime      # DAGs    # Errors  Last Runtime    Last Run
--------------------------------------  -----  ---------  --------  ----------  --------------  -------------------
/opt/airflow/dags/model_sample_dags.py                           1           0  0.30s           2025-12-30T11:27:59
================================================================================
[2025-12-30T11:28:57.540+0000] {manager.py:879} INFO - 
================================================================================
DAG File Processing Stats

File Path                               PID    Runtime      # DAGs    # Errors  Last Runtime    Last Run
--------------------------------------  -----  ---------  --------  ----------  --------------  -------------------
/opt/airflow/dags/model_sample_dags.py                           1           0  0.29s           2025-12-30T11:28:30
================================================================================
[2025-12-30T11:29:28.496+0000] {manager.py:879} INFO - 
================================================================================
DAG File Processing Stats

File Path                               PID    Runtime      # DAGs    # Errors  Last Runtime    Last Run
--------------------------------------  -----  ---------  --------  ----------  --------------  -------------------
/opt/airflow/dags/model_sample_dags.py                           1           0  0.29s           2025-12-30T11:29:01
================================================================================
[2025-12-30T11:29:59.513+0000] {manager.py:879} INFO - 
================================================================================
DAG File Processing Stats

File Path                               PID    Runtime      # DAGs    # Errors  Last Runtime    Last Run
--------------------------------------  -----  ---------  --------  ----------  --------------  -------------------
/opt/airflow/dags/model_sample_dags.py                           1           0  0.31s           2025-12-30T11:29:32
================================================================================
[2025-12-30T11:30:30.183+0000] {manager.py:879} INFO - 
================================================================================
DAG File Processing Stats

File Path                               PID    Runtime      # DAGs    # Errors  Last Runtime    Last Run
--------------------------------------  -----  ---------  --------  ----------  --------------  -------------------
/opt/airflow/dags/model_sample_dags.py                           1           0  0.29s           2025-12-30T11:30:03
================================================================================
[2025-12-30T11:31:01.140+0000] {manager.py:879} INFO - 
================================================================================
DAG File Processing Stats

File Path                               PID    Runtime      # DAGs    # Errors  Last Runtime    Last Run
--------------------------------------  -----  ---------  --------  ----------  --------------  -------------------
/opt/airflow/dags/model_sample_dags.py                           1           0  0.24s           2025-12-30T11:30:34
================================================================================
[2025-12-30T11:31:31.866+0000] {manager.py:879} INFO - 
================================================================================
DAG File Processing Stats

File Path                               PID    Runtime      # DAGs    # Errors  Last Runtime    Last Run
--------------------------------------  -----  ---------  --------  ----------  --------------  -------------------
/opt/airflow/dags/model_sample_dags.py                           1           0  0.26s           2025-12-30T11:31:05
================================================================================
[2025-12-30T11:32:02.621+0000] {manager.py:879} INFO - 
================================================================================
DAG File Processing Stats

File Path                               PID    Runtime      # DAGs    # Errors  Last Runtime    Last Run
--------------------------------------  -----  ---------  --------  ----------  --------------  -------------------
/opt/airflow/dags/model_sample_dags.py                           1           0  0.32s           2025-12-30T11:31:36
================================================================================
[2025-12-30T11:32:05.678+0000] {manager.py:738} INFO - Searching for files in /opt/airflow/dags
[2025-12-30T11:32:05.777+0000] {manager.py:741} INFO - There are 1 files in /opt/airflow/dags
[2025-12-30T11:32:34.311+0000] {manager.py:879} INFO - 
================================================================================
DAG File Processing Stats

File Path                               PID    Runtime      # DAGs    # Errors  Last Runtime    Last Run
--------------------------------------  -----  ---------  --------  ----------  --------------  -------------------
/opt/airflow/dags/model_sample_dags.py                           1           0  0.38s           2025-12-30T11:32:07
================================================================================
[2025-12-30T11:33:05.355+0000] {manager.py:879} INFO - 
================================================================================
DAG File Processing Stats

File Path                               PID    Runtime      # DAGs    # Errors  Last Runtime    Last Run
--------------------------------------  -----  ---------  --------  ----------  --------------  -------------------
/opt/airflow/dags/model_sample_dags.py                           1           0  0.31s           2025-12-30T11:32:37
================================================================================
[2025-12-30T11:33:36.885+0000] {manager.py:879} INFO - 
================================================================================
DAG File Processing Stats

File Path                               PID    Runtime      # DAGs    # Errors  Last Runtime    Last Run
--------------------------------------  -----  ---------  --------  ----------  --------------  -------------------
/opt/airflow/dags/model_sample_dags.py                           1           0  0.34s           2025-12-30T11:33:08
================================================================================
[2025-12-30T11:34:08.805+0000] {manager.py:879} INFO - 
================================================================================
DAG File Processing Stats

File Path                               PID    Runtime      # DAGs    # Errors  Last Runtime    Last Run
--------------------------------------  -----  ---------  --------  ----------  --------------  -------------------
/opt/airflow/dags/model_sample_dags.py                           1           0  0.44s           2025-12-30T11:33:39
================================================================================
[2025-12-30T11:34:40.647+0000] {manager.py:879} INFO - 
================================================================================
DAG File Processing Stats

File Path                                 PID  Runtime      # DAGs    # Errors  Last Runtime    Last Run
--------------------------------------  -----  ---------  --------  ----------  --------------  -------------------
/opt/airflow/dags/model_sample_dags.py    492  0.01s             1           0  0.31s           2025-12-30T11:34:10
================================================================================
[2025-12-30T11:35:12.269+0000] {manager.py:879} INFO - 
================================================================================
DAG File Processing Stats

File Path                               PID    Runtime      # DAGs    # Errors  Last Runtime    Last Run
--------------------------------------  -----  ---------  --------  ----------  --------------  -------------------
/opt/airflow/dags/model_sample_dags.py                           1           0  0.29s           2025-12-30T11:35:11
================================================================================
[2025-12-30T11:35:43.875+0000] {manager.py:879} INFO - 
================================================================================
DAG File Processing Stats

File Path                               PID    Runtime      # DAGs    # Errors  Last Runtime    Last Run
--------------------------------------  -----  ---------  --------  ----------  --------------  -------------------
/opt/airflow/dags/model_sample_dags.py                           1           0  0.27s           2025-12-30T11:35:42
================================================================================
[2025-12-30T11:36:15.617+0000] {manager.py:879} INFO - 
================================================================================
DAG File Processing Stats

File Path                               PID    Runtime      # DAGs    # Errors  Last Runtime    Last Run
--------------------------------------  -----  ---------  --------  ----------  --------------  -------------------
/opt/airflow/dags/model_sample_dags.py                           1           0  0.30s           2025-12-30T11:36:12
================================================================================
[2025-12-30T11:36:47.287+0000] {manager.py:879} INFO - 
================================================================================
DAG File Processing Stats

File Path                               PID    Runtime      # DAGs    # Errors  Last Runtime    Last Run
--------------------------------------  -----  ---------  --------  ----------  --------------  -------------------
/opt/airflow/dags/model_sample_dags.py                           1           0  0.37s           2025-12-30T11:36:43
================================================================================
[2025-12-30T11:37:05.883+0000] {manager.py:738} INFO - Searching for files in /opt/airflow/dags
[2025-12-30T11:37:05.936+0000] {manager.py:741} INFO - There are 1 files in /opt/airflow/dags
[2025-12-30T11:37:19.100+0000] {manager.py:879} INFO - 
================================================================================
DAG File Processing Stats

File Path                               PID    Runtime      # DAGs    # Errors  Last Runtime    Last Run
--------------------------------------  -----  ---------  --------  ----------  --------------  -------------------
/opt/airflow/dags/model_sample_dags.py                           1           0  0.42s           2025-12-30T11:37:14
================================================================================
[2025-12-30T11:37:50.709+0000] {manager.py:879} INFO - 
================================================================================
DAG File Processing Stats

File Path                               PID    Runtime      # DAGs    # Errors  Last Runtime    Last Run
--------------------------------------  -----  ---------  --------  ----------  --------------  -------------------
/opt/airflow/dags/model_sample_dags.py                           1           0  0.33s           2025-12-30T11:37:44
================================================================================
[2025-12-30T11:38:22.494+0000] {manager.py:879} INFO - 
================================================================================
DAG File Processing Stats

File Path                               PID    Runtime      # DAGs    # Errors  Last Runtime    Last Run
--------------------------------------  -----  ---------  --------  ----------  --------------  -------------------
/opt/airflow/dags/model_sample_dags.py                           1           0  0.36s           2025-12-30T11:38:15
================================================================================
[2025-12-30T11:38:54.121+0000] {manager.py:879} INFO - 
================================================================================
DAG File Processing Stats

File Path                               PID    Runtime      # DAGs    # Errors  Last Runtime    Last Run
--------------------------------------  -----  ---------  --------  ----------  --------------  -------------------
/opt/airflow/dags/model_sample_dags.py                           1           0  0.28s           2025-12-30T11:38:46
================================================================================
[2025-12-30T11:39:25.829+0000] {manager.py:879} INFO - 
================================================================================
DAG File Processing Stats

File Path                               PID    Runtime      # DAGs    # Errors  Last Runtime    Last Run
--------------------------------------  -----  ---------  --------  ----------  --------------  -------------------
/opt/airflow/dags/model_sample_dags.py                           1           0  0.41s           2025-12-30T11:39:16
================================================================================
[2025-12-30T11:39:57.579+0000] {manager.py:879} INFO - 
================================================================================
DAG File Processing Stats

File Path                               PID    Runtime      # DAGs    # Errors  Last Runtime    Last Run
--------------------------------------  -----  ---------  --------  ----------  --------------  -------------------
/opt/airflow/dags/model_sample_dags.py                           1           0  0.34s           2025-12-30T11:39:47
================================================================================
[2025-12-30T11:40:29.196+0000] {manager.py:879} INFO - 
================================================================================
DAG File Processing Stats

File Path                               PID    Runtime      # DAGs    # Errors  Last Runtime    Last Run
--------------------------------------  -----  ---------  --------  ----------  --------------  -------------------
/opt/airflow/dags/model_sample_dags.py                           1           0  0.30s           2025-12-30T11:40:18
================================================================================
[2025-12-30T11:41:01.006+0000] {manager.py:879} INFO - 
================================================================================
DAG File Processing Stats

File Path                               PID    Runtime      # DAGs    # Errors  Last Runtime    Last Run
--------------------------------------  -----  ---------  --------  ----------  --------------  -------------------
/opt/airflow/dags/model_sample_dags.py                           1           0  0.39s           2025-12-30T11:40:49
================================================================================
[2025-12-30T11:41:32.707+0000] {manager.py:879} INFO - 
================================================================================
DAG File Processing Stats

File Path                               PID    Runtime      # DAGs    # Errors  Last Runtime    Last Run
--------------------------------------  -----  ---------  --------  ----------  --------------  -------------------
/opt/airflow/dags/model_sample_dags.py                           1           0  0.34s           2025-12-30T11:41:19
================================================================================
[2025-12-30T11:42:04.451+0000] {manager.py:879} INFO - 
================================================================================
DAG File Processing Stats

File Path                               PID    Runtime      # DAGs    # Errors  Last Runtime    Last Run
--------------------------------------  -----  ---------  --------  ----------  --------------  -------------------
/opt/airflow/dags/model_sample_dags.py                           1           0  0.26s           2025-12-30T11:41:50
================================================================================
[2025-12-30T11:42:06.480+0000] {manager.py:738} INFO - Searching for files in /opt/airflow/dags
[2025-12-30T11:42:06.544+0000] {manager.py:741} INFO - There are 1 files in /opt/airflow/dags
[2025-12-30T11:42:36.353+0000] {manager.py:879} INFO - 
================================================================================
DAG File Processing Stats

File Path                               PID    Runtime      # DAGs    # Errors  Last Runtime    Last Run
--------------------------------------  -----  ---------  --------  ----------  --------------  -------------------
/opt/airflow/dags/model_sample_dags.py                           1           0  0.27s           2025-12-30T11:42:21
================================================================================
[2025-12-30T11:43:08.214+0000] {manager.py:879} INFO - 
================================================================================
DAG File Processing Stats

File Path                               PID    Runtime      # DAGs    # Errors  Last Runtime    Last Run
--------------------------------------  -----  ---------  --------  ----------  --------------  -------------------
/opt/airflow/dags/model_sample_dags.py                           1           0  0.47s           2025-12-30T11:42:52
================================================================================
[2025-12-30T11:43:13.625+0000] {manager.py:451} INFO - Exiting gracefully upon receiving signal 15
[2025-12-30T17:18:23.603+0000] {manager.py:470} INFO - Processing files using up to 2 processes at a time 
[2025-12-30T17:18:23.606+0000] {manager.py:471} INFO - Process each file at most once every 30 seconds
[2025-12-30T17:18:23.608+0000] {manager.py:472} INFO - Checking for new files in /opt/airflow/dags every 300 seconds
[2025-12-30T17:18:23.610+0000] {manager.py:737} INFO - Searching for files in /opt/airflow/dags
[2025-12-30T17:18:23.706+0000] {manager.py:740} INFO - There are 1 files in /opt/airflow/dags
[2025-12-30T17:18:23.942+0000] {manager.py:878} INFO - 
================================================================================
DAG File Processing Stats

File Path                                 PID  Runtime      # DAGs    # Errors  Last Runtime    Last Run
--------------------------------------  -----  ---------  --------  ----------  --------------  ----------
/opt/airflow/dags/model_sample_dags.py    169  0.11s             0           0
================================================================================
[2025-12-30T17:18:55.405+0000] {manager.py:878} INFO - 
================================================================================
DAG File Processing Stats

File Path                               PID    Runtime      # DAGs    # Errors  Last Runtime    Last Run
--------------------------------------  -----  ---------  --------  ----------  --------------  -------------------
/opt/airflow/dags/model_sample_dags.py                           1           0  0.35s           2025-12-30T17:18:55
================================================================================
[2025-12-30T17:19:26.895+0000] {manager.py:878} INFO - 
================================================================================
DAG File Processing Stats

File Path                               PID    Runtime      # DAGs    # Errors  Last Runtime    Last Run
--------------------------------------  -----  ---------  --------  ----------  --------------  -------------------
/opt/airflow/dags/model_sample_dags.py                           1           0  0.27s           2025-12-30T17:19:25
================================================================================
[2025-12-30T17:19:58.431+0000] {manager.py:878} INFO - 
================================================================================
DAG File Processing Stats

File Path                               PID    Runtime      # DAGs    # Errors  Last Runtime    Last Run
--------------------------------------  -----  ---------  --------  ----------  --------------  -------------------
/opt/airflow/dags/model_sample_dags.py                           1           0  0.25s           2025-12-30T17:19:56
================================================================================
[2025-12-30T17:20:30.057+0000] {manager.py:878} INFO - 
================================================================================
DAG File Processing Stats

File Path                               PID    Runtime      # DAGs    # Errors  Last Runtime    Last Run
--------------------------------------  -----  ---------  --------  ----------  --------------  -------------------
/opt/airflow/dags/model_sample_dags.py                           1           0  0.24s           2025-12-30T17:20:27
================================================================================
[2025-12-30T17:21:01.838+0000] {manager.py:878} INFO - 
================================================================================
DAG File Processing Stats

File Path                               PID    Runtime      # DAGs    # Errors  Last Runtime    Last Run
--------------------------------------  -----  ---------  --------  ----------  --------------  -------------------
/opt/airflow/dags/model_sample_dags.py                           1           0  0.27s           2025-12-30T17:20:57
================================================================================
[2025-12-30T17:21:33.514+0000] {manager.py:878} INFO - 
================================================================================
DAG File Processing Stats

File Path                               PID    Runtime      # DAGs    # Errors  Last Runtime    Last Run
--------------------------------------  -----  ---------  --------  ----------  --------------  -------------------
/opt/airflow/dags/model_sample_dags.py                           1           0  0.22s           2025-12-30T17:21:28
================================================================================
[2025-12-30T17:22:05.187+0000] {manager.py:878} INFO - 
================================================================================
DAG File Processing Stats

File Path                               PID    Runtime      # DAGs    # Errors  Last Runtime    Last Run
--------------------------------------  -----  ---------  --------  ----------  --------------  -------------------
/opt/airflow/dags/model_sample_dags.py                           1           0  0.25s           2025-12-30T17:21:59
================================================================================
[2025-12-30T17:22:36.908+0000] {manager.py:878} INFO - 
================================================================================
DAG File Processing Stats

File Path                               PID    Runtime      # DAGs    # Errors  Last Runtime    Last Run
--------------------------------------  -----  ---------  --------  ----------  --------------  -------------------
/opt/airflow/dags/model_sample_dags.py                           1           0  0.24s           2025-12-30T17:22:29
================================================================================
[2025-12-30T17:23:08.624+0000] {manager.py:878} INFO - 
================================================================================
DAG File Processing Stats

File Path                               PID    Runtime      # DAGs    # Errors  Last Runtime    Last Run
--------------------------------------  -----  ---------  --------  ----------  --------------  -------------------
/opt/airflow/dags/model_sample_dags.py                           1           0  0.23s           2025-12-30T17:23:00
================================================================================
[2025-12-30T17:23:24.022+0000] {manager.py:737} INFO - Searching for files in /opt/airflow/dags
[2025-12-30T17:23:24.123+0000] {manager.py:740} INFO - There are 1 files in /opt/airflow/dags
[2025-12-30T17:23:40.391+0000] {manager.py:878} INFO - 
================================================================================
DAG File Processing Stats

File Path                               PID    Runtime      # DAGs    # Errors  Last Runtime    Last Run
--------------------------------------  -----  ---------  --------  ----------  --------------  -------------------
/opt/airflow/dags/model_sample_dags.py                           1           0  0.21s           2025-12-30T17:23:31
================================================================================
[2025-12-30T17:24:12.170+0000] {manager.py:878} INFO - 
================================================================================
DAG File Processing Stats

File Path                               PID    Runtime      # DAGs    # Errors  Last Runtime    Last Run
--------------------------------------  -----  ---------  --------  ----------  --------------  -------------------
/opt/airflow/dags/model_sample_dags.py                           1           0  0.20s           2025-12-30T17:24:02
================================================================================
[2025-12-30T17:24:43.839+0000] {manager.py:878} INFO - 
================================================================================
DAG File Processing Stats

File Path                               PID    Runtime      # DAGs    # Errors  Last Runtime    Last Run
--------------------------------------  -----  ---------  --------  ----------  --------------  -------------------
/opt/airflow/dags/model_sample_dags.py                           1           0  0.22s           2025-12-30T17:24:32
================================================================================
[2025-12-30T17:25:15.628+0000] {manager.py:878} INFO - 
================================================================================
DAG File Processing Stats

File Path                               PID    Runtime      # DAGs    # Errors  Last Runtime    Last Run
--------------------------------------  -----  ---------  --------  ----------  --------------  -------------------
/opt/airflow/dags/model_sample_dags.py                           1           0  0.25s           2025-12-30T17:25:03
================================================================================
[2025-12-30T17:25:47.291+0000] {manager.py:878} INFO - 
================================================================================
DAG File Processing Stats

File Path                               PID    Runtime      # DAGs    # Errors  Last Runtime    Last Run
--------------------------------------  -----  ---------  --------  ----------  --------------  -------------------
/opt/airflow/dags/model_sample_dags.py                           1           0  0.22s           2025-12-30T17:25:34
================================================================================
[2025-12-30T17:26:19.091+0000] {manager.py:878} INFO - 
================================================================================
DAG File Processing Stats

File Path                               PID    Runtime      # DAGs    # Errors  Last Runtime    Last Run
--------------------------------------  -----  ---------  --------  ----------  --------------  -------------------
/opt/airflow/dags/model_sample_dags.py                           1           0  0.23s           2025-12-30T17:26:04
================================================================================
[2025-12-30T17:26:50.729+0000] {manager.py:878} INFO - 
================================================================================
DAG File Processing Stats

File Path                               PID    Runtime      # DAGs    # Errors  Last Runtime    Last Run
--------------------------------------  -----  ---------  --------  ----------  --------------  -------------------
/opt/airflow/dags/model_sample_dags.py                           1           0  0.20s           2025-12-30T17:26:35
================================================================================
[2025-12-30T17:27:22.533+0000] {manager.py:878} INFO - 
================================================================================
DAG File Processing Stats

File Path                               PID    Runtime      # DAGs    # Errors  Last Runtime    Last Run
--------------------------------------  -----  ---------  --------  ----------  --------------  -------------------
/opt/airflow/dags/model_sample_dags.py                           1           0  0.19s           2025-12-30T17:27:06
================================================================================
[2025-12-30T17:27:54.150+0000] {manager.py:878} INFO - 
================================================================================
DAG File Processing Stats

File Path                               PID    Runtime      # DAGs    # Errors  Last Runtime    Last Run
--------------------------------------  -----  ---------  --------  ----------  --------------  -------------------
/opt/airflow/dags/model_sample_dags.py                           1           0  0.25s           2025-12-30T17:27:37
================================================================================
[2025-12-30T17:28:24.916+0000] {manager.py:737} INFO - Searching for files in /opt/airflow/dags
[2025-12-30T17:28:25.015+0000] {manager.py:740} INFO - There are 1 files in /opt/airflow/dags
[2025-12-30T17:28:26.054+0000] {manager.py:878} INFO - 
================================================================================
DAG File Processing Stats

File Path                               PID    Runtime      # DAGs    # Errors  Last Runtime    Last Run
--------------------------------------  -----  ---------  --------  ----------  --------------  -------------------
/opt/airflow/dags/model_sample_dags.py                           1           0  0.26s           2025-12-30T17:28:07
================================================================================
[2025-12-30T17:28:57.710+0000] {manager.py:878} INFO - 
================================================================================
DAG File Processing Stats

File Path                               PID    Runtime      # DAGs    # Errors  Last Runtime    Last Run
--------------------------------------  -----  ---------  --------  ----------  --------------  -------------------
/opt/airflow/dags/model_sample_dags.py                           1           0  0.23s           2025-12-30T17:28:38
================================================================================
[2025-12-30T17:29:29.531+0000] {manager.py:878} INFO - 
================================================================================
DAG File Processing Stats

File Path                               PID    Runtime      # DAGs    # Errors  Last Runtime    Last Run
--------------------------------------  -----  ---------  --------  ----------  --------------  -------------------
/opt/airflow/dags/model_sample_dags.py                           1           0  0.28s           2025-12-30T17:29:09
================================================================================
[2025-12-30T17:30:01.205+0000] {manager.py:878} INFO - 
================================================================================
DAG File Processing Stats

File Path                               PID    Runtime      # DAGs    # Errors  Last Runtime    Last Run
--------------------------------------  -----  ---------  --------  ----------  --------------  -------------------
/opt/airflow/dags/model_sample_dags.py                           1           0  0.26s           2025-12-30T17:29:40
================================================================================
[2025-12-30T17:30:33.018+0000] {manager.py:878} INFO - 
================================================================================
DAG File Processing Stats

File Path                               PID    Runtime      # DAGs    # Errors  Last Runtime    Last Run
--------------------------------------  -----  ---------  --------  ----------  --------------  -------------------
/opt/airflow/dags/model_sample_dags.py                           1           0  0.22s           2025-12-30T17:30:10
================================================================================
[2025-12-30T17:31:04.644+0000] {manager.py:878} INFO - 
================================================================================
DAG File Processing Stats

File Path                               PID    Runtime      # DAGs    # Errors  Last Runtime    Last Run
--------------------------------------  -----  ---------  --------  ----------  --------------  -------------------
/opt/airflow/dags/model_sample_dags.py                           1           0  0.22s           2025-12-30T17:30:41
================================================================================
[2025-12-30T17:31:36.396+0000] {manager.py:878} INFO - 
================================================================================
DAG File Processing Stats

File Path                               PID    Runtime      # DAGs    # Errors  Last Runtime    Last Run
--------------------------------------  -----  ---------  --------  ----------  --------------  -------------------
/opt/airflow/dags/model_sample_dags.py                           1           0  0.24s           2025-12-30T17:31:12
================================================================================
[2025-12-30T17:32:08.046+0000] {manager.py:878} INFO - 
================================================================================
DAG File Processing Stats

File Path                               PID    Runtime      # DAGs    # Errors  Last Runtime    Last Run
--------------------------------------  -----  ---------  --------  ----------  --------------  -------------------
/opt/airflow/dags/model_sample_dags.py                           1           0  0.19s           2025-12-30T17:31:42
================================================================================
[2025-12-30T17:32:39.736+0000] {manager.py:878} INFO - 
================================================================================
DAG File Processing Stats

File Path                               PID    Runtime      # DAGs    # Errors  Last Runtime    Last Run
--------------------------------------  -----  ---------  --------  ----------  --------------  -------------------
/opt/airflow/dags/model_sample_dags.py                           1           0  0.29s           2025-12-30T17:32:13
================================================================================
[2025-12-30T17:33:11.400+0000] {manager.py:878} INFO - 
================================================================================
DAG File Processing Stats

File Path                               PID    Runtime      # DAGs    # Errors  Last Runtime    Last Run
--------------------------------------  -----  ---------  --------  ----------  --------------  -------------------
/opt/airflow/dags/model_sample_dags.py                           1           0  0.28s           2025-12-30T17:32:44
================================================================================
[2025-12-30T17:33:25.129+0000] {manager.py:737} INFO - Searching for files in /opt/airflow/dags
[2025-12-30T17:33:25.227+0000] {manager.py:740} INFO - There are 1 files in /opt/airflow/dags
[2025-12-30T17:33:44.413+0000] {manager.py:878} INFO - 
================================================================================
DAG File Processing Stats

File Path                               PID    Runtime      # DAGs    # Errors  Last Runtime    Last Run
--------------------------------------  -----  ---------  --------  ----------  --------------  -------------------
/opt/airflow/dags/model_sample_dags.py                           1           0  0.33s           2025-12-30T17:33:15
================================================================================
[2025-12-30T17:34:16.066+0000] {manager.py:878} INFO - 
================================================================================
DAG File Processing Stats

File Path                                 PID  Runtime      # DAGs    # Errors  Last Runtime    Last Run
--------------------------------------  -----  ---------  --------  ----------  --------------  -------------------
/opt/airflow/dags/model_sample_dags.py    450  0.01s             1           0  0.25s           2025-12-30T17:33:45
================================================================================
[2025-12-30T17:34:47.927+0000] {manager.py:878} INFO - 
================================================================================
DAG File Processing Stats

File Path                               PID    Runtime      # DAGs    # Errors  Last Runtime    Last Run
--------------------------------------  -----  ---------  --------  ----------  --------------  -------------------
/opt/airflow/dags/model_sample_dags.py                           1           0  0.30s           2025-12-30T17:34:47
================================================================================
[2025-12-30T17:35:19.852+0000] {manager.py:878} INFO - 
================================================================================
DAG File Processing Stats

File Path                               PID    Runtime      # DAGs    # Errors  Last Runtime    Last Run
--------------------------------------  -----  ---------  --------  ----------  --------------  -------------------
/opt/airflow/dags/model_sample_dags.py                           1           0  0.26s           2025-12-30T17:35:18
================================================================================
[2025-12-30T17:35:51.611+0000] {manager.py:878} INFO - 
================================================================================
DAG File Processing Stats

File Path                               PID    Runtime      # DAGs    # Errors  Last Runtime    Last Run
--------------------------------------  -----  ---------  --------  ----------  --------------  -------------------
/opt/airflow/dags/model_sample_dags.py                           1           0  0.27s           2025-12-30T17:35:49
================================================================================
[2025-12-30T17:36:23.425+0000] {manager.py:878} INFO - 
================================================================================
DAG File Processing Stats

File Path                               PID    Runtime      # DAGs    # Errors  Last Runtime    Last Run
--------------------------------------  -----  ---------  --------  ----------  --------------  -------------------
/opt/airflow/dags/model_sample_dags.py                           1           0  0.26s           2025-12-30T17:36:21
================================================================================
[2025-12-30T17:36:55.130+0000] {manager.py:878} INFO - 
================================================================================
DAG File Processing Stats

File Path                               PID    Runtime      # DAGs    # Errors  Last Runtime    Last Run
--------------------------------------  -----  ---------  --------  ----------  --------------  -------------------
/opt/airflow/dags/model_sample_dags.py                           1           0  0.26s           2025-12-30T17:36:52
================================================================================
[2025-12-30T17:37:26.984+0000] {manager.py:878} INFO - 
================================================================================
DAG File Processing Stats

File Path                               PID    Runtime      # DAGs    # Errors  Last Runtime    Last Run
--------------------------------------  -----  ---------  --------  ----------  --------------  -------------------
/opt/airflow/dags/model_sample_dags.py                           1           0  0.25s           2025-12-30T17:37:23
================================================================================
[2025-12-30T17:37:58.636+0000] {manager.py:878} INFO - 
================================================================================
DAG File Processing Stats

File Path                               PID    Runtime      # DAGs    # Errors  Last Runtime    Last Run
--------------------------------------  -----  ---------  --------  ----------  --------------  -------------------
/opt/airflow/dags/model_sample_dags.py                           1           0  0.20s           2025-12-30T17:37:54
================================================================================
[2025-12-30T17:38:26.214+0000] {manager.py:737} INFO - Searching for files in /opt/airflow/dags
[2025-12-30T17:38:26.339+0000] {manager.py:740} INFO - There are 1 files in /opt/airflow/dags
[2025-12-30T17:38:32.646+0000] {manager.py:878} INFO - 
================================================================================
DAG File Processing Stats

File Path                               PID    Runtime      # DAGs    # Errors  Last Runtime    Last Run
--------------------------------------  -----  ---------  --------  ----------  --------------  -------------------
/opt/airflow/dags/model_sample_dags.py                           1           0  0.43s           2025-12-30T17:38:26
================================================================================
[2025-12-30T17:53:37.674+0000] {manager.py:737} INFO - Searching for files in /opt/airflow/dags
[2025-12-30T17:53:38.149+0000] {manager.py:740} INFO - There are 1 files in /opt/airflow/dags
[2025-12-30T17:54:06.662+0000] {manager.py:878} INFO - 
================================================================================
DAG File Processing Stats

File Path                               PID    Runtime      # DAGs    # Errors  Last Runtime    Last Run
--------------------------------------  -----  ---------  --------  ----------  --------------  -------------------
/opt/airflow/dags/model_sample_dags.py                           1           0  2.77s           2025-12-30T17:53:41
================================================================================
[2025-12-30T17:54:38.956+0000] {manager.py:878} INFO - 
================================================================================
DAG File Processing Stats

File Path                               PID    Runtime      # DAGs    # Errors  Last Runtime    Last Run
--------------------------------------  -----  ---------  --------  ----------  --------------  -------------------
/opt/airflow/dags/model_sample_dags.py                           1           0  0.49s           2025-12-30T17:54:12
================================================================================
[2025-12-30T17:55:10.812+0000] {manager.py:878} INFO - 
================================================================================
DAG File Processing Stats

File Path                               PID    Runtime      # DAGs    # Errors  Last Runtime    Last Run
--------------------------------------  -----  ---------  --------  ----------  --------------  -------------------
/opt/airflow/dags/model_sample_dags.py                           1           0  0.51s           2025-12-30T17:54:43
================================================================================
[2025-12-30T17:55:42.659+0000] {manager.py:878} INFO - 
================================================================================
DAG File Processing Stats

File Path                               PID    Runtime      # DAGs    # Errors  Last Runtime    Last Run
--------------------------------------  -----  ---------  --------  ----------  --------------  -------------------
/opt/airflow/dags/model_sample_dags.py                           1           0  0.40s           2025-12-30T17:55:14
================================================================================
[2025-12-30T17:56:14.732+0000] {manager.py:878} INFO - 
================================================================================
DAG File Processing Stats

File Path                               PID    Runtime      # DAGs    # Errors  Last Runtime    Last Run
--------------------------------------  -----  ---------  --------  ----------  --------------  -------------------
/opt/airflow/dags/model_sample_dags.py                           1           0  0.45s           2025-12-30T17:55:45
================================================================================
[2025-12-30T17:56:46.117+0000] {manager.py:878} INFO - 
================================================================================
DAG File Processing Stats

File Path                               PID    Runtime      # DAGs    # Errors  Last Runtime    Last Run
--------------------------------------  -----  ---------  --------  ----------  --------------  -------------------
/opt/airflow/dags/model_sample_dags.py                           1           0  0.57s           2025-12-30T17:56:16
================================================================================
[2025-12-30T17:57:17.725+0000] {manager.py:878} INFO - 
================================================================================
DAG File Processing Stats

File Path                               PID    Runtime      # DAGs    # Errors  Last Runtime    Last Run
--------------------------------------  -----  ---------  --------  ----------  --------------  -------------------
/opt/airflow/dags/model_sample_dags.py                           1           0  0.40s           2025-12-30T17:57:17
================================================================================
[2025-12-30T17:57:49.510+0000] {manager.py:878} INFO - 
================================================================================
DAG File Processing Stats

File Path                               PID    Runtime      # DAGs    # Errors  Last Runtime    Last Run
--------------------------------------  -----  ---------  --------  ----------  --------------  -------------------
/opt/airflow/dags/model_sample_dags.py                           1           0  0.38s           2025-12-30T17:57:48
================================================================================
[2025-12-30T17:58:21.192+0000] {manager.py:878} INFO - 
================================================================================
DAG File Processing Stats

File Path                               PID    Runtime      # DAGs    # Errors  Last Runtime    Last Run
--------------------------------------  -----  ---------  --------  ----------  --------------  -------------------
/opt/airflow/dags/model_sample_dags.py                           1           0  0.35s           2025-12-30T17:58:19
================================================================================
[2025-12-30T17:58:37.707+0000] {manager.py:737} INFO - Searching for files in /opt/airflow/dags
[2025-12-30T17:58:37.832+0000] {manager.py:740} INFO - There are 1 files in /opt/airflow/dags
[2025-12-30T17:58:52.873+0000] {manager.py:878} INFO - 
================================================================================
DAG File Processing Stats

File Path                               PID    Runtime      # DAGs    # Errors  Last Runtime    Last Run
--------------------------------------  -----  ---------  --------  ----------  --------------  -------------------
/opt/airflow/dags/model_sample_dags.py                           1           0  0.35s           2025-12-30T17:58:50
================================================================================
[2025-12-30T17:59:24.919+0000] {manager.py:878} INFO - 
================================================================================
DAG File Processing Stats

File Path                               PID    Runtime      # DAGs    # Errors  Last Runtime    Last Run
--------------------------------------  -----  ---------  --------  ----------  --------------  -------------------
/opt/airflow/dags/model_sample_dags.py                           1           0  0.45s           2025-12-30T17:59:21
================================================================================
[2025-12-30T17:59:56.860+0000] {manager.py:878} INFO - 
================================================================================
DAG File Processing Stats

File Path                               PID    Runtime      # DAGs    # Errors  Last Runtime    Last Run
--------------------------------------  -----  ---------  --------  ----------  --------------  -------------------
/opt/airflow/dags/model_sample_dags.py                           1           0  0.56s           2025-12-30T17:59:52
================================================================================
[2025-12-30T18:00:29.057+0000] {manager.py:878} INFO - 
================================================================================
DAG File Processing Stats

File Path                               PID    Runtime      # DAGs    # Errors  Last Runtime    Last Run
--------------------------------------  -----  ---------  --------  ----------  --------------  -------------------
/opt/airflow/dags/model_sample_dags.py                           1           0  0.52s           2025-12-30T18:00:23
================================================================================
[2025-12-30T18:01:00.865+0000] {manager.py:878} INFO - 
================================================================================
DAG File Processing Stats

File Path                               PID    Runtime      # DAGs    # Errors  Last Runtime    Last Run
--------------------------------------  -----  ---------  --------  ----------  --------------  -------------------
/opt/airflow/dags/model_sample_dags.py                           1           0  0.45s           2025-12-30T18:00:54
================================================================================
[2025-12-30T18:01:32.356+0000] {manager.py:878} INFO - 
================================================================================
DAG File Processing Stats

File Path                               PID    Runtime      # DAGs    # Errors  Last Runtime    Last Run
--------------------------------------  -----  ---------  --------  ----------  --------------  -------------------
/opt/airflow/dags/model_sample_dags.py                           1           0  0.63s           2025-12-30T18:01:25
================================================================================
[2025-12-30T18:02:04.164+0000] {manager.py:878} INFO - 
================================================================================
DAG File Processing Stats

File Path                               PID    Runtime      # DAGs    # Errors  Last Runtime    Last Run
--------------------------------------  -----  ---------  --------  ----------  --------------  -------------------
/opt/airflow/dags/model_sample_dags.py                           1           0  0.79s           2025-12-30T18:01:56
================================================================================
[2025-12-30T18:02:36.409+0000] {manager.py:878} INFO - 
================================================================================
DAG File Processing Stats

File Path                               PID    Runtime      # DAGs    # Errors  Last Runtime    Last Run
--------------------------------------  -----  ---------  --------  ----------  --------------  -------------------
/opt/airflow/dags/model_sample_dags.py                           1           0  0.49s           2025-12-30T18:02:27
================================================================================
[2025-12-30T18:03:08.123+0000] {manager.py:878} INFO - 
================================================================================
DAG File Processing Stats

File Path                               PID    Runtime      # DAGs    # Errors  Last Runtime    Last Run
--------------------------------------  -----  ---------  --------  ----------  --------------  -------------------
/opt/airflow/dags/model_sample_dags.py                           1           0  0.36s           2025-12-30T18:02:58
================================================================================
[2025-12-30T18:03:38.114+0000] {manager.py:737} INFO - Searching for files in /opt/airflow/dags
[2025-12-30T18:03:38.203+0000] {manager.py:740} INFO - There are 1 files in /opt/airflow/dags
[2025-12-30T18:03:40.266+0000] {manager.py:878} INFO - 
================================================================================
DAG File Processing Stats

File Path                               PID    Runtime      # DAGs    # Errors  Last Runtime    Last Run
--------------------------------------  -----  ---------  --------  ----------  --------------  -------------------
/opt/airflow/dags/model_sample_dags.py                           1           0  0.42s           2025-12-30T18:03:29
================================================================================
[2025-12-30T18:04:12.079+0000] {manager.py:878} INFO - 
================================================================================
DAG File Processing Stats

File Path                               PID    Runtime      # DAGs    # Errors  Last Runtime    Last Run
--------------------------------------  -----  ---------  --------  ----------  --------------  -------------------
/opt/airflow/dags/model_sample_dags.py                           1           0  0.41s           2025-12-30T18:04:00
================================================================================
[2025-12-30T18:04:43.639+0000] {manager.py:878} INFO - 
================================================================================
DAG File Processing Stats

File Path                               PID    Runtime      # DAGs    # Errors  Last Runtime    Last Run
--------------------------------------  -----  ---------  --------  ----------  --------------  -------------------
/opt/airflow/dags/model_sample_dags.py                           1           0  0.68s           2025-12-30T18:04:31
================================================================================
[2025-12-30T18:05:15.372+0000] {manager.py:878} INFO - 
================================================================================
DAG File Processing Stats

File Path                               PID    Runtime      # DAGs    # Errors  Last Runtime    Last Run
--------------------------------------  -----  ---------  --------  ----------  --------------  -------------------
/opt/airflow/dags/model_sample_dags.py                           1           0  0.39s           2025-12-30T18:05:02
================================================================================
[2025-12-30T18:05:47.232+0000] {manager.py:878} INFO - 
================================================================================
DAG File Processing Stats

File Path                               PID    Runtime      # DAGs    # Errors  Last Runtime    Last Run
--------------------------------------  -----  ---------  --------  ----------  --------------  -------------------
/opt/airflow/dags/model_sample_dags.py                           1           0  0.36s           2025-12-30T18:05:33
================================================================================
[2025-12-30T18:06:18.838+0000] {manager.py:878} INFO - 
================================================================================
DAG File Processing Stats

File Path                               PID    Runtime      # DAGs    # Errors  Last Runtime    Last Run
--------------------------------------  -----  ---------  --------  ----------  --------------  -------------------
/opt/airflow/dags/model_sample_dags.py                           1           0  0.75s           2025-12-30T18:06:04
================================================================================
[2025-12-30T18:06:50.715+0000] {manager.py:878} INFO - 
================================================================================
DAG File Processing Stats

File Path                               PID    Runtime      # DAGs    # Errors  Last Runtime    Last Run
--------------------------------------  -----  ---------  --------  ----------  --------------  -------------------
/opt/airflow/dags/model_sample_dags.py                           1           0  0.68s           2025-12-30T18:06:35
================================================================================
[2025-12-30T18:07:22.392+0000] {manager.py:878} INFO - 
================================================================================
DAG File Processing Stats

File Path                               PID    Runtime      # DAGs    # Errors  Last Runtime    Last Run
--------------------------------------  -----  ---------  --------  ----------  --------------  -------------------
/opt/airflow/dags/model_sample_dags.py                           1           0  0.76s           2025-12-30T18:07:07
================================================================================
[2025-12-30T18:07:54.207+0000] {manager.py:878} INFO - 
================================================================================
DAG File Processing Stats

File Path                               PID    Runtime      # DAGs    # Errors  Last Runtime    Last Run
--------------------------------------  -----  ---------  --------  ----------  --------------  -------------------
/opt/airflow/dags/model_sample_dags.py                           1           0  0.55s           2025-12-30T18:07:38
================================================================================
[2025-12-30T18:08:26.099+0000] {manager.py:878} INFO - 
================================================================================
DAG File Processing Stats

File Path                               PID    Runtime      # DAGs    # Errors  Last Runtime    Last Run
--------------------------------------  -----  ---------  --------  ----------  --------------  -------------------
/opt/airflow/dags/model_sample_dags.py                           1           0  0.45s           2025-12-30T18:08:09
================================================================================
[2025-12-30T18:08:38.604+0000] {manager.py:737} INFO - Searching for files in /opt/airflow/dags
[2025-12-30T18:08:38.741+0000] {manager.py:740} INFO - There are 1 files in /opt/airflow/dags
[2025-12-30T18:08:57.494+0000] {manager.py:878} INFO - 
================================================================================
DAG File Processing Stats

File Path                               PID    Runtime      # DAGs    # Errors  Last Runtime    Last Run
--------------------------------------  -----  ---------  --------  ----------  --------------  -------------------
/opt/airflow/dags/model_sample_dags.py                           1           0  0.42s           2025-12-30T18:08:40
================================================================================
[2025-12-30T18:09:29.296+0000] {manager.py:878} INFO - 
================================================================================
DAG File Processing Stats

File Path                               PID    Runtime      # DAGs    # Errors  Last Runtime    Last Run
--------------------------------------  -----  ---------  --------  ----------  --------------  -------------------
/opt/airflow/dags/model_sample_dags.py                           1           0  0.48s           2025-12-30T18:09:11
================================================================================
[2025-12-30T18:10:01.172+0000] {manager.py:878} INFO - 
================================================================================
DAG File Processing Stats

File Path                               PID    Runtime      # DAGs    # Errors  Last Runtime    Last Run
--------------------------------------  -----  ---------  --------  ----------  --------------  -------------------
/opt/airflow/dags/model_sample_dags.py                           1           0  0.57s           2025-12-30T18:09:40
================================================================================
[2025-12-30T18:10:33.009+0000] {manager.py:878} INFO - 
================================================================================
DAG File Processing Stats

File Path                               PID    Runtime      # DAGs    # Errors  Last Runtime    Last Run
--------------------------------------  -----  ---------  --------  ----------  --------------  -------------------
/opt/airflow/dags/model_sample_dags.py                           1           0  0.38s           2025-12-30T18:10:12
================================================================================
[2025-12-30T18:11:04.614+0000] {manager.py:878} INFO - 
================================================================================
DAG File Processing Stats

File Path                               PID    Runtime      # DAGs    # Errors  Last Runtime    Last Run
--------------------------------------  -----  ---------  --------  ----------  --------------  -------------------
/opt/airflow/dags/model_sample_dags.py                           1           0  0.47s           2025-12-30T18:10:43
================================================================================
[2025-12-30T18:11:36.034+0000] {manager.py:878} INFO - 
================================================================================
DAG File Processing Stats

File Path                               PID    Runtime      # DAGs    # Errors  Last Runtime    Last Run
--------------------------------------  -----  ---------  --------  ----------  --------------  -------------------
/opt/airflow/dags/model_sample_dags.py                           1           0  0.59s           2025-12-30T18:11:14
================================================================================
[2025-12-30T18:12:07.877+0000] {manager.py:878} INFO - 
================================================================================
DAG File Processing Stats

File Path                               PID    Runtime      # DAGs    # Errors  Last Runtime    Last Run
--------------------------------------  -----  ---------  --------  ----------  --------------  -------------------
/opt/airflow/dags/model_sample_dags.py                           1           0  1.07s           2025-12-30T18:11:46
================================================================================
[2025-12-30T18:12:39.568+0000] {manager.py:878} INFO - 
================================================================================
DAG File Processing Stats

File Path                               PID    Runtime      # DAGs    # Errors  Last Runtime    Last Run
--------------------------------------  -----  ---------  --------  ----------  --------------  -------------------
/opt/airflow/dags/model_sample_dags.py                           1           0  0.87s           2025-12-30T18:12:18
================================================================================
[2025-12-30T18:13:11.418+0000] {manager.py:878} INFO - 
================================================================================
DAG File Processing Stats

File Path                               PID    Runtime      # DAGs    # Errors  Last Runtime    Last Run
--------------------------------------  -----  ---------  --------  ----------  --------------  -------------------
/opt/airflow/dags/model_sample_dags.py                           1           0  0.75s           2025-12-30T18:12:49
================================================================================
[2025-12-30T18:13:38.715+0000] {manager.py:737} INFO - Searching for files in /opt/airflow/dags
[2025-12-30T18:13:38.827+0000] {manager.py:740} INFO - There are 1 files in /opt/airflow/dags
[2025-12-30T18:13:42.929+0000] {manager.py:878} INFO - 
================================================================================
DAG File Processing Stats

File Path                               PID    Runtime      # DAGs    # Errors  Last Runtime    Last Run
--------------------------------------  -----  ---------  --------  ----------  --------------  -------------------
/opt/airflow/dags/model_sample_dags.py                           1           0  0.50s           2025-12-30T18:13:20
================================================================================
[2025-12-30T18:14:15.149+0000] {manager.py:878} INFO - 
================================================================================
DAG File Processing Stats

File Path                               PID    Runtime      # DAGs    # Errors  Last Runtime    Last Run
--------------------------------------  -----  ---------  --------  ----------  --------------  -------------------
/opt/airflow/dags/model_sample_dags.py                           1           0  0.50s           2025-12-30T18:13:51
================================================================================
[2025-12-30T18:14:47.092+0000] {manager.py:878} INFO - 
================================================================================
DAG File Processing Stats

File Path                               PID    Runtime      # DAGs    # Errors  Last Runtime    Last Run
--------------------------------------  -----  ---------  --------  ----------  --------------  -------------------
/opt/airflow/dags/model_sample_dags.py                           1           0  0.46s           2025-12-30T18:14:23
================================================================================
[2025-12-30T18:15:18.849+0000] {manager.py:878} INFO - 
================================================================================
DAG File Processing Stats

File Path                               PID    Runtime      # DAGs    # Errors  Last Runtime    Last Run
--------------------------------------  -----  ---------  --------  ----------  --------------  -------------------
/opt/airflow/dags/model_sample_dags.py                           1           0  0.50s           2025-12-30T18:14:54
================================================================================
[2025-12-30T18:15:50.447+0000] {manager.py:878} INFO - 
================================================================================
DAG File Processing Stats

File Path                               PID    Runtime      # DAGs    # Errors  Last Runtime    Last Run
--------------------------------------  -----  ---------  --------  ----------  --------------  -------------------
/opt/airflow/dags/model_sample_dags.py                           1           0  0.47s           2025-12-30T18:15:25
================================================================================
[2025-12-30T18:16:22.700+0000] {manager.py:878} INFO - 
================================================================================
DAG File Processing Stats

File Path                               PID    Runtime      # DAGs    # Errors  Last Runtime    Last Run
--------------------------------------  -----  ---------  --------  ----------  --------------  -------------------
/opt/airflow/dags/model_sample_dags.py                           1           0  0.49s           2025-12-30T18:15:56
================================================================================
[2025-12-30T18:16:54.389+0000] {manager.py:878} INFO - 
================================================================================
DAG File Processing Stats

File Path                               PID    Runtime      # DAGs    # Errors  Last Runtime    Last Run
--------------------------------------  -----  ---------  --------  ----------  --------------  -------------------
/opt/airflow/dags/model_sample_dags.py                           1           0  0.45s           2025-12-30T18:16:28
================================================================================
[2025-12-30T18:17:26.238+0000] {manager.py:878} INFO - 
================================================================================
DAG File Processing Stats

File Path                               PID    Runtime      # DAGs    # Errors  Last Runtime    Last Run
--------------------------------------  -----  ---------  --------  ----------  --------------  -------------------
/opt/airflow/dags/model_sample_dags.py                           1           0  0.46s           2025-12-30T18:16:59
================================================================================
[2025-12-30T18:17:58.084+0000] {manager.py:878} INFO - 
================================================================================
DAG File Processing Stats

File Path                               PID    Runtime      # DAGs    # Errors  Last Runtime    Last Run
--------------------------------------  -----  ---------  --------  ----------  --------------  -------------------
/opt/airflow/dags/model_sample_dags.py                           1           0  0.48s           2025-12-30T18:17:30
================================================================================
[2025-12-30T18:18:29.515+0000] {manager.py:878} INFO - 
================================================================================
DAG File Processing Stats

File Path                               PID    Runtime      # DAGs    # Errors  Last Runtime    Last Run
--------------------------------------  -----  ---------  --------  ----------  --------------  -------------------
/opt/airflow/dags/model_sample_dags.py                           1           0  0.63s           2025-12-30T18:18:02
================================================================================
[2025-12-30T18:18:39.030+0000] {manager.py:737} INFO - Searching for files in /opt/airflow/dags
[2025-12-30T18:18:39.145+0000] {manager.py:740} INFO - There are 1 files in /opt/airflow/dags
[2025-12-30T18:19:01.519+0000] {manager.py:878} INFO - 
================================================================================
DAG File Processing Stats

File Path                               PID    Runtime      # DAGs    # Errors  Last Runtime    Last Run
--------------------------------------  -----  ---------  --------  ----------  --------------  -------------------
/opt/airflow/dags/model_sample_dags.py                           1           0  0.49s           2025-12-30T18:18:33
================================================================================
[2025-12-30T18:19:33.761+0000] {manager.py:878} INFO - 
================================================================================
DAG File Processing Stats

File Path                               PID    Runtime      # DAGs    # Errors  Last Runtime    Last Run
--------------------------------------  -----  ---------  --------  ----------  --------------  -------------------
/opt/airflow/dags/model_sample_dags.py                           1           0  0.44s           2025-12-30T18:19:03
================================================================================
[2025-12-30T18:20:04.908+0000] {manager.py:878} INFO - 
================================================================================
DAG File Processing Stats

File Path                               PID    Runtime      # DAGs    # Errors  Last Runtime    Last Run
--------------------------------------  -----  ---------  --------  ----------  --------------  -------------------
/opt/airflow/dags/model_sample_dags.py                           1           0  1.21s           2025-12-30T18:19:35
================================================================================
[2025-12-30T18:20:36.760+0000] {manager.py:878} INFO - 
================================================================================
DAG File Processing Stats

File Path                               PID    Runtime      # DAGs    # Errors  Last Runtime    Last Run
--------------------------------------  -----  ---------  --------  ----------  --------------  -------------------
/opt/airflow/dags/model_sample_dags.py                           1           0  0.50s           2025-12-30T18:20:07
================================================================================
[2025-12-30T18:21:09.947+0000] {manager.py:878} INFO - 
================================================================================
DAG File Processing Stats

File Path                                 PID  Runtime      # DAGs    # Errors  Last Runtime    Last Run
--------------------------------------  -----  ---------  --------  ----------  --------------  -------------------
/opt/airflow/dags/model_sample_dags.py    787  0.01s             1           0  0.51s           2025-12-30T18:20:39
================================================================================
[2025-12-30T18:21:41.645+0000] {manager.py:878} INFO - 
================================================================================
DAG File Processing Stats

File Path                               PID    Runtime      # DAGs    # Errors  Last Runtime    Last Run
--------------------------------------  -----  ---------  --------  ----------  --------------  -------------------
/opt/airflow/dags/model_sample_dags.py                           1           0  0.44s           2025-12-30T18:21:41
================================================================================
[2025-12-30T18:22:13.522+0000] {manager.py:878} INFO - 
================================================================================
DAG File Processing Stats

File Path                               PID    Runtime      # DAGs    # Errors  Last Runtime    Last Run
--------------------------------------  -----  ---------  --------  ----------  --------------  -------------------
/opt/airflow/dags/model_sample_dags.py                           1           0  0.49s           2025-12-30T18:22:12
================================================================================
[2025-12-30T18:22:45.358+0000] {manager.py:878} INFO - 
================================================================================
DAG File Processing Stats

File Path                               PID    Runtime      # DAGs    # Errors  Last Runtime    Last Run
--------------------------------------  -----  ---------  --------  ----------  --------------  -------------------
/opt/airflow/dags/model_sample_dags.py                           1           0  0.46s           2025-12-30T18:22:44
================================================================================
[2025-12-30T18:23:17.170+0000] {manager.py:878} INFO - 
================================================================================
DAG File Processing Stats

File Path                               PID    Runtime      # DAGs    # Errors  Last Runtime    Last Run
--------------------------------------  -----  ---------  --------  ----------  --------------  -------------------
/opt/airflow/dags/model_sample_dags.py                           1           0  0.46s           2025-12-30T18:23:16
================================================================================
[2025-12-30T18:23:39.522+0000] {manager.py:737} INFO - Searching for files in /opt/airflow/dags
[2025-12-30T18:23:39.664+0000] {manager.py:740} INFO - There are 1 files in /opt/airflow/dags
[2025-12-30T18:23:48.857+0000] {manager.py:878} INFO - 
================================================================================
DAG File Processing Stats

File Path                               PID    Runtime      # DAGs    # Errors  Last Runtime    Last Run
--------------------------------------  -----  ---------  --------  ----------  --------------  -------------------
/opt/airflow/dags/model_sample_dags.py                           1           0  0.58s           2025-12-30T18:23:47
================================================================================
[2025-12-30T18:24:20.658+0000] {manager.py:878} INFO - 
================================================================================
DAG File Processing Stats

File Path                               PID    Runtime      # DAGs    # Errors  Last Runtime    Last Run
--------------------------------------  -----  ---------  --------  ----------  --------------  -------------------
/opt/airflow/dags/model_sample_dags.py                           1           0  0.51s           2025-12-30T18:24:18
================================================================================
[2025-12-30T18:24:52.066+0000] {manager.py:878} INFO - 
================================================================================
DAG File Processing Stats

File Path                               PID    Runtime      # DAGs    # Errors  Last Runtime    Last Run
--------------------------------------  -----  ---------  --------  ----------  --------------  -------------------
/opt/airflow/dags/model_sample_dags.py                           1           0  0.51s           2025-12-30T18:24:50
================================================================================
[2025-12-30T18:25:23.896+0000] {manager.py:878} INFO - 
================================================================================
DAG File Processing Stats

File Path                               PID    Runtime      # DAGs    # Errors  Last Runtime    Last Run
--------------------------------------  -----  ---------  --------  ----------  --------------  -------------------
/opt/airflow/dags/model_sample_dags.py                           1           0  0.47s           2025-12-30T18:25:21
================================================================================
[2025-12-30T18:25:56.182+0000] {manager.py:878} INFO - 
================================================================================
DAG File Processing Stats

File Path                               PID    Runtime      # DAGs    # Errors  Last Runtime    Last Run
--------------------------------------  -----  ---------  --------  ----------  --------------  -------------------
/opt/airflow/dags/model_sample_dags.py                           1           0  0.52s           2025-12-30T18:25:53
================================================================================
[2025-12-30T18:26:28.145+0000] {manager.py:878} INFO - 
================================================================================
DAG File Processing Stats

File Path                               PID    Runtime      # DAGs    # Errors  Last Runtime    Last Run
--------------------------------------  -----  ---------  --------  ----------  --------------  -------------------
/opt/airflow/dags/model_sample_dags.py                           1           0  0.48s           2025-12-30T18:26:24
================================================================================
[2025-12-30T18:26:59.961+0000] {manager.py:878} INFO - 
================================================================================
DAG File Processing Stats

File Path                               PID    Runtime      # DAGs    # Errors  Last Runtime    Last Run
--------------------------------------  -----  ---------  --------  ----------  --------------  -------------------
/opt/airflow/dags/model_sample_dags.py                           1           0  0.45s           2025-12-30T18:26:55
================================================================================
[2025-12-30T18:27:31.797+0000] {manager.py:878} INFO - 
================================================================================
DAG File Processing Stats

File Path                               PID    Runtime      # DAGs    # Errors  Last Runtime    Last Run
--------------------------------------  -----  ---------  --------  ----------  --------------  -------------------
/opt/airflow/dags/model_sample_dags.py                           1           0  0.48s           2025-12-30T18:27:27
================================================================================
[2025-12-30T18:28:03.520+0000] {manager.py:878} INFO - 
================================================================================
DAG File Processing Stats

File Path                               PID    Runtime      # DAGs    # Errors  Last Runtime    Last Run
--------------------------------------  -----  ---------  --------  ----------  --------------  -------------------
/opt/airflow/dags/model_sample_dags.py                           1           0  0.42s           2025-12-30T18:27:58
================================================================================
[2025-12-30T18:28:35.390+0000] {manager.py:878} INFO - 
================================================================================
DAG File Processing Stats

File Path                               PID    Runtime      # DAGs    # Errors  Last Runtime    Last Run
--------------------------------------  -----  ---------  --------  ----------  --------------  -------------------
/opt/airflow/dags/model_sample_dags.py                           1           0  0.49s           2025-12-30T18:28:29
================================================================================
[2025-12-30T18:28:39.936+0000] {manager.py:737} INFO - Searching for files in /opt/airflow/dags
[2025-12-30T18:28:40.070+0000] {manager.py:740} INFO - There are 1 files in /opt/airflow/dags
[2025-12-30T18:29:07.242+0000] {manager.py:878} INFO - 
================================================================================
DAG File Processing Stats

File Path                               PID    Runtime      # DAGs    # Errors  Last Runtime    Last Run
--------------------------------------  -----  ---------  --------  ----------  --------------  -------------------
/opt/airflow/dags/model_sample_dags.py                           1           0  0.48s           2025-12-30T18:29:01
================================================================================
[2025-12-30T18:29:38.734+0000] {manager.py:878} INFO - 
================================================================================
DAG File Processing Stats

File Path                               PID    Runtime      # DAGs    # Errors  Last Runtime    Last Run
--------------------------------------  -----  ---------  --------  ----------  --------------  -------------------
/opt/airflow/dags/model_sample_dags.py                           1           0  0.46s           2025-12-30T18:29:32
================================================================================
[2025-12-30T18:30:10.584+0000] {manager.py:878} INFO - 
================================================================================
DAG File Processing Stats

File Path                               PID    Runtime      # DAGs    # Errors  Last Runtime    Last Run
--------------------------------------  -----  ---------  --------  ----------  --------------  -------------------
/opt/airflow/dags/model_sample_dags.py                           1           0  0.46s           2025-12-30T18:30:03
================================================================================
[2025-12-30T18:30:42.405+0000] {manager.py:878} INFO - 
================================================================================
DAG File Processing Stats

File Path                               PID    Runtime      # DAGs    # Errors  Last Runtime    Last Run
--------------------------------------  -----  ---------  --------  ----------  --------------  -------------------
/opt/airflow/dags/model_sample_dags.py                           1           0  0.55s           2025-12-30T18:30:35
================================================================================
[2025-12-30T18:31:14.322+0000] {manager.py:878} INFO - 
================================================================================
DAG File Processing Stats

File Path                               PID    Runtime      # DAGs    # Errors  Last Runtime    Last Run
--------------------------------------  -----  ---------  --------  ----------  --------------  -------------------
/opt/airflow/dags/model_sample_dags.py                           1           0  0.47s           2025-12-30T18:31:06
================================================================================
[2025-12-30T18:31:46.614+0000] {manager.py:878} INFO - 
================================================================================
DAG File Processing Stats

File Path                               PID    Runtime      # DAGs    # Errors  Last Runtime    Last Run
--------------------------------------  -----  ---------  --------  ----------  --------------  -------------------
/opt/airflow/dags/model_sample_dags.py                           1           0  0.48s           2025-12-30T18:31:38
================================================================================
[2025-12-30T18:32:18.531+0000] {manager.py:878} INFO - 
================================================================================
DAG File Processing Stats

File Path                               PID    Runtime      # DAGs    # Errors  Last Runtime    Last Run
--------------------------------------  -----  ---------  --------  ----------  --------------  -------------------
/opt/airflow/dags/model_sample_dags.py                           1           0  0.50s           2025-12-30T18:32:09
================================================================================
[2025-12-30T18:32:50.394+0000] {manager.py:878} INFO - 
================================================================================
DAG File Processing Stats

File Path                               PID    Runtime      # DAGs    # Errors  Last Runtime    Last Run
--------------------------------------  -----  ---------  --------  ----------  --------------  -------------------
/opt/airflow/dags/model_sample_dags.py                           1           0  0.51s           2025-12-30T18:32:41
================================================================================
[2025-12-30T18:33:21.858+0000] {manager.py:878} INFO - 
================================================================================
DAG File Processing Stats

File Path                               PID    Runtime      # DAGs    # Errors  Last Runtime    Last Run
--------------------------------------  -----  ---------  --------  ----------  --------------  -------------------
/opt/airflow/dags/model_sample_dags.py                           1           0  0.55s           2025-12-30T18:33:12
================================================================================
[2025-12-30T18:33:40.047+0000] {manager.py:737} INFO - Searching for files in /opt/airflow/dags
[2025-12-30T18:33:40.492+0000] {manager.py:740} INFO - There are 1 files in /opt/airflow/dags
[2025-12-30T18:33:53.293+0000] {manager.py:878} INFO - 
================================================================================
DAG File Processing Stats

File Path                               PID    Runtime      # DAGs    # Errors  Last Runtime    Last Run
--------------------------------------  -----  ---------  --------  ----------  --------------  -------------------
/opt/airflow/dags/model_sample_dags.py                           1           0  0.49s           2025-12-30T18:33:44
================================================================================
[2025-12-30T18:34:25.548+0000] {manager.py:878} INFO - 
================================================================================
DAG File Processing Stats

File Path                               PID    Runtime      # DAGs    # Errors  Last Runtime    Last Run
--------------------------------------  -----  ---------  --------  ----------  --------------  -------------------
/opt/airflow/dags/model_sample_dags.py                           1           0  0.48s           2025-12-30T18:34:15
================================================================================
[2025-12-30T18:34:57.485+0000] {manager.py:878} INFO - 
================================================================================
DAG File Processing Stats

File Path                               PID    Runtime      # DAGs    # Errors  Last Runtime    Last Run
--------------------------------------  -----  ---------  --------  ----------  --------------  -------------------
/opt/airflow/dags/model_sample_dags.py                           1           0  0.46s           2025-12-30T18:34:46
================================================================================
[2025-12-30T18:35:29.347+0000] {manager.py:878} INFO - 
================================================================================
DAG File Processing Stats

File Path                               PID    Runtime      # DAGs    # Errors  Last Runtime    Last Run
--------------------------------------  -----  ---------  --------  ----------  --------------  -------------------
/opt/airflow/dags/model_sample_dags.py                           1           0  0.55s           2025-12-30T18:35:18
================================================================================
[2025-12-30T18:36:01.660+0000] {manager.py:878} INFO - 
================================================================================
DAG File Processing Stats

File Path                               PID    Runtime      # DAGs    # Errors  Last Runtime    Last Run
--------------------------------------  -----  ---------  --------  ----------  --------------  -------------------
/opt/airflow/dags/model_sample_dags.py                           1           0  0.49s           2025-12-30T18:35:49
================================================================================
[2025-12-30T18:36:33.157+0000] {manager.py:878} INFO - 
================================================================================
DAG File Processing Stats

File Path                               PID    Runtime      # DAGs    # Errors  Last Runtime    Last Run
--------------------------------------  -----  ---------  --------  ----------  --------------  -------------------
/opt/airflow/dags/model_sample_dags.py                           1           0  0.61s           2025-12-30T18:36:20
================================================================================
[2025-12-30T18:37:04.616+0000] {manager.py:878} INFO - 
================================================================================
DAG File Processing Stats

File Path                               PID    Runtime      # DAGs    # Errors  Last Runtime    Last Run
--------------------------------------  -----  ---------  --------  ----------  --------------  -------------------
/opt/airflow/dags/model_sample_dags.py                           1           0  0.54s           2025-12-30T18:36:52
================================================================================
[2025-12-30T18:37:36.480+0000] {manager.py:878} INFO - 
================================================================================
DAG File Processing Stats

File Path                               PID    Runtime      # DAGs    # Errors  Last Runtime    Last Run
--------------------------------------  -----  ---------  --------  ----------  --------------  -------------------
/opt/airflow/dags/model_sample_dags.py                           1           0  0.51s           2025-12-30T18:37:23
================================================================================
[2025-12-30T18:38:08.268+0000] {manager.py:878} INFO - 
================================================================================
DAG File Processing Stats

File Path                               PID    Runtime      # DAGs    # Errors  Last Runtime    Last Run
--------------------------------------  -----  ---------  --------  ----------  --------------  -------------------
/opt/airflow/dags/model_sample_dags.py                           1           0  0.47s           2025-12-30T18:37:55
================================================================================
[2025-12-30T18:38:40.179+0000] {manager.py:737} INFO - Searching for files in /opt/airflow/dags
[2025-12-30T18:38:40.321+0000] {manager.py:740} INFO - There are 1 files in /opt/airflow/dags
[2025-12-30T18:38:40.391+0000] {manager.py:878} INFO - 
================================================================================
DAG File Processing Stats

File Path                               PID    Runtime      # DAGs    # Errors  Last Runtime    Last Run
--------------------------------------  -----  ---------  --------  ----------  --------------  -------------------
/opt/airflow/dags/model_sample_dags.py                           1           0  0.47s           2025-12-30T18:38:26
================================================================================
[2025-12-30T18:39:11.833+0000] {manager.py:878} INFO - 
================================================================================
DAG File Processing Stats

File Path                               PID    Runtime      # DAGs    # Errors  Last Runtime    Last Run
--------------------------------------  -----  ---------  --------  ----------  --------------  -------------------
/opt/airflow/dags/model_sample_dags.py                           1           0  0.55s           2025-12-30T18:38:58
================================================================================
[2025-12-30T18:39:43.689+0000] {manager.py:878} INFO - 
================================================================================
DAG File Processing Stats

File Path                               PID    Runtime      # DAGs    # Errors  Last Runtime    Last Run
--------------------------------------  -----  ---------  --------  ----------  --------------  -------------------
/opt/airflow/dags/model_sample_dags.py                           1           0  0.47s           2025-12-30T18:39:29
================================================================================
[2025-12-30T18:40:15.172+0000] {manager.py:878} INFO - 
================================================================================
DAG File Processing Stats

File Path                               PID    Runtime      # DAGs    # Errors  Last Runtime    Last Run
--------------------------------------  -----  ---------  --------  ----------  --------------  -------------------
/opt/airflow/dags/model_sample_dags.py                           1           0  0.54s           2025-12-30T18:40:00
================================================================================
[2025-12-30T18:40:46.597+0000] {manager.py:878} INFO - 
================================================================================
DAG File Processing Stats

File Path                               PID    Runtime      # DAGs    # Errors  Last Runtime    Last Run
--------------------------------------  -----  ---------  --------  ----------  --------------  -------------------
/opt/airflow/dags/model_sample_dags.py                           1           0  0.58s           2025-12-30T18:40:32
================================================================================
[2025-12-30T18:41:18.519+0000] {manager.py:878} INFO - 
================================================================================
DAG File Processing Stats

File Path                               PID    Runtime      # DAGs    # Errors  Last Runtime    Last Run
--------------------------------------  -----  ---------  --------  ----------  --------------  -------------------
/opt/airflow/dags/model_sample_dags.py                           1           0  0.49s           2025-12-30T18:41:03
================================================================================
[2025-12-30T18:41:50.406+0000] {manager.py:878} INFO - 
================================================================================
DAG File Processing Stats

File Path                               PID    Runtime      # DAGs    # Errors  Last Runtime    Last Run
--------------------------------------  -----  ---------  --------  ----------  --------------  -------------------
/opt/airflow/dags/model_sample_dags.py                           1           0  0.52s           2025-12-30T18:41:35
================================================================================
[2025-12-30T18:42:22.817+0000] {manager.py:878} INFO - 
================================================================================
DAG File Processing Stats

File Path                               PID    Runtime      # DAGs    # Errors  Last Runtime    Last Run
--------------------------------------  -----  ---------  --------  ----------  --------------  -------------------
/opt/airflow/dags/model_sample_dags.py                           1           0  0.50s           2025-12-30T18:42:06
================================================================================
[2025-12-30T18:42:54.740+0000] {manager.py:878} INFO - 
================================================================================
DAG File Processing Stats

File Path                               PID    Runtime      # DAGs    # Errors  Last Runtime    Last Run
--------------------------------------  -----  ---------  --------  ----------  --------------  -------------------
/opt/airflow/dags/model_sample_dags.py                           1           0  0.51s           2025-12-30T18:42:37
================================================================================
[2025-12-30T18:43:26.630+0000] {manager.py:878} INFO - 
================================================================================
DAG File Processing Stats

File Path                               PID    Runtime      # DAGs    # Errors  Last Runtime    Last Run
--------------------------------------  -----  ---------  --------  ----------  --------------  -------------------
/opt/airflow/dags/model_sample_dags.py                           1           0  0.65s           2025-12-30T18:43:09
================================================================================
[2025-12-30T18:43:40.242+0000] {manager.py:737} INFO - Searching for files in /opt/airflow/dags
[2025-12-30T18:43:40.376+0000] {manager.py:740} INFO - There are 1 files in /opt/airflow/dags
[2025-12-30T18:43:58.208+0000] {manager.py:878} INFO - 
================================================================================
DAG File Processing Stats

File Path                               PID    Runtime      # DAGs    # Errors  Last Runtime    Last Run
--------------------------------------  -----  ---------  --------  ----------  --------------  -------------------
/opt/airflow/dags/model_sample_dags.py                           1           0  0.49s           2025-12-30T18:43:40
================================================================================
[2025-12-30T18:44:29.679+0000] {manager.py:878} INFO - 
================================================================================
DAG File Processing Stats

File Path                               PID    Runtime      # DAGs    # Errors  Last Runtime    Last Run
--------------------------------------  -----  ---------  --------  ----------  --------------  -------------------
/opt/airflow/dags/model_sample_dags.py                           1           0  0.53s           2025-12-30T18:44:12
================================================================================
[2025-12-30T18:45:01.584+0000] {manager.py:878} INFO - 
================================================================================
DAG File Processing Stats

File Path                               PID    Runtime      # DAGs    # Errors  Last Runtime    Last Run
--------------------------------------  -----  ---------  --------  ----------  --------------  -------------------
/opt/airflow/dags/model_sample_dags.py                           1           0  0.49s           2025-12-30T18:44:43
================================================================================
[2025-12-30T18:45:33.467+0000] {manager.py:878} INFO - 
================================================================================
DAG File Processing Stats

File Path                               PID    Runtime      # DAGs    # Errors  Last Runtime    Last Run
--------------------------------------  -----  ---------  --------  ----------  --------------  -------------------
/opt/airflow/dags/model_sample_dags.py                           1           0  0.51s           2025-12-30T18:45:15
================================================================================
[2025-12-30T18:46:05.869+0000] {manager.py:878} INFO - 
================================================================================
DAG File Processing Stats

File Path                               PID    Runtime      # DAGs    # Errors  Last Runtime    Last Run
--------------------------------------  -----  ---------  --------  ----------  --------------  -------------------
/opt/airflow/dags/model_sample_dags.py                           1           0  0.50s           2025-12-30T18:45:46
================================================================================
[2025-12-30T18:46:37.820+0000] {manager.py:878} INFO - 
================================================================================
DAG File Processing Stats

File Path                               PID    Runtime      # DAGs    # Errors  Last Runtime    Last Run
--------------------------------------  -----  ---------  --------  ----------  --------------  -------------------
/opt/airflow/dags/model_sample_dags.py                           1           0  0.47s           2025-12-30T18:46:17
================================================================================
[2025-12-30T18:47:09.687+0000] {manager.py:878} INFO - 
================================================================================
DAG File Processing Stats

File Path                               PID    Runtime      # DAGs    # Errors  Last Runtime    Last Run
--------------------------------------  -----  ---------  --------  ----------  --------------  -------------------
/opt/airflow/dags/model_sample_dags.py                           1           0  0.47s           2025-12-30T18:46:49
================================================================================
[2025-12-30T18:47:42.154+0000] {manager.py:878} INFO - 
================================================================================
DAG File Processing Stats

File Path                               PID    Runtime      # DAGs    # Errors  Last Runtime    Last Run
--------------------------------------  -----  ---------  --------  ----------  --------------  -------------------
/opt/airflow/dags/model_sample_dags.py                           1           0  1.34s           2025-12-30T18:47:20
================================================================================
[2025-12-30T18:48:13.589+0000] {manager.py:878} INFO - 
================================================================================
DAG File Processing Stats

File Path                               PID    Runtime      # DAGs    # Errors  Last Runtime    Last Run
--------------------------------------  -----  ---------  --------  ----------  --------------  -------------------
/opt/airflow/dags/model_sample_dags.py                           1           0  0.52s           2025-12-30T18:47:53
================================================================================
[2025-12-30T18:48:40.413+0000] {manager.py:737} INFO - Searching for files in /opt/airflow/dags
[2025-12-30T18:48:40.546+0000] {manager.py:740} INFO - There are 1 files in /opt/airflow/dags
[2025-12-30T18:48:45.671+0000] {manager.py:878} INFO - 
================================================================================
DAG File Processing Stats

File Path                               PID    Runtime      # DAGs    # Errors  Last Runtime    Last Run
--------------------------------------  -----  ---------  --------  ----------  --------------  -------------------
/opt/airflow/dags/model_sample_dags.py                           1           0  0.51s           2025-12-30T18:48:24
================================================================================
[2025-12-30T18:49:17.694+0000] {manager.py:878} INFO - 
================================================================================
DAG File Processing Stats

File Path                               PID    Runtime      # DAGs    # Errors  Last Runtime    Last Run
--------------------------------------  -----  ---------  --------  ----------  --------------  -------------------
/opt/airflow/dags/model_sample_dags.py                           1           0  0.53s           2025-12-30T18:48:55
================================================================================
[2025-12-30T18:49:50.130+0000] {manager.py:878} INFO - 
================================================================================
DAG File Processing Stats

File Path                               PID    Runtime      # DAGs    # Errors  Last Runtime    Last Run
--------------------------------------  -----  ---------  --------  ----------  --------------  -------------------
/opt/airflow/dags/model_sample_dags.py                           1           0  0.50s           2025-12-30T18:49:26
================================================================================
[2025-12-30T18:50:22.085+0000] {manager.py:878} INFO - 
================================================================================
DAG File Processing Stats

File Path                               PID    Runtime      # DAGs    # Errors  Last Runtime    Last Run
--------------------------------------  -----  ---------  --------  ----------  --------------  -------------------
/opt/airflow/dags/model_sample_dags.py                           1           0  0.51s           2025-12-30T18:49:58
================================================================================
[2025-12-30T18:50:53.887+0000] {manager.py:878} INFO - 
================================================================================
DAG File Processing Stats

File Path                               PID    Runtime      # DAGs    # Errors  Last Runtime    Last Run
--------------------------------------  -----  ---------  --------  ----------  --------------  -------------------
/opt/airflow/dags/model_sample_dags.py                           1           0  0.43s           2025-12-30T18:50:29
================================================================================
[2025-12-30T18:51:25.823+0000] {manager.py:878} INFO - 
================================================================================
DAG File Processing Stats

File Path                               PID    Runtime      # DAGs    # Errors  Last Runtime    Last Run
--------------------------------------  -----  ---------  --------  ----------  --------------  -------------------
/opt/airflow/dags/model_sample_dags.py                           1           0  0.53s           2025-12-30T18:51:01
================================================================================
[2025-12-30T18:51:57.864+0000] {manager.py:878} INFO - 
================================================================================
DAG File Processing Stats

File Path                               PID    Runtime      # DAGs    # Errors  Last Runtime    Last Run
--------------------------------------  -----  ---------  --------  ----------  --------------  -------------------
/opt/airflow/dags/model_sample_dags.py                           1           0  0.43s           2025-12-30T18:51:32
================================================================================
[2025-12-30T18:52:29.631+0000] {manager.py:878} INFO - 
================================================================================
DAG File Processing Stats

File Path                               PID    Runtime      # DAGs    # Errors  Last Runtime    Last Run
--------------------------------------  -----  ---------  --------  ----------  --------------  -------------------
/opt/airflow/dags/model_sample_dags.py                           1           0  0.48s           2025-12-30T18:52:04
================================================================================
[2025-12-30T18:53:01.588+0000] {manager.py:878} INFO - 
================================================================================
DAG File Processing Stats

File Path                               PID    Runtime      # DAGs    # Errors  Last Runtime    Last Run
--------------------------------------  -----  ---------  --------  ----------  --------------  -------------------
/opt/airflow/dags/model_sample_dags.py                           1           0  0.49s           2025-12-30T18:52:35
================================================================================
[2025-12-30T18:53:33.484+0000] {manager.py:878} INFO - 
================================================================================
DAG File Processing Stats

File Path                               PID    Runtime      # DAGs    # Errors  Last Runtime    Last Run
--------------------------------------  -----  ---------  --------  ----------  --------------  -------------------
/opt/airflow/dags/model_sample_dags.py                           1           0  0.50s           2025-12-30T18:53:07
================================================================================
[2025-12-30T18:53:40.594+0000] {manager.py:737} INFO - Searching for files in /opt/airflow/dags
[2025-12-30T18:53:40.726+0000] {manager.py:740} INFO - There are 1 files in /opt/airflow/dags
[2025-12-30T18:54:05.141+0000] {manager.py:878} INFO - 
================================================================================
DAG File Processing Stats

File Path                               PID    Runtime      # DAGs    # Errors  Last Runtime    Last Run
--------------------------------------  -----  ---------  --------  ----------  --------------  -------------------
/opt/airflow/dags/model_sample_dags.py                           1           0  0.51s           2025-12-30T18:53:38
================================================================================
[2025-12-30T18:54:37.354+0000] {manager.py:878} INFO - 
================================================================================
DAG File Processing Stats

File Path                               PID    Runtime      # DAGs    # Errors  Last Runtime    Last Run
--------------------------------------  -----  ---------  --------  ----------  --------------  -------------------
/opt/airflow/dags/model_sample_dags.py                           1           0  0.46s           2025-12-30T18:54:10
================================================================================
[2025-12-30T18:55:08.810+0000] {manager.py:878} INFO - 
================================================================================
DAG File Processing Stats

File Path                               PID    Runtime      # DAGs    # Errors  Last Runtime    Last Run
--------------------------------------  -----  ---------  --------  ----------  --------------  -------------------
/opt/airflow/dags/model_sample_dags.py                           1           0  0.51s           2025-12-30T18:54:41
================================================================================
[2025-12-30T18:55:40.730+0000] {manager.py:878} INFO - 
================================================================================
DAG File Processing Stats

File Path                               PID    Runtime      # DAGs    # Errors  Last Runtime    Last Run
--------------------------------------  -----  ---------  --------  ----------  --------------  -------------------
/opt/airflow/dags/model_sample_dags.py                           1           0  0.47s           2025-12-30T18:55:12
================================================================================
[2025-12-30T18:56:12.678+0000] {manager.py:878} INFO - 
================================================================================
DAG File Processing Stats

File Path                               PID    Runtime      # DAGs    # Errors  Last Runtime    Last Run
--------------------------------------  -----  ---------  --------  ----------  --------------  -------------------
/opt/airflow/dags/model_sample_dags.py                           1           0  0.52s           2025-12-30T18:55:44
================================================================================
[2025-12-30T18:56:44.619+0000] {manager.py:878} INFO - 
================================================================================
DAG File Processing Stats

File Path                               PID    Runtime      # DAGs    # Errors  Last Runtime    Last Run
--------------------------------------  -----  ---------  --------  ----------  --------------  -------------------
/opt/airflow/dags/model_sample_dags.py                           1           0  0.49s           2025-12-30T18:56:16
================================================================================
[2025-12-30T18:57:18.513+0000] {manager.py:878} INFO - 
================================================================================
DAG File Processing Stats

File Path                                 PID  Runtime      # DAGs    # Errors  Last Runtime    Last Run
--------------------------------------  -----  ---------  --------  ----------  --------------  -------------------
/opt/airflow/dags/model_sample_dags.py   1132  0.01s             1           0  0.53s           2025-12-30T18:56:47
================================================================================
[2025-12-30T18:57:50.452+0000] {manager.py:878} INFO - 
================================================================================
DAG File Processing Stats

File Path                               PID    Runtime      # DAGs    # Errors  Last Runtime    Last Run
--------------------------------------  -----  ---------  --------  ----------  --------------  -------------------
/opt/airflow/dags/model_sample_dags.py                           1           0  0.49s           2025-12-30T18:57:50
================================================================================
[2025-12-30T18:58:22.848+0000] {manager.py:878} INFO - 
================================================================================
DAG File Processing Stats

File Path                               PID    Runtime      # DAGs    # Errors  Last Runtime    Last Run
--------------------------------------  -----  ---------  --------  ----------  --------------  -------------------
/opt/airflow/dags/model_sample_dags.py                           1           0  0.46s           2025-12-30T18:58:21
================================================================================
[2025-12-30T18:58:41.114+0000] {manager.py:737} INFO - Searching for files in /opt/airflow/dags
[2025-12-30T18:58:41.252+0000] {manager.py:740} INFO - There are 1 files in /opt/airflow/dags
[2025-12-30T18:58:54.412+0000] {manager.py:878} INFO - 
================================================================================
DAG File Processing Stats

File Path                               PID    Runtime      # DAGs    # Errors  Last Runtime    Last Run
--------------------------------------  -----  ---------  --------  ----------  --------------  -------------------
/opt/airflow/dags/model_sample_dags.py                           1           0  0.46s           2025-12-30T18:58:53
================================================================================
[2025-12-30T18:59:26.350+0000] {manager.py:878} INFO - 
================================================================================
DAG File Processing Stats

File Path                               PID    Runtime      # DAGs    # Errors  Last Runtime    Last Run
--------------------------------------  -----  ---------  --------  ----------  --------------  -------------------
/opt/airflow/dags/model_sample_dags.py                           1           0  0.48s           2025-12-30T18:59:24
================================================================================
[2025-12-30T18:59:58.286+0000] {manager.py:878} INFO - 
================================================================================
DAG File Processing Stats

File Path                               PID    Runtime      # DAGs    # Errors  Last Runtime    Last Run
--------------------------------------  -----  ---------  --------  ----------  --------------  -------------------
/opt/airflow/dags/model_sample_dags.py                           1           0  0.50s           2025-12-30T18:59:56
================================================================================
[2025-12-30T19:00:30.247+0000] {manager.py:878} INFO - 
================================================================================
DAG File Processing Stats

File Path                               PID    Runtime      # DAGs    # Errors  Last Runtime    Last Run
--------------------------------------  -----  ---------  --------  ----------  --------------  -------------------
/opt/airflow/dags/model_sample_dags.py                           1           0  0.47s           2025-12-30T19:00:27
================================================================================
[2025-12-30T19:01:02.134+0000] {manager.py:878} INFO - 
================================================================================
DAG File Processing Stats

File Path                               PID    Runtime      # DAGs    # Errors  Last Runtime    Last Run
--------------------------------------  -----  ---------  --------  ----------  --------------  -------------------
/opt/airflow/dags/model_sample_dags.py                           1           0  0.56s           2025-12-30T19:00:59
================================================================================
[2025-12-30T19:01:34.134+0000] {manager.py:878} INFO - 
================================================================================
DAG File Processing Stats

File Path                               PID    Runtime      # DAGs    # Errors  Last Runtime    Last Run
--------------------------------------  -----  ---------  --------  ----------  --------------  -------------------
/opt/airflow/dags/model_sample_dags.py                           1           0  0.50s           2025-12-30T19:01:30
================================================================================
[2025-12-30T19:02:06.011+0000] {manager.py:878} INFO - 
================================================================================
DAG File Processing Stats

File Path                               PID    Runtime      # DAGs    # Errors  Last Runtime    Last Run
--------------------------------------  -----  ---------  --------  ----------  --------------  -------------------
/opt/airflow/dags/model_sample_dags.py                           1           0  0.48s           2025-12-30T19:02:01
================================================================================
[2025-12-30T19:02:38.005+0000] {manager.py:878} INFO - 
================================================================================
DAG File Processing Stats

File Path                               PID    Runtime      # DAGs    # Errors  Last Runtime    Last Run
--------------------------------------  -----  ---------  --------  ----------  --------------  -------------------
/opt/airflow/dags/model_sample_dags.py                           1           0  0.47s           2025-12-30T19:02:33
================================================================================
[2025-12-30T19:03:10.334+0000] {manager.py:878} INFO - 
================================================================================
DAG File Processing Stats

File Path                               PID    Runtime      # DAGs    # Errors  Last Runtime    Last Run
--------------------------------------  -----  ---------  --------  ----------  --------------  -------------------
/opt/airflow/dags/model_sample_dags.py                           1           0  0.45s           2025-12-30T19:03:05
================================================================================
[2025-12-30T19:03:41.357+0000] {manager.py:737} INFO - Searching for files in /opt/airflow/dags
[2025-12-30T19:03:41.484+0000] {manager.py:740} INFO - There are 1 files in /opt/airflow/dags
[2025-12-30T19:03:42.016+0000] {manager.py:878} INFO - 
================================================================================
DAG File Processing Stats

File Path                               PID    Runtime      # DAGs    # Errors  Last Runtime    Last Run
--------------------------------------  -----  ---------  --------  ----------  --------------  -------------------
/opt/airflow/dags/model_sample_dags.py                           1           0  0.73s           2025-12-30T19:03:36
================================================================================
[2025-12-30T19:04:13.924+0000] {manager.py:878} INFO - 
================================================================================
DAG File Processing Stats

File Path                               PID    Runtime      # DAGs    # Errors  Last Runtime    Last Run
--------------------------------------  -----  ---------  --------  ----------  --------------  -------------------
/opt/airflow/dags/model_sample_dags.py                           1           0  0.52s           2025-12-30T19:04:07
================================================================================
[2025-12-30T19:04:45.618+0000] {manager.py:878} INFO - 
================================================================================
DAG File Processing Stats

File Path                               PID    Runtime      # DAGs    # Errors  Last Runtime    Last Run
--------------------------------------  -----  ---------  --------  ----------  --------------  -------------------
/opt/airflow/dags/model_sample_dags.py                           1           0  0.61s           2025-12-30T19:04:39
================================================================================
[2025-12-30T19:05:17.879+0000] {manager.py:878} INFO - 
================================================================================
DAG File Processing Stats

File Path                               PID    Runtime      # DAGs    # Errors  Last Runtime    Last Run
--------------------------------------  -----  ---------  --------  ----------  --------------  -------------------
/opt/airflow/dags/model_sample_dags.py                           1           0  0.48s           2025-12-30T19:05:10
================================================================================
[2025-12-30T19:05:49.817+0000] {manager.py:878} INFO - 
================================================================================
DAG File Processing Stats

File Path                               PID    Runtime      # DAGs    # Errors  Last Runtime    Last Run
--------------------------------------  -----  ---------  --------  ----------  --------------  -------------------
/opt/airflow/dags/model_sample_dags.py                           1           0  0.36s           2025-12-30T19:05:43
================================================================================
[2025-12-30T19:06:21.931+0000] {manager.py:878} INFO - 
================================================================================
DAG File Processing Stats

File Path                               PID    Runtime      # DAGs    # Errors  Last Runtime    Last Run
--------------------------------------  -----  ---------  --------  ----------  --------------  -------------------
/opt/airflow/dags/model_sample_dags.py                           1           0  0.39s           2025-12-30T19:06:13
================================================================================
[2025-12-30T19:06:54.404+0000] {manager.py:878} INFO - 
================================================================================
DAG File Processing Stats

File Path                               PID    Runtime      # DAGs    # Errors  Last Runtime    Last Run
--------------------------------------  -----  ---------  --------  ----------  --------------  -------------------
/opt/airflow/dags/model_sample_dags.py                           1           0  0.57s           2025-12-30T19:06:48
================================================================================
[2025-12-30T19:07:26.007+0000] {manager.py:878} INFO - 
================================================================================
DAG File Processing Stats

File Path                               PID    Runtime      # DAGs    # Errors  Last Runtime    Last Run
--------------------------------------  -----  ---------  --------  ----------  --------------  -------------------
/opt/airflow/dags/model_sample_dags.py                           1           0  0.35s           2025-12-30T19:07:19
================================================================================
[2025-12-30T19:07:57.786+0000] {manager.py:878} INFO - 
================================================================================
DAG File Processing Stats

File Path                               PID    Runtime      # DAGs    # Errors  Last Runtime    Last Run
--------------------------------------  -----  ---------  --------  ----------  --------------  -------------------
/opt/airflow/dags/model_sample_dags.py                           1           0  0.35s           2025-12-30T19:07:51
================================================================================
[2025-12-30T19:08:29.920+0000] {manager.py:878} INFO - 
================================================================================
DAG File Processing Stats

File Path                               PID    Runtime      # DAGs    # Errors  Last Runtime    Last Run
--------------------------------------  -----  ---------  --------  ----------  --------------  -------------------
/opt/airflow/dags/model_sample_dags.py                           1           0  0.37s           2025-12-30T19:08:22
================================================================================
[2025-12-30T19:08:42.031+0000] {manager.py:737} INFO - Searching for files in /opt/airflow/dags
[2025-12-30T19:08:42.131+0000] {manager.py:740} INFO - There are 1 files in /opt/airflow/dags
[2025-12-30T19:09:01.849+0000] {manager.py:878} INFO - 
================================================================================
DAG File Processing Stats

File Path                               PID    Runtime      # DAGs    # Errors  Last Runtime    Last Run
--------------------------------------  -----  ---------  --------  ----------  --------------  -------------------
/opt/airflow/dags/model_sample_dags.py                           1           0  0.28s           2025-12-30T19:08:54
================================================================================
[2025-12-30T19:09:33.867+0000] {manager.py:878} INFO - 
================================================================================
DAG File Processing Stats

File Path                               PID    Runtime      # DAGs    # Errors  Last Runtime    Last Run
--------------------------------------  -----  ---------  --------  ----------  --------------  -------------------
/opt/airflow/dags/model_sample_dags.py                           1           0  0.29s           2025-12-30T19:09:25
================================================================================
[2025-12-30T19:10:05.679+0000] {manager.py:878} INFO - 
================================================================================
DAG File Processing Stats

File Path                               PID    Runtime      # DAGs    # Errors  Last Runtime    Last Run
--------------------------------------  -----  ---------  --------  ----------  --------------  -------------------
/opt/airflow/dags/model_sample_dags.py                           1           0  0.26s           2025-12-30T19:09:57
================================================================================
[2025-12-30T19:10:37.697+0000] {manager.py:878} INFO - 
================================================================================
DAG File Processing Stats

File Path                               PID    Runtime      # DAGs    # Errors  Last Runtime    Last Run
--------------------------------------  -----  ---------  --------  ----------  --------------  -------------------
/opt/airflow/dags/model_sample_dags.py                           1           0  0.23s           2025-12-30T19:10:28
================================================================================
[2025-12-30T19:11:09.478+0000] {manager.py:878} INFO - 
================================================================================
DAG File Processing Stats

File Path                               PID    Runtime      # DAGs    # Errors  Last Runtime    Last Run
--------------------------------------  -----  ---------  --------  ----------  --------------  -------------------
/opt/airflow/dags/model_sample_dags.py                           1           0  0.25s           2025-12-30T19:11:00
================================================================================
[2025-12-30T19:11:41.461+0000] {manager.py:878} INFO - 
================================================================================
DAG File Processing Stats

File Path                               PID    Runtime      # DAGs    # Errors  Last Runtime    Last Run
--------------------------------------  -----  ---------  --------  ----------  --------------  -------------------
/opt/airflow/dags/model_sample_dags.py                           1           0  0.27s           2025-12-30T19:11:31
================================================================================
[2025-12-30T19:12:13.313+0000] {manager.py:878} INFO - 
================================================================================
DAG File Processing Stats

File Path                               PID    Runtime      # DAGs    # Errors  Last Runtime    Last Run
--------------------------------------  -----  ---------  --------  ----------  --------------  -------------------
/opt/airflow/dags/model_sample_dags.py                           1           0  0.28s           2025-12-30T19:12:03
================================================================================
[2025-12-30T19:12:45.332+0000] {manager.py:878} INFO - 
================================================================================
DAG File Processing Stats

File Path                               PID    Runtime      # DAGs    # Errors  Last Runtime    Last Run
--------------------------------------  -----  ---------  --------  ----------  --------------  -------------------
/opt/airflow/dags/model_sample_dags.py                           1           0  0.19s           2025-12-30T19:12:34
================================================================================
[2025-12-30T19:13:17.252+0000] {manager.py:878} INFO - 
================================================================================
DAG File Processing Stats

File Path                               PID    Runtime      # DAGs    # Errors  Last Runtime    Last Run
--------------------------------------  -----  ---------  --------  ----------  --------------  -------------------
/opt/airflow/dags/model_sample_dags.py                           1           0  0.27s           2025-12-30T19:13:06
================================================================================
[2025-12-30T19:13:42.079+0000] {manager.py:737} INFO - Searching for files in /opt/airflow/dags
[2025-12-30T19:13:42.159+0000] {manager.py:740} INFO - There are 1 files in /opt/airflow/dags
[2025-12-30T19:13:49.266+0000] {manager.py:878} INFO - 
================================================================================
DAG File Processing Stats

File Path                               PID    Runtime      # DAGs    # Errors  Last Runtime    Last Run
--------------------------------------  -----  ---------  --------  ----------  --------------  -------------------
/opt/airflow/dags/model_sample_dags.py                           1           0  0.27s           2025-12-30T19:13:38
================================================================================
[2025-12-30T19:14:21.185+0000] {manager.py:878} INFO - 
================================================================================
DAG File Processing Stats

File Path                               PID    Runtime      # DAGs    # Errors  Last Runtime    Last Run
--------------------------------------  -----  ---------  --------  ----------  --------------  -------------------
/opt/airflow/dags/model_sample_dags.py                           1           0  0.37s           2025-12-30T19:14:09
================================================================================
[2025-12-30T19:14:53.020+0000] {manager.py:878} INFO - 
================================================================================
DAG File Processing Stats

File Path                               PID    Runtime      # DAGs    # Errors  Last Runtime    Last Run
--------------------------------------  -----  ---------  --------  ----------  --------------  -------------------
/opt/airflow/dags/model_sample_dags.py                           1           0  0.27s           2025-12-30T19:14:41
================================================================================
[2025-12-30T19:15:25.049+0000] {manager.py:878} INFO - 
================================================================================
DAG File Processing Stats

File Path                               PID    Runtime      # DAGs    # Errors  Last Runtime    Last Run
--------------------------------------  -----  ---------  --------  ----------  --------------  -------------------
/opt/airflow/dags/model_sample_dags.py                           1           0  0.32s           2025-12-30T19:15:12
================================================================================
[2025-12-30T19:15:56.874+0000] {manager.py:878} INFO - 
================================================================================
DAG File Processing Stats

File Path                               PID    Runtime      # DAGs    # Errors  Last Runtime    Last Run
--------------------------------------  -----  ---------  --------  ----------  --------------  -------------------
/opt/airflow/dags/model_sample_dags.py                           1           0  0.26s           2025-12-30T19:15:43
================================================================================
[2025-12-30T19:16:28.969+0000] {manager.py:878} INFO - 
================================================================================
DAG File Processing Stats

File Path                               PID    Runtime      # DAGs    # Errors  Last Runtime    Last Run
--------------------------------------  -----  ---------  --------  ----------  --------------  -------------------
/opt/airflow/dags/model_sample_dags.py                           1           0  0.32s           2025-12-30T19:16:15
================================================================================
[2025-12-30T19:17:00.827+0000] {manager.py:878} INFO - 
================================================================================
DAG File Processing Stats

File Path                               PID    Runtime      # DAGs    # Errors  Last Runtime    Last Run
--------------------------------------  -----  ---------  --------  ----------  --------------  -------------------
/opt/airflow/dags/model_sample_dags.py                           1           0  0.22s           2025-12-30T19:16:46
================================================================================
[2025-12-30T19:17:32.780+0000] {manager.py:878} INFO - 
================================================================================
DAG File Processing Stats

File Path                               PID    Runtime      # DAGs    # Errors  Last Runtime    Last Run
--------------------------------------  -----  ---------  --------  ----------  --------------  -------------------
/opt/airflow/dags/model_sample_dags.py                           1           0  0.21s           2025-12-30T19:17:18
================================================================================
[2025-12-30T19:18:04.613+0000] {manager.py:878} INFO - 
================================================================================
DAG File Processing Stats

File Path                               PID    Runtime      # DAGs    # Errors  Last Runtime    Last Run
--------------------------------------  -----  ---------  --------  ----------  --------------  -------------------
/opt/airflow/dags/model_sample_dags.py                           1           0  0.26s           2025-12-30T19:17:49
================================================================================
[2025-12-30T19:18:36.657+0000] {manager.py:878} INFO - 
================================================================================
DAG File Processing Stats

File Path                               PID    Runtime      # DAGs    # Errors  Last Runtime    Last Run
--------------------------------------  -----  ---------  --------  ----------  --------------  -------------------
/opt/airflow/dags/model_sample_dags.py                           1           0  0.35s           2025-12-30T19:18:21
================================================================================
[2025-12-30T19:18:42.718+0000] {manager.py:737} INFO - Searching for files in /opt/airflow/dags
[2025-12-30T19:18:42.749+0000] {manager.py:740} INFO - There are 1 files in /opt/airflow/dags
[2025-12-30T19:19:08.652+0000] {manager.py:878} INFO - 
================================================================================
DAG File Processing Stats

File Path                               PID    Runtime      # DAGs    # Errors  Last Runtime    Last Run
--------------------------------------  -----  ---------  --------  ----------  --------------  -------------------
/opt/airflow/dags/model_sample_dags.py                           1           0  0.30s           2025-12-30T19:18:52
================================================================================
[2025-12-30T19:19:40.458+0000] {manager.py:878} INFO - 
================================================================================
DAG File Processing Stats

File Path                               PID    Runtime      # DAGs    # Errors  Last Runtime    Last Run
--------------------------------------  -----  ---------  --------  ----------  --------------  -------------------
/opt/airflow/dags/model_sample_dags.py                           1           0  0.26s           2025-12-30T19:19:24
================================================================================
[2025-12-30T19:20:12.495+0000] {manager.py:878} INFO - 
================================================================================
DAG File Processing Stats

File Path                               PID    Runtime      # DAGs    # Errors  Last Runtime    Last Run
--------------------------------------  -----  ---------  --------  ----------  --------------  -------------------
/opt/airflow/dags/model_sample_dags.py                           1           0  0.30s           2025-12-30T19:19:56
================================================================================
[2025-12-30T19:20:44.376+0000] {manager.py:878} INFO - 
================================================================================
DAG File Processing Stats

File Path                               PID    Runtime      # DAGs    # Errors  Last Runtime    Last Run
--------------------------------------  -----  ---------  --------  ----------  --------------  -------------------
/opt/airflow/dags/model_sample_dags.py                           1           0  0.25s           2025-12-30T19:20:27
================================================================================
[2025-12-30T19:21:16.346+0000] {manager.py:878} INFO - 
================================================================================
DAG File Processing Stats

File Path                               PID    Runtime      # DAGs    # Errors  Last Runtime    Last Run
--------------------------------------  -----  ---------  --------  ----------  --------------  -------------------
/opt/airflow/dags/model_sample_dags.py                           1           0  0.22s           2025-12-30T19:20:59
================================================================================
[2025-12-30T19:21:48.191+0000] {manager.py:878} INFO - 
================================================================================
DAG File Processing Stats

File Path                               PID    Runtime      # DAGs    # Errors  Last Runtime    Last Run
--------------------------------------  -----  ---------  --------  ----------  --------------  -------------------
/opt/airflow/dags/model_sample_dags.py                           1           0  0.26s           2025-12-30T19:21:31
================================================================================
[2025-12-30T19:22:20.230+0000] {manager.py:878} INFO - 
================================================================================
DAG File Processing Stats

File Path                               PID    Runtime      # DAGs    # Errors  Last Runtime    Last Run
--------------------------------------  -----  ---------  --------  ----------  --------------  -------------------
/opt/airflow/dags/model_sample_dags.py                           1           0  0.28s           2025-12-30T19:22:02
================================================================================
[2025-12-30T19:22:52.081+0000] {manager.py:878} INFO - 
================================================================================
DAG File Processing Stats

File Path                               PID    Runtime      # DAGs    # Errors  Last Runtime    Last Run
--------------------------------------  -----  ---------  --------  ----------  --------------  -------------------
/opt/airflow/dags/model_sample_dags.py                           1           0  0.29s           2025-12-30T19:22:34
================================================================================
[2025-12-30T19:23:24.199+0000] {manager.py:878} INFO - 
================================================================================
DAG File Processing Stats

File Path                               PID    Runtime      # DAGs    # Errors  Last Runtime    Last Run
--------------------------------------  -----  ---------  --------  ----------  --------------  -------------------
/opt/airflow/dags/model_sample_dags.py                           1           0  0.28s           2025-12-30T19:23:05
================================================================================
[2025-12-30T19:23:42.956+0000] {manager.py:737} INFO - Searching for files in /opt/airflow/dags
[2025-12-30T19:23:43.024+0000] {manager.py:740} INFO - There are 1 files in /opt/airflow/dags
[2025-12-30T19:23:56.169+0000] {manager.py:878} INFO - 
================================================================================
DAG File Processing Stats

File Path                               PID    Runtime      # DAGs    # Errors  Last Runtime    Last Run
--------------------------------------  -----  ---------  --------  ----------  --------------  -------------------
/opt/airflow/dags/model_sample_dags.py                           1           0  0.32s           2025-12-30T19:23:37
================================================================================
[2025-12-30T19:24:28.127+0000] {manager.py:878} INFO - 
================================================================================
DAG File Processing Stats

File Path                               PID    Runtime      # DAGs    # Errors  Last Runtime    Last Run
--------------------------------------  -----  ---------  --------  ----------  --------------  -------------------
/opt/airflow/dags/model_sample_dags.py                           1           0  0.27s           2025-12-30T19:24:08
================================================================================
[2025-12-30T19:25:00.012+0000] {manager.py:878} INFO - 
================================================================================
DAG File Processing Stats

File Path                               PID    Runtime      # DAGs    # Errors  Last Runtime    Last Run
--------------------------------------  -----  ---------  --------  ----------  --------------  -------------------
/opt/airflow/dags/model_sample_dags.py                           1           0  0.23s           2025-12-30T19:24:39
================================================================================
[2025-12-30T19:25:32.002+0000] {manager.py:878} INFO - 
================================================================================
DAG File Processing Stats

File Path                               PID    Runtime      # DAGs    # Errors  Last Runtime    Last Run
--------------------------------------  -----  ---------  --------  ----------  --------------  -------------------
/opt/airflow/dags/model_sample_dags.py                           1           0  0.24s           2025-12-30T19:25:11
================================================================================
[2025-12-30T19:26:04.024+0000] {manager.py:878} INFO - 
================================================================================
DAG File Processing Stats

File Path                               PID    Runtime      # DAGs    # Errors  Last Runtime    Last Run
--------------------------------------  -----  ---------  --------  ----------  --------------  -------------------
/opt/airflow/dags/model_sample_dags.py                           1           0  0.30s           2025-12-30T19:25:42
================================================================================
[2025-12-30T19:26:35.928+0000] {manager.py:878} INFO - 
================================================================================
DAG File Processing Stats

File Path                               PID    Runtime      # DAGs    # Errors  Last Runtime    Last Run
--------------------------------------  -----  ---------  --------  ----------  --------------  -------------------
/opt/airflow/dags/model_sample_dags.py                           1           0  0.31s           2025-12-30T19:26:14
================================================================================
[2025-12-30T19:27:07.724+0000] {manager.py:878} INFO - 
================================================================================
DAG File Processing Stats

File Path                               PID    Runtime      # DAGs    # Errors  Last Runtime    Last Run
--------------------------------------  -----  ---------  --------  ----------  --------------  -------------------
/opt/airflow/dags/model_sample_dags.py                           1           0  0.22s           2025-12-30T19:26:45
================================================================================
[2025-12-30T19:27:39.773+0000] {manager.py:878} INFO - 
================================================================================
DAG File Processing Stats

File Path                               PID    Runtime      # DAGs    # Errors  Last Runtime    Last Run
--------------------------------------  -----  ---------  --------  ----------  --------------  -------------------
/opt/airflow/dags/model_sample_dags.py                           1           0  0.29s           2025-12-30T19:27:17
================================================================================
[2025-12-30T19:28:11.718+0000] {manager.py:878} INFO - 
================================================================================
DAG File Processing Stats

File Path                               PID    Runtime      # DAGs    # Errors  Last Runtime    Last Run
--------------------------------------  -----  ---------  --------  ----------  --------------  -------------------
/opt/airflow/dags/model_sample_dags.py                           1           0  0.30s           2025-12-30T19:27:48
================================================================================
[2025-12-30T19:28:43.791+0000] {manager.py:737} INFO - Searching for files in /opt/airflow/dags
[2025-12-30T19:28:43.822+0000] {manager.py:740} INFO - There are 1 files in /opt/airflow/dags
[2025-12-30T19:28:43.839+0000] {manager.py:878} INFO - 
================================================================================
DAG File Processing Stats

File Path                               PID    Runtime      # DAGs    # Errors  Last Runtime    Last Run
--------------------------------------  -----  ---------  --------  ----------  --------------  -------------------
/opt/airflow/dags/model_sample_dags.py                           1           0  0.29s           2025-12-30T19:28:20
================================================================================
[2025-12-30T19:29:15.670+0000] {manager.py:878} INFO - 
================================================================================
DAG File Processing Stats

File Path                               PID    Runtime      # DAGs    # Errors  Last Runtime    Last Run
--------------------------------------  -----  ---------  --------  ----------  --------------  -------------------
/opt/airflow/dags/model_sample_dags.py                           1           0  0.24s           2025-12-30T19:28:52
================================================================================
[2025-12-30T19:29:47.687+0000] {manager.py:878} INFO - 
================================================================================
DAG File Processing Stats

File Path                               PID    Runtime      # DAGs    # Errors  Last Runtime    Last Run
--------------------------------------  -----  ---------  --------  ----------  --------------  -------------------
/opt/airflow/dags/model_sample_dags.py                           1           0  0.26s           2025-12-30T19:29:23
================================================================================
[2025-12-30T19:30:19.624+0000] {manager.py:878} INFO - 
================================================================================
DAG File Processing Stats

File Path                               PID    Runtime      # DAGs    # Errors  Last Runtime    Last Run
--------------------------------------  -----  ---------  --------  ----------  --------------  -------------------
/opt/airflow/dags/model_sample_dags.py                           1           0  0.25s           2025-12-30T19:29:55
================================================================================
[2025-12-30T19:30:51.605+0000] {manager.py:878} INFO - 
================================================================================
DAG File Processing Stats

File Path                               PID    Runtime      # DAGs    # Errors  Last Runtime    Last Run
--------------------------------------  -----  ---------  --------  ----------  --------------  -------------------
/opt/airflow/dags/model_sample_dags.py                           1           0  0.22s           2025-12-30T19:30:26
================================================================================
[2025-12-30T19:31:23.475+0000] {manager.py:878} INFO - 
================================================================================
DAG File Processing Stats

File Path                               PID    Runtime      # DAGs    # Errors  Last Runtime    Last Run
--------------------------------------  -----  ---------  --------  ----------  --------------  -------------------
/opt/airflow/dags/model_sample_dags.py                           1           0  0.24s           2025-12-30T19:30:58
================================================================================
[2025-12-30T19:31:55.503+0000] {manager.py:878} INFO - 
================================================================================
DAG File Processing Stats

File Path                               PID    Runtime      # DAGs    # Errors  Last Runtime    Last Run
--------------------------------------  -----  ---------  --------  ----------  --------------  -------------------
/opt/airflow/dags/model_sample_dags.py                           1           0  0.24s           2025-12-30T19:31:29
================================================================================
[2025-12-30T20:55:41.607+0000] {manager.py:737} INFO - Searching for files in /opt/airflow/dags
[2025-12-30T20:55:41.797+0000] {manager.py:740} INFO - There are 1 files in /opt/airflow/dags
[2025-12-30T20:55:56.305+0000] {manager.py:878} INFO - 
================================================================================
DAG File Processing Stats

File Path                               PID    Runtime      # DAGs    # Errors  Last Runtime    Last Run
--------------------------------------  -----  ---------  --------  ----------  --------------  -------------------
/opt/airflow/dags/model_sample_dags.py                           1           0  2.16s           2025-12-30T20:55:44
================================================================================
[2025-12-30T20:56:27.615+0000] {manager.py:878} INFO - 
================================================================================
DAG File Processing Stats

File Path                               PID    Runtime      # DAGs    # Errors  Last Runtime    Last Run
--------------------------------------  -----  ---------  --------  ----------  --------------  -------------------
/opt/airflow/dags/model_sample_dags.py                           1           0  0.93s           2025-12-30T20:56:15
================================================================================
[2025-12-30T20:56:59.384+0000] {manager.py:878} INFO - 
================================================================================
DAG File Processing Stats

File Path                               PID    Runtime      # DAGs    # Errors  Last Runtime    Last Run
--------------------------------------  -----  ---------  --------  ----------  --------------  -------------------
/opt/airflow/dags/model_sample_dags.py                           1           0  0.47s           2025-12-30T20:56:46
================================================================================
[2025-12-30T20:57:31.214+0000] {manager.py:878} INFO - 
================================================================================
DAG File Processing Stats

File Path                               PID    Runtime      # DAGs    # Errors  Last Runtime    Last Run
--------------------------------------  -----  ---------  --------  ----------  --------------  -------------------
/opt/airflow/dags/model_sample_dags.py                           1           0  0.61s           2025-12-30T20:57:17
================================================================================
[2025-12-30T20:58:02.856+0000] {manager.py:878} INFO - 
================================================================================
DAG File Processing Stats

File Path                               PID    Runtime      # DAGs    # Errors  Last Runtime    Last Run
--------------------------------------  -----  ---------  --------  ----------  --------------  -------------------
/opt/airflow/dags/model_sample_dags.py                           1           0  2.03s           2025-12-30T20:57:49
================================================================================
[2025-12-30T20:58:34.554+0000] {manager.py:878} INFO - 
================================================================================
DAG File Processing Stats

File Path                               PID    Runtime      # DAGs    # Errors  Last Runtime    Last Run
--------------------------------------  -----  ---------  --------  ----------  --------------  -------------------
/opt/airflow/dags/model_sample_dags.py                           1           0  0.53s           2025-12-30T20:58:20
================================================================================
[2025-12-30T20:59:06.195+0000] {manager.py:878} INFO - 
================================================================================
DAG File Processing Stats

File Path                               PID    Runtime      # DAGs    # Errors  Last Runtime    Last Run
--------------------------------------  -----  ---------  --------  ----------  --------------  -------------------
/opt/airflow/dags/model_sample_dags.py                           1           0  0.60s           2025-12-30T20:58:51
================================================================================
[2025-12-30T20:59:37.888+0000] {manager.py:878} INFO - 
================================================================================
DAG File Processing Stats

File Path                               PID    Runtime      # DAGs    # Errors  Last Runtime    Last Run
--------------------------------------  -----  ---------  --------  ----------  --------------  -------------------
/opt/airflow/dags/model_sample_dags.py                           1           0  0.36s           2025-12-30T20:59:22
================================================================================
[2025-12-30T21:00:11.008+0000] {manager.py:878} INFO - 
================================================================================
DAG File Processing Stats

File Path                               PID    Runtime      # DAGs    # Errors  Last Runtime    Last Run
--------------------------------------  -----  ---------  --------  ----------  --------------  -------------------
/opt/airflow/dags/model_sample_dags.py                           1           0  0.32s           2025-12-30T20:59:52
================================================================================
[2025-12-30T21:00:42.010+0000] {manager.py:737} INFO - Searching for files in /opt/airflow/dags
[2025-12-30T21:00:42.099+0000] {manager.py:740} INFO - There are 1 files in /opt/airflow/dags
[2025-12-30T21:00:42.703+0000] {manager.py:878} INFO - 
================================================================================
DAG File Processing Stats

File Path                               PID    Runtime      # DAGs    # Errors  Last Runtime    Last Run
--------------------------------------  -----  ---------  --------  ----------  --------------  -------------------
/opt/airflow/dags/model_sample_dags.py                           1           0  0.40s           2025-12-30T21:00:23
================================================================================
[2025-12-30T21:01:14.364+0000] {manager.py:878} INFO - 
================================================================================
DAG File Processing Stats

File Path                               PID    Runtime      # DAGs    # Errors  Last Runtime    Last Run
--------------------------------------  -----  ---------  --------  ----------  --------------  -------------------
/opt/airflow/dags/model_sample_dags.py                           1           0  0.35s           2025-12-30T21:00:54
================================================================================
[2025-12-30T21:01:46.271+0000] {manager.py:878} INFO - 
================================================================================
DAG File Processing Stats

File Path                               PID    Runtime      # DAGs    # Errors  Last Runtime    Last Run
--------------------------------------  -----  ---------  --------  ----------  --------------  -------------------
/opt/airflow/dags/model_sample_dags.py                           1           0  0.45s           2025-12-30T21:01:24
================================================================================
[2025-12-30T21:02:17.930+0000] {manager.py:878} INFO - 
================================================================================
DAG File Processing Stats

File Path                               PID    Runtime      # DAGs    # Errors  Last Runtime    Last Run
--------------------------------------  -----  ---------  --------  ----------  --------------  -------------------
/opt/airflow/dags/model_sample_dags.py                           1           0  0.42s           2025-12-30T21:01:55
================================================================================
[2025-12-30T21:02:49.879+0000] {manager.py:878} INFO - 
================================================================================
DAG File Processing Stats

File Path                               PID    Runtime      # DAGs    # Errors  Last Runtime    Last Run
--------------------------------------  -----  ---------  --------  ----------  --------------  -------------------
/opt/airflow/dags/model_sample_dags.py                           1           0  0.39s           2025-12-30T21:02:26
================================================================================
[2025-12-30T21:03:21.589+0000] {manager.py:878} INFO - 
================================================================================
DAG File Processing Stats

File Path                               PID    Runtime      # DAGs    # Errors  Last Runtime    Last Run
--------------------------------------  -----  ---------  --------  ----------  --------------  -------------------
/opt/airflow/dags/model_sample_dags.py                           1           0  0.32s           2025-12-30T21:02:57
================================================================================
[2025-12-30T21:03:53.452+0000] {manager.py:878} INFO - 
================================================================================
DAG File Processing Stats

File Path                               PID    Runtime      # DAGs    # Errors  Last Runtime    Last Run
--------------------------------------  -----  ---------  --------  ----------  --------------  -------------------
/opt/airflow/dags/model_sample_dags.py                           1           0  0.36s           2025-12-30T21:03:28
================================================================================
[2025-12-30T21:04:25.079+0000] {manager.py:878} INFO - 
================================================================================
DAG File Processing Stats

File Path                               PID    Runtime      # DAGs    # Errors  Last Runtime    Last Run
--------------------------------------  -----  ---------  --------  ----------  --------------  -------------------
/opt/airflow/dags/model_sample_dags.py                           1           0  0.27s           2025-12-30T21:03:58
================================================================================
[2025-12-30T21:04:56.946+0000] {manager.py:878} INFO - 
================================================================================
DAG File Processing Stats

File Path                               PID    Runtime      # DAGs    # Errors  Last Runtime    Last Run
--------------------------------------  -----  ---------  --------  ----------  --------------  -------------------
/opt/airflow/dags/model_sample_dags.py                           1           0  0.26s           2025-12-30T21:04:29
================================================================================
[2025-12-30T21:05:28.682+0000] {manager.py:878} INFO - 
================================================================================
DAG File Processing Stats

File Path                               PID    Runtime      # DAGs    # Errors  Last Runtime    Last Run
--------------------------------------  -----  ---------  --------  ----------  --------------  -------------------
/opt/airflow/dags/model_sample_dags.py                           1           0  0.31s           2025-12-30T21:05:00
================================================================================
[2025-12-30T21:05:42.074+0000] {manager.py:737} INFO - Searching for files in /opt/airflow/dags
[2025-12-30T21:05:42.175+0000] {manager.py:740} INFO - There are 1 files in /opt/airflow/dags
[2025-12-30T21:06:00.629+0000] {manager.py:878} INFO - 
================================================================================
DAG File Processing Stats

File Path                               PID    Runtime      # DAGs    # Errors  Last Runtime    Last Run
--------------------------------------  -----  ---------  --------  ----------  --------------  -------------------
/opt/airflow/dags/model_sample_dags.py                           1           0  0.32s           2025-12-30T21:05:31
================================================================================
[2025-12-30T21:06:32.270+0000] {manager.py:878} INFO - 
================================================================================
DAG File Processing Stats

File Path                                 PID  Runtime      # DAGs    # Errors  Last Runtime    Last Run
--------------------------------------  -----  ---------  --------  ----------  --------------  -------------------
/opt/airflow/dags/model_sample_dags.py   1572  0.01s             1           0  0.30s           2025-12-30T21:06:01
================================================================================
[2025-12-30T21:07:04.292+0000] {manager.py:878} INFO - 
================================================================================
DAG File Processing Stats

File Path                               PID    Runtime      # DAGs    # Errors  Last Runtime    Last Run
--------------------------------------  -----  ---------  --------  ----------  --------------  -------------------
/opt/airflow/dags/model_sample_dags.py                           1           0  0.34s           2025-12-30T21:07:03
================================================================================
[2025-12-30T21:07:36.184+0000] {manager.py:878} INFO - 
================================================================================
DAG File Processing Stats

File Path                               PID    Runtime      # DAGs    # Errors  Last Runtime    Last Run
--------------------------------------  -----  ---------  --------  ----------  --------------  -------------------
/opt/airflow/dags/model_sample_dags.py                           1           0  0.40s           2025-12-30T21:07:34
================================================================================
[2025-12-30T21:08:07.831+0000] {manager.py:878} INFO - 
================================================================================
DAG File Processing Stats

File Path                               PID    Runtime      # DAGs    # Errors  Last Runtime    Last Run
--------------------------------------  -----  ---------  --------  ----------  --------------  -------------------
/opt/airflow/dags/model_sample_dags.py                           1           0  0.40s           2025-12-30T21:08:05
================================================================================
[2025-12-30T21:08:39.587+0000] {manager.py:878} INFO - 
================================================================================
DAG File Processing Stats

File Path                               PID    Runtime      # DAGs    # Errors  Last Runtime    Last Run
--------------------------------------  -----  ---------  --------  ----------  --------------  -------------------
/opt/airflow/dags/model_sample_dags.py                           1           0  0.29s           2025-12-30T21:08:35
================================================================================
[2025-12-30T21:09:11.380+0000] {manager.py:878} INFO - 
================================================================================
DAG File Processing Stats

File Path                               PID    Runtime      # DAGs    # Errors  Last Runtime    Last Run
--------------------------------------  -----  ---------  --------  ----------  --------------  -------------------
/opt/airflow/dags/model_sample_dags.py                           1           0  0.36s           2025-12-30T21:09:06
================================================================================
[2025-12-30T21:09:43.276+0000] {manager.py:878} INFO - 
================================================================================
DAG File Processing Stats

File Path                               PID    Runtime      # DAGs    # Errors  Last Runtime    Last Run
--------------------------------------  -----  ---------  --------  ----------  --------------  -------------------
/opt/airflow/dags/model_sample_dags.py                           1           0  0.43s           2025-12-30T21:09:37
================================================================================
[2025-12-30T21:10:14.957+0000] {manager.py:878} INFO - 
================================================================================
DAG File Processing Stats

File Path                               PID    Runtime      # DAGs    # Errors  Last Runtime    Last Run
--------------------------------------  -----  ---------  --------  ----------  --------------  -------------------
/opt/airflow/dags/model_sample_dags.py                           1           0  0.40s           2025-12-30T21:10:08
================================================================================
[2025-12-30T21:10:42.766+0000] {manager.py:737} INFO - Searching for files in /opt/airflow/dags
[2025-12-30T21:10:42.861+0000] {manager.py:740} INFO - There are 1 files in /opt/airflow/dags
[2025-12-30T21:10:46.929+0000] {manager.py:878} INFO - 
================================================================================
DAG File Processing Stats

File Path                               PID    Runtime      # DAGs    # Errors  Last Runtime    Last Run
--------------------------------------  -----  ---------  --------  ----------  --------------  -------------------
/opt/airflow/dags/model_sample_dags.py                           1           0  0.38s           2025-12-30T21:10:38
================================================================================
[2025-12-30T21:11:18.687+0000] {manager.py:878} INFO - 
================================================================================
DAG File Processing Stats

File Path                               PID    Runtime      # DAGs    # Errors  Last Runtime    Last Run
--------------------------------------  -----  ---------  --------  ----------  --------------  -------------------
/opt/airflow/dags/model_sample_dags.py                           1           0  0.38s           2025-12-30T21:11:09
================================================================================
[2025-12-30T21:11:50.580+0000] {manager.py:878} INFO - 
================================================================================
DAG File Processing Stats

File Path                               PID    Runtime      # DAGs    # Errors  Last Runtime    Last Run
--------------------------------------  -----  ---------  --------  ----------  --------------  -------------------
/opt/airflow/dags/model_sample_dags.py                           1           0  0.33s           2025-12-30T21:11:40
================================================================================
[2025-12-30T21:12:22.251+0000] {manager.py:878} INFO - 
================================================================================
DAG File Processing Stats

File Path                               PID    Runtime      # DAGs    # Errors  Last Runtime    Last Run
--------------------------------------  -----  ---------  --------  ----------  --------------  -------------------
/opt/airflow/dags/model_sample_dags.py                           1           0  0.31s           2025-12-30T21:12:11
================================================================================
[2025-12-30T21:12:54.402+0000] {manager.py:878} INFO - 
================================================================================
DAG File Processing Stats

File Path                               PID    Runtime      # DAGs    # Errors  Last Runtime    Last Run
--------------------------------------  -----  ---------  --------  ----------  --------------  -------------------
/opt/airflow/dags/model_sample_dags.py                           1           0  0.30s           2025-12-30T21:12:42
================================================================================
[2025-12-30T21:13:26.116+0000] {manager.py:878} INFO - 
================================================================================
DAG File Processing Stats

File Path                               PID    Runtime      # DAGs    # Errors  Last Runtime    Last Run
--------------------------------------  -----  ---------  --------  ----------  --------------  -------------------
/opt/airflow/dags/model_sample_dags.py                           1           0  0.33s           2025-12-30T21:13:13
================================================================================
[2025-12-30T21:13:58.094+0000] {manager.py:878} INFO - 
================================================================================
DAG File Processing Stats

File Path                               PID    Runtime      # DAGs    # Errors  Last Runtime    Last Run
--------------------------------------  -----  ---------  --------  ----------  --------------  -------------------
/opt/airflow/dags/model_sample_dags.py                           1           0  0.34s           2025-12-30T21:13:44
================================================================================
[2025-12-30T21:14:29.741+0000] {manager.py:878} INFO - 
================================================================================
DAG File Processing Stats

File Path                               PID    Runtime      # DAGs    # Errors  Last Runtime    Last Run
--------------------------------------  -----  ---------  --------  ----------  --------------  -------------------
/opt/airflow/dags/model_sample_dags.py                           1           0  0.28s           2025-12-30T21:14:15
================================================================================
[2025-12-30T21:15:01.201+0000] {manager.py:878} INFO - 
================================================================================
DAG File Processing Stats

File Path                               PID    Runtime      # DAGs    # Errors  Last Runtime    Last Run
--------------------------------------  -----  ---------  --------  ----------  --------------  -------------------
/opt/airflow/dags/model_sample_dags.py                           1           0  0.45s           2025-12-30T21:14:47
================================================================================
[2025-12-30T21:15:32.958+0000] {manager.py:878} INFO - 
================================================================================
DAG File Processing Stats

File Path                               PID    Runtime      # DAGs    # Errors  Last Runtime    Last Run
--------------------------------------  -----  ---------  --------  ----------  --------------  -------------------
/opt/airflow/dags/model_sample_dags.py                           1           0  0.29s           2025-12-30T21:15:18
================================================================================
[2025-12-30T21:15:42.790+0000] {manager.py:737} INFO - Searching for files in /opt/airflow/dags
[2025-12-30T21:15:42.865+0000] {manager.py:740} INFO - There are 1 files in /opt/airflow/dags
[2025-12-30T21:16:04.634+0000] {manager.py:878} INFO - 
================================================================================
DAG File Processing Stats

File Path                               PID    Runtime      # DAGs    # Errors  Last Runtime    Last Run
--------------------------------------  -----  ---------  --------  ----------  --------------  -------------------
/opt/airflow/dags/model_sample_dags.py                           1           0  0.36s           2025-12-30T21:15:49
================================================================================
[2025-12-30T21:16:36.328+0000] {manager.py:878} INFO - 
================================================================================
DAG File Processing Stats

File Path                               PID    Runtime      # DAGs    # Errors  Last Runtime    Last Run
--------------------------------------  -----  ---------  --------  ----------  --------------  -------------------
/opt/airflow/dags/model_sample_dags.py                           1           0  0.23s           2025-12-30T21:16:21
================================================================================
[2025-12-30T21:17:08.294+0000] {manager.py:878} INFO - 
================================================================================
DAG File Processing Stats

File Path                               PID    Runtime      # DAGs    # Errors  Last Runtime    Last Run
--------------------------------------  -----  ---------  --------  ----------  --------------  -------------------
/opt/airflow/dags/model_sample_dags.py                           1           0  0.29s           2025-12-30T21:16:53
================================================================================
[2025-12-30T21:17:40.058+0000] {manager.py:878} INFO - 
================================================================================
DAG File Processing Stats

File Path                               PID    Runtime      # DAGs    # Errors  Last Runtime    Last Run
--------------------------------------  -----  ---------  --------  ----------  --------------  -------------------
/opt/airflow/dags/model_sample_dags.py                           1           0  0.36s           2025-12-30T21:17:24
================================================================================
[2025-12-30T21:18:12.090+0000] {manager.py:878} INFO - 
================================================================================
DAG File Processing Stats

File Path                               PID    Runtime      # DAGs    # Errors  Last Runtime    Last Run
--------------------------------------  -----  ---------  --------  ----------  --------------  -------------------
/opt/airflow/dags/model_sample_dags.py                           1           0  0.28s           2025-12-30T21:17:56
================================================================================
[2025-12-30T21:18:44.040+0000] {manager.py:878} INFO - 
================================================================================
DAG File Processing Stats

File Path                               PID    Runtime      # DAGs    # Errors  Last Runtime    Last Run
--------------------------------------  -----  ---------  --------  ----------  --------------  -------------------
/opt/airflow/dags/model_sample_dags.py                           1           0  0.27s           2025-12-30T21:18:26
================================================================================
[2025-12-30T21:19:15.943+0000] {manager.py:878} INFO - 
================================================================================
DAG File Processing Stats

File Path                               PID    Runtime      # DAGs    # Errors  Last Runtime    Last Run
--------------------------------------  -----  ---------  --------  ----------  --------------  -------------------
/opt/airflow/dags/model_sample_dags.py                           1           0  0.29s           2025-12-30T21:18:59
================================================================================
[2025-12-30T21:19:48.005+0000] {manager.py:878} INFO - 
================================================================================
DAG File Processing Stats

File Path                               PID    Runtime      # DAGs    # Errors  Last Runtime    Last Run
--------------------------------------  -----  ---------  --------  ----------  --------------  -------------------
/opt/airflow/dags/model_sample_dags.py                           1           0  0.35s           2025-12-30T21:19:30
================================================================================
[2025-12-30T21:20:19.819+0000] {manager.py:878} INFO - 
================================================================================
DAG File Processing Stats

File Path                               PID    Runtime      # DAGs    # Errors  Last Runtime    Last Run
--------------------------------------  -----  ---------  --------  ----------  --------------  -------------------
/opt/airflow/dags/model_sample_dags.py                           1           0  0.27s           2025-12-30T21:20:01
================================================================================
[2025-12-30T21:20:42.800+0000] {manager.py:737} INFO - Searching for files in /opt/airflow/dags
[2025-12-30T21:20:42.851+0000] {manager.py:740} INFO - There are 1 files in /opt/airflow/dags
[2025-12-30T21:20:51.981+0000] {manager.py:878} INFO - 
================================================================================
DAG File Processing Stats

File Path                               PID    Runtime      # DAGs    # Errors  Last Runtime    Last Run
--------------------------------------  -----  ---------  --------  ----------  --------------  -------------------
/opt/airflow/dags/model_sample_dags.py                           1           0  0.28s           2025-12-30T21:20:32
================================================================================
[2025-12-30T21:21:23.984+0000] {manager.py:878} INFO - 
================================================================================
DAG File Processing Stats

File Path                               PID    Runtime      # DAGs    # Errors  Last Runtime    Last Run
--------------------------------------  -----  ---------  --------  ----------  --------------  -------------------
/opt/airflow/dags/model_sample_dags.py                           1           0  0.37s           2025-12-30T21:21:04
================================================================================
[2025-12-30T21:21:56.012+0000] {manager.py:878} INFO - 
================================================================================
DAG File Processing Stats

File Path                               PID    Runtime      # DAGs    # Errors  Last Runtime    Last Run
--------------------------------------  -----  ---------  --------  ----------  --------------  -------------------
/opt/airflow/dags/model_sample_dags.py                           1           0  0.37s           2025-12-30T21:21:36
================================================================================
[2025-12-30T21:22:27.841+0000] {manager.py:878} INFO - 
================================================================================
DAG File Processing Stats

File Path                               PID    Runtime      # DAGs    # Errors  Last Runtime    Last Run
--------------------------------------  -----  ---------  --------  ----------  --------------  -------------------
/opt/airflow/dags/model_sample_dags.py                           1           0  0.27s           2025-12-30T21:22:07
================================================================================
[2025-12-30T21:22:59.873+0000] {manager.py:878} INFO - 
================================================================================
DAG File Processing Stats

File Path                               PID    Runtime      # DAGs    # Errors  Last Runtime    Last Run
--------------------------------------  -----  ---------  --------  ----------  --------------  -------------------
/opt/airflow/dags/model_sample_dags.py                           1           0  0.37s           2025-12-30T21:22:39
================================================================================
[2025-12-30T21:23:31.829+0000] {manager.py:878} INFO - 
================================================================================
DAG File Processing Stats

File Path                               PID    Runtime      # DAGs    # Errors  Last Runtime    Last Run
--------------------------------------  -----  ---------  --------  ----------  --------------  -------------------
/opt/airflow/dags/model_sample_dags.py                           1           0  0.27s           2025-12-30T21:23:10
================================================================================
[2025-12-30T21:24:03.961+0000] {manager.py:878} INFO - 
================================================================================
DAG File Processing Stats

File Path                               PID    Runtime      # DAGs    # Errors  Last Runtime    Last Run
--------------------------------------  -----  ---------  --------  ----------  --------------  -------------------
/opt/airflow/dags/model_sample_dags.py                           1           0  0.33s           2025-12-30T21:23:42
================================================================================
[2025-12-30T21:24:36.180+0000] {manager.py:878} INFO - 
================================================================================
DAG File Processing Stats

File Path                               PID    Runtime      # DAGs    # Errors  Last Runtime    Last Run
--------------------------------------  -----  ---------  --------  ----------  --------------  -------------------
/opt/airflow/dags/model_sample_dags.py                           1           0  0.43s           2025-12-30T21:24:14
================================================================================
[2025-12-30T21:25:08.157+0000] {manager.py:878} INFO - 
================================================================================
DAG File Processing Stats

File Path                               PID    Runtime      # DAGs    # Errors  Last Runtime    Last Run
--------------------------------------  -----  ---------  --------  ----------  --------------  -------------------
/opt/airflow/dags/model_sample_dags.py                           1           0  0.50s           2025-12-30T21:24:45
================================================================================
[2025-12-30T21:25:40.047+0000] {manager.py:878} INFO - 
================================================================================
DAG File Processing Stats

File Path                               PID    Runtime      # DAGs    # Errors  Last Runtime    Last Run
--------------------------------------  -----  ---------  --------  ----------  --------------  -------------------
/opt/airflow/dags/model_sample_dags.py                           1           0  0.27s           2025-12-30T21:25:17
================================================================================
[2025-12-30T21:25:43.098+0000] {manager.py:737} INFO - Searching for files in /opt/airflow/dags
[2025-12-30T21:25:43.200+0000] {manager.py:740} INFO - There are 1 files in /opt/airflow/dags
[2025-12-30T21:26:12.217+0000] {manager.py:878} INFO - 
================================================================================
DAG File Processing Stats

File Path                               PID    Runtime      # DAGs    # Errors  Last Runtime    Last Run
--------------------------------------  -----  ---------  --------  ----------  --------------  -------------------
/opt/airflow/dags/model_sample_dags.py                           1           0  0.30s           2025-12-30T21:25:48
================================================================================
[2025-12-30T21:26:44.366+0000] {manager.py:878} INFO - 
================================================================================
DAG File Processing Stats

File Path                               PID    Runtime      # DAGs    # Errors  Last Runtime    Last Run
--------------------------------------  -----  ---------  --------  ----------  --------------  -------------------
/opt/airflow/dags/model_sample_dags.py                           1           0  0.37s           2025-12-30T21:26:20
================================================================================
[2025-12-30T21:27:16.348+0000] {manager.py:878} INFO - 
================================================================================
DAG File Processing Stats

File Path                               PID    Runtime      # DAGs    # Errors  Last Runtime    Last Run
--------------------------------------  -----  ---------  --------  ----------  --------------  -------------------
/opt/airflow/dags/model_sample_dags.py                           1           0  0.40s           2025-12-30T21:26:51
================================================================================
[2025-12-30T21:27:48.608+0000] {manager.py:878} INFO - 
================================================================================
DAG File Processing Stats

File Path                               PID    Runtime      # DAGs    # Errors  Last Runtime    Last Run
--------------------------------------  -----  ---------  --------  ----------  --------------  -------------------
/opt/airflow/dags/model_sample_dags.py                           1           0  0.33s           2025-12-30T21:27:23
================================================================================
[2025-12-30T21:28:20.508+0000] {manager.py:878} INFO - 
================================================================================
DAG File Processing Stats

File Path                               PID    Runtime      # DAGs    # Errors  Last Runtime    Last Run
--------------------------------------  -----  ---------  --------  ----------  --------------  -------------------
/opt/airflow/dags/model_sample_dags.py                           1           0  0.30s           2025-12-30T21:27:54
================================================================================
[2025-12-30T21:28:52.671+0000] {manager.py:878} INFO - 
================================================================================
DAG File Processing Stats

File Path                               PID    Runtime      # DAGs    # Errors  Last Runtime    Last Run
--------------------------------------  -----  ---------  --------  ----------  --------------  -------------------
/opt/airflow/dags/model_sample_dags.py                           1           0  0.37s           2025-12-30T21:28:26
================================================================================
[2025-12-30T21:29:24.696+0000] {manager.py:878} INFO - 
================================================================================
DAG File Processing Stats

File Path                               PID    Runtime      # DAGs    # Errors  Last Runtime    Last Run
--------------------------------------  -----  ---------  --------  ----------  --------------  -------------------
/opt/airflow/dags/model_sample_dags.py                           1           0  0.46s           2025-12-30T21:28:57
================================================================================
[2025-12-30T21:29:56.654+0000] {manager.py:878} INFO - 
================================================================================
DAG File Processing Stats

File Path                               PID    Runtime      # DAGs    # Errors  Last Runtime    Last Run
--------------------------------------  -----  ---------  --------  ----------  --------------  -------------------
/opt/airflow/dags/model_sample_dags.py                           1           0  0.37s           2025-12-30T21:29:29
================================================================================
[2025-12-30T21:30:28.905+0000] {manager.py:878} INFO - 
================================================================================
DAG File Processing Stats

File Path                               PID    Runtime      # DAGs    # Errors  Last Runtime    Last Run
--------------------------------------  -----  ---------  --------  ----------  --------------  -------------------
/opt/airflow/dags/model_sample_dags.py                           1           0  0.25s           2025-12-30T21:30:00
================================================================================
[2025-12-30T21:30:43.839+0000] {manager.py:737} INFO - Searching for files in /opt/airflow/dags
[2025-12-30T21:30:43.893+0000] {manager.py:740} INFO - There are 1 files in /opt/airflow/dags
[2025-12-30T21:31:01.096+0000] {manager.py:878} INFO - 
================================================================================
DAG File Processing Stats

File Path                               PID    Runtime      # DAGs    # Errors  Last Runtime    Last Run
--------------------------------------  -----  ---------  --------  ----------  --------------  -------------------
/opt/airflow/dags/model_sample_dags.py                           1           0  0.35s           2025-12-30T21:30:32
================================================================================
[2025-12-30T21:31:33.069+0000] {manager.py:878} INFO - 
================================================================================
DAG File Processing Stats

File Path                               PID    Runtime      # DAGs    # Errors  Last Runtime    Last Run
--------------------------------------  -----  ---------  --------  ----------  --------------  -------------------
/opt/airflow/dags/model_sample_dags.py                           1           0  0.36s           2025-12-30T21:31:04
================================================================================
[2025-12-30T21:32:06.928+0000] {manager.py:878} INFO - 
================================================================================
DAG File Processing Stats

File Path                                 PID  Runtime      # DAGs    # Errors  Last Runtime    Last Run
--------------------------------------  -----  ---------  --------  ----------  --------------  -------------------
/opt/airflow/dags/model_sample_dags.py   1817  0.01s             1           0  0.32s           2025-12-30T21:31:35
================================================================================
[2025-12-30T21:32:38.881+0000] {manager.py:878} INFO - 
================================================================================
DAG File Processing Stats

File Path                                 PID  Runtime      # DAGs    # Errors  Last Runtime    Last Run
--------------------------------------  -----  ---------  --------  ----------  --------------  -------------------
/opt/airflow/dags/model_sample_dags.py   1822  0.01s             1           0  0.31s           2025-12-30T21:32:07
================================================================================
[2025-12-30T21:33:11.103+0000] {manager.py:878} INFO - 
================================================================================
DAG File Processing Stats

File Path                               PID    Runtime      # DAGs    # Errors  Last Runtime    Last Run
--------------------------------------  -----  ---------  --------  ----------  --------------  -------------------
/opt/airflow/dags/model_sample_dags.py                           1           0  0.27s           2025-12-30T21:33:10
================================================================================
[2025-12-30T21:33:43.240+0000] {manager.py:878} INFO - 
================================================================================
DAG File Processing Stats

File Path                               PID    Runtime      # DAGs    # Errors  Last Runtime    Last Run
--------------------------------------  -----  ---------  --------  ----------  --------------  -------------------
/opt/airflow/dags/model_sample_dags.py                           1           0  0.35s           2025-12-30T21:33:42
================================================================================
[2025-12-30T21:34:15.261+0000] {manager.py:878} INFO - 
================================================================================
DAG File Processing Stats

File Path                               PID    Runtime      # DAGs    # Errors  Last Runtime    Last Run
--------------------------------------  -----  ---------  --------  ----------  --------------  -------------------
/opt/airflow/dags/model_sample_dags.py                           1           0  0.29s           2025-12-30T21:34:13
================================================================================
[2025-12-30T21:34:47.338+0000] {manager.py:878} INFO - 
================================================================================
DAG File Processing Stats

File Path                               PID    Runtime      # DAGs    # Errors  Last Runtime    Last Run
--------------------------------------  -----  ---------  --------  ----------  --------------  -------------------
/opt/airflow/dags/model_sample_dags.py                           1           0  0.38s           2025-12-30T21:34:45
================================================================================
[2025-12-30T21:35:19.520+0000] {manager.py:878} INFO - 
================================================================================
DAG File Processing Stats

File Path                               PID    Runtime      # DAGs    # Errors  Last Runtime    Last Run
--------------------------------------  -----  ---------  --------  ----------  --------------  -------------------
/opt/airflow/dags/model_sample_dags.py                           1           0  0.34s           2025-12-30T21:35:16
================================================================================
[2025-12-30T21:35:43.879+0000] {manager.py:737} INFO - Searching for files in /opt/airflow/dags
[2025-12-30T21:35:43.981+0000] {manager.py:740} INFO - There are 1 files in /opt/airflow/dags
[2025-12-30T21:35:51.664+0000] {manager.py:878} INFO - 
================================================================================
DAG File Processing Stats

File Path                               PID    Runtime      # DAGs    # Errors  Last Runtime    Last Run
--------------------------------------  -----  ---------  --------  ----------  --------------  -------------------
/opt/airflow/dags/model_sample_dags.py                           1           0  0.36s           2025-12-30T21:35:48
================================================================================
[2025-12-30T21:36:23.699+0000] {manager.py:878} INFO - 
================================================================================
DAG File Processing Stats

File Path                               PID    Runtime      # DAGs    # Errors  Last Runtime    Last Run
--------------------------------------  -----  ---------  --------  ----------  --------------  -------------------
/opt/airflow/dags/model_sample_dags.py                           1           0  0.22s           2025-12-30T21:36:19
================================================================================
[2025-12-30T21:36:55.692+0000] {manager.py:878} INFO - 
================================================================================
DAG File Processing Stats

File Path                               PID    Runtime      # DAGs    # Errors  Last Runtime    Last Run
--------------------------------------  -----  ---------  --------  ----------  --------------  -------------------
/opt/airflow/dags/model_sample_dags.py                           1           0  0.35s           2025-12-30T21:36:51
================================================================================
[2025-12-30T21:37:27.847+0000] {manager.py:878} INFO - 
================================================================================
DAG File Processing Stats

File Path                               PID    Runtime      # DAGs    # Errors  Last Runtime    Last Run
--------------------------------------  -----  ---------  --------  ----------  --------------  -------------------
/opt/airflow/dags/model_sample_dags.py                           1           0  0.30s           2025-12-30T21:37:22
================================================================================
[2025-12-30T21:37:59.814+0000] {manager.py:878} INFO - 
================================================================================
DAG File Processing Stats

File Path                               PID    Runtime      # DAGs    # Errors  Last Runtime    Last Run
--------------------------------------  -----  ---------  --------  ----------  --------------  -------------------
/opt/airflow/dags/model_sample_dags.py                           1           0  0.30s           2025-12-30T21:37:55
================================================================================
[2025-12-30T21:38:31.961+0000] {manager.py:878} INFO - 
================================================================================
DAG File Processing Stats

File Path                               PID    Runtime      # DAGs    # Errors  Last Runtime    Last Run
--------------------------------------  -----  ---------  --------  ----------  --------------  -------------------
/opt/airflow/dags/model_sample_dags.py                           1           0  0.27s           2025-12-30T21:38:25
================================================================================
[2025-12-30T21:39:03.915+0000] {manager.py:878} INFO - 
================================================================================
DAG File Processing Stats

File Path                               PID    Runtime      # DAGs    # Errors  Last Runtime    Last Run
--------------------------------------  -----  ---------  --------  ----------  --------------  -------------------
/opt/airflow/dags/model_sample_dags.py                           1           0  0.39s           2025-12-30T21:38:58
================================================================================
[2025-12-30T21:39:36.160+0000] {manager.py:878} INFO - 
================================================================================
DAG File Processing Stats

File Path                               PID    Runtime      # DAGs    # Errors  Last Runtime    Last Run
--------------------------------------  -----  ---------  --------  ----------  --------------  -------------------
/opt/airflow/dags/model_sample_dags.py                           1           0  0.34s           2025-12-30T21:39:29
================================================================================
[2025-12-30T21:40:08.135+0000] {manager.py:878} INFO - 
================================================================================
DAG File Processing Stats

File Path                               PID    Runtime      # DAGs    # Errors  Last Runtime    Last Run
--------------------------------------  -----  ---------  --------  ----------  --------------  -------------------
/opt/airflow/dags/model_sample_dags.py                           1           0  0.35s           2025-12-30T21:40:01
================================================================================
[2025-12-30T21:40:40.332+0000] {manager.py:878} INFO - 
================================================================================
DAG File Processing Stats

File Path                               PID    Runtime      # DAGs    # Errors  Last Runtime    Last Run
--------------------------------------  -----  ---------  --------  ----------  --------------  -------------------
/opt/airflow/dags/model_sample_dags.py                           1           0  0.44s           2025-12-30T21:40:32
================================================================================
[2025-12-30T21:40:44.382+0000] {manager.py:737} INFO - Searching for files in /opt/airflow/dags
[2025-12-30T21:40:44.492+0000] {manager.py:740} INFO - There are 1 files in /opt/airflow/dags
[2025-12-30T21:41:12.467+0000] {manager.py:878} INFO - 
================================================================================
DAG File Processing Stats

File Path                               PID    Runtime      # DAGs    # Errors  Last Runtime    Last Run
--------------------------------------  -----  ---------  --------  ----------  --------------  -------------------
/opt/airflow/dags/model_sample_dags.py                           1           0  0.41s           2025-12-30T21:41:04
================================================================================
[2025-12-30T21:41:44.401+0000] {manager.py:878} INFO - 
================================================================================
DAG File Processing Stats

File Path                               PID    Runtime      # DAGs    # Errors  Last Runtime    Last Run
--------------------------------------  -----  ---------  --------  ----------  --------------  -------------------
/opt/airflow/dags/model_sample_dags.py                           1           0  0.27s           2025-12-30T21:41:35
================================================================================
[2025-12-30T21:42:16.605+0000] {manager.py:878} INFO - 
================================================================================
DAG File Processing Stats

File Path                               PID    Runtime      # DAGs    # Errors  Last Runtime    Last Run
--------------------------------------  -----  ---------  --------  ----------  --------------  -------------------
/opt/airflow/dags/model_sample_dags.py                           1           0  0.31s           2025-12-30T21:42:07
================================================================================
[2025-12-30T21:42:48.563+0000] {manager.py:878} INFO - 
================================================================================
DAG File Processing Stats

File Path                               PID    Runtime      # DAGs    # Errors  Last Runtime    Last Run
--------------------------------------  -----  ---------  --------  ----------  --------------  -------------------
/opt/airflow/dags/model_sample_dags.py                           1           0  0.32s           2025-12-30T21:42:38
================================================================================
[2025-12-30T21:43:20.715+0000] {manager.py:878} INFO - 
================================================================================
DAG File Processing Stats

File Path                               PID    Runtime      # DAGs    # Errors  Last Runtime    Last Run
--------------------------------------  -----  ---------  --------  ----------  --------------  -------------------
/opt/airflow/dags/model_sample_dags.py                           1           0  0.30s           2025-12-30T21:43:10
================================================================================
[2025-12-30T21:43:52.692+0000] {manager.py:878} INFO - 
================================================================================
DAG File Processing Stats

File Path                               PID    Runtime      # DAGs    # Errors  Last Runtime    Last Run
--------------------------------------  -----  ---------  --------  ----------  --------------  -------------------
/opt/airflow/dags/model_sample_dags.py                           1           0  0.36s           2025-12-30T21:43:41
================================================================================
[2025-12-30T21:44:24.620+0000] {manager.py:878} INFO - 
================================================================================
DAG File Processing Stats

File Path                               PID    Runtime      # DAGs    # Errors  Last Runtime    Last Run
--------------------------------------  -----  ---------  --------  ----------  --------------  -------------------
/opt/airflow/dags/model_sample_dags.py                           1           0  0.27s           2025-12-30T21:44:13
================================================================================
[2025-12-30T21:44:56.824+0000] {manager.py:878} INFO - 
================================================================================
DAG File Processing Stats

File Path                               PID    Runtime      # DAGs    # Errors  Last Runtime    Last Run
--------------------------------------  -----  ---------  --------  ----------  --------------  -------------------
/opt/airflow/dags/model_sample_dags.py                           1           0  0.39s           2025-12-30T21:44:45
================================================================================
[2025-12-30T21:45:28.754+0000] {manager.py:878} INFO - 
================================================================================
DAG File Processing Stats

File Path                               PID    Runtime      # DAGs    # Errors  Last Runtime    Last Run
--------------------------------------  -----  ---------  --------  ----------  --------------  -------------------
/opt/airflow/dags/model_sample_dags.py                           1           0  0.33s           2025-12-30T21:45:16
================================================================================
[2025-12-30T21:45:44.918+0000] {manager.py:737} INFO - Searching for files in /opt/airflow/dags
[2025-12-30T21:45:44.995+0000] {manager.py:740} INFO - There are 1 files in /opt/airflow/dags
[2025-12-30T21:46:01.034+0000] {manager.py:878} INFO - 
================================================================================
DAG File Processing Stats

File Path                               PID    Runtime      # DAGs    # Errors  Last Runtime    Last Run
--------------------------------------  -----  ---------  --------  ----------  --------------  -------------------
/opt/airflow/dags/model_sample_dags.py                           1           0  0.33s           2025-12-30T21:45:48
================================================================================
[2025-12-30T21:46:33.272+0000] {manager.py:878} INFO - 
================================================================================
DAG File Processing Stats

File Path                               PID    Runtime      # DAGs    # Errors  Last Runtime    Last Run
--------------------------------------  -----  ---------  --------  ----------  --------------  -------------------
/opt/airflow/dags/model_sample_dags.py                           1           0  0.36s           2025-12-30T21:46:20
================================================================================
[2025-12-30T21:47:05.303+0000] {manager.py:878} INFO - 
================================================================================
DAG File Processing Stats

File Path                               PID    Runtime      # DAGs    # Errors  Last Runtime    Last Run
--------------------------------------  -----  ---------  --------  ----------  --------------  -------------------
/opt/airflow/dags/model_sample_dags.py                           1           0  0.28s           2025-12-30T21:46:51
================================================================================
[2025-12-30T21:47:37.404+0000] {manager.py:878} INFO - 
================================================================================
DAG File Processing Stats

File Path                               PID    Runtime      # DAGs    # Errors  Last Runtime    Last Run
--------------------------------------  -----  ---------  --------  ----------  --------------  -------------------
/opt/airflow/dags/model_sample_dags.py                           1           0  0.27s           2025-12-30T21:47:23
================================================================================
[2025-12-30T21:48:09.413+0000] {manager.py:878} INFO - 
================================================================================
DAG File Processing Stats

File Path                               PID    Runtime      # DAGs    # Errors  Last Runtime    Last Run
--------------------------------------  -----  ---------  --------  ----------  --------------  -------------------
/opt/airflow/dags/model_sample_dags.py                           1           0  0.36s           2025-12-30T21:47:54
================================================================================
[2025-12-30T21:48:41.658+0000] {manager.py:878} INFO - 
================================================================================
DAG File Processing Stats

File Path                               PID    Runtime      # DAGs    # Errors  Last Runtime    Last Run
--------------------------------------  -----  ---------  --------  ----------  --------------  -------------------
/opt/airflow/dags/model_sample_dags.py                           1           0  0.38s           2025-12-30T21:48:26
================================================================================
[2025-12-30T21:49:13.722+0000] {manager.py:878} INFO - 
================================================================================
DAG File Processing Stats

File Path                               PID    Runtime      # DAGs    # Errors  Last Runtime    Last Run
--------------------------------------  -----  ---------  --------  ----------  --------------  -------------------
/opt/airflow/dags/model_sample_dags.py                           1           0  0.36s           2025-12-30T21:48:57
================================================================================
[2025-12-30T21:49:45.884+0000] {manager.py:878} INFO - 
================================================================================
DAG File Processing Stats

File Path                               PID    Runtime      # DAGs    # Errors  Last Runtime    Last Run
--------------------------------------  -----  ---------  --------  ----------  --------------  -------------------
/opt/airflow/dags/model_sample_dags.py                           1           0  0.36s           2025-12-30T21:49:29
================================================================================
[2025-12-30T21:50:17.915+0000] {manager.py:878} INFO - 
================================================================================
DAG File Processing Stats

File Path                               PID    Runtime      # DAGs    # Errors  Last Runtime    Last Run
--------------------------------------  -----  ---------  --------  ----------  --------------  -------------------
/opt/airflow/dags/model_sample_dags.py                           1           0  0.34s           2025-12-30T21:50:00
================================================================================
[2025-12-30T21:50:45.054+0000] {manager.py:737} INFO - Searching for files in /opt/airflow/dags
[2025-12-30T21:50:45.091+0000] {manager.py:740} INFO - There are 1 files in /opt/airflow/dags
[2025-12-30T21:50:50.165+0000] {manager.py:878} INFO - 
================================================================================
DAG File Processing Stats

File Path                               PID    Runtime      # DAGs    # Errors  Last Runtime    Last Run
--------------------------------------  -----  ---------  --------  ----------  --------------  -------------------
/opt/airflow/dags/model_sample_dags.py                           1           0  0.30s           2025-12-30T21:50:32
================================================================================
[2025-12-30T21:51:22.287+0000] {manager.py:878} INFO - 
================================================================================
DAG File Processing Stats

File Path                               PID    Runtime      # DAGs    # Errors  Last Runtime    Last Run
--------------------------------------  -----  ---------  --------  ----------  --------------  -------------------
/opt/airflow/dags/model_sample_dags.py                           1           0  0.25s           2025-12-30T21:51:04
================================================================================
[2025-12-30T21:51:54.386+0000] {manager.py:878} INFO - 
================================================================================
DAG File Processing Stats

File Path                               PID    Runtime      # DAGs    # Errors  Last Runtime    Last Run
--------------------------------------  -----  ---------  --------  ----------  --------------  -------------------
/opt/airflow/dags/model_sample_dags.py                           1           0  0.32s           2025-12-30T21:51:36
================================================================================
[2025-12-30T21:52:26.562+0000] {manager.py:878} INFO - 
================================================================================
DAG File Processing Stats

File Path                               PID    Runtime      # DAGs    # Errors  Last Runtime    Last Run
--------------------------------------  -----  ---------  --------  ----------  --------------  -------------------
/opt/airflow/dags/model_sample_dags.py                           1           0  0.37s           2025-12-30T21:52:07
================================================================================
[2025-12-30T21:52:58.566+0000] {manager.py:878} INFO - 
================================================================================
DAG File Processing Stats

File Path                               PID    Runtime      # DAGs    # Errors  Last Runtime    Last Run
--------------------------------------  -----  ---------  --------  ----------  --------------  -------------------
/opt/airflow/dags/model_sample_dags.py                           1           0  0.32s           2025-12-30T21:52:39
================================================================================
[2025-12-30T21:53:30.252+0000] {manager.py:878} INFO - 
================================================================================
DAG File Processing Stats

File Path                               PID    Runtime      # DAGs    # Errors  Last Runtime    Last Run
--------------------------------------  -----  ---------  --------  ----------  --------------  -------------------
/opt/airflow/dags/model_sample_dags.py                           1           0  0.40s           2025-12-30T21:53:11
================================================================================
[2025-12-30T21:54:02.441+0000] {manager.py:878} INFO - 
================================================================================
DAG File Processing Stats

File Path                               PID    Runtime      # DAGs    # Errors  Last Runtime    Last Run
--------------------------------------  -----  ---------  --------  ----------  --------------  -------------------
/opt/airflow/dags/model_sample_dags.py                           1           0  0.45s           2025-12-30T21:53:43
================================================================================
[2025-12-30T21:54:34.610+0000] {manager.py:878} INFO - 
================================================================================
DAG File Processing Stats

File Path                               PID    Runtime      # DAGs    # Errors  Last Runtime    Last Run
--------------------------------------  -----  ---------  --------  ----------  --------------  -------------------
/opt/airflow/dags/model_sample_dags.py                           1           0  0.34s           2025-12-30T21:54:14
================================================================================
[2025-12-30T21:55:06.852+0000] {manager.py:878} INFO - 
================================================================================
DAG File Processing Stats

File Path                               PID    Runtime      # DAGs    # Errors  Last Runtime    Last Run
--------------------------------------  -----  ---------  --------  ----------  --------------  -------------------
/opt/airflow/dags/model_sample_dags.py                           1           0  0.35s           2025-12-30T21:54:46
================================================================================
[2025-12-30T21:55:38.904+0000] {manager.py:878} INFO - 
================================================================================
DAG File Processing Stats

File Path                               PID    Runtime      # DAGs    # Errors  Last Runtime    Last Run
--------------------------------------  -----  ---------  --------  ----------  --------------  -------------------
/opt/airflow/dags/model_sample_dags.py                           1           0  0.26s           2025-12-30T21:55:17
================================================================================
[2025-12-30T21:55:45.172+0000] {manager.py:737} INFO - Searching for files in /opt/airflow/dags
[2025-12-30T21:55:45.254+0000] {manager.py:740} INFO - There are 1 files in /opt/airflow/dags
[2025-12-30T21:56:11.314+0000] {manager.py:878} INFO - 
================================================================================
DAG File Processing Stats

File Path                               PID    Runtime      # DAGs    # Errors  Last Runtime    Last Run
--------------------------------------  -----  ---------  --------  ----------  --------------  -------------------
/opt/airflow/dags/model_sample_dags.py                           1           0  0.31s           2025-12-30T21:55:50
================================================================================
[2025-12-30T21:56:43.453+0000] {manager.py:878} INFO - 
================================================================================
DAG File Processing Stats

File Path                               PID    Runtime      # DAGs    # Errors  Last Runtime    Last Run
--------------------------------------  -----  ---------  --------  ----------  --------------  -------------------
/opt/airflow/dags/model_sample_dags.py                           1           0  0.25s           2025-12-30T21:56:21
================================================================================
[2025-12-30T21:57:15.612+0000] {manager.py:878} INFO - 
================================================================================
DAG File Processing Stats

File Path                               PID    Runtime      # DAGs    # Errors  Last Runtime    Last Run
--------------------------------------  -----  ---------  --------  ----------  --------------  -------------------
/opt/airflow/dags/model_sample_dags.py                           1           0  0.30s           2025-12-30T21:56:53
================================================================================
[2025-12-30T21:57:47.708+0000] {manager.py:878} INFO - 
================================================================================
DAG File Processing Stats

File Path                               PID    Runtime      # DAGs    # Errors  Last Runtime    Last Run
--------------------------------------  -----  ---------  --------  ----------  --------------  -------------------
/opt/airflow/dags/model_sample_dags.py                           1           0  0.24s           2025-12-30T21:57:24
================================================================================
[2025-12-30T21:58:19.971+0000] {manager.py:878} INFO - 
================================================================================
DAG File Processing Stats

File Path                               PID    Runtime      # DAGs    # Errors  Last Runtime    Last Run
--------------------------------------  -----  ---------  --------  ----------  --------------  -------------------
/opt/airflow/dags/model_sample_dags.py                           1           0  0.33s           2025-12-30T21:57:56
================================================================================
[2025-12-30T21:58:52.248+0000] {manager.py:878} INFO - 
================================================================================
DAG File Processing Stats

File Path                               PID    Runtime      # DAGs    # Errors  Last Runtime    Last Run
--------------------------------------  -----  ---------  --------  ----------  --------------  -------------------
/opt/airflow/dags/model_sample_dags.py                           1           0  0.58s           2025-12-30T21:58:28
================================================================================
[2025-12-30T21:59:24.704+0000] {manager.py:878} INFO - 
================================================================================
DAG File Processing Stats

File Path                               PID    Runtime      # DAGs    # Errors  Last Runtime    Last Run
--------------------------------------  -----  ---------  --------  ----------  --------------  -------------------
/opt/airflow/dags/model_sample_dags.py                           1           0  0.23s           2025-12-30T21:58:59
================================================================================
[2025-12-30T21:59:56.967+0000] {manager.py:878} INFO - 
================================================================================
DAG File Processing Stats

File Path                               PID    Runtime      # DAGs    # Errors  Last Runtime    Last Run
--------------------------------------  -----  ---------  --------  ----------  --------------  -------------------
/opt/airflow/dags/model_sample_dags.py                           1           0  0.36s           2025-12-30T21:59:31
================================================================================
[2025-12-30T22:00:29.221+0000] {manager.py:878} INFO - 
================================================================================
DAG File Processing Stats

File Path                               PID    Runtime      # DAGs    # Errors  Last Runtime    Last Run
--------------------------------------  -----  ---------  --------  ----------  --------------  -------------------
/opt/airflow/dags/model_sample_dags.py                           1           0  0.41s           2025-12-30T22:00:03
================================================================================
[2025-12-30T22:00:45.478+0000] {manager.py:737} INFO - Searching for files in /opt/airflow/dags
[2025-12-30T22:00:45.572+0000] {manager.py:740} INFO - There are 1 files in /opt/airflow/dags
[2025-12-30T22:01:01.310+0000] {manager.py:878} INFO - 
================================================================================
DAG File Processing Stats

File Path                               PID    Runtime      # DAGs    # Errors  Last Runtime    Last Run
--------------------------------------  -----  ---------  --------  ----------  --------------  -------------------
/opt/airflow/dags/model_sample_dags.py                           1           0  0.33s           2025-12-30T22:00:35
================================================================================
[2025-12-30T22:01:33.125+0000] {manager.py:878} INFO - 
================================================================================
DAG File Processing Stats

File Path                               PID    Runtime      # DAGs    # Errors  Last Runtime    Last Run
--------------------------------------  -----  ---------  --------  ----------  --------------  -------------------
/opt/airflow/dags/model_sample_dags.py                           1           0  0.34s           2025-12-30T22:01:06
================================================================================
[2025-12-30T22:02:05.143+0000] {manager.py:878} INFO - 
================================================================================
DAG File Processing Stats

File Path                               PID    Runtime      # DAGs    # Errors  Last Runtime    Last Run
--------------------------------------  -----  ---------  --------  ----------  --------------  -------------------
/opt/airflow/dags/model_sample_dags.py                           1           0  0.32s           2025-12-30T22:01:38
================================================================================
[2025-12-30T22:02:37.244+0000] {manager.py:878} INFO - 
================================================================================
DAG File Processing Stats

File Path                               PID    Runtime      # DAGs    # Errors  Last Runtime    Last Run
--------------------------------------  -----  ---------  --------  ----------  --------------  -------------------
/opt/airflow/dags/model_sample_dags.py                           1           0  0.36s           2025-12-30T22:02:10
================================================================================
[2025-12-30T22:03:09.686+0000] {manager.py:878} INFO - 
================================================================================
DAG File Processing Stats

File Path                               PID    Runtime      # DAGs    # Errors  Last Runtime    Last Run
--------------------------------------  -----  ---------  --------  ----------  --------------  -------------------
/opt/airflow/dags/model_sample_dags.py                           1           0  0.32s           2025-12-30T22:02:42
================================================================================
[2025-12-30T22:03:41.769+0000] {manager.py:878} INFO - 
================================================================================
DAG File Processing Stats

File Path                               PID    Runtime      # DAGs    # Errors  Last Runtime    Last Run
--------------------------------------  -----  ---------  --------  ----------  --------------  -------------------
/opt/airflow/dags/model_sample_dags.py                           1           0  0.37s           2025-12-30T22:03:13
================================================================================
[2025-12-30T22:04:14.167+0000] {manager.py:878} INFO - 
================================================================================
DAG File Processing Stats

File Path                               PID    Runtime      # DAGs    # Errors  Last Runtime    Last Run
--------------------------------------  -----  ---------  --------  ----------  --------------  -------------------
/opt/airflow/dags/model_sample_dags.py                           1           0  0.46s           2025-12-30T22:03:45
================================================================================
[2025-12-30T22:04:46.343+0000] {manager.py:878} INFO - 
================================================================================
DAG File Processing Stats

File Path                               PID    Runtime      # DAGs    # Errors  Last Runtime    Last Run
--------------------------------------  -----  ---------  --------  ----------  --------------  -------------------
/opt/airflow/dags/model_sample_dags.py                           1           0  0.32s           2025-12-30T22:04:17
================================================================================
[2025-12-30T22:05:20.417+0000] {manager.py:878} INFO - 
================================================================================
DAG File Processing Stats

File Path                                 PID  Runtime      # DAGs    # Errors  Last Runtime    Last Run
--------------------------------------  -----  ---------  --------  ----------  --------------  -------------------
/opt/airflow/dags/model_sample_dags.py   2132  0.02s             1           0  0.44s           2025-12-30T22:04:49
================================================================================
[2025-12-30T22:05:45.862+0000] {manager.py:737} INFO - Searching for files in /opt/airflow/dags
[2025-12-30T22:05:45.959+0000] {manager.py:740} INFO - There are 1 files in /opt/airflow/dags
[2025-12-30T22:05:52.195+0000] {manager.py:878} INFO - 
================================================================================
DAG File Processing Stats

File Path                               PID    Runtime      # DAGs    # Errors  Last Runtime    Last Run
--------------------------------------  -----  ---------  --------  ----------  --------------  -------------------
/opt/airflow/dags/model_sample_dags.py                           1           0  0.30s           2025-12-30T22:05:52
================================================================================
[2025-12-30T22:06:23.973+0000] {manager.py:878} INFO - 
================================================================================
DAG File Processing Stats

File Path                                 PID  Runtime      # DAGs    # Errors  Last Runtime    Last Run
--------------------------------------  -----  ---------  --------  ----------  --------------  -------------------
/opt/airflow/dags/model_sample_dags.py   2142  0.01s             1           0  0.30s           2025-12-30T22:05:52
================================================================================
[2025-12-30T22:06:56.399+0000] {manager.py:878} INFO - 
================================================================================
DAG File Processing Stats

File Path                               PID    Runtime      # DAGs    # Errors  Last Runtime    Last Run
--------------------------------------  -----  ---------  --------  ----------  --------------  -------------------
/opt/airflow/dags/model_sample_dags.py                           1           0  0.29s           2025-12-30T22:06:55
================================================================================
[2025-12-30T22:07:28.674+0000] {manager.py:878} INFO - 
================================================================================
DAG File Processing Stats

File Path                               PID    Runtime      # DAGs    # Errors  Last Runtime    Last Run
--------------------------------------  -----  ---------  --------  ----------  --------------  -------------------
/opt/airflow/dags/model_sample_dags.py                           1           0  0.61s           2025-12-30T22:07:28
================================================================================
[2025-12-30T22:08:00.432+0000] {manager.py:878} INFO - 
================================================================================
DAG File Processing Stats

File Path                               PID    Runtime      # DAGs    # Errors  Last Runtime    Last Run
--------------------------------------  -----  ---------  --------  ----------  --------------  -------------------
/opt/airflow/dags/model_sample_dags.py                           1           0  0.29s           2025-12-30T22:07:59
================================================================================
[2025-12-30T22:08:32.514+0000] {manager.py:878} INFO - 
================================================================================
DAG File Processing Stats

File Path                               PID    Runtime      # DAGs    # Errors  Last Runtime    Last Run
--------------------------------------  -----  ---------  --------  ----------  --------------  -------------------
/opt/airflow/dags/model_sample_dags.py                           1           0  0.32s           2025-12-30T22:08:30
================================================================================
[2025-12-30T22:09:04.569+0000] {manager.py:878} INFO - 
================================================================================
DAG File Processing Stats

File Path                               PID    Runtime      # DAGs    # Errors  Last Runtime    Last Run
--------------------------------------  -----  ---------  --------  ----------  --------------  -------------------
/opt/airflow/dags/model_sample_dags.py                           1           0  0.28s           2025-12-30T22:09:02
================================================================================
[2025-12-30T22:09:36.706+0000] {manager.py:878} INFO - 
================================================================================
DAG File Processing Stats

File Path                               PID    Runtime      # DAGs    # Errors  Last Runtime    Last Run
--------------------------------------  -----  ---------  --------  ----------  --------------  -------------------
/opt/airflow/dags/model_sample_dags.py                           1           0  0.25s           2025-12-30T22:09:34
================================================================================
[2025-12-30T22:10:08.938+0000] {manager.py:878} INFO - 
================================================================================
DAG File Processing Stats

File Path                               PID    Runtime      # DAGs    # Errors  Last Runtime    Last Run
--------------------------------------  -----  ---------  --------  ----------  --------------  -------------------
/opt/airflow/dags/model_sample_dags.py                           1           0  0.35s           2025-12-30T22:10:06
================================================================================
[2025-12-30T22:10:41.158+0000] {manager.py:878} INFO - 
================================================================================
DAG File Processing Stats

File Path                               PID    Runtime      # DAGs    # Errors  Last Runtime    Last Run
--------------------------------------  -----  ---------  --------  ----------  --------------  -------------------
/opt/airflow/dags/model_sample_dags.py                           1           0  0.56s           2025-12-30T22:10:38
================================================================================
[2025-12-30T22:10:46.208+0000] {manager.py:737} INFO - Searching for files in /opt/airflow/dags
[2025-12-30T22:10:46.314+0000] {manager.py:740} INFO - There are 1 files in /opt/airflow/dags
[2025-12-30T22:11:13.683+0000] {manager.py:878} INFO - 
================================================================================
DAG File Processing Stats

File Path                               PID    Runtime      # DAGs    # Errors  Last Runtime    Last Run
--------------------------------------  -----  ---------  --------  ----------  --------------  -------------------
/opt/airflow/dags/model_sample_dags.py                           1           0  0.34s           2025-12-30T22:11:09
================================================================================
[2025-12-30T22:11:45.915+0000] {manager.py:878} INFO - 
================================================================================
DAG File Processing Stats

File Path                               PID    Runtime      # DAGs    # Errors  Last Runtime    Last Run
--------------------------------------  -----  ---------  --------  ----------  --------------  -------------------
/opt/airflow/dags/model_sample_dags.py                           1           0  0.33s           2025-12-30T22:11:42
================================================================================
[2025-12-30T22:12:18.200+0000] {manager.py:878} INFO - 
================================================================================
DAG File Processing Stats

File Path                               PID    Runtime      # DAGs    # Errors  Last Runtime    Last Run
--------------------------------------  -----  ---------  --------  ----------  --------------  -------------------
/opt/airflow/dags/model_sample_dags.py                           1           0  0.31s           2025-12-30T22:12:13
================================================================================
[2025-12-30T22:12:50.380+0000] {manager.py:878} INFO - 
================================================================================
DAG File Processing Stats

File Path                               PID    Runtime      # DAGs    # Errors  Last Runtime    Last Run
--------------------------------------  -----  ---------  --------  ----------  --------------  -------------------
/opt/airflow/dags/model_sample_dags.py                           1           0  0.34s           2025-12-30T22:12:45
================================================================================
[2025-12-30T22:13:22.736+0000] {manager.py:878} INFO - 
================================================================================
DAG File Processing Stats

File Path                               PID    Runtime      # DAGs    # Errors  Last Runtime    Last Run
--------------------------------------  -----  ---------  --------  ----------  --------------  -------------------
/opt/airflow/dags/model_sample_dags.py                           1           0  0.30s           2025-12-30T22:13:16
================================================================================
[2025-12-30T22:13:54.939+0000] {manager.py:878} INFO - 
================================================================================
DAG File Processing Stats

File Path                               PID    Runtime      # DAGs    # Errors  Last Runtime    Last Run
--------------------------------------  -----  ---------  --------  ----------  --------------  -------------------
/opt/airflow/dags/model_sample_dags.py                           1           0  0.34s           2025-12-30T22:13:49
================================================================================
[2025-12-30T22:14:27.249+0000] {manager.py:878} INFO - 
================================================================================
DAG File Processing Stats

File Path                               PID    Runtime      # DAGs    # Errors  Last Runtime    Last Run
--------------------------------------  -----  ---------  --------  ----------  --------------  -------------------
/opt/airflow/dags/model_sample_dags.py                           1           0  0.35s           2025-12-30T22:14:20
================================================================================
[2025-12-30T22:14:59.395+0000] {manager.py:878} INFO - 
================================================================================
DAG File Processing Stats

File Path                               PID    Runtime      # DAGs    # Errors  Last Runtime    Last Run
--------------------------------------  -----  ---------  --------  ----------  --------------  -------------------
/opt/airflow/dags/model_sample_dags.py                           1           0  0.38s           2025-12-30T22:14:52
================================================================================
[2025-12-30T22:15:31.829+0000] {manager.py:878} INFO - 
================================================================================
DAG File Processing Stats

File Path                               PID    Runtime      # DAGs    # Errors  Last Runtime    Last Run
--------------------------------------  -----  ---------  --------  ----------  --------------  -------------------
/opt/airflow/dags/model_sample_dags.py                           1           0  0.49s           2025-12-30T22:15:23
================================================================================
[2025-12-30T22:15:46.979+0000] {manager.py:737} INFO - Searching for files in /opt/airflow/dags
[2025-12-30T22:15:47.063+0000] {manager.py:740} INFO - There are 1 files in /opt/airflow/dags
[2025-12-30T22:16:04.213+0000] {manager.py:878} INFO - 
================================================================================
DAG File Processing Stats

File Path                               PID    Runtime      # DAGs    # Errors  Last Runtime    Last Run
--------------------------------------  -----  ---------  --------  ----------  --------------  -------------------
/opt/airflow/dags/model_sample_dags.py                           1           0  1.39s           2025-12-30T22:15:55
================================================================================
[2025-12-30T22:16:36.517+0000] {manager.py:878} INFO - 
================================================================================
DAG File Processing Stats

File Path                               PID    Runtime      # DAGs    # Errors  Last Runtime    Last Run
--------------------------------------  -----  ---------  --------  ----------  --------------  -------------------
/opt/airflow/dags/model_sample_dags.py                           1           0  0.56s           2025-12-30T22:16:27
================================================================================
[2025-12-30T22:17:08.924+0000] {manager.py:878} INFO - 
================================================================================
DAG File Processing Stats

File Path                               PID    Runtime      # DAGs    # Errors  Last Runtime    Last Run
--------------------------------------  -----  ---------  --------  ----------  --------------  -------------------
/opt/airflow/dags/model_sample_dags.py                           1           0  0.29s           2025-12-30T22:16:58
================================================================================
[2025-12-30T22:17:41.090+0000] {manager.py:878} INFO - 
================================================================================
DAG File Processing Stats

File Path                               PID    Runtime      # DAGs    # Errors  Last Runtime    Last Run
--------------------------------------  -----  ---------  --------  ----------  --------------  -------------------
/opt/airflow/dags/model_sample_dags.py                           1           0  0.43s           2025-12-30T22:17:31
================================================================================
[2025-12-30T22:18:13.240+0000] {manager.py:878} INFO - 
================================================================================
DAG File Processing Stats

File Path                               PID    Runtime      # DAGs    # Errors  Last Runtime    Last Run
--------------------------------------  -----  ---------  --------  ----------  --------------  -------------------
/opt/airflow/dags/model_sample_dags.py                           1           0  0.30s           2025-12-30T22:18:02
================================================================================
[2025-12-30T22:18:45.426+0000] {manager.py:878} INFO - 
================================================================================
DAG File Processing Stats

File Path                               PID    Runtime      # DAGs    # Errors  Last Runtime    Last Run
--------------------------------------  -----  ---------  --------  ----------  --------------  -------------------
/opt/airflow/dags/model_sample_dags.py                           1           0  0.26s           2025-12-30T22:18:34
================================================================================
[2025-12-30T22:19:17.603+0000] {manager.py:878} INFO - 
================================================================================
DAG File Processing Stats

File Path                               PID    Runtime      # DAGs    # Errors  Last Runtime    Last Run
--------------------------------------  -----  ---------  --------  ----------  --------------  -------------------
/opt/airflow/dags/model_sample_dags.py                           1           0  0.24s           2025-12-30T22:19:06
================================================================================
[2025-12-30T22:19:49.875+0000] {manager.py:878} INFO - 
================================================================================
DAG File Processing Stats

File Path                               PID    Runtime      # DAGs    # Errors  Last Runtime    Last Run
--------------------------------------  -----  ---------  --------  ----------  --------------  -------------------
/opt/airflow/dags/model_sample_dags.py                           1           0  0.43s           2025-12-30T22:19:37
================================================================================
[2025-12-30T22:20:22.222+0000] {manager.py:878} INFO - 
================================================================================
DAG File Processing Stats

File Path                               PID    Runtime      # DAGs    # Errors  Last Runtime    Last Run
--------------------------------------  -----  ---------  --------  ----------  --------------  -------------------
/opt/airflow/dags/model_sample_dags.py                           1           0  0.27s           2025-12-30T22:20:10
================================================================================
[2025-12-30T22:20:47.351+0000] {manager.py:737} INFO - Searching for files in /opt/airflow/dags
[2025-12-30T22:20:47.436+0000] {manager.py:740} INFO - There are 1 files in /opt/airflow/dags
[2025-12-30T22:20:54.532+0000] {manager.py:878} INFO - 
================================================================================
DAG File Processing Stats

File Path                               PID    Runtime      # DAGs    # Errors  Last Runtime    Last Run
--------------------------------------  -----  ---------  --------  ----------  --------------  -------------------
/opt/airflow/dags/model_sample_dags.py                           1           0  0.42s           2025-12-30T22:20:41
================================================================================
[2025-12-30T22:21:27.050+0000] {manager.py:878} INFO - 
================================================================================
DAG File Processing Stats

File Path                               PID    Runtime      # DAGs    # Errors  Last Runtime    Last Run
--------------------------------------  -----  ---------  --------  ----------  --------------  -------------------
/opt/airflow/dags/model_sample_dags.py                           1           0  0.29s           2025-12-30T22:21:13
================================================================================
[2025-12-30T22:21:59.123+0000] {manager.py:878} INFO - 
================================================================================
DAG File Processing Stats

File Path                               PID    Runtime      # DAGs    # Errors  Last Runtime    Last Run
--------------------------------------  -----  ---------  --------  ----------  --------------  -------------------
/opt/airflow/dags/model_sample_dags.py                           1           0  0.26s           2025-12-30T22:21:45
================================================================================
[2025-12-30T22:22:31.410+0000] {manager.py:878} INFO - 
================================================================================
DAG File Processing Stats

File Path                               PID    Runtime      # DAGs    # Errors  Last Runtime    Last Run
--------------------------------------  -----  ---------  --------  ----------  --------------  -------------------
/opt/airflow/dags/model_sample_dags.py                           1           0  0.27s           2025-12-30T22:22:17
================================================================================
[2025-12-30T22:23:03.574+0000] {manager.py:878} INFO - 
================================================================================
DAG File Processing Stats

File Path                               PID    Runtime      # DAGs    # Errors  Last Runtime    Last Run
--------------------------------------  -----  ---------  --------  ----------  --------------  -------------------
/opt/airflow/dags/model_sample_dags.py                           1           0  0.27s           2025-12-30T22:22:48
================================================================================
[2025-12-30T22:23:35.950+0000] {manager.py:878} INFO - 
================================================================================
DAG File Processing Stats

File Path                               PID    Runtime      # DAGs    # Errors  Last Runtime    Last Run
--------------------------------------  -----  ---------  --------  ----------  --------------  -------------------
/opt/airflow/dags/model_sample_dags.py                           1           0  0.27s           2025-12-30T22:23:20
================================================================================
[2025-12-30T22:24:08.040+0000] {manager.py:878} INFO - 
================================================================================
DAG File Processing Stats

File Path                               PID    Runtime      # DAGs    # Errors  Last Runtime    Last Run
--------------------------------------  -----  ---------  --------  ----------  --------------  -------------------
/opt/airflow/dags/model_sample_dags.py                           1           0  0.27s           2025-12-30T22:23:53
================================================================================
[2025-12-30T22:24:40.332+0000] {manager.py:878} INFO - 
================================================================================
DAG File Processing Stats

File Path                               PID    Runtime      # DAGs    # Errors  Last Runtime    Last Run
--------------------------------------  -----  ---------  --------  ----------  --------------  -------------------
/opt/airflow/dags/model_sample_dags.py                           1           0  0.29s           2025-12-30T22:24:24
================================================================================
[2025-12-30T22:25:12.543+0000] {manager.py:878} INFO - 
================================================================================
DAG File Processing Stats

File Path                               PID    Runtime      # DAGs    # Errors  Last Runtime    Last Run
--------------------------------------  -----  ---------  --------  ----------  --------------  -------------------
/opt/airflow/dags/model_sample_dags.py                           1           0  0.30s           2025-12-30T22:24:56
================================================================================
[2025-12-30T22:25:44.964+0000] {manager.py:878} INFO - 
================================================================================
DAG File Processing Stats

File Path                               PID    Runtime      # DAGs    # Errors  Last Runtime    Last Run
--------------------------------------  -----  ---------  --------  ----------  --------------  -------------------
/opt/airflow/dags/model_sample_dags.py                           1           0  0.35s           2025-12-30T22:25:27
================================================================================
[2025-12-30T22:25:47.991+0000] {manager.py:737} INFO - Searching for files in /opt/airflow/dags
[2025-12-30T22:25:48.074+0000] {manager.py:740} INFO - There are 1 files in /opt/airflow/dags
[2025-12-30T22:26:17.288+0000] {manager.py:878} INFO - 
================================================================================
DAG File Processing Stats

File Path                               PID    Runtime      # DAGs    # Errors  Last Runtime    Last Run
--------------------------------------  -----  ---------  --------  ----------  --------------  -------------------
/opt/airflow/dags/model_sample_dags.py                           1           0  0.43s           2025-12-30T22:26:00
================================================================================
[2025-12-30T22:26:49.406+0000] {manager.py:878} INFO - 
================================================================================
DAG File Processing Stats

File Path                               PID    Runtime      # DAGs    # Errors  Last Runtime    Last Run
--------------------------------------  -----  ---------  --------  ----------  --------------  -------------------
/opt/airflow/dags/model_sample_dags.py                           1           0  0.24s           2025-12-30T22:26:31
================================================================================
[2025-12-30T22:27:21.271+0000] {manager.py:878} INFO - 
================================================================================
DAG File Processing Stats

File Path                               PID    Runtime      # DAGs    # Errors  Last Runtime    Last Run
--------------------------------------  -----  ---------  --------  ----------  --------------  -------------------
/opt/airflow/dags/model_sample_dags.py                           1           0  0.67s           2025-12-30T22:27:04
================================================================================
[2025-12-30T22:27:53.372+0000] {manager.py:878} INFO - 
================================================================================
DAG File Processing Stats

File Path                               PID    Runtime      # DAGs    # Errors  Last Runtime    Last Run
--------------------------------------  -----  ---------  --------  ----------  --------------  -------------------
/opt/airflow/dags/model_sample_dags.py                           1           0  0.33s           2025-12-30T22:27:35
================================================================================
[2025-12-30T22:28:25.499+0000] {manager.py:878} INFO - 
================================================================================
DAG File Processing Stats

File Path                               PID    Runtime      # DAGs    # Errors  Last Runtime    Last Run
--------------------------------------  -----  ---------  --------  ----------  --------------  -------------------
/opt/airflow/dags/model_sample_dags.py                           1           0  0.52s           2025-12-30T22:28:02
================================================================================
[2025-12-30T22:28:57.302+0000] {manager.py:878} INFO - 
================================================================================
DAG File Processing Stats

File Path                               PID    Runtime      # DAGs    # Errors  Last Runtime    Last Run
--------------------------------------  -----  ---------  --------  ----------  --------------  -------------------
/opt/airflow/dags/model_sample_dags.py                           1           0  0.42s           2025-12-30T22:28:33
================================================================================
[2025-12-30T22:29:29.475+0000] {manager.py:878} INFO - 
================================================================================
DAG File Processing Stats

File Path                               PID    Runtime      # DAGs    # Errors  Last Runtime    Last Run
--------------------------------------  -----  ---------  --------  ----------  --------------  -------------------
/opt/airflow/dags/model_sample_dags.py                           1           0  0.47s           2025-12-30T22:29:03
================================================================================
[2025-12-30T22:30:01.660+0000] {manager.py:878} INFO - 
================================================================================
DAG File Processing Stats

File Path                               PID    Runtime      # DAGs    # Errors  Last Runtime    Last Run
--------------------------------------  -----  ---------  --------  ----------  --------------  -------------------
/opt/airflow/dags/model_sample_dags.py                           1           0  0.59s           2025-12-30T22:29:34
================================================================================
[2025-12-30T22:30:33.850+0000] {manager.py:878} INFO - 
================================================================================
DAG File Processing Stats

File Path                               PID    Runtime      # DAGs    # Errors  Last Runtime    Last Run
--------------------------------------  -----  ---------  --------  ----------  --------------  -------------------
/opt/airflow/dags/model_sample_dags.py                           1           0  0.25s           2025-12-30T22:30:04
================================================================================
[2025-12-30T22:30:48.016+0000] {manager.py:737} INFO - Searching for files in /opt/airflow/dags
[2025-12-30T22:30:48.158+0000] {manager.py:740} INFO - There are 1 files in /opt/airflow/dags
[2025-12-30T22:31:05.840+0000] {manager.py:878} INFO - 
================================================================================
DAG File Processing Stats

File Path                               PID    Runtime      # DAGs    # Errors  Last Runtime    Last Run
--------------------------------------  -----  ---------  --------  ----------  --------------  -------------------
/opt/airflow/dags/model_sample_dags.py                           0           1  0.35s           2025-12-30T22:30:50
================================================================================
[2025-12-30T22:31:38.016+0000] {manager.py:878} INFO - 
================================================================================
DAG File Processing Stats

File Path                               PID    Runtime      # DAGs    # Errors  Last Runtime    Last Run
--------------------------------------  -----  ---------  --------  ----------  --------------  -------------------
/opt/airflow/dags/model_sample_dags.py                           0           1  0.16s           2025-12-30T22:31:20
================================================================================
[2025-12-30T22:32:10.365+0000] {manager.py:878} INFO - 
================================================================================
DAG File Processing Stats

File Path                               PID    Runtime      # DAGs    # Errors  Last Runtime    Last Run
--------------------------------------  -----  ---------  --------  ----------  --------------  -------------------
/opt/airflow/dags/model_sample_dags.py                           1           0  0.36s           2025-12-30T22:31:42
================================================================================
[2025-12-31T08:22:37.157+0000] {manager.py:470} INFO - Processing files using up to 2 processes at a time 
[2025-12-31T08:22:37.164+0000] {manager.py:471} INFO - Process each file at most once every 30 seconds
[2025-12-31T08:22:37.172+0000] {manager.py:472} INFO - Checking for new files in /opt/airflow/dags every 300 seconds
[2025-12-31T08:22:37.178+0000] {manager.py:737} INFO - Searching for files in /opt/airflow/dags
[2025-12-31T08:22:37.474+0000] {manager.py:740} INFO - There are 1 files in /opt/airflow/dags
[2025-12-31T08:22:37.975+0000] {manager.py:878} INFO - 
================================================================================
DAG File Processing Stats

File Path                                 PID  Runtime      # DAGs    # Errors  Last Runtime    Last Run
--------------------------------------  -----  ---------  --------  ----------  --------------  ----------
/opt/airflow/dags/model_sample_dags.py    168  0.28s             0           0
================================================================================
[2025-12-31T08:23:08.325+0000] {manager.py:878} INFO - 
================================================================================
DAG File Processing Stats

File Path                               PID    Runtime      # DAGs    # Errors  Last Runtime    Last Run
--------------------------------------  -----  ---------  --------  ----------  --------------  -------------------
/opt/airflow/dags/model_sample_dags.py                           1           0  1.44s           2025-12-31T08:22:39
================================================================================
[2025-12-31T08:23:38.836+0000] {manager.py:878} INFO - 
================================================================================
DAG File Processing Stats

File Path                               PID    Runtime      # DAGs    # Errors  Last Runtime    Last Run
--------------------------------------  -----  ---------  --------  ----------  --------------  -------------------
/opt/airflow/dags/model_sample_dags.py                           1           0  0.41s           2025-12-31T08:23:09
================================================================================
[2025-12-31T08:24:09.478+0000] {manager.py:878} INFO - 
================================================================================
DAG File Processing Stats

File Path                               PID    Runtime      # DAGs    # Errors  Last Runtime    Last Run
--------------------------------------  -----  ---------  --------  ----------  --------------  -------------------
/opt/airflow/dags/model_sample_dags.py                           1           0  0.53s           2025-12-31T08:23:40
================================================================================
[2025-12-31T08:24:40.082+0000] {manager.py:878} INFO - 
================================================================================
DAG File Processing Stats

File Path                               PID    Runtime      # DAGs    # Errors  Last Runtime    Last Run
--------------------------------------  -----  ---------  --------  ----------  --------------  -------------------
/opt/airflow/dags/model_sample_dags.py                           1           0  0.38s           2025-12-31T08:24:10
================================================================================
[2025-12-31T08:25:10.224+0000] {manager.py:878} INFO - 
================================================================================
DAG File Processing Stats

File Path                               PID    Runtime      # DAGs    # Errors  Last Runtime    Last Run
--------------------------------------  -----  ---------  --------  ----------  --------------  -------------------
/opt/airflow/dags/model_sample_dags.py                           1           0  0.75s           2025-12-31T08:24:41
================================================================================
[2025-12-31T08:25:40.968+0000] {manager.py:878} INFO - 
================================================================================
DAG File Processing Stats

File Path                               PID    Runtime      # DAGs    # Errors  Last Runtime    Last Run
--------------------------------------  -----  ---------  --------  ----------  --------------  -------------------
/opt/airflow/dags/model_sample_dags.py                           1           0  0.40s           2025-12-31T08:25:12
================================================================================
[2025-12-31T08:26:11.375+0000] {manager.py:878} INFO - 
================================================================================
DAG File Processing Stats

File Path                               PID    Runtime      # DAGs    # Errors  Last Runtime    Last Run
--------------------------------------  -----  ---------  --------  ----------  --------------  -------------------
/opt/airflow/dags/model_sample_dags.py                           1           0  0.43s           2025-12-31T08:25:43
================================================================================
[2025-12-31T08:26:42.068+0000] {manager.py:878} INFO - 
================================================================================
DAG File Processing Stats

File Path                               PID    Runtime      # DAGs    # Errors  Last Runtime    Last Run
--------------------------------------  -----  ---------  --------  ----------  --------------  -------------------
/opt/airflow/dags/model_sample_dags.py                           1           0  0.25s           2025-12-31T08:26:14
================================================================================
[2025-12-31T08:27:12.622+0000] {manager.py:878} INFO - 
================================================================================
DAG File Processing Stats

File Path                               PID    Runtime      # DAGs    # Errors  Last Runtime    Last Run
--------------------------------------  -----  ---------  --------  ----------  --------------  -------------------
/opt/airflow/dags/model_sample_dags.py                           1           0  0.23s           2025-12-31T08:26:44
================================================================================
[2025-12-31T08:27:37.937+0000] {manager.py:737} INFO - Searching for files in /opt/airflow/dags
[2025-12-31T08:27:38.019+0000] {manager.py:740} INFO - There are 1 files in /opt/airflow/dags
[2025-12-31T08:27:43.119+0000] {manager.py:878} INFO - 
================================================================================
DAG File Processing Stats

File Path                               PID    Runtime      # DAGs    # Errors  Last Runtime    Last Run
--------------------------------------  -----  ---------  --------  ----------  --------------  -------------------
/opt/airflow/dags/model_sample_dags.py                           1           0  0.26s           2025-12-31T08:27:14
================================================================================
[2025-12-31T08:28:13.588+0000] {manager.py:878} INFO - 
================================================================================
DAG File Processing Stats

File Path                               PID    Runtime      # DAGs    # Errors  Last Runtime    Last Run
--------------------------------------  -----  ---------  --------  ----------  --------------  -------------------
/opt/airflow/dags/model_sample_dags.py                           1           0  0.39s           2025-12-31T08:27:45
================================================================================
[2025-12-31T08:28:43.626+0000] {manager.py:878} INFO - 
================================================================================
DAG File Processing Stats

File Path                               PID    Runtime      # DAGs    # Errors  Last Runtime    Last Run
--------------------------------------  -----  ---------  --------  ----------  --------------  -------------------
/opt/airflow/dags/model_sample_dags.py                           1           0  0.34s           2025-12-31T08:28:19
================================================================================
[2025-12-31T08:29:13.947+0000] {manager.py:878} INFO - 
================================================================================
DAG File Processing Stats

File Path                               PID    Runtime      # DAGs    # Errors  Last Runtime    Last Run
--------------------------------------  -----  ---------  --------  ----------  --------------  -------------------
/opt/airflow/dags/model_sample_dags.py                           1           0  0.39s           2025-12-31T08:28:49
================================================================================
[2025-12-31T08:29:44.423+0000] {manager.py:878} INFO - 
================================================================================
DAG File Processing Stats

File Path                               PID    Runtime      # DAGs    # Errors  Last Runtime    Last Run
--------------------------------------  -----  ---------  --------  ----------  --------------  -------------------
/opt/airflow/dags/model_sample_dags.py                           1           0  0.35s           2025-12-31T08:29:19
================================================================================
[2025-12-31T08:30:15.100+0000] {manager.py:878} INFO - 
================================================================================
DAG File Processing Stats

File Path                               PID    Runtime      # DAGs    # Errors  Last Runtime    Last Run
--------------------------------------  -----  ---------  --------  ----------  --------------  -------------------
/opt/airflow/dags/model_sample_dags.py                           1           0  0.33s           2025-12-31T08:29:49
================================================================================
[2025-12-31T08:30:45.110+0000] {manager.py:878} INFO - 
================================================================================
DAG File Processing Stats

File Path                               PID    Runtime      # DAGs    # Errors  Last Runtime    Last Run
--------------------------------------  -----  ---------  --------  ----------  --------------  -------------------
/opt/airflow/dags/model_sample_dags.py                           1           0  0.55s           2025-12-31T08:30:20
================================================================================
[2025-12-31T08:31:15.481+0000] {manager.py:878} INFO - 
================================================================================
DAG File Processing Stats

File Path                               PID    Runtime      # DAGs    # Errors  Last Runtime    Last Run
--------------------------------------  -----  ---------  --------  ----------  --------------  -------------------
/opt/airflow/dags/model_sample_dags.py                           1           0  0.30s           2025-12-31T08:30:51
================================================================================
[2025-12-31T08:31:46.182+0000] {manager.py:878} INFO - 
================================================================================
DAG File Processing Stats

File Path                               PID    Runtime      # DAGs    # Errors  Last Runtime    Last Run
--------------------------------------  -----  ---------  --------  ----------  --------------  -------------------
/opt/airflow/dags/model_sample_dags.py                           1           0  0.52s           2025-12-31T08:31:22
================================================================================
[2025-12-31T08:32:16.757+0000] {manager.py:878} INFO - 
================================================================================
DAG File Processing Stats

File Path                               PID    Runtime      # DAGs    # Errors  Last Runtime    Last Run
--------------------------------------  -----  ---------  --------  ----------  --------------  -------------------
/opt/airflow/dags/model_sample_dags.py                           1           0  0.28s           2025-12-31T08:31:52
================================================================================
[2025-12-31T08:32:38.102+0000] {manager.py:737} INFO - Searching for files in /opt/airflow/dags
[2025-12-31T08:32:38.188+0000] {manager.py:740} INFO - There are 1 files in /opt/airflow/dags
[2025-12-31T08:32:47.325+0000] {manager.py:878} INFO - 
================================================================================
DAG File Processing Stats

File Path                               PID    Runtime      # DAGs    # Errors  Last Runtime    Last Run
--------------------------------------  -----  ---------  --------  ----------  --------------  -------------------
/opt/airflow/dags/model_sample_dags.py                           1           0  0.28s           2025-12-31T08:32:23
================================================================================
[2025-12-31T08:33:17.721+0000] {manager.py:878} INFO - 
================================================================================
DAG File Processing Stats

File Path                               PID    Runtime      # DAGs    # Errors  Last Runtime    Last Run
--------------------------------------  -----  ---------  --------  ----------  --------------  -------------------
/opt/airflow/dags/model_sample_dags.py                           1           0  0.29s           2025-12-31T08:32:53
================================================================================
[2025-12-31T08:33:48.311+0000] {manager.py:878} INFO - 
================================================================================
DAG File Processing Stats

File Path                               PID    Runtime      # DAGs    # Errors  Last Runtime    Last Run
--------------------------------------  -----  ---------  --------  ----------  --------------  -------------------
/opt/airflow/dags/model_sample_dags.py                           1           0  0.32s           2025-12-31T08:33:24
================================================================================
[2025-12-31T08:34:18.714+0000] {manager.py:878} INFO - 
================================================================================
DAG File Processing Stats

File Path                               PID    Runtime      # DAGs    # Errors  Last Runtime    Last Run
--------------------------------------  -----  ---------  --------  ----------  --------------  -------------------
/opt/airflow/dags/model_sample_dags.py                           1           0  0.30s           2025-12-31T08:33:54
================================================================================
[2025-12-31T08:34:49.291+0000] {manager.py:878} INFO - 
================================================================================
DAG File Processing Stats

File Path                               PID    Runtime      # DAGs    # Errors  Last Runtime    Last Run
--------------------------------------  -----  ---------  --------  ----------  --------------  -------------------
/opt/airflow/dags/model_sample_dags.py                           1           0  0.31s           2025-12-31T08:34:25
================================================================================
[2025-12-31T08:35:19.697+0000] {manager.py:878} INFO - 
================================================================================
DAG File Processing Stats

File Path                               PID    Runtime      # DAGs    # Errors  Last Runtime    Last Run
--------------------------------------  -----  ---------  --------  ----------  --------------  -------------------
/opt/airflow/dags/model_sample_dags.py                           1           0  0.27s           2025-12-31T08:34:55
================================================================================
[2025-12-31T08:35:50.216+0000] {manager.py:878} INFO - 
================================================================================
DAG File Processing Stats

File Path                               PID    Runtime      # DAGs    # Errors  Last Runtime    Last Run
--------------------------------------  -----  ---------  --------  ----------  --------------  -------------------
/opt/airflow/dags/model_sample_dags.py                           1           0  0.41s           2025-12-31T08:35:26
================================================================================
[2025-12-31T08:36:20.809+0000] {manager.py:878} INFO - 
================================================================================
DAG File Processing Stats

File Path                               PID    Runtime      # DAGs    # Errors  Last Runtime    Last Run
--------------------------------------  -----  ---------  --------  ----------  --------------  -------------------
/opt/airflow/dags/model_sample_dags.py                           1           0  0.30s           2025-12-31T08:35:56
================================================================================
[2025-12-31T08:36:51.188+0000] {manager.py:878} INFO - 
================================================================================
DAG File Processing Stats

File Path                               PID    Runtime      # DAGs    # Errors  Last Runtime    Last Run
--------------------------------------  -----  ---------  --------  ----------  --------------  -------------------
/opt/airflow/dags/model_sample_dags.py                           1           0  0.21s           2025-12-31T08:36:27
================================================================================
[2025-12-31T08:37:21.750+0000] {manager.py:878} INFO - 
================================================================================
DAG File Processing Stats

File Path                               PID    Runtime      # DAGs    # Errors  Last Runtime    Last Run
--------------------------------------  -----  ---------  --------  ----------  --------------  -------------------
/opt/airflow/dags/model_sample_dags.py                           1           0  0.47s           2025-12-31T08:36:57
================================================================================
[2025-12-31T08:37:38.258+0000] {manager.py:737} INFO - Searching for files in /opt/airflow/dags
[2025-12-31T08:37:38.321+0000] {manager.py:740} INFO - There are 1 files in /opt/airflow/dags
[2025-12-31T08:37:52.509+0000] {manager.py:878} INFO - 
================================================================================
DAG File Processing Stats

File Path                               PID    Runtime      # DAGs    # Errors  Last Runtime    Last Run
--------------------------------------  -----  ---------  --------  ----------  --------------  -------------------
/opt/airflow/dags/model_sample_dags.py                           1           0  0.43s           2025-12-31T08:37:28
================================================================================
[2025-12-31T08:38:22.860+0000] {manager.py:878} INFO - 
================================================================================
DAG File Processing Stats

File Path                               PID    Runtime      # DAGs    # Errors  Last Runtime    Last Run
--------------------------------------  -----  ---------  --------  ----------  --------------  -------------------
/opt/airflow/dags/model_sample_dags.py                           1           0  0.28s           2025-12-31T08:37:58
================================================================================
[2025-12-31T08:38:53.454+0000] {manager.py:878} INFO - 
================================================================================
DAG File Processing Stats

File Path                               PID    Runtime      # DAGs    # Errors  Last Runtime    Last Run
--------------------------------------  -----  ---------  --------  ----------  --------------  -------------------
/opt/airflow/dags/model_sample_dags.py                           1           0  0.30s           2025-12-31T08:38:29
================================================================================
[2025-12-31T08:39:23.897+0000] {manager.py:878} INFO - 
================================================================================
DAG File Processing Stats

File Path                               PID    Runtime      # DAGs    # Errors  Last Runtime    Last Run
--------------------------------------  -----  ---------  --------  ----------  --------------  -------------------
/opt/airflow/dags/model_sample_dags.py                           1           0  0.42s           2025-12-31T08:38:59
================================================================================
[2025-12-31T08:39:53.985+0000] {manager.py:878} INFO - 
================================================================================
DAG File Processing Stats

File Path                               PID    Runtime      # DAGs    # Errors  Last Runtime    Last Run
--------------------------------------  -----  ---------  --------  ----------  --------------  -------------------
/opt/airflow/dags/model_sample_dags.py                           1           0  0.33s           2025-12-31T08:39:30
================================================================================
[2025-12-31T08:40:24.334+0000] {manager.py:878} INFO - 
================================================================================
DAG File Processing Stats

File Path                               PID    Runtime      # DAGs    # Errors  Last Runtime    Last Run
--------------------------------------  -----  ---------  --------  ----------  --------------  -------------------
/opt/airflow/dags/model_sample_dags.py                           1           0  0.44s           2025-12-31T08:40:01
================================================================================
[2025-12-31T08:40:54.795+0000] {manager.py:878} INFO - 
================================================================================
DAG File Processing Stats

File Path                               PID    Runtime      # DAGs    # Errors  Last Runtime    Last Run
--------------------------------------  -----  ---------  --------  ----------  --------------  -------------------
/opt/airflow/dags/model_sample_dags.py                           1           0  0.37s           2025-12-31T08:40:31
================================================================================
[2025-12-31T08:41:25.371+0000] {manager.py:878} INFO - 
================================================================================
DAG File Processing Stats

File Path                               PID    Runtime      # DAGs    # Errors  Last Runtime    Last Run
--------------------------------------  -----  ---------  --------  ----------  --------------  -------------------
/opt/airflow/dags/model_sample_dags.py                           1           0  0.30s           2025-12-31T08:41:02
================================================================================
[2025-12-31T08:41:55.753+0000] {manager.py:878} INFO - 
================================================================================
DAG File Processing Stats

File Path                               PID    Runtime      # DAGs    # Errors  Last Runtime    Last Run
--------------------------------------  -----  ---------  --------  ----------  --------------  -------------------
/opt/airflow/dags/model_sample_dags.py                           1           0  0.32s           2025-12-31T08:41:32
================================================================================
[2025-12-31T08:42:26.384+0000] {manager.py:878} INFO - 
================================================================================
DAG File Processing Stats

File Path                               PID    Runtime      # DAGs    # Errors  Last Runtime    Last Run
--------------------------------------  -----  ---------  --------  ----------  --------------  -------------------
/opt/airflow/dags/model_sample_dags.py                           1           0  0.37s           2025-12-31T08:42:03
================================================================================
[2025-12-31T08:42:38.643+0000] {manager.py:737} INFO - Searching for files in /opt/airflow/dags
[2025-12-31T08:42:38.730+0000] {manager.py:740} INFO - There are 1 files in /opt/airflow/dags
[2025-12-31T08:42:56.959+0000] {manager.py:878} INFO - 
================================================================================
DAG File Processing Stats

File Path                               PID    Runtime      # DAGs    # Errors  Last Runtime    Last Run
--------------------------------------  -----  ---------  --------  ----------  --------------  -------------------
/opt/airflow/dags/model_sample_dags.py                           1           0  0.35s           2025-12-31T08:42:33
================================================================================
[2025-12-31T08:43:27.438+0000] {manager.py:878} INFO - 
================================================================================
DAG File Processing Stats

File Path                               PID    Runtime      # DAGs    # Errors  Last Runtime    Last Run
--------------------------------------  -----  ---------  --------  ----------  --------------  -------------------
/opt/airflow/dags/model_sample_dags.py                           1           0  0.32s           2025-12-31T08:43:04
================================================================================
[2025-12-31T08:43:57.934+0000] {manager.py:878} INFO - 
================================================================================
DAG File Processing Stats

File Path                               PID    Runtime      # DAGs    # Errors  Last Runtime    Last Run
--------------------------------------  -----  ---------  --------  ----------  --------------  -------------------
/opt/airflow/dags/model_sample_dags.py                           1           0  0.33s           2025-12-31T08:43:34
================================================================================
[2025-12-31T08:44:28.480+0000] {manager.py:878} INFO - 
================================================================================
DAG File Processing Stats

File Path                               PID    Runtime      # DAGs    # Errors  Last Runtime    Last Run
--------------------------------------  -----  ---------  --------  ----------  --------------  -------------------
/opt/airflow/dags/model_sample_dags.py                           1           0  0.31s           2025-12-31T08:44:05
================================================================================
[2025-12-31T08:44:58.918+0000] {manager.py:878} INFO - 
================================================================================
DAG File Processing Stats

File Path                               PID    Runtime      # DAGs    # Errors  Last Runtime    Last Run
--------------------------------------  -----  ---------  --------  ----------  --------------  -------------------
/opt/airflow/dags/model_sample_dags.py                           1           0  0.29s           2025-12-31T08:44:35
================================================================================
[2025-12-31T08:45:29.448+0000] {manager.py:878} INFO - 
================================================================================
DAG File Processing Stats

File Path                               PID    Runtime      # DAGs    # Errors  Last Runtime    Last Run
--------------------------------------  -----  ---------  --------  ----------  --------------  -------------------
/opt/airflow/dags/model_sample_dags.py                           1           0  0.34s           2025-12-31T08:45:06
================================================================================
[2025-12-31T08:45:59.953+0000] {manager.py:878} INFO - 
================================================================================
DAG File Processing Stats

File Path                               PID    Runtime      # DAGs    # Errors  Last Runtime    Last Run
--------------------------------------  -----  ---------  --------  ----------  --------------  -------------------
/opt/airflow/dags/model_sample_dags.py                           1           0  0.28s           2025-12-31T08:45:36
================================================================================
[2025-12-31T08:46:30.458+0000] {manager.py:878} INFO - 
================================================================================
DAG File Processing Stats

File Path                               PID    Runtime      # DAGs    # Errors  Last Runtime    Last Run
--------------------------------------  -----  ---------  --------  ----------  --------------  -------------------
/opt/airflow/dags/model_sample_dags.py                           1           0  0.33s           2025-12-31T08:46:07
================================================================================
[2025-12-31T08:47:01.010+0000] {manager.py:878} INFO - 
================================================================================
DAG File Processing Stats

File Path                               PID    Runtime      # DAGs    # Errors  Last Runtime    Last Run
--------------------------------------  -----  ---------  --------  ----------  --------------  -------------------
/opt/airflow/dags/model_sample_dags.py                           1           0  0.41s           2025-12-31T08:46:37
================================================================================
[2025-12-31T08:47:31.623+0000] {manager.py:878} INFO - 
================================================================================
DAG File Processing Stats

File Path                               PID    Runtime      # DAGs    # Errors  Last Runtime    Last Run
--------------------------------------  -----  ---------  --------  ----------  --------------  -------------------
/opt/airflow/dags/model_sample_dags.py                           1           0  0.44s           2025-12-31T08:47:08
================================================================================
[2025-12-31T08:47:38.700+0000] {manager.py:737} INFO - Searching for files in /opt/airflow/dags
[2025-12-31T08:47:38.797+0000] {manager.py:740} INFO - There are 1 files in /opt/airflow/dags
[2025-12-31T08:48:02.156+0000] {manager.py:878} INFO - 
================================================================================
DAG File Processing Stats

File Path                               PID    Runtime      # DAGs    # Errors  Last Runtime    Last Run
--------------------------------------  -----  ---------  --------  ----------  --------------  -------------------
/opt/airflow/dags/model_sample_dags.py                           1           0  0.43s           2025-12-31T08:47:39
================================================================================
[2025-12-31T08:48:32.207+0000] {manager.py:878} INFO - 
================================================================================
DAG File Processing Stats

File Path                               PID    Runtime      # DAGs    # Errors  Last Runtime    Last Run
--------------------------------------  -----  ---------  --------  ----------  --------------  -------------------
/opt/airflow/dags/model_sample_dags.py                           1           0  0.30s           2025-12-31T08:48:09
================================================================================
[2025-12-31T08:49:02.560+0000] {manager.py:878} INFO - 
================================================================================
DAG File Processing Stats

File Path                               PID    Runtime      # DAGs    # Errors  Last Runtime    Last Run
--------------------------------------  -----  ---------  --------  ----------  --------------  -------------------
/opt/airflow/dags/model_sample_dags.py                           1           0  0.34s           2025-12-31T08:48:40
================================================================================
[2025-12-31T08:49:32.962+0000] {manager.py:878} INFO - 
================================================================================
DAG File Processing Stats

File Path                               PID    Runtime      # DAGs    # Errors  Last Runtime    Last Run
--------------------------------------  -----  ---------  --------  ----------  --------------  -------------------
/opt/airflow/dags/model_sample_dags.py                           1           0  0.29s           2025-12-31T08:49:10
================================================================================
[2025-12-31T08:50:03.520+0000] {manager.py:878} INFO - 
================================================================================
DAG File Processing Stats

File Path                               PID    Runtime      # DAGs    # Errors  Last Runtime    Last Run
--------------------------------------  -----  ---------  --------  ----------  --------------  -------------------
/opt/airflow/dags/model_sample_dags.py                           1           0  0.30s           2025-12-31T08:49:41
================================================================================
[2025-12-31T08:50:33.962+0000] {manager.py:878} INFO - 
================================================================================
DAG File Processing Stats

File Path                               PID    Runtime      # DAGs    # Errors  Last Runtime    Last Run
--------------------------------------  -----  ---------  --------  ----------  --------------  -------------------
/opt/airflow/dags/model_sample_dags.py                           1           0  0.31s           2025-12-31T08:50:11
================================================================================
[2025-12-31T08:51:04.562+0000] {manager.py:878} INFO - 
================================================================================
DAG File Processing Stats

File Path                               PID    Runtime      # DAGs    # Errors  Last Runtime    Last Run
--------------------------------------  -----  ---------  --------  ----------  --------------  -------------------
/opt/airflow/dags/model_sample_dags.py                           1           0  0.39s           2025-12-31T08:50:42
================================================================================
[2025-12-31T08:51:35.188+0000] {manager.py:878} INFO - 
================================================================================
DAG File Processing Stats

File Path                               PID    Runtime      # DAGs    # Errors  Last Runtime    Last Run
--------------------------------------  -----  ---------  --------  ----------  --------------  -------------------
/opt/airflow/dags/model_sample_dags.py                           1           0  0.43s           2025-12-31T08:51:13
================================================================================
[2025-12-31T08:52:05.781+0000] {manager.py:878} INFO - 
================================================================================
DAG File Processing Stats

File Path                               PID    Runtime      # DAGs    # Errors  Last Runtime    Last Run
--------------------------------------  -----  ---------  --------  ----------  --------------  -------------------
/opt/airflow/dags/model_sample_dags.py                           1           0  0.28s           2025-12-31T08:51:43
================================================================================
[2025-12-31T08:52:36.178+0000] {manager.py:878} INFO - 
================================================================================
DAG File Processing Stats

File Path                               PID    Runtime      # DAGs    # Errors  Last Runtime    Last Run
--------------------------------------  -----  ---------  --------  ----------  --------------  -------------------
/opt/airflow/dags/model_sample_dags.py                           1           0  0.28s           2025-12-31T08:52:14
================================================================================
[2025-12-31T08:52:39.229+0000] {manager.py:737} INFO - Searching for files in /opt/airflow/dags
[2025-12-31T08:52:39.324+0000] {manager.py:740} INFO - There are 1 files in /opt/airflow/dags
[2025-12-31T08:53:06.788+0000] {manager.py:878} INFO - 
================================================================================
DAG File Processing Stats

File Path                               PID    Runtime      # DAGs    # Errors  Last Runtime    Last Run
--------------------------------------  -----  ---------  --------  ----------  --------------  -------------------
/opt/airflow/dags/model_sample_dags.py                           1           0  0.28s           2025-12-31T08:52:44
================================================================================
[2025-12-31T08:53:37.281+0000] {manager.py:878} INFO - 
================================================================================
DAG File Processing Stats

File Path                               PID    Runtime      # DAGs    # Errors  Last Runtime    Last Run
--------------------------------------  -----  ---------  --------  ----------  --------------  -------------------
/opt/airflow/dags/model_sample_dags.py                           1           0  0.38s           2025-12-31T08:53:15
================================================================================
[2025-12-31T08:54:07.915+0000] {manager.py:878} INFO - 
================================================================================
DAG File Processing Stats

File Path                               PID    Runtime      # DAGs    # Errors  Last Runtime    Last Run
--------------------------------------  -----  ---------  --------  ----------  --------------  -------------------
/opt/airflow/dags/model_sample_dags.py                           1           0  0.38s           2025-12-31T08:53:45
================================================================================
[2025-12-31T08:54:38.360+0000] {manager.py:878} INFO - 
================================================================================
DAG File Processing Stats

File Path                               PID    Runtime      # DAGs    # Errors  Last Runtime    Last Run
--------------------------------------  -----  ---------  --------  ----------  --------------  -------------------
/opt/airflow/dags/model_sample_dags.py                           1           0  0.29s           2025-12-31T08:54:16
================================================================================
[2025-12-31T08:55:08.932+0000] {manager.py:878} INFO - 
================================================================================
DAG File Processing Stats

File Path                               PID    Runtime      # DAGs    # Errors  Last Runtime    Last Run
--------------------------------------  -----  ---------  --------  ----------  --------------  -------------------
/opt/airflow/dags/model_sample_dags.py                           1           0  0.34s           2025-12-31T08:54:46
================================================================================
[2025-12-31T08:55:39.458+0000] {manager.py:878} INFO - 
================================================================================
DAG File Processing Stats

File Path                               PID    Runtime      # DAGs    # Errors  Last Runtime    Last Run
--------------------------------------  -----  ---------  --------  ----------  --------------  -------------------
/opt/airflow/dags/model_sample_dags.py                           1           0  0.43s           2025-12-31T08:55:17
================================================================================
[2025-12-31T08:56:10.189+0000] {manager.py:878} INFO - 
================================================================================
DAG File Processing Stats

File Path                               PID    Runtime      # DAGs    # Errors  Last Runtime    Last Run
--------------------------------------  -----  ---------  --------  ----------  --------------  -------------------
/opt/airflow/dags/model_sample_dags.py                           1           0  0.51s           2025-12-31T08:55:48
================================================================================
[2025-12-31T08:56:40.757+0000] {manager.py:878} INFO - 
================================================================================
DAG File Processing Stats

File Path                               PID    Runtime      # DAGs    # Errors  Last Runtime    Last Run
--------------------------------------  -----  ---------  --------  ----------  --------------  -------------------
/opt/airflow/dags/model_sample_dags.py                           1           0  0.59s           2025-12-31T08:56:18
================================================================================
[2025-12-31T08:57:10.963+0000] {manager.py:878} INFO - 
================================================================================
DAG File Processing Stats

File Path                               PID    Runtime      # DAGs    # Errors  Last Runtime    Last Run
--------------------------------------  -----  ---------  --------  ----------  --------------  -------------------
/opt/airflow/dags/model_sample_dags.py                           1           0  0.42s           2025-12-31T08:56:49
================================================================================
[2025-12-31T08:57:39.338+0000] {manager.py:737} INFO - Searching for files in /opt/airflow/dags
[2025-12-31T08:57:39.423+0000] {manager.py:740} INFO - There are 1 files in /opt/airflow/dags
[2025-12-31T08:57:41.474+0000] {manager.py:878} INFO - 
================================================================================
DAG File Processing Stats

File Path                               PID    Runtime      # DAGs    # Errors  Last Runtime    Last Run
--------------------------------------  -----  ---------  --------  ----------  --------------  -------------------
/opt/airflow/dags/model_sample_dags.py                           1           0  0.48s           2025-12-31T08:57:20
================================================================================
[2025-12-31T08:58:11.596+0000] {manager.py:878} INFO - 
================================================================================
DAG File Processing Stats

File Path                               PID    Runtime      # DAGs    # Errors  Last Runtime    Last Run
--------------------------------------  -----  ---------  --------  ----------  --------------  -------------------
/opt/airflow/dags/model_sample_dags.py                           1           0  0.71s           2025-12-31T08:57:51
================================================================================
[2025-12-31T08:58:41.661+0000] {manager.py:878} INFO - 
================================================================================
DAG File Processing Stats

File Path                               PID    Runtime      # DAGs    # Errors  Last Runtime    Last Run
--------------------------------------  -----  ---------  --------  ----------  --------------  -------------------
/opt/airflow/dags/model_sample_dags.py                           1           0  0.24s           2025-12-31T08:58:21
================================================================================
[2025-12-31T08:59:12.258+0000] {manager.py:878} INFO - 
================================================================================
DAG File Processing Stats

File Path                               PID    Runtime      # DAGs    # Errors  Last Runtime    Last Run
--------------------------------------  -----  ---------  --------  ----------  --------------  -------------------
/opt/airflow/dags/model_sample_dags.py                           1           0  0.30s           2025-12-31T08:58:52
================================================================================
[2025-12-31T08:59:42.666+0000] {manager.py:878} INFO - 
================================================================================
DAG File Processing Stats

File Path                               PID    Runtime      # DAGs    # Errors  Last Runtime    Last Run
--------------------------------------  -----  ---------  --------  ----------  --------------  -------------------
/opt/airflow/dags/model_sample_dags.py                           1           0  0.30s           2025-12-31T08:59:22
================================================================================
[2025-12-31T09:00:13.275+0000] {manager.py:878} INFO - 
================================================================================
DAG File Processing Stats

File Path                               PID    Runtime      # DAGs    # Errors  Last Runtime    Last Run
--------------------------------------  -----  ---------  --------  ----------  --------------  -------------------
/opt/airflow/dags/model_sample_dags.py                           1           0  0.37s           2025-12-31T08:59:53
================================================================================
[2025-12-31T09:00:43.721+0000] {manager.py:878} INFO - 
================================================================================
DAG File Processing Stats

File Path                               PID    Runtime      # DAGs    # Errors  Last Runtime    Last Run
--------------------------------------  -----  ---------  --------  ----------  --------------  -------------------
/opt/airflow/dags/model_sample_dags.py                           1           0  0.33s           2025-12-31T09:00:23
================================================================================
[2025-12-31T09:01:14.288+0000] {manager.py:878} INFO - 
================================================================================
DAG File Processing Stats

File Path                               PID    Runtime      # DAGs    # Errors  Last Runtime    Last Run
--------------------------------------  -----  ---------  --------  ----------  --------------  -------------------
/opt/airflow/dags/model_sample_dags.py                           1           0  0.32s           2025-12-31T09:00:54
================================================================================
[2025-12-31T09:01:44.682+0000] {manager.py:878} INFO - 
================================================================================
DAG File Processing Stats

File Path                               PID    Runtime      # DAGs    # Errors  Last Runtime    Last Run
--------------------------------------  -----  ---------  --------  ----------  --------------  -------------------
/opt/airflow/dags/model_sample_dags.py                           1           0  0.29s           2025-12-31T09:01:24
================================================================================
[2025-12-31T09:02:15.291+0000] {manager.py:878} INFO - 
================================================================================
DAG File Processing Stats

File Path                               PID    Runtime      # DAGs    # Errors  Last Runtime    Last Run
--------------------------------------  -----  ---------  --------  ----------  --------------  -------------------
/opt/airflow/dags/model_sample_dags.py                           1           0  0.29s           2025-12-31T09:01:55
================================================================================
[2025-12-31T09:02:39.669+0000] {manager.py:737} INFO - Searching for files in /opt/airflow/dags
[2025-12-31T09:02:39.772+0000] {manager.py:740} INFO - There are 1 files in /opt/airflow/dags
[2025-12-31T09:02:45.892+0000] {manager.py:878} INFO - 
================================================================================
DAG File Processing Stats

File Path                               PID    Runtime      # DAGs    # Errors  Last Runtime    Last Run
--------------------------------------  -----  ---------  --------  ----------  --------------  -------------------
/opt/airflow/dags/model_sample_dags.py                           1           0  0.41s           2025-12-31T09:02:25
================================================================================
[2025-12-31T09:03:16.401+0000] {manager.py:878} INFO - 
================================================================================
DAG File Processing Stats

File Path                               PID    Runtime      # DAGs    # Errors  Last Runtime    Last Run
--------------------------------------  -----  ---------  --------  ----------  --------------  -------------------
/opt/airflow/dags/model_sample_dags.py                           1           0  0.31s           2025-12-31T09:02:56
================================================================================
[2025-12-31T09:03:46.929+0000] {manager.py:878} INFO - 
================================================================================
DAG File Processing Stats

File Path                               PID    Runtime      # DAGs    # Errors  Last Runtime    Last Run
--------------------------------------  -----  ---------  --------  ----------  --------------  -------------------
/opt/airflow/dags/model_sample_dags.py                           1           0  0.32s           2025-12-31T09:03:26
================================================================================
[2025-12-31T09:04:17.441+0000] {manager.py:878} INFO - 
================================================================================
DAG File Processing Stats

File Path                               PID    Runtime      # DAGs    # Errors  Last Runtime    Last Run
--------------------------------------  -----  ---------  --------  ----------  --------------  -------------------
/opt/airflow/dags/model_sample_dags.py                           1           0  0.39s           2025-12-31T09:03:57
================================================================================
[2025-12-31T09:04:48.064+0000] {manager.py:878} INFO - 
================================================================================
DAG File Processing Stats

File Path                               PID    Runtime      # DAGs    # Errors  Last Runtime    Last Run
--------------------------------------  -----  ---------  --------  ----------  --------------  -------------------
/opt/airflow/dags/model_sample_dags.py                           1           0  0.36s           2025-12-31T09:04:27
================================================================================
[2025-12-31T09:05:18.512+0000] {manager.py:878} INFO - 
================================================================================
DAG File Processing Stats

File Path                               PID    Runtime      # DAGs    # Errors  Last Runtime    Last Run
--------------------------------------  -----  ---------  --------  ----------  --------------  -------------------
/opt/airflow/dags/model_sample_dags.py                           1           0  0.24s           2025-12-31T09:04:58
================================================================================
[2025-12-31T09:05:49.087+0000] {manager.py:878} INFO - 
================================================================================
DAG File Processing Stats

File Path                               PID    Runtime      # DAGs    # Errors  Last Runtime    Last Run
--------------------------------------  -----  ---------  --------  ----------  --------------  -------------------
/opt/airflow/dags/model_sample_dags.py                           1           0  0.46s           2025-12-31T09:05:29
================================================================================
[2025-12-31T09:06:19.735+0000] {manager.py:878} INFO - 
================================================================================
DAG File Processing Stats

File Path                               PID    Runtime      # DAGs    # Errors  Last Runtime    Last Run
--------------------------------------  -----  ---------  --------  ----------  --------------  -------------------
/opt/airflow/dags/model_sample_dags.py                           1           0  0.29s           2025-12-31T09:05:59
================================================================================
[2025-12-31T09:06:50.132+0000] {manager.py:878} INFO - 
================================================================================
DAG File Processing Stats

File Path                               PID    Runtime      # DAGs    # Errors  Last Runtime    Last Run
--------------------------------------  -----  ---------  --------  ----------  --------------  -------------------
/opt/airflow/dags/model_sample_dags.py                           1           0  0.33s           2025-12-31T09:06:30
================================================================================
[2025-12-31T09:07:20.459+0000] {manager.py:878} INFO - 
================================================================================
DAG File Processing Stats

File Path                               PID    Runtime      # DAGs    # Errors  Last Runtime    Last Run
--------------------------------------  -----  ---------  --------  ----------  --------------  -------------------
/opt/airflow/dags/model_sample_dags.py                           1           0  0.28s           2025-12-31T09:07:00
================================================================================
[2025-12-31T09:07:39.937+0000] {manager.py:737} INFO - Searching for files in /opt/airflow/dags
[2025-12-31T09:07:40.008+0000] {manager.py:740} INFO - There are 1 files in /opt/airflow/dags
[2025-12-31T09:07:51.163+0000] {manager.py:878} INFO - 
================================================================================
DAG File Processing Stats

File Path                               PID    Runtime      # DAGs    # Errors  Last Runtime    Last Run
--------------------------------------  -----  ---------  --------  ----------  --------------  -------------------
/opt/airflow/dags/model_sample_dags.py                           1           0  0.32s           2025-12-31T09:07:30
================================================================================
[2025-12-31T09:08:21.570+0000] {manager.py:878} INFO - 
================================================================================
DAG File Processing Stats

File Path                               PID    Runtime      # DAGs    # Errors  Last Runtime    Last Run
--------------------------------------  -----  ---------  --------  ----------  --------------  -------------------
/opt/airflow/dags/model_sample_dags.py                           1           0  0.37s           2025-12-31T09:08:01
================================================================================
[2025-12-31T09:08:52.259+0000] {manager.py:878} INFO - 
================================================================================
DAG File Processing Stats

File Path                               PID    Runtime      # DAGs    # Errors  Last Runtime    Last Run
--------------------------------------  -----  ---------  --------  ----------  --------------  -------------------
/opt/airflow/dags/model_sample_dags.py                           1           0  0.33s           2025-12-31T09:08:32
================================================================================
[2025-12-31T09:09:22.611+0000] {manager.py:878} INFO - 
================================================================================
DAG File Processing Stats

File Path                               PID    Runtime      # DAGs    # Errors  Last Runtime    Last Run
--------------------------------------  -----  ---------  --------  ----------  --------------  -------------------
/opt/airflow/dags/model_sample_dags.py                           1           0  0.25s           2025-12-31T09:09:02
================================================================================
[2025-12-31T09:09:53.169+0000] {manager.py:878} INFO - 
================================================================================
DAG File Processing Stats

File Path                               PID    Runtime      # DAGs    # Errors  Last Runtime    Last Run
--------------------------------------  -----  ---------  --------  ----------  --------------  -------------------
/opt/airflow/dags/model_sample_dags.py                           1           0  0.32s           2025-12-31T09:09:33
================================================================================
[2025-12-31T09:10:23.623+0000] {manager.py:878} INFO - 
================================================================================
DAG File Processing Stats

File Path                               PID    Runtime      # DAGs    # Errors  Last Runtime    Last Run
--------------------------------------  -----  ---------  --------  ----------  --------------  -------------------
/opt/airflow/dags/model_sample_dags.py                           1           0  0.27s           2025-12-31T09:10:03
================================================================================
[2025-12-31T09:10:54.137+0000] {manager.py:878} INFO - 
================================================================================
DAG File Processing Stats

File Path                               PID    Runtime      # DAGs    # Errors  Last Runtime    Last Run
--------------------------------------  -----  ---------  --------  ----------  --------------  -------------------
/opt/airflow/dags/model_sample_dags.py                           1           0  0.31s           2025-12-31T09:10:34
================================================================================
[2025-12-31T09:11:24.617+0000] {manager.py:878} INFO - 
================================================================================
DAG File Processing Stats

File Path                               PID    Runtime      # DAGs    # Errors  Last Runtime    Last Run
--------------------------------------  -----  ---------  --------  ----------  --------------  -------------------
/opt/airflow/dags/model_sample_dags.py                           1           0  0.41s           2025-12-31T09:11:04
================================================================================
[2025-12-31T09:11:55.285+0000] {manager.py:878} INFO - 
================================================================================
DAG File Processing Stats

File Path                               PID    Runtime      # DAGs    # Errors  Last Runtime    Last Run
--------------------------------------  -----  ---------  --------  ----------  --------------  -------------------
/opt/airflow/dags/model_sample_dags.py                           1           0  0.47s           2025-12-31T09:11:35
================================================================================
[2025-12-31T09:12:25.805+0000] {manager.py:878} INFO - 
================================================================================
DAG File Processing Stats

File Path                               PID    Runtime      # DAGs    # Errors  Last Runtime    Last Run
--------------------------------------  -----  ---------  --------  ----------  --------------  -------------------
/opt/airflow/dags/model_sample_dags.py                           1           0  0.30s           2025-12-31T09:12:05
================================================================================
[2025-12-31T09:12:40.084+0000] {manager.py:737} INFO - Searching for files in /opt/airflow/dags
[2025-12-31T09:12:40.183+0000] {manager.py:740} INFO - There are 1 files in /opt/airflow/dags
[2025-12-31T09:12:56.430+0000] {manager.py:878} INFO - 
================================================================================
DAG File Processing Stats

File Path                               PID    Runtime      # DAGs    # Errors  Last Runtime    Last Run
--------------------------------------  -----  ---------  --------  ----------  --------------  -------------------
/opt/airflow/dags/model_sample_dags.py                           1           0  0.35s           2025-12-31T09:12:36
================================================================================
[2025-12-31T09:13:26.854+0000] {manager.py:878} INFO - 
================================================================================
DAG File Processing Stats

File Path                               PID    Runtime      # DAGs    # Errors  Last Runtime    Last Run
--------------------------------------  -----  ---------  --------  ----------  --------------  -------------------
/opt/airflow/dags/model_sample_dags.py                           1           0  0.24s           2025-12-31T09:13:06
================================================================================
[2025-12-31T09:13:57.332+0000] {manager.py:878} INFO - 
================================================================================
DAG File Processing Stats

File Path                               PID    Runtime      # DAGs    # Errors  Last Runtime    Last Run
--------------------------------------  -----  ---------  --------  ----------  --------------  -------------------
/opt/airflow/dags/model_sample_dags.py                           1           0  0.26s           2025-12-31T09:13:37
================================================================================
[2025-12-31T09:14:27.779+0000] {manager.py:878} INFO - 
================================================================================
DAG File Processing Stats

File Path                               PID    Runtime      # DAGs    # Errors  Last Runtime    Last Run
--------------------------------------  -----  ---------  --------  ----------  --------------  -------------------
/opt/airflow/dags/model_sample_dags.py                           1           0  0.27s           2025-12-31T09:14:07
================================================================================
[2025-12-31T09:14:58.265+0000] {manager.py:878} INFO - 
================================================================================
DAG File Processing Stats

File Path                               PID    Runtime      # DAGs    # Errors  Last Runtime    Last Run
--------------------------------------  -----  ---------  --------  ----------  --------------  -------------------
/opt/airflow/dags/model_sample_dags.py                           1           0  0.27s           2025-12-31T09:14:38
================================================================================
[2025-12-31T09:15:28.740+0000] {manager.py:878} INFO - 
================================================================================
DAG File Processing Stats

File Path                               PID    Runtime      # DAGs    # Errors  Last Runtime    Last Run
--------------------------------------  -----  ---------  --------  ----------  --------------  -------------------
/opt/airflow/dags/model_sample_dags.py                           1           0  0.24s           2025-12-31T09:15:08
================================================================================
[2025-12-31T09:15:59.176+0000] {manager.py:878} INFO - 
================================================================================
DAG File Processing Stats

File Path                               PID    Runtime      # DAGs    # Errors  Last Runtime    Last Run
--------------------------------------  -----  ---------  --------  ----------  --------------  -------------------
/opt/airflow/dags/model_sample_dags.py                           1           0  0.31s           2025-12-31T09:15:39
================================================================================
[2025-12-31T09:16:29.818+0000] {manager.py:878} INFO - 
================================================================================
DAG File Processing Stats

File Path                               PID    Runtime      # DAGs    # Errors  Last Runtime    Last Run
--------------------------------------  -----  ---------  --------  ----------  --------------  -------------------
/opt/airflow/dags/model_sample_dags.py                           1           0  0.60s           2025-12-31T09:16:09
================================================================================
[2025-12-31T09:17:00.180+0000] {manager.py:878} INFO - 
================================================================================
DAG File Processing Stats

File Path                               PID    Runtime      # DAGs    # Errors  Last Runtime    Last Run
--------------------------------------  -----  ---------  --------  ----------  --------------  -------------------
/opt/airflow/dags/model_sample_dags.py                           1           0  0.32s           2025-12-31T09:16:40
================================================================================
[2025-12-31T09:17:30.883+0000] {manager.py:878} INFO - 
================================================================================
DAG File Processing Stats

File Path                               PID    Runtime      # DAGs    # Errors  Last Runtime    Last Run
--------------------------------------  -----  ---------  --------  ----------  --------------  -------------------
/opt/airflow/dags/model_sample_dags.py                           1           0  0.45s           2025-12-31T09:17:10
================================================================================
[2025-12-31T09:17:40.145+0000] {manager.py:737} INFO - Searching for files in /opt/airflow/dags
[2025-12-31T09:17:40.191+0000] {manager.py:740} INFO - There are 1 files in /opt/airflow/dags
[2025-12-31T09:18:01.449+0000] {manager.py:878} INFO - 
================================================================================
DAG File Processing Stats

File Path                               PID    Runtime      # DAGs    # Errors  Last Runtime    Last Run
--------------------------------------  -----  ---------  --------  ----------  --------------  -------------------
/opt/airflow/dags/model_sample_dags.py                           1           0  0.35s           2025-12-31T09:17:41
================================================================================
[2025-12-31T09:18:32.070+0000] {manager.py:878} INFO - 
================================================================================
DAG File Processing Stats

File Path                               PID    Runtime      # DAGs    # Errors  Last Runtime    Last Run
--------------------------------------  -----  ---------  --------  ----------  --------------  -------------------
/opt/airflow/dags/model_sample_dags.py                           1           0  0.43s           2025-12-31T09:18:12
================================================================================
[2025-12-31T09:19:02.676+0000] {manager.py:878} INFO - 
================================================================================
DAG File Processing Stats

File Path                               PID    Runtime      # DAGs    # Errors  Last Runtime    Last Run
--------------------------------------  -----  ---------  --------  ----------  --------------  -------------------
/opt/airflow/dags/model_sample_dags.py                           1           0  0.38s           2025-12-31T09:18:42
================================================================================
[2025-12-31T09:19:33.197+0000] {manager.py:878} INFO - 
================================================================================
DAG File Processing Stats

File Path                               PID    Runtime      # DAGs    # Errors  Last Runtime    Last Run
--------------------------------------  -----  ---------  --------  ----------  --------------  -------------------
/opt/airflow/dags/model_sample_dags.py                           1           0  0.35s           2025-12-31T09:19:13
================================================================================
[2025-12-31T09:20:03.775+0000] {manager.py:878} INFO - 
================================================================================
DAG File Processing Stats

File Path                               PID    Runtime      # DAGs    # Errors  Last Runtime    Last Run
--------------------------------------  -----  ---------  --------  ----------  --------------  -------------------
/opt/airflow/dags/model_sample_dags.py                           1           0  0.28s           2025-12-31T09:19:43
================================================================================
[2025-12-31T09:20:34.224+0000] {manager.py:878} INFO - 
================================================================================
DAG File Processing Stats

File Path                               PID    Runtime      # DAGs    # Errors  Last Runtime    Last Run
--------------------------------------  -----  ---------  --------  ----------  --------------  -------------------
/opt/airflow/dags/model_sample_dags.py                           1           0  0.28s           2025-12-31T09:20:14
================================================================================
[2025-12-31T09:21:04.793+0000] {manager.py:878} INFO - 
================================================================================
DAG File Processing Stats

File Path                               PID    Runtime      # DAGs    # Errors  Last Runtime    Last Run
--------------------------------------  -----  ---------  --------  ----------  --------------  -------------------
/opt/airflow/dags/model_sample_dags.py                           1           0  0.33s           2025-12-31T09:20:44
================================================================================
[2025-12-31T09:21:35.327+0000] {manager.py:878} INFO - 
================================================================================
DAG File Processing Stats

File Path                               PID    Runtime      # DAGs    # Errors  Last Runtime    Last Run
--------------------------------------  -----  ---------  --------  ----------  --------------  -------------------
/opt/airflow/dags/model_sample_dags.py                           1           0  0.27s           2025-12-31T09:21:15
================================================================================
[2025-12-31T09:22:05.875+0000] {manager.py:878} INFO - 
================================================================================
DAG File Processing Stats

File Path                               PID    Runtime      # DAGs    # Errors  Last Runtime    Last Run
--------------------------------------  -----  ---------  --------  ----------  --------------  -------------------
/opt/airflow/dags/model_sample_dags.py                           1           0  0.33s           2025-12-31T09:21:45
================================================================================
[2025-12-31T09:22:36.430+0000] {manager.py:878} INFO - 
================================================================================
DAG File Processing Stats

File Path                               PID    Runtime      # DAGs    # Errors  Last Runtime    Last Run
--------------------------------------  -----  ---------  --------  ----------  --------------  -------------------
/opt/airflow/dags/model_sample_dags.py                           1           0  0.31s           2025-12-31T09:22:16
================================================================================
[2025-12-31T09:22:40.494+0000] {manager.py:737} INFO - Searching for files in /opt/airflow/dags
[2025-12-31T09:22:40.590+0000] {manager.py:740} INFO - There are 1 files in /opt/airflow/dags
[2025-12-31T09:23:06.998+0000] {manager.py:878} INFO - 
================================================================================
DAG File Processing Stats

File Path                               PID    Runtime      # DAGs    # Errors  Last Runtime    Last Run
--------------------------------------  -----  ---------  --------  ----------  --------------  -------------------
/opt/airflow/dags/model_sample_dags.py                           1           0  0.31s           2025-12-31T09:22:47
================================================================================
[2025-12-31T09:23:37.621+0000] {manager.py:878} INFO - 
================================================================================
DAG File Processing Stats

File Path                               PID    Runtime      # DAGs    # Errors  Last Runtime    Last Run
--------------------------------------  -----  ---------  --------  ----------  --------------  -------------------
/opt/airflow/dags/model_sample_dags.py                           1           0  0.31s           2025-12-31T09:23:17
================================================================================
[2025-12-31T09:24:08.083+0000] {manager.py:878} INFO - 
================================================================================
DAG File Processing Stats

File Path                               PID    Runtime      # DAGs    # Errors  Last Runtime    Last Run
--------------------------------------  -----  ---------  --------  ----------  --------------  -------------------
/opt/airflow/dags/model_sample_dags.py                           1           0  0.33s           2025-12-31T09:23:48
================================================================================
[2025-12-31T09:24:38.743+0000] {manager.py:878} INFO - 
================================================================================
DAG File Processing Stats

File Path                               PID    Runtime      # DAGs    # Errors  Last Runtime    Last Run
--------------------------------------  -----  ---------  --------  ----------  --------------  -------------------
/opt/airflow/dags/model_sample_dags.py                           1           0  0.30s           2025-12-31T09:24:18
================================================================================
[2025-12-31T09:25:09.163+0000] {manager.py:878} INFO - 
================================================================================
DAG File Processing Stats

File Path                               PID    Runtime      # DAGs    # Errors  Last Runtime    Last Run
--------------------------------------  -----  ---------  --------  ----------  --------------  -------------------
/opt/airflow/dags/model_sample_dags.py                           1           0  0.30s           2025-12-31T09:24:49
================================================================================
[2025-12-31T09:25:39.795+0000] {manager.py:878} INFO - 
================================================================================
DAG File Processing Stats

File Path                               PID    Runtime      # DAGs    # Errors  Last Runtime    Last Run
--------------------------------------  -----  ---------  --------  ----------  --------------  -------------------
/opt/airflow/dags/model_sample_dags.py                           1           0  0.36s           2025-12-31T09:25:19
================================================================================
[2025-12-31T09:26:10.135+0000] {manager.py:878} INFO - 
================================================================================
DAG File Processing Stats

File Path                               PID    Runtime      # DAGs    # Errors  Last Runtime    Last Run
--------------------------------------  -----  ---------  --------  ----------  --------------  -------------------
/opt/airflow/dags/model_sample_dags.py                           1           0  0.85s           2025-12-31T09:25:50
================================================================================
[2025-12-31T09:26:40.696+0000] {manager.py:878} INFO - 
================================================================================
DAG File Processing Stats

File Path                               PID    Runtime      # DAGs    # Errors  Last Runtime    Last Run
--------------------------------------  -----  ---------  --------  ----------  --------------  -------------------
/opt/airflow/dags/model_sample_dags.py                           1           0  0.31s           2025-12-31T09:26:21
================================================================================
[2025-12-31T09:27:11.185+0000] {manager.py:878} INFO - 
================================================================================
DAG File Processing Stats

File Path                               PID    Runtime      # DAGs    # Errors  Last Runtime    Last Run
--------------------------------------  -----  ---------  --------  ----------  --------------  -------------------
/opt/airflow/dags/model_sample_dags.py                           1           0  0.36s           2025-12-31T09:26:52
================================================================================
[2025-12-31T09:27:40.784+0000] {manager.py:737} INFO - Searching for files in /opt/airflow/dags
[2025-12-31T09:27:40.863+0000] {manager.py:740} INFO - There are 1 files in /opt/airflow/dags
[2025-12-31T09:27:41.904+0000] {manager.py:878} INFO - 
================================================================================
DAG File Processing Stats

File Path                               PID    Runtime      # DAGs    # Errors  Last Runtime    Last Run
--------------------------------------  -----  ---------  --------  ----------  --------------  -------------------
/opt/airflow/dags/model_sample_dags.py                           1           0  0.37s           2025-12-31T09:27:22
================================================================================
[2025-12-31T09:28:12.321+0000] {manager.py:878} INFO - 
================================================================================
DAG File Processing Stats

File Path                               PID    Runtime      # DAGs    # Errors  Last Runtime    Last Run
--------------------------------------  -----  ---------  --------  ----------  --------------  -------------------
/opt/airflow/dags/model_sample_dags.py                           1           0  0.25s           2025-12-31T09:27:53
================================================================================
[2025-12-31T09:28:42.903+0000] {manager.py:878} INFO - 
================================================================================
DAG File Processing Stats

File Path                               PID    Runtime      # DAGs    # Errors  Last Runtime    Last Run
--------------------------------------  -----  ---------  --------  ----------  --------------  -------------------
/opt/airflow/dags/model_sample_dags.py                           1           0  0.24s           2025-12-31T09:28:23
================================================================================
[2025-12-31T09:29:13.395+0000] {manager.py:878} INFO - 
================================================================================
DAG File Processing Stats

File Path                               PID    Runtime      # DAGs    # Errors  Last Runtime    Last Run
--------------------------------------  -----  ---------  --------  ----------  --------------  -------------------
/opt/airflow/dags/model_sample_dags.py                           1           0  0.42s           2025-12-31T09:28:54
================================================================================
[2025-12-31T09:29:44.105+0000] {manager.py:878} INFO - 
================================================================================
DAG File Processing Stats

File Path                               PID    Runtime      # DAGs    # Errors  Last Runtime    Last Run
--------------------------------------  -----  ---------  --------  ----------  --------------  -------------------
/opt/airflow/dags/model_sample_dags.py                           1           0  0.32s           2025-12-31T09:29:24
================================================================================
[2025-12-31T09:30:14.561+0000] {manager.py:878} INFO - 
================================================================================
DAG File Processing Stats

File Path                               PID    Runtime      # DAGs    # Errors  Last Runtime    Last Run
--------------------------------------  -----  ---------  --------  ----------  --------------  -------------------
/opt/airflow/dags/model_sample_dags.py                           1           0  0.24s           2025-12-31T09:29:55
================================================================================
[2025-12-31T09:30:45.133+0000] {manager.py:878} INFO - 
================================================================================
DAG File Processing Stats

File Path                               PID    Runtime      # DAGs    # Errors  Last Runtime    Last Run
--------------------------------------  -----  ---------  --------  ----------  --------------  -------------------
/opt/airflow/dags/model_sample_dags.py                           1           0  0.32s           2025-12-31T09:30:26
================================================================================
[2025-12-31T09:31:15.644+0000] {manager.py:878} INFO - 
================================================================================
DAG File Processing Stats

File Path                               PID    Runtime      # DAGs    # Errors  Last Runtime    Last Run
--------------------------------------  -----  ---------  --------  ----------  --------------  -------------------
/opt/airflow/dags/model_sample_dags.py                           1           0  0.28s           2025-12-31T09:30:56
================================================================================
[2025-12-31T09:31:46.145+0000] {manager.py:878} INFO - 
================================================================================
DAG File Processing Stats

File Path                               PID    Runtime      # DAGs    # Errors  Last Runtime    Last Run
--------------------------------------  -----  ---------  --------  ----------  --------------  -------------------
/opt/airflow/dags/model_sample_dags.py                           1           0  0.39s           2025-12-31T09:31:27
================================================================================
[2025-12-31T09:32:16.784+0000] {manager.py:878} INFO - 
================================================================================
DAG File Processing Stats

File Path                               PID    Runtime      # DAGs    # Errors  Last Runtime    Last Run
--------------------------------------  -----  ---------  --------  ----------  --------------  -------------------
/opt/airflow/dags/model_sample_dags.py                           1           0  0.30s           2025-12-31T09:31:57
================================================================================
[2025-12-31T09:32:41.107+0000] {manager.py:737} INFO - Searching for files in /opt/airflow/dags
[2025-12-31T09:32:41.187+0000] {manager.py:740} INFO - There are 1 files in /opt/airflow/dags
[2025-12-31T09:32:47.295+0000] {manager.py:878} INFO - 
================================================================================
DAG File Processing Stats

File Path                               PID    Runtime      # DAGs    # Errors  Last Runtime    Last Run
--------------------------------------  -----  ---------  --------  ----------  --------------  -------------------
/opt/airflow/dags/model_sample_dags.py                           1           0  0.31s           2025-12-31T09:32:28
================================================================================
[2025-12-31T09:33:17.830+0000] {manager.py:878} INFO - 
================================================================================
DAG File Processing Stats

File Path                               PID    Runtime      # DAGs    # Errors  Last Runtime    Last Run
--------------------------------------  -----  ---------  --------  ----------  --------------  -------------------
/opt/airflow/dags/model_sample_dags.py                           1           0  0.37s           2025-12-31T09:32:58
================================================================================
[2025-12-31T09:33:48.436+0000] {manager.py:878} INFO - 
================================================================================
DAG File Processing Stats

File Path                               PID    Runtime      # DAGs    # Errors  Last Runtime    Last Run
--------------------------------------  -----  ---------  --------  ----------  --------------  -------------------
/opt/airflow/dags/model_sample_dags.py                           1           0  0.29s           2025-12-31T09:33:29
================================================================================
[2025-12-31T09:34:18.910+0000] {manager.py:878} INFO - 
================================================================================
DAG File Processing Stats

File Path                               PID    Runtime      # DAGs    # Errors  Last Runtime    Last Run
--------------------------------------  -----  ---------  --------  ----------  --------------  -------------------
/opt/airflow/dags/model_sample_dags.py                           1           0  0.32s           2025-12-31T09:33:59
================================================================================
[2025-12-31T09:34:49.629+0000] {manager.py:878} INFO - 
================================================================================
DAG File Processing Stats

File Path                               PID    Runtime      # DAGs    # Errors  Last Runtime    Last Run
--------------------------------------  -----  ---------  --------  ----------  --------------  -------------------
/opt/airflow/dags/model_sample_dags.py                           1           0  0.40s           2025-12-31T09:34:30
================================================================================
[2025-12-31T09:35:20.038+0000] {manager.py:878} INFO - 
================================================================================
DAG File Processing Stats

File Path                               PID    Runtime      # DAGs    # Errors  Last Runtime    Last Run
--------------------------------------  -----  ---------  --------  ----------  --------------  -------------------
/opt/airflow/dags/model_sample_dags.py                           1           0  0.29s           2025-12-31T09:35:01
================================================================================
[2025-12-31T09:35:50.684+0000] {manager.py:878} INFO - 
================================================================================
DAG File Processing Stats

File Path                               PID    Runtime      # DAGs    # Errors  Last Runtime    Last Run
--------------------------------------  -----  ---------  --------  ----------  --------------  -------------------
/opt/airflow/dags/model_sample_dags.py                           1           0  0.38s           2025-12-31T09:35:31
================================================================================
[2025-12-31T09:36:21.185+0000] {manager.py:878} INFO - 
================================================================================
DAG File Processing Stats

File Path                               PID    Runtime      # DAGs    # Errors  Last Runtime    Last Run
--------------------------------------  -----  ---------  --------  ----------  --------------  -------------------
/opt/airflow/dags/model_sample_dags.py                           1           0  0.33s           2025-12-31T09:36:02
================================================================================
[2025-12-31T09:36:51.786+0000] {manager.py:878} INFO - 
================================================================================
DAG File Processing Stats

File Path                               PID    Runtime      # DAGs    # Errors  Last Runtime    Last Run
--------------------------------------  -----  ---------  --------  ----------  --------------  -------------------
/opt/airflow/dags/model_sample_dags.py                           1           0  0.42s           2025-12-31T09:36:32
================================================================================
[2025-12-31T09:37:22.327+0000] {manager.py:878} INFO - 
================================================================================
DAG File Processing Stats

File Path                               PID    Runtime      # DAGs    # Errors  Last Runtime    Last Run
--------------------------------------  -----  ---------  --------  ----------  --------------  -------------------
/opt/airflow/dags/model_sample_dags.py                           1           0  0.43s           2025-12-31T09:37:03
================================================================================
[2025-12-31T09:37:41.863+0000] {manager.py:737} INFO - Searching for files in /opt/airflow/dags
[2025-12-31T09:37:41.990+0000] {manager.py:740} INFO - There are 1 files in /opt/airflow/dags
[2025-12-31T09:37:53.138+0000] {manager.py:878} INFO - 
================================================================================
DAG File Processing Stats

File Path                               PID    Runtime      # DAGs    # Errors  Last Runtime    Last Run
--------------------------------------  -----  ---------  --------  ----------  --------------  -------------------
/opt/airflow/dags/model_sample_dags.py                           1           0  0.33s           2025-12-31T09:37:33
================================================================================
[2025-12-31T09:38:23.531+0000] {manager.py:878} INFO - 
================================================================================
DAG File Processing Stats

File Path                               PID    Runtime      # DAGs    # Errors  Last Runtime    Last Run
--------------------------------------  -----  ---------  --------  ----------  --------------  -------------------
/opt/airflow/dags/model_sample_dags.py                           1           0  0.42s           2025-12-31T09:38:04
================================================================================
[2025-12-31T09:38:53.657+0000] {manager.py:878} INFO - 
================================================================================
DAG File Processing Stats

File Path                               PID    Runtime      # DAGs    # Errors  Last Runtime    Last Run
--------------------------------------  -----  ---------  --------  ----------  --------------  -------------------
/opt/airflow/dags/model_sample_dags.py                           1           0  0.34s           2025-12-31T09:38:35
================================================================================
[2025-12-31T09:39:24.080+0000] {manager.py:878} INFO - 
================================================================================
DAG File Processing Stats

File Path                               PID    Runtime      # DAGs    # Errors  Last Runtime    Last Run
--------------------------------------  -----  ---------  --------  ----------  --------------  -------------------
/opt/airflow/dags/model_sample_dags.py                           1           0  0.42s           2025-12-31T09:39:05
================================================================================
[2025-12-31T09:39:54.513+0000] {manager.py:878} INFO - 
================================================================================
DAG File Processing Stats

File Path                               PID    Runtime      # DAGs    # Errors  Last Runtime    Last Run
--------------------------------------  -----  ---------  --------  ----------  --------------  -------------------
/opt/airflow/dags/model_sample_dags.py                           1           0  0.32s           2025-12-31T09:39:36
================================================================================
[2025-12-31T09:40:25.122+0000] {manager.py:878} INFO - 
================================================================================
DAG File Processing Stats

File Path                               PID    Runtime      # DAGs    # Errors  Last Runtime    Last Run
--------------------------------------  -----  ---------  --------  ----------  --------------  -------------------
/opt/airflow/dags/model_sample_dags.py                           1           0  0.29s           2025-12-31T09:40:07
================================================================================
[2025-12-31T09:40:55.639+0000] {manager.py:878} INFO - 
================================================================================
DAG File Processing Stats

File Path                               PID    Runtime      # DAGs    # Errors  Last Runtime    Last Run
--------------------------------------  -----  ---------  --------  ----------  --------------  -------------------
/opt/airflow/dags/model_sample_dags.py                           1           0  0.42s           2025-12-31T09:40:37
================================================================================
[2025-12-31T09:41:26.360+0000] {manager.py:878} INFO - 
================================================================================
DAG File Processing Stats

File Path                               PID    Runtime      # DAGs    # Errors  Last Runtime    Last Run
--------------------------------------  -----  ---------  --------  ----------  --------------  -------------------
/opt/airflow/dags/model_sample_dags.py                           1           0  0.34s           2025-12-31T09:41:08
================================================================================
[2025-12-31T09:41:56.820+0000] {manager.py:878} INFO - 
================================================================================
DAG File Processing Stats

File Path                               PID    Runtime      # DAGs    # Errors  Last Runtime    Last Run
--------------------------------------  -----  ---------  --------  ----------  --------------  -------------------
/opt/airflow/dags/model_sample_dags.py                           1           0  0.30s           2025-12-31T09:41:38
================================================================================
[2025-12-31T09:42:27.447+0000] {manager.py:878} INFO - 
================================================================================
DAG File Processing Stats

File Path                               PID    Runtime      # DAGs    # Errors  Last Runtime    Last Run
--------------------------------------  -----  ---------  --------  ----------  --------------  -------------------
/opt/airflow/dags/model_sample_dags.py                           1           0  0.42s           2025-12-31T09:42:09
================================================================================
[2025-12-31T09:42:42.097+0000] {manager.py:737} INFO - Searching for files in /opt/airflow/dags
[2025-12-31T09:42:42.226+0000] {manager.py:740} INFO - There are 1 files in /opt/airflow/dags
[2025-12-31T09:42:58.010+0000] {manager.py:878} INFO - 
================================================================================
DAG File Processing Stats

File Path                               PID    Runtime      # DAGs    # Errors  Last Runtime    Last Run
--------------------------------------  -----  ---------  --------  ----------  --------------  -------------------
/opt/airflow/dags/model_sample_dags.py                           1           0  0.40s           2025-12-31T09:42:40
================================================================================
[2025-12-31T09:43:28.795+0000] {manager.py:878} INFO - 
================================================================================
DAG File Processing Stats

File Path                               PID    Runtime      # DAGs    # Errors  Last Runtime    Last Run
--------------------------------------  -----  ---------  --------  ----------  --------------  -------------------
/opt/airflow/dags/model_sample_dags.py                           1           0  0.42s           2025-12-31T09:43:10
================================================================================
[2025-12-31T09:43:59.248+0000] {manager.py:878} INFO - 
================================================================================
DAG File Processing Stats

File Path                               PID    Runtime      # DAGs    # Errors  Last Runtime    Last Run
--------------------------------------  -----  ---------  --------  ----------  --------------  -------------------
/opt/airflow/dags/model_sample_dags.py                           1           0  0.39s           2025-12-31T09:43:41
================================================================================
[2025-12-31T09:44:29.964+0000] {manager.py:878} INFO - 
================================================================================
DAG File Processing Stats

File Path                               PID    Runtime      # DAGs    # Errors  Last Runtime    Last Run
--------------------------------------  -----  ---------  --------  ----------  --------------  -------------------
/opt/airflow/dags/model_sample_dags.py                           1           0  0.38s           2025-12-31T09:44:11
================================================================================
[2025-12-31T09:45:00.394+0000] {manager.py:878} INFO - 
================================================================================
DAG File Processing Stats

File Path                               PID    Runtime      # DAGs    # Errors  Last Runtime    Last Run
--------------------------------------  -----  ---------  --------  ----------  --------------  -------------------
/opt/airflow/dags/model_sample_dags.py                           1           0  0.37s           2025-12-31T09:44:42
================================================================================
[2025-12-31T09:45:31.112+0000] {manager.py:878} INFO - 
================================================================================
DAG File Processing Stats

File Path                               PID    Runtime      # DAGs    # Errors  Last Runtime    Last Run
--------------------------------------  -----  ---------  --------  ----------  --------------  -------------------
/opt/airflow/dags/model_sample_dags.py                           1           0  0.45s           2025-12-31T09:45:13
================================================================================
[2025-12-31T09:46:01.669+0000] {manager.py:878} INFO - 
================================================================================
DAG File Processing Stats

File Path                               PID    Runtime      # DAGs    # Errors  Last Runtime    Last Run
--------------------------------------  -----  ---------  --------  ----------  --------------  -------------------
/opt/airflow/dags/model_sample_dags.py                           1           0  0.39s           2025-12-31T09:45:43
================================================================================
[2025-12-31T09:46:32.332+0000] {manager.py:878} INFO - 
================================================================================
DAG File Processing Stats

File Path                               PID    Runtime      # DAGs    # Errors  Last Runtime    Last Run
--------------------------------------  -----  ---------  --------  ----------  --------------  -------------------
/opt/airflow/dags/model_sample_dags.py                           1           0  0.41s           2025-12-31T09:46:14
================================================================================
[2025-12-31T09:47:02.897+0000] {manager.py:878} INFO - 
================================================================================
DAG File Processing Stats

File Path                               PID    Runtime      # DAGs    # Errors  Last Runtime    Last Run
--------------------------------------  -----  ---------  --------  ----------  --------------  -------------------
/opt/airflow/dags/model_sample_dags.py                           1           0  0.25s           2025-12-31T09:46:44
================================================================================
[2025-12-31T09:47:33.378+0000] {manager.py:878} INFO - 
================================================================================
DAG File Processing Stats

File Path                               PID    Runtime      # DAGs    # Errors  Last Runtime    Last Run
--------------------------------------  -----  ---------  --------  ----------  --------------  -------------------
/opt/airflow/dags/model_sample_dags.py                           1           0  0.35s           2025-12-31T09:47:15
================================================================================
[2025-12-31T09:47:42.518+0000] {manager.py:737} INFO - Searching for files in /opt/airflow/dags
[2025-12-31T09:47:42.600+0000] {manager.py:740} INFO - There are 1 files in /opt/airflow/dags
[2025-12-31T09:48:04.062+0000] {manager.py:878} INFO - 
================================================================================
DAG File Processing Stats

File Path                               PID    Runtime      # DAGs    # Errors  Last Runtime    Last Run
--------------------------------------  -----  ---------  --------  ----------  --------------  -------------------
/opt/airflow/dags/model_sample_dags.py                           1           0  0.36s           2025-12-31T09:47:46
================================================================================
[2025-12-31T09:48:34.641+0000] {manager.py:878} INFO - 
================================================================================
DAG File Processing Stats

File Path                               PID    Runtime      # DAGs    # Errors  Last Runtime    Last Run
--------------------------------------  -----  ---------  --------  ----------  --------------  -------------------
/opt/airflow/dags/model_sample_dags.py                           1           0  0.37s           2025-12-31T09:48:16
================================================================================
[2025-12-31T09:49:05.229+0000] {manager.py:878} INFO - 
================================================================================
DAG File Processing Stats

File Path                               PID    Runtime      # DAGs    # Errors  Last Runtime    Last Run
--------------------------------------  -----  ---------  --------  ----------  --------------  -------------------
/opt/airflow/dags/model_sample_dags.py                           1           0  0.32s           2025-12-31T09:48:47
================================================================================
[2025-12-31T09:49:35.739+0000] {manager.py:878} INFO - 
================================================================================
DAG File Processing Stats

File Path                               PID    Runtime      # DAGs    # Errors  Last Runtime    Last Run
--------------------------------------  -----  ---------  --------  ----------  --------------  -------------------
/opt/airflow/dags/model_sample_dags.py                           1           0  0.25s           2025-12-31T09:49:17
================================================================================
[2025-12-31T09:50:06.207+0000] {manager.py:878} INFO - 
================================================================================
DAG File Processing Stats

File Path                               PID    Runtime      # DAGs    # Errors  Last Runtime    Last Run
--------------------------------------  -----  ---------  --------  ----------  --------------  -------------------
/opt/airflow/dags/model_sample_dags.py                           1           0  0.27s           2025-12-31T09:49:48
================================================================================
[2025-12-31T09:50:36.766+0000] {manager.py:878} INFO - 
================================================================================
DAG File Processing Stats

File Path                               PID    Runtime      # DAGs    # Errors  Last Runtime    Last Run
--------------------------------------  -----  ---------  --------  ----------  --------------  -------------------
/opt/airflow/dags/model_sample_dags.py                           1           0  0.33s           2025-12-31T09:50:18
================================================================================
[2025-12-31T09:51:07.326+0000] {manager.py:878} INFO - 
================================================================================
DAG File Processing Stats

File Path                               PID    Runtime      # DAGs    # Errors  Last Runtime    Last Run
--------------------------------------  -----  ---------  --------  ----------  --------------  -------------------
/opt/airflow/dags/model_sample_dags.py                           1           0  0.33s           2025-12-31T09:50:49
================================================================================
[2025-12-31T09:51:37.853+0000] {manager.py:878} INFO - 
================================================================================
DAG File Processing Stats

File Path                               PID    Runtime      # DAGs    # Errors  Last Runtime    Last Run
--------------------------------------  -----  ---------  --------  ----------  --------------  -------------------
/opt/airflow/dags/model_sample_dags.py                           1           0  0.34s           2025-12-31T09:51:19
================================================================================
[2025-12-31T09:52:08.346+0000] {manager.py:878} INFO - 
================================================================================
DAG File Processing Stats

File Path                               PID    Runtime      # DAGs    # Errors  Last Runtime    Last Run
--------------------------------------  -----  ---------  --------  ----------  --------------  -------------------
/opt/airflow/dags/model_sample_dags.py                           1           0  0.24s           2025-12-31T09:51:50
================================================================================
[2025-12-31T09:52:38.819+0000] {manager.py:878} INFO - 
================================================================================
DAG File Processing Stats

File Path                               PID    Runtime      # DAGs    # Errors  Last Runtime    Last Run
--------------------------------------  -----  ---------  --------  ----------  --------------  -------------------
/opt/airflow/dags/model_sample_dags.py                           1           0  0.30s           2025-12-31T09:52:20
================================================================================
[2025-12-31T09:52:42.868+0000] {manager.py:737} INFO - Searching for files in /opt/airflow/dags
[2025-12-31T09:52:42.959+0000] {manager.py:740} INFO - There are 1 files in /opt/airflow/dags
[2025-12-31T09:53:09.389+0000] {manager.py:878} INFO - 
================================================================================
DAG File Processing Stats

File Path                               PID    Runtime      # DAGs    # Errors  Last Runtime    Last Run
--------------------------------------  -----  ---------  --------  ----------  --------------  -------------------
/opt/airflow/dags/model_sample_dags.py                           1           0  0.46s           2025-12-31T09:52:51
================================================================================
[2025-12-31T09:53:39.456+0000] {manager.py:878} INFO - 
================================================================================
DAG File Processing Stats

File Path                               PID    Runtime      # DAGs    # Errors  Last Runtime    Last Run
--------------------------------------  -----  ---------  --------  ----------  --------------  -------------------
/opt/airflow/dags/model_sample_dags.py                           1           0  0.26s           2025-12-31T09:53:22
================================================================================
[2025-12-31T09:54:09.821+0000] {manager.py:878} INFO - 
================================================================================
DAG File Processing Stats

File Path                               PID    Runtime      # DAGs    # Errors  Last Runtime    Last Run
--------------------------------------  -----  ---------  --------  ----------  --------------  -------------------
/opt/airflow/dags/model_sample_dags.py                           1           0  0.35s           2025-12-31T09:53:52
================================================================================
[2025-12-31T09:54:40.222+0000] {manager.py:878} INFO - 
================================================================================
DAG File Processing Stats

File Path                               PID    Runtime      # DAGs    # Errors  Last Runtime    Last Run
--------------------------------------  -----  ---------  --------  ----------  --------------  -------------------
/opt/airflow/dags/model_sample_dags.py                           1           0  0.28s           2025-12-31T09:54:23
================================================================================
[2025-12-31T09:55:10.841+0000] {manager.py:878} INFO - 
================================================================================
DAG File Processing Stats

File Path                               PID    Runtime      # DAGs    # Errors  Last Runtime    Last Run
--------------------------------------  -----  ---------  --------  ----------  --------------  -------------------
/opt/airflow/dags/model_sample_dags.py                           1           0  0.25s           2025-12-31T09:54:53
================================================================================
[2025-12-31T09:55:41.213+0000] {manager.py:878} INFO - 
================================================================================
DAG File Processing Stats

File Path                               PID    Runtime      # DAGs    # Errors  Last Runtime    Last Run
--------------------------------------  -----  ---------  --------  ----------  --------------  -------------------
/opt/airflow/dags/model_sample_dags.py                           1           0  0.26s           2025-12-31T09:55:24
================================================================================
[2025-12-31T09:56:11.789+0000] {manager.py:878} INFO - 
================================================================================
DAG File Processing Stats

File Path                               PID    Runtime      # DAGs    # Errors  Last Runtime    Last Run
--------------------------------------  -----  ---------  --------  ----------  --------------  -------------------
/opt/airflow/dags/model_sample_dags.py                           1           0  0.28s           2025-12-31T09:55:54
================================================================================
[2025-12-31T09:56:42.182+0000] {manager.py:878} INFO - 
================================================================================
DAG File Processing Stats

File Path                               PID    Runtime      # DAGs    # Errors  Last Runtime    Last Run
--------------------------------------  -----  ---------  --------  ----------  --------------  -------------------
/opt/airflow/dags/model_sample_dags.py                           1           0  0.24s           2025-12-31T09:56:25
================================================================================
[2025-12-31T09:57:12.740+0000] {manager.py:878} INFO - 
================================================================================
DAG File Processing Stats

File Path                               PID    Runtime      # DAGs    # Errors  Last Runtime    Last Run
--------------------------------------  -----  ---------  --------  ----------  --------------  -------------------
/opt/airflow/dags/model_sample_dags.py                           1           0  0.25s           2025-12-31T09:56:55
================================================================================
[2025-12-31T09:57:43.129+0000] {manager.py:737} INFO - Searching for files in /opt/airflow/dags
[2025-12-31T09:57:43.219+0000] {manager.py:740} INFO - There are 1 files in /opt/airflow/dags
[2025-12-31T09:57:43.262+0000] {manager.py:878} INFO - 
================================================================================
DAG File Processing Stats

File Path                               PID    Runtime      # DAGs    # Errors  Last Runtime    Last Run
--------------------------------------  -----  ---------  --------  ----------  --------------  -------------------
/opt/airflow/dags/model_sample_dags.py                           1           0  0.26s           2025-12-31T09:57:26
================================================================================
[2025-12-31T09:58:13.757+0000] {manager.py:878} INFO - 
================================================================================
DAG File Processing Stats

File Path                               PID    Runtime      # DAGs    # Errors  Last Runtime    Last Run
--------------------------------------  -----  ---------  --------  ----------  --------------  -------------------
/opt/airflow/dags/model_sample_dags.py                           1           0  0.34s           2025-12-31T09:57:56
================================================================================
[2025-12-31T09:58:44.404+0000] {manager.py:878} INFO - 
================================================================================
DAG File Processing Stats

File Path                               PID    Runtime      # DAGs    # Errors  Last Runtime    Last Run
--------------------------------------  -----  ---------  --------  ----------  --------------  -------------------
/opt/airflow/dags/model_sample_dags.py                           1           0  0.40s           2025-12-31T09:58:27
================================================================================
[2025-12-31T09:59:15.017+0000] {manager.py:878} INFO - 
================================================================================
DAG File Processing Stats

File Path                               PID    Runtime      # DAGs    # Errors  Last Runtime    Last Run
--------------------------------------  -----  ---------  --------  ----------  --------------  -------------------
/opt/airflow/dags/model_sample_dags.py                           1           0  0.41s           2025-12-31T09:58:58
================================================================================
[2025-12-31T09:59:45.612+0000] {manager.py:878} INFO - 
================================================================================
DAG File Processing Stats

File Path                               PID    Runtime      # DAGs    # Errors  Last Runtime    Last Run
--------------------------------------  -----  ---------  --------  ----------  --------------  -------------------
/opt/airflow/dags/model_sample_dags.py                           1           0  0.26s           2025-12-31T09:59:28
================================================================================
[2025-12-31T10:00:16.044+0000] {manager.py:878} INFO - 
================================================================================
DAG File Processing Stats

File Path                               PID    Runtime      # DAGs    # Errors  Last Runtime    Last Run
--------------------------------------  -----  ---------  --------  ----------  --------------  -------------------
/opt/airflow/dags/model_sample_dags.py                           1           0  0.27s           2025-12-31T09:59:59
================================================================================
[2025-12-31T10:00:46.643+0000] {manager.py:878} INFO - 
================================================================================
DAG File Processing Stats

File Path                               PID    Runtime      # DAGs    # Errors  Last Runtime    Last Run
--------------------------------------  -----  ---------  --------  ----------  --------------  -------------------
/opt/airflow/dags/model_sample_dags.py                           1           0  0.39s           2025-12-31T10:00:29
================================================================================
[2025-12-31T10:01:17.225+0000] {manager.py:878} INFO - 
================================================================================
DAG File Processing Stats

File Path                               PID    Runtime      # DAGs    # Errors  Last Runtime    Last Run
--------------------------------------  -----  ---------  --------  ----------  --------------  -------------------
/opt/airflow/dags/model_sample_dags.py                           1           0  0.29s           2025-12-31T10:01:00
================================================================================
[2025-12-31T10:01:47.720+0000] {manager.py:878} INFO - 
================================================================================
DAG File Processing Stats

File Path                               PID    Runtime      # DAGs    # Errors  Last Runtime    Last Run
--------------------------------------  -----  ---------  --------  ----------  --------------  -------------------
/opt/airflow/dags/model_sample_dags.py                           1           0  0.35s           2025-12-31T10:01:30
================================================================================
[2025-12-31T10:02:18.397+0000] {manager.py:878} INFO - 
================================================================================
DAG File Processing Stats

File Path                               PID    Runtime      # DAGs    # Errors  Last Runtime    Last Run
--------------------------------------  -----  ---------  --------  ----------  --------------  -------------------
/opt/airflow/dags/model_sample_dags.py                           1           0  0.40s           2025-12-31T10:02:01
================================================================================
[2025-12-31T10:02:43.226+0000] {manager.py:737} INFO - Searching for files in /opt/airflow/dags
[2025-12-31T10:02:43.282+0000] {manager.py:740} INFO - There are 1 files in /opt/airflow/dags
[2025-12-31T10:02:48.944+0000] {manager.py:878} INFO - 
================================================================================
DAG File Processing Stats

File Path                               PID    Runtime      # DAGs    # Errors  Last Runtime    Last Run
--------------------------------------  -----  ---------  --------  ----------  --------------  -------------------
/opt/airflow/dags/model_sample_dags.py                           1           0  0.49s           2025-12-31T10:02:32
================================================================================
[2025-12-31T10:03:19.799+0000] {manager.py:878} INFO - 
================================================================================
DAG File Processing Stats

File Path                               PID    Runtime      # DAGs    # Errors  Last Runtime    Last Run
--------------------------------------  -----  ---------  --------  ----------  --------------  -------------------
/opt/airflow/dags/model_sample_dags.py                           1           0  0.45s           2025-12-31T10:03:02
================================================================================
[2025-12-31T10:03:50.263+0000] {manager.py:878} INFO - 
================================================================================
DAG File Processing Stats

File Path                               PID    Runtime      # DAGs    # Errors  Last Runtime    Last Run
--------------------------------------  -----  ---------  --------  ----------  --------------  -------------------
/opt/airflow/dags/model_sample_dags.py                           1           0  0.36s           2025-12-31T10:03:33
================================================================================
[2025-12-31T10:04:20.977+0000] {manager.py:878} INFO - 
================================================================================
DAG File Processing Stats

File Path                               PID    Runtime      # DAGs    # Errors  Last Runtime    Last Run
--------------------------------------  -----  ---------  --------  ----------  --------------  -------------------
/opt/airflow/dags/model_sample_dags.py                           1           0  0.43s           2025-12-31T10:04:03
================================================================================
[2025-12-31T10:04:51.460+0000] {manager.py:878} INFO - 
================================================================================
DAG File Processing Stats

File Path                               PID    Runtime      # DAGs    # Errors  Last Runtime    Last Run
--------------------------------------  -----  ---------  --------  ----------  --------------  -------------------
/opt/airflow/dags/model_sample_dags.py                           1           0  0.40s           2025-12-31T10:04:34
================================================================================
[2025-12-31T10:05:22.235+0000] {manager.py:878} INFO - 
================================================================================
DAG File Processing Stats

File Path                               PID    Runtime      # DAGs    # Errors  Last Runtime    Last Run
--------------------------------------  -----  ---------  --------  ----------  --------------  -------------------
/opt/airflow/dags/model_sample_dags.py                           1           0  0.44s           2025-12-31T10:05:05
================================================================================
[2025-12-31T10:05:52.724+0000] {manager.py:878} INFO - 
================================================================================
DAG File Processing Stats

File Path                               PID    Runtime      # DAGs    # Errors  Last Runtime    Last Run
--------------------------------------  -----  ---------  --------  ----------  --------------  -------------------
/opt/airflow/dags/model_sample_dags.py                           1           0  0.38s           2025-12-31T10:05:35
================================================================================
[2025-12-31T10:06:23.115+0000] {manager.py:878} INFO - 
================================================================================
DAG File Processing Stats

File Path                               PID    Runtime      # DAGs    # Errors  Last Runtime    Last Run
--------------------------------------  -----  ---------  --------  ----------  --------------  -------------------
/opt/airflow/dags/model_sample_dags.py                           1           0  0.27s           2025-12-31T10:06:06
================================================================================
[2025-12-31T10:06:53.753+0000] {manager.py:878} INFO - 
================================================================================
DAG File Processing Stats

File Path                               PID    Runtime      # DAGs    # Errors  Last Runtime    Last Run
--------------------------------------  -----  ---------  --------  ----------  --------------  -------------------
/opt/airflow/dags/model_sample_dags.py                           1           0  0.30s           2025-12-31T10:06:36
================================================================================
[2025-12-31T10:07:24.221+0000] {manager.py:878} INFO - 
================================================================================
DAG File Processing Stats

File Path                               PID    Runtime      # DAGs    # Errors  Last Runtime    Last Run
--------------------------------------  -----  ---------  --------  ----------  --------------  -------------------
/opt/airflow/dags/model_sample_dags.py                           1           0  0.36s           2025-12-31T10:07:07
================================================================================
[2025-12-31T10:07:43.802+0000] {manager.py:737} INFO - Searching for files in /opt/airflow/dags
[2025-12-31T10:07:43.877+0000] {manager.py:740} INFO - There are 1 files in /opt/airflow/dags
[2025-12-31T10:07:55.036+0000] {manager.py:878} INFO - 
================================================================================
DAG File Processing Stats

File Path                               PID    Runtime      # DAGs    # Errors  Last Runtime    Last Run
--------------------------------------  -----  ---------  --------  ----------  --------------  -------------------
/opt/airflow/dags/model_sample_dags.py                           1           0  0.31s           2025-12-31T10:07:37
================================================================================
[2025-12-31T10:08:25.484+0000] {manager.py:878} INFO - 
================================================================================
DAG File Processing Stats

File Path                               PID    Runtime      # DAGs    # Errors  Last Runtime    Last Run
--------------------------------------  -----  ---------  --------  ----------  --------------  -------------------
/opt/airflow/dags/model_sample_dags.py                           1           0  0.41s           2025-12-31T10:08:08
================================================================================
[2025-12-31T10:08:56.208+0000] {manager.py:878} INFO - 
================================================================================
DAG File Processing Stats

File Path                               PID    Runtime      # DAGs    # Errors  Last Runtime    Last Run
--------------------------------------  -----  ---------  --------  ----------  --------------  -------------------
/opt/airflow/dags/model_sample_dags.py                           1           0  0.36s           2025-12-31T10:08:39
================================================================================
[2025-12-31T10:09:26.655+0000] {manager.py:878} INFO - 
================================================================================
DAG File Processing Stats

File Path                               PID    Runtime      # DAGs    # Errors  Last Runtime    Last Run
--------------------------------------  -----  ---------  --------  ----------  --------------  -------------------
/opt/airflow/dags/model_sample_dags.py                           1           0  0.39s           2025-12-31T10:09:09
================================================================================
[2025-12-31T10:09:57.415+0000] {manager.py:878} INFO - 
================================================================================
DAG File Processing Stats

File Path                               PID    Runtime      # DAGs    # Errors  Last Runtime    Last Run
--------------------------------------  -----  ---------  --------  ----------  --------------  -------------------
/opt/airflow/dags/model_sample_dags.py                           1           0  0.38s           2025-12-31T10:09:40
================================================================================
[2025-12-31T10:10:27.882+0000] {manager.py:878} INFO - 
================================================================================
DAG File Processing Stats

File Path                               PID    Runtime      # DAGs    # Errors  Last Runtime    Last Run
--------------------------------------  -----  ---------  --------  ----------  --------------  -------------------
/opt/airflow/dags/model_sample_dags.py                           1           0  0.40s           2025-12-31T10:10:11
================================================================================
[2025-12-31T10:10:58.224+0000] {manager.py:878} INFO - 
================================================================================
DAG File Processing Stats

File Path                               PID    Runtime      # DAGs    # Errors  Last Runtime    Last Run
--------------------------------------  -----  ---------  --------  ----------  --------------  -------------------
/opt/airflow/dags/model_sample_dags.py                           1           0  0.54s           2025-12-31T10:10:42
================================================================================
[2025-12-31T10:11:29.079+0000] {manager.py:878} INFO - 
================================================================================
DAG File Processing Stats

File Path                               PID    Runtime      # DAGs    # Errors  Last Runtime    Last Run
--------------------------------------  -----  ---------  --------  ----------  --------------  -------------------
/opt/airflow/dags/model_sample_dags.py                           1           0  0.43s           2025-12-31T10:11:12
================================================================================
[2025-12-31T10:11:59.533+0000] {manager.py:878} INFO - 
================================================================================
DAG File Processing Stats

File Path                               PID    Runtime      # DAGs    # Errors  Last Runtime    Last Run
--------------------------------------  -----  ---------  --------  ----------  --------------  -------------------
/opt/airflow/dags/model_sample_dags.py                           1           0  0.35s           2025-12-31T10:11:43
================================================================================
[2025-12-31T10:12:30.277+0000] {manager.py:878} INFO - 
================================================================================
DAG File Processing Stats

File Path                               PID    Runtime      # DAGs    # Errors  Last Runtime    Last Run
--------------------------------------  -----  ---------  --------  ----------  --------------  -------------------
/opt/airflow/dags/model_sample_dags.py                           1           0  0.39s           2025-12-31T10:12:14
================================================================================
[2025-12-31T10:12:44.497+0000] {manager.py:737} INFO - Searching for files in /opt/airflow/dags
[2025-12-31T10:12:44.575+0000] {manager.py:740} INFO - There are 1 files in /opt/airflow/dags
[2025-12-31T10:13:00.876+0000] {manager.py:878} INFO - 
================================================================================
DAG File Processing Stats

File Path                               PID    Runtime      # DAGs    # Errors  Last Runtime    Last Run
--------------------------------------  -----  ---------  --------  ----------  --------------  -------------------
/opt/airflow/dags/model_sample_dags.py                           1           0  0.37s           2025-12-31T10:12:45
================================================================================
[2025-12-31T10:13:31.602+0000] {manager.py:878} INFO - 
================================================================================
DAG File Processing Stats

File Path                               PID    Runtime      # DAGs    # Errors  Last Runtime    Last Run
--------------------------------------  -----  ---------  --------  ----------  --------------  -------------------
/opt/airflow/dags/model_sample_dags.py                           1           0  0.34s           2025-12-31T10:13:15
================================================================================
[2025-12-31T10:14:02.033+0000] {manager.py:878} INFO - 
================================================================================
DAG File Processing Stats

File Path                               PID    Runtime      # DAGs    # Errors  Last Runtime    Last Run
--------------------------------------  -----  ---------  --------  ----------  --------------  -------------------
/opt/airflow/dags/model_sample_dags.py                           1           0  0.33s           2025-12-31T10:13:46
================================================================================
[2025-12-31T10:14:32.719+0000] {manager.py:878} INFO - 
================================================================================
DAG File Processing Stats

File Path                               PID    Runtime      # DAGs    # Errors  Last Runtime    Last Run
--------------------------------------  -----  ---------  --------  ----------  --------------  -------------------
/opt/airflow/dags/model_sample_dags.py                           1           0  0.36s           2025-12-31T10:14:16
================================================================================
[2025-12-31T10:15:03.210+0000] {manager.py:878} INFO - 
================================================================================
DAG File Processing Stats

File Path                               PID    Runtime      # DAGs    # Errors  Last Runtime    Last Run
--------------------------------------  -----  ---------  --------  ----------  --------------  -------------------
/opt/airflow/dags/model_sample_dags.py                           1           0  0.34s           2025-12-31T10:14:47
================================================================================
[2025-12-31T10:15:33.893+0000] {manager.py:878} INFO - 
================================================================================
DAG File Processing Stats

File Path                               PID    Runtime      # DAGs    # Errors  Last Runtime    Last Run
--------------------------------------  -----  ---------  --------  ----------  --------------  -------------------
/opt/airflow/dags/model_sample_dags.py                           1           0  0.38s           2025-12-31T10:15:17
================================================================================
[2025-12-31T10:16:04.378+0000] {manager.py:878} INFO - 
================================================================================
DAG File Processing Stats

File Path                               PID    Runtime      # DAGs    # Errors  Last Runtime    Last Run
--------------------------------------  -----  ---------  --------  ----------  --------------  -------------------
/opt/airflow/dags/model_sample_dags.py                           1           0  0.37s           2025-12-31T10:15:48
================================================================================
[2025-12-31T10:16:35.102+0000] {manager.py:878} INFO - 
================================================================================
DAG File Processing Stats

File Path                               PID    Runtime      # DAGs    # Errors  Last Runtime    Last Run
--------------------------------------  -----  ---------  --------  ----------  --------------  -------------------
/opt/airflow/dags/model_sample_dags.py                           1           0  0.31s           2025-12-31T10:16:18
================================================================================
[2025-12-31T10:17:05.581+0000] {manager.py:878} INFO - 
================================================================================
DAG File Processing Stats

File Path                               PID    Runtime      # DAGs    # Errors  Last Runtime    Last Run
--------------------------------------  -----  ---------  --------  ----------  --------------  -------------------
/opt/airflow/dags/model_sample_dags.py                           1           0  0.28s           2025-12-31T10:16:49
================================================================================
[2025-12-31T10:17:36.192+0000] {manager.py:878} INFO - 
================================================================================
DAG File Processing Stats

File Path                               PID    Runtime      # DAGs    # Errors  Last Runtime    Last Run
--------------------------------------  -----  ---------  --------  ----------  --------------  -------------------
/opt/airflow/dags/model_sample_dags.py                           1           0  0.38s           2025-12-31T10:17:20
================================================================================
[2025-12-31T10:17:45.342+0000] {manager.py:737} INFO - Searching for files in /opt/airflow/dags
[2025-12-31T10:17:45.415+0000] {manager.py:740} INFO - There are 1 files in /opt/airflow/dags
[2025-12-31T10:18:06.740+0000] {manager.py:878} INFO - 
================================================================================
DAG File Processing Stats

File Path                               PID    Runtime      # DAGs    # Errors  Last Runtime    Last Run
--------------------------------------  -----  ---------  --------  ----------  --------------  -------------------
/opt/airflow/dags/model_sample_dags.py                           1           0  0.30s           2025-12-31T10:17:50
================================================================================
[2025-12-31T10:18:37.398+0000] {manager.py:878} INFO - 
================================================================================
DAG File Processing Stats

File Path                               PID    Runtime      # DAGs    # Errors  Last Runtime    Last Run
--------------------------------------  -----  ---------  --------  ----------  --------------  -------------------
/opt/airflow/dags/model_sample_dags.py                           1           0  0.41s           2025-12-31T10:18:21
================================================================================
[2025-12-31T10:19:07.973+0000] {manager.py:878} INFO - 
================================================================================
DAG File Processing Stats

File Path                               PID    Runtime      # DAGs    # Errors  Last Runtime    Last Run
--------------------------------------  -----  ---------  --------  ----------  --------------  -------------------
/opt/airflow/dags/model_sample_dags.py                           1           0  0.26s           2025-12-31T10:18:51
================================================================================
[2025-12-31T10:19:38.449+0000] {manager.py:878} INFO - 
================================================================================
DAG File Processing Stats

File Path                               PID    Runtime      # DAGs    # Errors  Last Runtime    Last Run
--------------------------------------  -----  ---------  --------  ----------  --------------  -------------------
/opt/airflow/dags/model_sample_dags.py                           1           0  0.60s           2025-12-31T10:19:22
================================================================================
[2025-12-31T10:20:08.774+0000] {manager.py:878} INFO - 
================================================================================
DAG File Processing Stats

File Path                               PID    Runtime      # DAGs    # Errors  Last Runtime    Last Run
--------------------------------------  -----  ---------  --------  ----------  --------------  -------------------
/opt/airflow/dags/model_sample_dags.py                           1           0  0.35s           2025-12-31T10:19:53
================================================================================
[2025-12-31T10:20:39.191+0000] {manager.py:878} INFO - 
================================================================================
DAG File Processing Stats

File Path                               PID    Runtime      # DAGs    # Errors  Last Runtime    Last Run
--------------------------------------  -----  ---------  --------  ----------  --------------  -------------------
/opt/airflow/dags/model_sample_dags.py                           1           0  0.37s           2025-12-31T10:20:24
================================================================================
[2025-12-31T10:21:09.660+0000] {manager.py:878} INFO - 
================================================================================
DAG File Processing Stats

File Path                               PID    Runtime      # DAGs    # Errors  Last Runtime    Last Run
--------------------------------------  -----  ---------  --------  ----------  --------------  -------------------
/opt/airflow/dags/model_sample_dags.py                           1           0  0.39s           2025-12-31T10:20:54
================================================================================
[2025-12-31T10:21:40.427+0000] {manager.py:878} INFO - 
================================================================================
DAG File Processing Stats

File Path                               PID    Runtime      # DAGs    # Errors  Last Runtime    Last Run
--------------------------------------  -----  ---------  --------  ----------  --------------  -------------------
/opt/airflow/dags/model_sample_dags.py                           1           0  0.41s           2025-12-31T10:21:25
================================================================================
[2025-12-31T10:22:11.054+0000] {manager.py:878} INFO - 
================================================================================
DAG File Processing Stats

File Path                               PID    Runtime      # DAGs    # Errors  Last Runtime    Last Run
--------------------------------------  -----  ---------  --------  ----------  --------------  -------------------
/opt/airflow/dags/model_sample_dags.py                           1           0  0.45s           2025-12-31T10:21:56
================================================================================
[2025-12-31T10:22:41.741+0000] {manager.py:878} INFO - 
================================================================================
DAG File Processing Stats

File Path                               PID    Runtime      # DAGs    # Errors  Last Runtime    Last Run
--------------------------------------  -----  ---------  --------  ----------  --------------  -------------------
/opt/airflow/dags/model_sample_dags.py                           1           0  0.42s           2025-12-31T10:22:26
================================================================================
[2025-12-31T10:22:45.800+0000] {manager.py:737} INFO - Searching for files in /opt/airflow/dags
[2025-12-31T10:22:45.911+0000] {manager.py:740} INFO - There are 1 files in /opt/airflow/dags
[2025-12-31T10:23:12.361+0000] {manager.py:878} INFO - 
================================================================================
DAG File Processing Stats

File Path                               PID    Runtime      # DAGs    # Errors  Last Runtime    Last Run
--------------------------------------  -----  ---------  --------  ----------  --------------  -------------------
/opt/airflow/dags/model_sample_dags.py                           1           0  0.34s           2025-12-31T10:22:57
================================================================================
[2025-12-31T10:23:42.794+0000] {manager.py:878} INFO - 
================================================================================
DAG File Processing Stats

File Path                               PID    Runtime      # DAGs    # Errors  Last Runtime    Last Run
--------------------------------------  -----  ---------  --------  ----------  --------------  -------------------
/opt/airflow/dags/model_sample_dags.py                           1           0  0.25s           2025-12-31T10:23:27
================================================================================
[2025-12-31T10:24:13.434+0000] {manager.py:878} INFO - 
================================================================================
DAG File Processing Stats

File Path                               PID    Runtime      # DAGs    # Errors  Last Runtime    Last Run
--------------------------------------  -----  ---------  --------  ----------  --------------  -------------------
/opt/airflow/dags/model_sample_dags.py                           1           0  0.27s           2025-12-31T10:23:58
================================================================================
[2025-12-31T10:24:43.851+0000] {manager.py:878} INFO - 
================================================================================
DAG File Processing Stats

File Path                               PID    Runtime      # DAGs    # Errors  Last Runtime    Last Run
--------------------------------------  -----  ---------  --------  ----------  --------------  -------------------
/opt/airflow/dags/model_sample_dags.py                           1           0  0.31s           2025-12-31T10:24:28
================================================================================
[2025-12-31T10:25:14.516+0000] {manager.py:878} INFO - 
================================================================================
DAG File Processing Stats

File Path                               PID    Runtime      # DAGs    # Errors  Last Runtime    Last Run
--------------------------------------  -----  ---------  --------  ----------  --------------  -------------------
/opt/airflow/dags/model_sample_dags.py                           1           0  0.31s           2025-12-31T10:24:59
================================================================================
[2025-12-31T10:25:45.022+0000] {manager.py:878} INFO - 
================================================================================
DAG File Processing Stats

File Path                               PID    Runtime      # DAGs    # Errors  Last Runtime    Last Run
--------------------------------------  -----  ---------  --------  ----------  --------------  -------------------
/opt/airflow/dags/model_sample_dags.py                           1           0  0.50s           2025-12-31T10:25:30
================================================================================
[2025-12-31T10:26:15.192+0000] {manager.py:878} INFO - 
================================================================================
DAG File Processing Stats

File Path                               PID    Runtime      # DAGs    # Errors  Last Runtime    Last Run
--------------------------------------  -----  ---------  --------  ----------  --------------  -------------------
/opt/airflow/dags/model_sample_dags.py                           1           0  0.31s           2025-12-31T10:26:00
================================================================================
[2025-12-31T10:26:45.596+0000] {manager.py:878} INFO - 
================================================================================
DAG File Processing Stats

File Path                               PID    Runtime      # DAGs    # Errors  Last Runtime    Last Run
--------------------------------------  -----  ---------  --------  ----------  --------------  -------------------
/opt/airflow/dags/model_sample_dags.py                           1           0  0.37s           2025-12-31T10:26:31
================================================================================
[2025-12-31T10:27:16.089+0000] {manager.py:878} INFO - 
================================================================================
DAG File Processing Stats

File Path                               PID    Runtime      # DAGs    # Errors  Last Runtime    Last Run
--------------------------------------  -----  ---------  --------  ----------  --------------  -------------------
/opt/airflow/dags/model_sample_dags.py                           1           0  0.36s           2025-12-31T10:27:02
================================================================================
[2025-12-31T10:27:45.909+0000] {manager.py:737} INFO - Searching for files in /opt/airflow/dags
[2025-12-31T10:27:45.993+0000] {manager.py:740} INFO - There are 1 files in /opt/airflow/dags
[2025-12-31T10:27:46.784+0000] {manager.py:878} INFO - 
================================================================================
DAG File Processing Stats

File Path                               PID    Runtime      # DAGs    # Errors  Last Runtime    Last Run
--------------------------------------  -----  ---------  --------  ----------  --------------  -------------------
/opt/airflow/dags/model_sample_dags.py                           1           0  0.37s           2025-12-31T10:27:32
================================================================================
[2025-12-31T10:28:17.464+0000] {manager.py:878} INFO - 
================================================================================
DAG File Processing Stats

File Path                               PID    Runtime      # DAGs    # Errors  Last Runtime    Last Run
--------------------------------------  -----  ---------  --------  ----------  --------------  -------------------
/opt/airflow/dags/model_sample_dags.py                           1           0  0.38s           2025-12-31T10:28:03
================================================================================
[2025-12-31T10:28:47.994+0000] {manager.py:878} INFO - 
================================================================================
DAG File Processing Stats

File Path                               PID    Runtime      # DAGs    # Errors  Last Runtime    Last Run
--------------------------------------  -----  ---------  --------  ----------  --------------  -------------------
/opt/airflow/dags/model_sample_dags.py                           1           0  0.27s           2025-12-31T10:28:33
================================================================================
[2025-12-31T10:29:18.492+0000] {manager.py:878} INFO - 
================================================================================
DAG File Processing Stats

File Path                               PID    Runtime      # DAGs    # Errors  Last Runtime    Last Run
--------------------------------------  -----  ---------  --------  ----------  --------------  -------------------
/opt/airflow/dags/model_sample_dags.py                           1           0  0.38s           2025-12-31T10:29:04
================================================================================
[2025-12-31T10:29:49.137+0000] {manager.py:878} INFO - 
================================================================================
DAG File Processing Stats

File Path                               PID    Runtime      # DAGs    # Errors  Last Runtime    Last Run
--------------------------------------  -----  ---------  --------  ----------  --------------  -------------------
/opt/airflow/dags/model_sample_dags.py                           1           0  0.32s           2025-12-31T10:29:35
================================================================================
[2025-12-31T10:30:19.654+0000] {manager.py:878} INFO - 
================================================================================
DAG File Processing Stats

File Path                               PID    Runtime      # DAGs    # Errors  Last Runtime    Last Run
--------------------------------------  -----  ---------  --------  ----------  --------------  -------------------
/opt/airflow/dags/model_sample_dags.py                           1           0  0.44s           2025-12-31T10:30:05
================================================================================
[2025-12-31T10:30:50.464+0000] {manager.py:878} INFO - 
================================================================================
DAG File Processing Stats

File Path                               PID    Runtime      # DAGs    # Errors  Last Runtime    Last Run
--------------------------------------  -----  ---------  --------  ----------  --------------  -------------------
/opt/airflow/dags/model_sample_dags.py                           1           0  0.40s           2025-12-31T10:30:36
================================================================================
[2025-12-31T10:31:20.896+0000] {manager.py:878} INFO - 
================================================================================
DAG File Processing Stats

File Path                               PID    Runtime      # DAGs    # Errors  Last Runtime    Last Run
--------------------------------------  -----  ---------  --------  ----------  --------------  -------------------
/opt/airflow/dags/model_sample_dags.py                           1           0  0.26s           2025-12-31T10:31:06
================================================================================
[2026-01-01T17:52:04.322+0000] {manager.py:470} INFO - Processing files using up to 2 processes at a time 
[2026-01-01T17:52:04.327+0000] {manager.py:471} INFO - Process each file at most once every 30 seconds
[2026-01-01T17:52:04.331+0000] {manager.py:472} INFO - Checking for new files in /opt/airflow/dags every 300 seconds
[2026-01-01T17:52:04.336+0000] {manager.py:737} INFO - Searching for files in /opt/airflow/dags
[2026-01-01T17:52:04.518+0000] {manager.py:740} INFO - There are 1 files in /opt/airflow/dags
[2026-01-01T17:52:05.014+0000] {manager.py:878} INFO - 
================================================================================
DAG File Processing Stats

File Path                                 PID  Runtime      # DAGs    # Errors  Last Runtime    Last Run
--------------------------------------  -----  ---------  --------  ----------  --------------  ----------
/opt/airflow/dags/model_sample_dags.py    168  0.14s             0           0
================================================================================
[2026-01-01T17:52:35.174+0000] {manager.py:878} INFO - 
================================================================================
DAG File Processing Stats

File Path                               PID    Runtime      # DAGs    # Errors  Last Runtime    Last Run
--------------------------------------  -----  ---------  --------  ----------  --------------  -------------------
/opt/airflow/dags/model_sample_dags.py                           1           0  0.77s           2026-01-01T17:52:05
================================================================================
[2026-01-01T17:53:06.761+0000] {manager.py:878} INFO - 
================================================================================
DAG File Processing Stats

File Path                               PID    Runtime      # DAGs    # Errors  Last Runtime    Last Run
--------------------------------------  -----  ---------  --------  ----------  --------------  -------------------
/opt/airflow/dags/model_sample_dags.py                           1           0  0.78s           2026-01-01T17:52:37
================================================================================
[2026-01-01T17:53:37.812+0000] {manager.py:878} INFO - 
================================================================================
DAG File Processing Stats

File Path                               PID    Runtime      # DAGs    # Errors  Last Runtime    Last Run
--------------------------------------  -----  ---------  --------  ----------  --------------  -------------------
/opt/airflow/dags/model_sample_dags.py                           1           0  0.72s           2026-01-01T17:53:08
================================================================================
[2026-01-01T17:54:09.394+0000] {manager.py:878} INFO - 
================================================================================
DAG File Processing Stats

File Path                                 PID  Runtime      # DAGs    # Errors  Last Runtime    Last Run
--------------------------------------  -----  ---------  --------  ----------  --------------  -------------------
/opt/airflow/dags/model_sample_dags.py    188  0.02s             1           0  0.42s           2026-01-01T17:53:39
================================================================================
[2026-01-01T17:54:40.640+0000] {manager.py:878} INFO - 
================================================================================
DAG File Processing Stats

File Path                                 PID  Runtime      # DAGs    # Errors  Last Runtime    Last Run
--------------------------------------  -----  ---------  --------  ----------  --------------  -------------------
/opt/airflow/dags/model_sample_dags.py    193  0.00s             1           0  1.18s           2026-01-01T17:54:10
================================================================================
[2026-01-01T17:55:11.947+0000] {manager.py:878} INFO - 
================================================================================
DAG File Processing Stats

File Path                               PID    Runtime      # DAGs    # Errors  Last Runtime    Last Run
--------------------------------------  -----  ---------  --------  ----------  --------------  -------------------
/opt/airflow/dags/model_sample_dags.py                           1           0  0.28s           2026-01-01T17:55:11
================================================================================
[2026-01-01T17:55:43.334+0000] {manager.py:878} INFO - 
================================================================================
DAG File Processing Stats

File Path                               PID    Runtime      # DAGs    # Errors  Last Runtime    Last Run
--------------------------------------  -----  ---------  --------  ----------  --------------  -------------------
/opt/airflow/dags/model_sample_dags.py                           1           0  0.20s           2026-01-01T17:55:41
================================================================================
[2026-01-01T17:56:14.703+0000] {manager.py:878} INFO - 
================================================================================
DAG File Processing Stats

File Path                               PID    Runtime      # DAGs    # Errors  Last Runtime    Last Run
--------------------------------------  -----  ---------  --------  ----------  --------------  -------------------
/opt/airflow/dags/model_sample_dags.py                           1           0  0.24s           2026-01-01T17:56:11
================================================================================
[2026-01-01T17:56:46.884+0000] {manager.py:878} INFO - 
================================================================================
DAG File Processing Stats

File Path                               PID    Runtime      # DAGs    # Errors  Last Runtime    Last Run
--------------------------------------  -----  ---------  --------  ----------  --------------  -------------------
/opt/airflow/dags/model_sample_dags.py                           1           0  0.22s           2026-01-01T17:56:42
================================================================================
[2026-01-01T17:57:05.079+0000] {manager.py:737} INFO - Searching for files in /opt/airflow/dags
[2026-01-01T17:57:05.179+0000] {manager.py:740} INFO - There are 1 files in /opt/airflow/dags
[2026-01-01T17:57:18.168+0000] {manager.py:878} INFO - 
================================================================================
DAG File Processing Stats

File Path                               PID    Runtime      # DAGs    # Errors  Last Runtime    Last Run
--------------------------------------  -----  ---------  --------  ----------  --------------  -------------------
/opt/airflow/dags/model_sample_dags.py                           1           0  0.16s           2026-01-01T17:57:12
================================================================================
[2026-01-01T17:57:49.431+0000] {manager.py:878} INFO - 
================================================================================
DAG File Processing Stats

File Path                               PID    Runtime      # DAGs    # Errors  Last Runtime    Last Run
--------------------------------------  -----  ---------  --------  ----------  --------------  -------------------
/opt/airflow/dags/model_sample_dags.py                           1           0  0.18s           2026-01-01T17:57:42
================================================================================
[2026-01-01T17:58:20.718+0000] {manager.py:878} INFO - 
================================================================================
DAG File Processing Stats

File Path                               PID    Runtime      # DAGs    # Errors  Last Runtime    Last Run
--------------------------------------  -----  ---------  --------  ----------  --------------  -------------------
/opt/airflow/dags/model_sample_dags.py                           1           0  0.19s           2026-01-01T17:58:13
================================================================================
[2026-01-01T17:58:52.035+0000] {manager.py:878} INFO - 
================================================================================
DAG File Processing Stats

File Path                               PID    Runtime      # DAGs    # Errors  Last Runtime    Last Run
--------------------------------------  -----  ---------  --------  ----------  --------------  -------------------
/opt/airflow/dags/model_sample_dags.py                           1           0  0.15s           2026-01-01T17:58:43
================================================================================
[2026-01-01T17:59:23.384+0000] {manager.py:878} INFO - 
================================================================================
DAG File Processing Stats

File Path                               PID    Runtime      # DAGs    # Errors  Last Runtime    Last Run
--------------------------------------  -----  ---------  --------  ----------  --------------  -------------------
/opt/airflow/dags/model_sample_dags.py                           1           0  0.26s           2026-01-01T17:59:13
================================================================================
[2026-01-01T17:59:54.798+0000] {manager.py:878} INFO - 
================================================================================
DAG File Processing Stats

File Path                               PID    Runtime      # DAGs    # Errors  Last Runtime    Last Run
--------------------------------------  -----  ---------  --------  ----------  --------------  -------------------
/opt/airflow/dags/model_sample_dags.py                           1           0  0.21s           2026-01-01T17:59:44
================================================================================
[2026-01-01T18:00:26.282+0000] {manager.py:878} INFO - 
================================================================================
DAG File Processing Stats

File Path                               PID    Runtime      # DAGs    # Errors  Last Runtime    Last Run
--------------------------------------  -----  ---------  --------  ----------  --------------  -------------------
/opt/airflow/dags/model_sample_dags.py                           1           0  0.31s           2026-01-01T18:00:14
================================================================================
[2026-01-01T18:00:57.658+0000] {manager.py:878} INFO - 
================================================================================
DAG File Processing Stats

File Path                               PID    Runtime      # DAGs    # Errors  Last Runtime    Last Run
--------------------------------------  -----  ---------  --------  ----------  --------------  -------------------
/opt/airflow/dags/model_sample_dags.py                           1           0  0.21s           2026-01-01T18:00:44
================================================================================
[2026-01-01T18:01:29.179+0000] {manager.py:878} INFO - 
================================================================================
DAG File Processing Stats

File Path                               PID    Runtime      # DAGs    # Errors  Last Runtime    Last Run
--------------------------------------  -----  ---------  --------  ----------  --------------  -------------------
/opt/airflow/dags/model_sample_dags.py                           1           0  0.15s           2026-01-01T18:01:15
================================================================================
[2026-01-01T18:02:00.627+0000] {manager.py:878} INFO - 
================================================================================
DAG File Processing Stats

File Path                               PID    Runtime      # DAGs    # Errors  Last Runtime    Last Run
--------------------------------------  -----  ---------  --------  ----------  --------------  -------------------
/opt/airflow/dags/model_sample_dags.py                           1           0  0.17s           2026-01-01T18:01:45
================================================================================
[2026-01-01T18:02:05.674+0000] {manager.py:737} INFO - Searching for files in /opt/airflow/dags
[2026-01-01T18:02:05.783+0000] {manager.py:740} INFO - There are 1 files in /opt/airflow/dags
[2026-01-01T18:02:31.965+0000] {manager.py:878} INFO - 
================================================================================
DAG File Processing Stats

File Path                               PID    Runtime      # DAGs    # Errors  Last Runtime    Last Run
--------------------------------------  -----  ---------  --------  ----------  --------------  -------------------
/opt/airflow/dags/model_sample_dags.py                           1           0  0.21s           2026-01-01T18:02:16
================================================================================
[2026-01-01T18:03:03.446+0000] {manager.py:878} INFO - 
================================================================================
DAG File Processing Stats

File Path                               PID    Runtime      # DAGs    # Errors  Last Runtime    Last Run
--------------------------------------  -----  ---------  --------  ----------  --------------  -------------------
/opt/airflow/dags/model_sample_dags.py                           1           0  0.18s           2026-01-01T18:02:46
================================================================================
[2026-01-01T18:03:34.780+0000] {manager.py:878} INFO - 
================================================================================
DAG File Processing Stats

File Path                               PID    Runtime      # DAGs    # Errors  Last Runtime    Last Run
--------------------------------------  -----  ---------  --------  ----------  --------------  -------------------
/opt/airflow/dags/model_sample_dags.py                           1           0  0.23s           2026-01-01T18:03:16
================================================================================
[2026-01-01T18:04:06.098+0000] {manager.py:878} INFO - 
================================================================================
DAG File Processing Stats

File Path                               PID    Runtime      # DAGs    # Errors  Last Runtime    Last Run
--------------------------------------  -----  ---------  --------  ----------  --------------  -------------------
/opt/airflow/dags/model_sample_dags.py                           1           0  0.19s           2026-01-01T18:03:47
================================================================================
[2026-01-01T18:04:37.388+0000] {manager.py:878} INFO - 
================================================================================
DAG File Processing Stats

File Path                               PID    Runtime      # DAGs    # Errors  Last Runtime    Last Run
--------------------------------------  -----  ---------  --------  ----------  --------------  -------------------
/opt/airflow/dags/model_sample_dags.py                           1           0  0.28s           2026-01-01T18:04:17
================================================================================
[2026-01-01T18:05:09.024+0000] {manager.py:878} INFO - 
================================================================================
DAG File Processing Stats

File Path                               PID    Runtime      # DAGs    # Errors  Last Runtime    Last Run
--------------------------------------  -----  ---------  --------  ----------  --------------  -------------------
/opt/airflow/dags/model_sample_dags.py                           1           0  0.22s           2026-01-01T18:04:46
================================================================================
[2026-01-01T18:05:40.411+0000] {manager.py:878} INFO - 
================================================================================
DAG File Processing Stats

File Path                               PID    Runtime      # DAGs    # Errors  Last Runtime    Last Run
--------------------------------------  -----  ---------  --------  ----------  --------------  -------------------
/opt/airflow/dags/model_sample_dags.py                           1           0  0.26s           2026-01-01T18:05:17
================================================================================
[2026-01-01T18:06:11.723+0000] {manager.py:878} INFO - 
================================================================================
DAG File Processing Stats

File Path                               PID    Runtime      # DAGs    # Errors  Last Runtime    Last Run
--------------------------------------  -----  ---------  --------  ----------  --------------  -------------------
/opt/airflow/dags/model_sample_dags.py                           1           0  0.20s           2026-01-01T18:05:47
================================================================================
[2026-01-01T18:06:43.096+0000] {manager.py:878} INFO - 
================================================================================
DAG File Processing Stats

File Path                               PID    Runtime      # DAGs    # Errors  Last Runtime    Last Run
--------------------------------------  -----  ---------  --------  ----------  --------------  -------------------
/opt/airflow/dags/model_sample_dags.py                           1           0  0.24s           2026-01-01T18:06:18
================================================================================
[2026-01-01T18:07:06.452+0000] {manager.py:737} INFO - Searching for files in /opt/airflow/dags
[2026-01-01T18:07:06.504+0000] {manager.py:740} INFO - There are 1 files in /opt/airflow/dags
[2026-01-01T18:07:14.608+0000] {manager.py:878} INFO - 
================================================================================
DAG File Processing Stats

File Path                               PID    Runtime      # DAGs    # Errors  Last Runtime    Last Run
--------------------------------------  -----  ---------  --------  ----------  --------------  -------------------
/opt/airflow/dags/model_sample_dags.py                           1           0  0.19s           2026-01-01T18:06:48
================================================================================
[2026-01-01T18:07:46.168+0000] {manager.py:878} INFO - 
================================================================================
DAG File Processing Stats

File Path                               PID    Runtime      # DAGs    # Errors  Last Runtime    Last Run
--------------------------------------  -----  ---------  --------  ----------  --------------  -------------------
/opt/airflow/dags/model_sample_dags.py                           1           0  0.25s           2026-01-01T18:07:18
================================================================================
[2026-01-01T18:08:17.755+0000] {manager.py:878} INFO - 
================================================================================
DAG File Processing Stats

File Path                               PID    Runtime      # DAGs    # Errors  Last Runtime    Last Run
--------------------------------------  -----  ---------  --------  ----------  --------------  -------------------
/opt/airflow/dags/model_sample_dags.py                           1           0  0.22s           2026-01-01T18:07:49
================================================================================
[2026-01-01T18:08:49.098+0000] {manager.py:878} INFO - 
================================================================================
DAG File Processing Stats

File Path                               PID    Runtime      # DAGs    # Errors  Last Runtime    Last Run
--------------------------------------  -----  ---------  --------  ----------  --------------  -------------------
/opt/airflow/dags/model_sample_dags.py                           1           0  0.26s           2026-01-01T18:08:20
================================================================================
[2026-01-01T18:09:20.495+0000] {manager.py:878} INFO - 
================================================================================
DAG File Processing Stats

File Path                                 PID  Runtime      # DAGs    # Errors  Last Runtime    Last Run
--------------------------------------  -----  ---------  --------  ----------  --------------  -------------------
/opt/airflow/dags/model_sample_dags.py    366  0.01s             1           0  0.21s           2026-01-01T18:08:50
================================================================================
[2026-01-01T18:09:52.107+0000] {manager.py:878} INFO - 
================================================================================
DAG File Processing Stats

File Path                               PID    Runtime      # DAGs    # Errors  Last Runtime    Last Run
--------------------------------------  -----  ---------  --------  ----------  --------------  -------------------
/opt/airflow/dags/model_sample_dags.py                           1           0  0.21s           2026-01-01T18:09:51
================================================================================
[2026-01-01T18:10:23.558+0000] {manager.py:878} INFO - 
================================================================================
DAG File Processing Stats

File Path                               PID    Runtime      # DAGs    # Errors  Last Runtime    Last Run
--------------------------------------  -----  ---------  --------  ----------  --------------  -------------------
/opt/airflow/dags/model_sample_dags.py                           1           0  0.20s           2026-01-01T18:10:21
================================================================================
[2026-01-01T18:10:55.055+0000] {manager.py:878} INFO - 
================================================================================
DAG File Processing Stats

File Path                               PID    Runtime      # DAGs    # Errors  Last Runtime    Last Run
--------------------------------------  -----  ---------  --------  ----------  --------------  -------------------
/opt/airflow/dags/model_sample_dags.py                           1           0  0.18s           2026-01-01T18:10:52
================================================================================
[2026-01-01T18:11:26.474+0000] {manager.py:878} INFO - 
================================================================================
DAG File Processing Stats

File Path                               PID    Runtime      # DAGs    # Errors  Last Runtime    Last Run
--------------------------------------  -----  ---------  --------  ----------  --------------  -------------------
/opt/airflow/dags/model_sample_dags.py                           1           0  0.23s           2026-01-01T18:11:22
================================================================================
[2026-01-01T18:11:58.001+0000] {manager.py:878} INFO - 
================================================================================
DAG File Processing Stats

File Path                               PID    Runtime      # DAGs    # Errors  Last Runtime    Last Run
--------------------------------------  -----  ---------  --------  ----------  --------------  -------------------
/opt/airflow/dags/model_sample_dags.py                           1           0  0.19s           2026-01-01T18:11:53
================================================================================
[2026-01-01T18:12:07.090+0000] {manager.py:737} INFO - Searching for files in /opt/airflow/dags
[2026-01-01T18:12:07.170+0000] {manager.py:740} INFO - There are 1 files in /opt/airflow/dags
[2026-01-01T18:12:29.512+0000] {manager.py:878} INFO - 
================================================================================
DAG File Processing Stats

File Path                               PID    Runtime      # DAGs    # Errors  Last Runtime    Last Run
--------------------------------------  -----  ---------  --------  ----------  --------------  -------------------
/opt/airflow/dags/model_sample_dags.py                           1           0  0.19s           2026-01-01T18:12:23
================================================================================
[2026-01-01T18:13:01.003+0000] {manager.py:878} INFO - 
================================================================================
DAG File Processing Stats

File Path                               PID    Runtime      # DAGs    # Errors  Last Runtime    Last Run
--------------------------------------  -----  ---------  --------  ----------  --------------  -------------------
/opt/airflow/dags/model_sample_dags.py                           1           0  0.21s           2026-01-01T18:12:53
================================================================================
[2026-01-01T18:13:32.399+0000] {manager.py:878} INFO - 
================================================================================
DAG File Processing Stats

File Path                               PID    Runtime      # DAGs    # Errors  Last Runtime    Last Run
--------------------------------------  -----  ---------  --------  ----------  --------------  -------------------
/opt/airflow/dags/model_sample_dags.py                           1           0  0.20s           2026-01-01T18:13:24
================================================================================
[2026-01-01T18:14:03.930+0000] {manager.py:878} INFO - 
================================================================================
DAG File Processing Stats

File Path                               PID    Runtime      # DAGs    # Errors  Last Runtime    Last Run
--------------------------------------  -----  ---------  --------  ----------  --------------  -------------------
/opt/airflow/dags/model_sample_dags.py                           1           0  0.21s           2026-01-01T18:13:54
================================================================================
[2026-01-01T18:14:35.370+0000] {manager.py:878} INFO - 
================================================================================
DAG File Processing Stats

File Path                               PID    Runtime      # DAGs    # Errors  Last Runtime    Last Run
--------------------------------------  -----  ---------  --------  ----------  --------------  -------------------
/opt/airflow/dags/model_sample_dags.py                           1           0  0.20s           2026-01-01T18:14:25
================================================================================
[2026-01-01T18:15:06.910+0000] {manager.py:878} INFO - 
================================================================================
DAG File Processing Stats

File Path                               PID    Runtime      # DAGs    # Errors  Last Runtime    Last Run
--------------------------------------  -----  ---------  --------  ----------  --------------  -------------------
/opt/airflow/dags/model_sample_dags.py                           1           0  0.19s           2026-01-01T18:14:55
================================================================================
[2026-01-01T18:15:38.314+0000] {manager.py:878} INFO - 
================================================================================
DAG File Processing Stats

File Path                               PID    Runtime      # DAGs    # Errors  Last Runtime    Last Run
--------------------------------------  -----  ---------  --------  ----------  --------------  -------------------
/opt/airflow/dags/model_sample_dags.py                           1           0  0.22s           2026-01-01T18:15:26
================================================================================
[2026-01-01T18:16:09.857+0000] {manager.py:878} INFO - 
================================================================================
DAG File Processing Stats

File Path                               PID    Runtime      # DAGs    # Errors  Last Runtime    Last Run
--------------------------------------  -----  ---------  --------  ----------  --------------  -------------------
/opt/airflow/dags/model_sample_dags.py                           1           0  0.20s           2026-01-01T18:15:56
================================================================================
[2026-01-01T18:16:41.315+0000] {manager.py:878} INFO - 
================================================================================
DAG File Processing Stats

File Path                               PID    Runtime      # DAGs    # Errors  Last Runtime    Last Run
--------------------------------------  -----  ---------  --------  ----------  --------------  -------------------
/opt/airflow/dags/model_sample_dags.py                           1           0  0.20s           2026-01-01T18:16:27
================================================================================
[2026-01-01T18:17:07.798+0000] {manager.py:737} INFO - Searching for files in /opt/airflow/dags
[2026-01-01T18:17:07.880+0000] {manager.py:740} INFO - There are 1 files in /opt/airflow/dags
[2026-01-01T18:17:12.964+0000] {manager.py:878} INFO - 
================================================================================
DAG File Processing Stats

File Path                               PID    Runtime      # DAGs    # Errors  Last Runtime    Last Run
--------------------------------------  -----  ---------  --------  ----------  --------------  -------------------
/opt/airflow/dags/model_sample_dags.py                           1           0  0.24s           2026-01-01T18:16:57
================================================================================
[2026-01-01T18:17:44.356+0000] {manager.py:878} INFO - 
================================================================================
DAG File Processing Stats

File Path                               PID    Runtime      # DAGs    # Errors  Last Runtime    Last Run
--------------------------------------  -----  ---------  --------  ----------  --------------  -------------------
/opt/airflow/dags/model_sample_dags.py                           1           0  0.18s           2026-01-01T18:17:28
================================================================================
[2026-01-01T18:18:15.884+0000] {manager.py:878} INFO - 
================================================================================
DAG File Processing Stats

File Path                               PID    Runtime      # DAGs    # Errors  Last Runtime    Last Run
--------------------------------------  -----  ---------  --------  ----------  --------------  -------------------
/opt/airflow/dags/model_sample_dags.py                           1           0  0.25s           2026-01-01T18:17:58
================================================================================
[2026-01-01T18:18:47.357+0000] {manager.py:878} INFO - 
================================================================================
DAG File Processing Stats

File Path                               PID    Runtime      # DAGs    # Errors  Last Runtime    Last Run
--------------------------------------  -----  ---------  --------  ----------  --------------  -------------------
/opt/airflow/dags/model_sample_dags.py                           1           0  0.21s           2026-01-01T18:18:29
================================================================================
[2026-01-01T18:19:18.858+0000] {manager.py:878} INFO - 
================================================================================
DAG File Processing Stats

File Path                               PID    Runtime      # DAGs    # Errors  Last Runtime    Last Run
--------------------------------------  -----  ---------  --------  ----------  --------------  -------------------
/opt/airflow/dags/model_sample_dags.py                           1           0  0.21s           2026-01-01T18:19:00
================================================================================
[2026-01-01T18:19:50.298+0000] {manager.py:878} INFO - 
================================================================================
DAG File Processing Stats

File Path                               PID    Runtime      # DAGs    # Errors  Last Runtime    Last Run
--------------------------------------  -----  ---------  --------  ----------  --------------  -------------------
/opt/airflow/dags/model_sample_dags.py                           1           0  0.22s           2026-01-01T18:19:31
================================================================================
[2026-01-01T18:20:21.821+0000] {manager.py:878} INFO - 
================================================================================
DAG File Processing Stats

File Path                               PID    Runtime      # DAGs    # Errors  Last Runtime    Last Run
--------------------------------------  -----  ---------  --------  ----------  --------------  -------------------
/opt/airflow/dags/model_sample_dags.py                           1           0  0.23s           2026-01-01T18:20:02
================================================================================
[2026-01-01T18:20:53.256+0000] {manager.py:878} INFO - 
================================================================================
DAG File Processing Stats

File Path                               PID    Runtime      # DAGs    # Errors  Last Runtime    Last Run
--------------------------------------  -----  ---------  --------  ----------  --------------  -------------------
/opt/airflow/dags/model_sample_dags.py                           1           0  0.21s           2026-01-01T18:20:34
================================================================================
[2026-01-01T18:21:24.749+0000] {manager.py:878} INFO - 
================================================================================
DAG File Processing Stats

File Path                               PID    Runtime      # DAGs    # Errors  Last Runtime    Last Run
--------------------------------------  -----  ---------  --------  ----------  --------------  -------------------
/opt/airflow/dags/model_sample_dags.py                           1           0  0.19s           2026-01-01T18:21:04
================================================================================
[2026-01-01T18:21:56.172+0000] {manager.py:878} INFO - 
================================================================================
DAG File Processing Stats

File Path                               PID    Runtime      # DAGs    # Errors  Last Runtime    Last Run
--------------------------------------  -----  ---------  --------  ----------  --------------  -------------------
/opt/airflow/dags/model_sample_dags.py                           1           0  0.20s           2026-01-01T18:21:36
================================================================================
[2026-01-01T18:22:08.516+0000] {manager.py:737} INFO - Searching for files in /opt/airflow/dags
[2026-01-01T18:22:08.592+0000] {manager.py:740} INFO - There are 1 files in /opt/airflow/dags
[2026-01-01T18:22:27.797+0000] {manager.py:878} INFO - 
================================================================================
DAG File Processing Stats

File Path                               PID    Runtime      # DAGs    # Errors  Last Runtime    Last Run
--------------------------------------  -----  ---------  --------  ----------  --------------  -------------------
/opt/airflow/dags/model_sample_dags.py                           1           0  0.20s           2026-01-01T18:22:06
================================================================================
[2026-01-01T18:22:59.271+0000] {manager.py:878} INFO - 
================================================================================
DAG File Processing Stats

File Path                               PID    Runtime      # DAGs    # Errors  Last Runtime    Last Run
--------------------------------------  -----  ---------  --------  ----------  --------------  -------------------
/opt/airflow/dags/model_sample_dags.py                           1           0  0.19s           2026-01-01T18:22:38
================================================================================
[2026-01-01T18:23:30.768+0000] {manager.py:878} INFO - 
================================================================================
DAG File Processing Stats

File Path                               PID    Runtime      # DAGs    # Errors  Last Runtime    Last Run
--------------------------------------  -----  ---------  --------  ----------  --------------  -------------------
/opt/airflow/dags/model_sample_dags.py                           1           0  0.20s           2026-01-01T18:23:09
================================================================================
[2026-01-01T18:24:02.234+0000] {manager.py:878} INFO - 
================================================================================
DAG File Processing Stats

File Path                               PID    Runtime      # DAGs    # Errors  Last Runtime    Last Run
--------------------------------------  -----  ---------  --------  ----------  --------------  -------------------
/opt/airflow/dags/model_sample_dags.py                           1           0  0.18s           2026-01-01T18:23:40
================================================================================
[2026-01-01T18:24:33.746+0000] {manager.py:878} INFO - 
================================================================================
DAG File Processing Stats

File Path                               PID    Runtime      # DAGs    # Errors  Last Runtime    Last Run
--------------------------------------  -----  ---------  --------  ----------  --------------  -------------------
/opt/airflow/dags/model_sample_dags.py                           1           0  0.26s           2026-01-01T18:24:11
================================================================================
[2026-01-01T18:25:05.313+0000] {manager.py:878} INFO - 
================================================================================
DAG File Processing Stats

File Path                               PID    Runtime      # DAGs    # Errors  Last Runtime    Last Run
--------------------------------------  -----  ---------  --------  ----------  --------------  -------------------
/opt/airflow/dags/model_sample_dags.py                           1           0  0.23s           2026-01-01T18:24:42
================================================================================
[2026-01-01T18:25:36.761+0000] {manager.py:878} INFO - 
================================================================================
DAG File Processing Stats

File Path                               PID    Runtime      # DAGs    # Errors  Last Runtime    Last Run
--------------------------------------  -----  ---------  --------  ----------  --------------  -------------------
/opt/airflow/dags/model_sample_dags.py                           1           0  0.20s           2026-01-01T18:25:13
================================================================================
[2026-01-01T18:26:08.260+0000] {manager.py:878} INFO - 
================================================================================
DAG File Processing Stats

File Path                               PID    Runtime      # DAGs    # Errors  Last Runtime    Last Run
--------------------------------------  -----  ---------  --------  ----------  --------------  -------------------
/opt/airflow/dags/model_sample_dags.py                           1           0  0.22s           2026-01-01T18:25:44
================================================================================
[2026-01-01T18:26:39.809+0000] {manager.py:878} INFO - 
================================================================================
DAG File Processing Stats

File Path                               PID    Runtime      # DAGs    # Errors  Last Runtime    Last Run
--------------------------------------  -----  ---------  --------  ----------  --------------  -------------------
/opt/airflow/dags/model_sample_dags.py                           1           0  0.19s           2026-01-01T18:26:15
================================================================================
[2026-01-01T18:27:09.193+0000] {manager.py:737} INFO - Searching for files in /opt/airflow/dags
[2026-01-01T18:27:09.280+0000] {manager.py:740} INFO - There are 1 files in /opt/airflow/dags
[2026-01-01T18:27:11.324+0000] {manager.py:878} INFO - 
================================================================================
DAG File Processing Stats

File Path                               PID    Runtime      # DAGs    # Errors  Last Runtime    Last Run
--------------------------------------  -----  ---------  --------  ----------  --------------  -------------------
/opt/airflow/dags/model_sample_dags.py                           1           0  0.19s           2026-01-01T18:26:47
================================================================================
[2026-01-01T18:27:42.762+0000] {manager.py:878} INFO - 
================================================================================
DAG File Processing Stats

File Path                               PID    Runtime      # DAGs    # Errors  Last Runtime    Last Run
--------------------------------------  -----  ---------  --------  ----------  --------------  -------------------
/opt/airflow/dags/model_sample_dags.py                           1           0  0.20s           2026-01-01T18:27:17
================================================================================
[2026-01-01T18:28:14.252+0000] {manager.py:878} INFO - 
================================================================================
DAG File Processing Stats

File Path                               PID    Runtime      # DAGs    # Errors  Last Runtime    Last Run
--------------------------------------  -----  ---------  --------  ----------  --------------  -------------------
/opt/airflow/dags/model_sample_dags.py                           1           0  0.18s           2026-01-01T18:27:49
================================================================================
[2026-01-01T18:28:45.654+0000] {manager.py:878} INFO - 
================================================================================
DAG File Processing Stats

File Path                               PID    Runtime      # DAGs    # Errors  Last Runtime    Last Run
--------------------------------------  -----  ---------  --------  ----------  --------------  -------------------
/opt/airflow/dags/model_sample_dags.py                           1           0  0.23s           2026-01-01T18:28:19
================================================================================
[2026-01-01T18:29:17.197+0000] {manager.py:878} INFO - 
================================================================================
DAG File Processing Stats

File Path                               PID    Runtime      # DAGs    # Errors  Last Runtime    Last Run
--------------------------------------  -----  ---------  --------  ----------  --------------  -------------------
/opt/airflow/dags/model_sample_dags.py                           1           0  0.21s           2026-01-01T18:28:51
================================================================================
[2026-01-01T18:29:48.593+0000] {manager.py:878} INFO - 
================================================================================
DAG File Processing Stats

File Path                               PID    Runtime      # DAGs    # Errors  Last Runtime    Last Run
--------------------------------------  -----  ---------  --------  ----------  --------------  -------------------
/opt/airflow/dags/model_sample_dags.py                           1           0  0.19s           2026-01-01T18:29:22
================================================================================
[2026-01-01T18:30:20.110+0000] {manager.py:878} INFO - 
================================================================================
DAG File Processing Stats

File Path                               PID    Runtime      # DAGs    # Errors  Last Runtime    Last Run
--------------------------------------  -----  ---------  --------  ----------  --------------  -------------------
/opt/airflow/dags/model_sample_dags.py                           1           0  0.22s           2026-01-01T18:29:52
================================================================================
[2026-01-01T18:30:51.507+0000] {manager.py:878} INFO - 
================================================================================
DAG File Processing Stats

File Path                               PID    Runtime      # DAGs    # Errors  Last Runtime    Last Run
--------------------------------------  -----  ---------  --------  ----------  --------------  -------------------
/opt/airflow/dags/model_sample_dags.py                           1           0  0.23s           2026-01-01T18:30:24
================================================================================
[2026-01-01T18:31:23.057+0000] {manager.py:878} INFO - 
================================================================================
DAG File Processing Stats

File Path                               PID    Runtime      # DAGs    # Errors  Last Runtime    Last Run
--------------------------------------  -----  ---------  --------  ----------  --------------  -------------------
/opt/airflow/dags/model_sample_dags.py                           1           0  0.21s           2026-01-01T18:30:54
================================================================================
[2026-01-01T18:31:54.597+0000] {manager.py:878} INFO - 
================================================================================
DAG File Processing Stats

File Path                               PID    Runtime      # DAGs    # Errors  Last Runtime    Last Run
--------------------------------------  -----  ---------  --------  ----------  --------------  -------------------
/opt/airflow/dags/model_sample_dags.py                           1           0  0.21s           2026-01-01T18:31:26
================================================================================
[2026-01-01T18:32:09.806+0000] {manager.py:737} INFO - Searching for files in /opt/airflow/dags
[2026-01-01T18:32:09.890+0000] {manager.py:740} INFO - There are 1 files in /opt/airflow/dags
[2026-01-01T18:32:26.071+0000] {manager.py:878} INFO - 
================================================================================
DAG File Processing Stats

File Path                               PID    Runtime      # DAGs    # Errors  Last Runtime    Last Run
--------------------------------------  -----  ---------  --------  ----------  --------------  -------------------
/opt/airflow/dags/model_sample_dags.py                           1           0  0.19s           2026-01-01T18:31:57
================================================================================
[2026-01-01T18:32:57.453+0000] {manager.py:878} INFO - 
================================================================================
DAG File Processing Stats

File Path                               PID    Runtime      # DAGs    # Errors  Last Runtime    Last Run
--------------------------------------  -----  ---------  --------  ----------  --------------  -------------------
/opt/airflow/dags/model_sample_dags.py                           1           0  0.22s           2026-01-01T18:32:28
================================================================================
[2026-01-01T18:33:30.094+0000] {manager.py:878} INFO - 
================================================================================
DAG File Processing Stats

File Path                                 PID  Runtime      # DAGs    # Errors  Last Runtime    Last Run
--------------------------------------  -----  ---------  --------  ----------  --------------  -------------------
/opt/airflow/dags/model_sample_dags.py    601  0.01s             1           0  0.22s           2026-01-01T18:32:59
================================================================================
[2026-01-01T18:34:01.443+0000] {manager.py:878} INFO - 
================================================================================
DAG File Processing Stats

File Path                                 PID  Runtime      # DAGs    # Errors  Last Runtime    Last Run
--------------------------------------  -----  ---------  --------  ----------  --------------  -------------------
/opt/airflow/dags/model_sample_dags.py    606  0.01s             1           0  0.19s           2026-01-01T18:33:30
================================================================================
[2026-01-01T18:34:32.928+0000] {manager.py:878} INFO - 
================================================================================
DAG File Processing Stats

File Path                                 PID  Runtime      # DAGs    # Errors  Last Runtime    Last Run
--------------------------------------  -----  ---------  --------  ----------  --------------  -------------------
/opt/airflow/dags/model_sample_dags.py    611  0.01s             1           0  0.20s           2026-01-01T18:34:01
================================================================================
[2026-01-01T18:35:04.448+0000] {manager.py:878} INFO - 
================================================================================
DAG File Processing Stats

File Path                               PID    Runtime      # DAGs    # Errors  Last Runtime    Last Run
--------------------------------------  -----  ---------  --------  ----------  --------------  -------------------
/opt/airflow/dags/model_sample_dags.py                           1           0  0.19s           2026-01-01T18:35:03
================================================================================
[2026-01-01T18:35:35.815+0000] {manager.py:878} INFO - 
================================================================================
DAG File Processing Stats

File Path                               PID    Runtime      # DAGs    # Errors  Last Runtime    Last Run
--------------------------------------  -----  ---------  --------  ----------  --------------  -------------------
/opt/airflow/dags/model_sample_dags.py                           1           0  0.20s           2026-01-01T18:35:34
================================================================================
[2026-01-01T18:36:07.286+0000] {manager.py:878} INFO - 
================================================================================
DAG File Processing Stats

File Path                               PID    Runtime      # DAGs    # Errors  Last Runtime    Last Run
--------------------------------------  -----  ---------  --------  ----------  --------------  -------------------
/opt/airflow/dags/model_sample_dags.py                           1           0  0.21s           2026-01-01T18:36:05
================================================================================
[2026-01-01T18:36:38.671+0000] {manager.py:878} INFO - 
================================================================================
DAG File Processing Stats

File Path                               PID    Runtime      # DAGs    # Errors  Last Runtime    Last Run
--------------------------------------  -----  ---------  --------  ----------  --------------  -------------------
/opt/airflow/dags/model_sample_dags.py                           1           0  0.21s           2026-01-01T18:36:36
================================================================================
[2026-01-01T18:37:10.162+0000] {manager.py:737} INFO - Searching for files in /opt/airflow/dags
[2026-01-01T18:37:10.239+0000] {manager.py:740} INFO - There are 1 files in /opt/airflow/dags
[2026-01-01T18:37:10.272+0000] {manager.py:878} INFO - 
================================================================================
DAG File Processing Stats

File Path                               PID    Runtime      # DAGs    # Errors  Last Runtime    Last Run
--------------------------------------  -----  ---------  --------  ----------  --------------  -------------------
/opt/airflow/dags/model_sample_dags.py                           1           0  0.19s           2026-01-01T18:37:07
================================================================================
[2026-01-01T18:37:41.655+0000] {manager.py:878} INFO - 
================================================================================
DAG File Processing Stats

File Path                               PID    Runtime      # DAGs    # Errors  Last Runtime    Last Run
--------------------------------------  -----  ---------  --------  ----------  --------------  -------------------
/opt/airflow/dags/model_sample_dags.py                           1           0  0.22s           2026-01-01T18:37:38
================================================================================
[2026-01-01T18:38:13.116+0000] {manager.py:878} INFO - 
================================================================================
DAG File Processing Stats

File Path                               PID    Runtime      # DAGs    # Errors  Last Runtime    Last Run
--------------------------------------  -----  ---------  --------  ----------  --------------  -------------------
/opt/airflow/dags/model_sample_dags.py                           1           0  0.20s           2026-01-01T18:38:10
================================================================================
[2026-01-01T18:38:44.456+0000] {manager.py:878} INFO - 
================================================================================
DAG File Processing Stats

File Path                               PID    Runtime      # DAGs    # Errors  Last Runtime    Last Run
--------------------------------------  -----  ---------  --------  ----------  --------------  -------------------
/opt/airflow/dags/model_sample_dags.py                           1           0  0.20s           2026-01-01T18:38:40
================================================================================
[2026-01-01T18:39:15.892+0000] {manager.py:878} INFO - 
================================================================================
DAG File Processing Stats

File Path                               PID    Runtime      # DAGs    # Errors  Last Runtime    Last Run
--------------------------------------  -----  ---------  --------  ----------  --------------  -------------------
/opt/airflow/dags/model_sample_dags.py                           1           0  0.21s           2026-01-01T18:39:11
================================================================================
[2026-01-01T18:39:47.322+0000] {manager.py:878} INFO - 
================================================================================
DAG File Processing Stats

File Path                               PID    Runtime      # DAGs    # Errors  Last Runtime    Last Run
--------------------------------------  -----  ---------  --------  ----------  --------------  -------------------
/opt/airflow/dags/model_sample_dags.py                           1           0  0.23s           2026-01-01T18:39:42
================================================================================
[2026-01-01T18:40:18.644+0000] {manager.py:878} INFO - 
================================================================================
DAG File Processing Stats

File Path                               PID    Runtime      # DAGs    # Errors  Last Runtime    Last Run
--------------------------------------  -----  ---------  --------  ----------  --------------  -------------------
/opt/airflow/dags/model_sample_dags.py                           1           0  0.19s           2026-01-01T18:40:13
================================================================================
[2026-01-01T18:40:50.074+0000] {manager.py:878} INFO - 
================================================================================
DAG File Processing Stats

File Path                               PID    Runtime      # DAGs    # Errors  Last Runtime    Last Run
--------------------------------------  -----  ---------  --------  ----------  --------------  -------------------
/opt/airflow/dags/model_sample_dags.py                           1           0  0.22s           2026-01-01T18:40:45
================================================================================
[2026-01-01T18:41:21.458+0000] {manager.py:878} INFO - 
================================================================================
DAG File Processing Stats

File Path                               PID    Runtime      # DAGs    # Errors  Last Runtime    Last Run
--------------------------------------  -----  ---------  --------  ----------  --------------  -------------------
/opt/airflow/dags/model_sample_dags.py                           1           0  0.20s           2026-01-01T18:41:15
================================================================================
[2026-01-01T18:41:52.868+0000] {manager.py:878} INFO - 
================================================================================
DAG File Processing Stats

File Path                               PID    Runtime      # DAGs    # Errors  Last Runtime    Last Run
--------------------------------------  -----  ---------  --------  ----------  --------------  -------------------
/opt/airflow/dags/model_sample_dags.py                           1           0  0.22s           2026-01-01T18:41:46
================================================================================
[2026-01-01T18:42:11.040+0000] {manager.py:737} INFO - Searching for files in /opt/airflow/dags
[2026-01-01T18:42:11.120+0000] {manager.py:740} INFO - There are 1 files in /opt/airflow/dags
[2026-01-01T18:42:24.316+0000] {manager.py:878} INFO - 
================================================================================
DAG File Processing Stats

File Path                               PID    Runtime      # DAGs    # Errors  Last Runtime    Last Run
--------------------------------------  -----  ---------  --------  ----------  --------------  -------------------
/opt/airflow/dags/model_sample_dags.py                           1           0  0.22s           2026-01-01T18:42:17
================================================================================
[2026-01-01T18:42:55.774+0000] {manager.py:878} INFO - 
================================================================================
DAG File Processing Stats

File Path                               PID    Runtime      # DAGs    # Errors  Last Runtime    Last Run
--------------------------------------  -----  ---------  --------  ----------  --------------  -------------------
/opt/airflow/dags/model_sample_dags.py                           1           0  0.19s           2026-01-01T18:42:48
================================================================================
[2026-01-01T18:43:27.152+0000] {manager.py:878} INFO - 
================================================================================
DAG File Processing Stats

File Path                               PID    Runtime      # DAGs    # Errors  Last Runtime    Last Run
--------------------------------------  -----  ---------  --------  ----------  --------------  -------------------
/opt/airflow/dags/model_sample_dags.py                           1           0  0.20s           2026-01-01T18:43:20
================================================================================
[2026-01-01T18:43:58.613+0000] {manager.py:878} INFO - 
================================================================================
DAG File Processing Stats

File Path                               PID    Runtime      # DAGs    # Errors  Last Runtime    Last Run
--------------------------------------  -----  ---------  --------  ----------  --------------  -------------------
/opt/airflow/dags/model_sample_dags.py                           1           0  0.22s           2026-01-01T18:43:50
================================================================================
[2026-01-01T18:44:29.958+0000] {manager.py:878} INFO - 
================================================================================
DAG File Processing Stats

File Path                               PID    Runtime      # DAGs    # Errors  Last Runtime    Last Run
--------------------------------------  -----  ---------  --------  ----------  --------------  -------------------
/opt/airflow/dags/model_sample_dags.py                           1           0  0.19s           2026-01-01T18:44:22
================================================================================
[2026-01-01T18:45:01.344+0000] {manager.py:878} INFO - 
================================================================================
DAG File Processing Stats

File Path                               PID    Runtime      # DAGs    # Errors  Last Runtime    Last Run
--------------------------------------  -----  ---------  --------  ----------  --------------  -------------------
/opt/airflow/dags/model_sample_dags.py                           1           0  0.18s           2026-01-01T18:44:52
================================================================================
[2026-01-01T18:45:32.659+0000] {manager.py:878} INFO - 
================================================================================
DAG File Processing Stats

File Path                               PID    Runtime      # DAGs    # Errors  Last Runtime    Last Run
--------------------------------------  -----  ---------  --------  ----------  --------------  -------------------
/opt/airflow/dags/model_sample_dags.py                           1           0  0.20s           2026-01-01T18:45:23
================================================================================
[2026-01-01T18:46:04.099+0000] {manager.py:878} INFO - 
================================================================================
DAG File Processing Stats

File Path                               PID    Runtime      # DAGs    # Errors  Last Runtime    Last Run
--------------------------------------  -----  ---------  --------  ----------  --------------  -------------------
/opt/airflow/dags/model_sample_dags.py                           1           0  0.21s           2026-01-01T18:45:55
================================================================================
[2026-01-01T18:46:35.439+0000] {manager.py:878} INFO - 
================================================================================
DAG File Processing Stats

File Path                               PID    Runtime      # DAGs    # Errors  Last Runtime    Last Run
--------------------------------------  -----  ---------  --------  ----------  --------------  -------------------
/opt/airflow/dags/model_sample_dags.py                           1           0  0.21s           2026-01-01T18:46:25
================================================================================
[2026-01-01T18:47:06.782+0000] {manager.py:878} INFO - 
================================================================================
DAG File Processing Stats

File Path                               PID    Runtime      # DAGs    # Errors  Last Runtime    Last Run
--------------------------------------  -----  ---------  --------  ----------  --------------  -------------------
/opt/airflow/dags/model_sample_dags.py                           1           0  0.22s           2026-01-01T18:46:56
================================================================================
[2026-01-01T18:47:11.835+0000] {manager.py:737} INFO - Searching for files in /opt/airflow/dags
[2026-01-01T18:47:11.929+0000] {manager.py:740} INFO - There are 1 files in /opt/airflow/dags
[2026-01-01T18:47:37.806+0000] {manager.py:878} INFO - 
================================================================================
DAG File Processing Stats

File Path                               PID    Runtime      # DAGs    # Errors  Last Runtime    Last Run
--------------------------------------  -----  ---------  --------  ----------  --------------  -------------------
/opt/airflow/dags/model_sample_dags.py                           1           0  0.22s           2026-01-01T18:47:27
================================================================================
[2026-01-01T18:48:09.208+0000] {manager.py:878} INFO - 
================================================================================
DAG File Processing Stats

File Path                               PID    Runtime      # DAGs    # Errors  Last Runtime    Last Run
--------------------------------------  -----  ---------  --------  ----------  --------------  -------------------
/opt/airflow/dags/model_sample_dags.py                           1           0  0.19s           2026-01-01T18:47:58
================================================================================
[2026-01-01T18:48:40.080+0000] {manager.py:878} INFO - 
================================================================================
DAG File Processing Stats

File Path                               PID    Runtime      # DAGs    # Errors  Last Runtime    Last Run
--------------------------------------  -----  ---------  --------  ----------  --------------  -------------------
/opt/airflow/dags/model_sample_dags.py                           1           0  0.21s           2026-01-01T18:48:29
================================================================================
[2026-01-01T18:49:10.988+0000] {manager.py:878} INFO - 
================================================================================
DAG File Processing Stats

File Path                               PID    Runtime      # DAGs    # Errors  Last Runtime    Last Run
--------------------------------------  -----  ---------  --------  ----------  --------------  -------------------
/opt/airflow/dags/model_sample_dags.py                           1           0  0.21s           2026-01-01T18:48:59
================================================================================
[2026-01-01T18:49:41.716+0000] {manager.py:878} INFO - 
================================================================================
DAG File Processing Stats

File Path                               PID    Runtime      # DAGs    # Errors  Last Runtime    Last Run
--------------------------------------  -----  ---------  --------  ----------  --------------  -------------------
/opt/airflow/dags/model_sample_dags.py                           1           0  0.20s           2026-01-01T18:49:30
================================================================================
[2026-01-01T18:50:12.595+0000] {manager.py:878} INFO - 
================================================================================
DAG File Processing Stats

File Path                               PID    Runtime      # DAGs    # Errors  Last Runtime    Last Run
--------------------------------------  -----  ---------  --------  ----------  --------------  -------------------
/opt/airflow/dags/model_sample_dags.py                           1           0  0.22s           2026-01-01T18:50:01
================================================================================
[2026-01-01T18:50:43.294+0000] {manager.py:878} INFO - 
================================================================================
DAG File Processing Stats

File Path                               PID    Runtime      # DAGs    # Errors  Last Runtime    Last Run
--------------------------------------  -----  ---------  --------  ----------  --------------  -------------------
/opt/airflow/dags/model_sample_dags.py                           1           0  0.22s           2026-01-01T18:50:32
================================================================================
[2026-01-01T18:51:14.179+0000] {manager.py:878} INFO - 
================================================================================
DAG File Processing Stats

File Path                               PID    Runtime      # DAGs    # Errors  Last Runtime    Last Run
--------------------------------------  -----  ---------  --------  ----------  --------------  -------------------
/opt/airflow/dags/model_sample_dags.py                           1           0  0.20s           2026-01-01T18:51:03
================================================================================
[2026-01-01T18:51:44.874+0000] {manager.py:878} INFO - 
================================================================================
DAG File Processing Stats

File Path                               PID    Runtime      # DAGs    # Errors  Last Runtime    Last Run
--------------------------------------  -----  ---------  --------  ----------  --------------  -------------------
/opt/airflow/dags/model_sample_dags.py                           1           0  0.20s           2026-01-01T18:51:33
================================================================================
[2026-01-01T18:52:12.734+0000] {manager.py:737} INFO - Searching for files in /opt/airflow/dags
[2026-01-01T18:52:12.775+0000] {manager.py:740} INFO - There are 1 files in /opt/airflow/dags
[2026-01-01T18:52:15.828+0000] {manager.py:878} INFO - 
================================================================================
DAG File Processing Stats

File Path                               PID    Runtime      # DAGs    # Errors  Last Runtime    Last Run
--------------------------------------  -----  ---------  --------  ----------  --------------  -------------------
/opt/airflow/dags/model_sample_dags.py                           1           0  0.22s           2026-01-01T18:52:04
================================================================================
[2026-01-01T18:52:46.568+0000] {manager.py:878} INFO - 
================================================================================
DAG File Processing Stats

File Path                               PID    Runtime      # DAGs    # Errors  Last Runtime    Last Run
--------------------------------------  -----  ---------  --------  ----------  --------------  -------------------
/opt/airflow/dags/model_sample_dags.py                           1           0  0.23s           2026-01-01T18:52:35
================================================================================
[2026-01-01T18:53:17.402+0000] {manager.py:878} INFO - 
================================================================================
DAG File Processing Stats

File Path                               PID    Runtime      # DAGs    # Errors  Last Runtime    Last Run
--------------------------------------  -----  ---------  --------  ----------  --------------  -------------------
/opt/airflow/dags/model_sample_dags.py                           1           0  0.24s           2026-01-01T18:53:06
================================================================================
[2026-01-01T18:53:48.185+0000] {manager.py:878} INFO - 
================================================================================
DAG File Processing Stats

File Path                               PID    Runtime      # DAGs    # Errors  Last Runtime    Last Run
--------------------------------------  -----  ---------  --------  ----------  --------------  -------------------
/opt/airflow/dags/model_sample_dags.py                           1           0  0.19s           2026-01-01T18:53:37
================================================================================
[2026-01-01T18:54:18.971+0000] {manager.py:878} INFO - 
================================================================================
DAG File Processing Stats

File Path                               PID    Runtime      # DAGs    # Errors  Last Runtime    Last Run
--------------------------------------  -----  ---------  --------  ----------  --------------  -------------------
/opt/airflow/dags/model_sample_dags.py                           1           0  0.21s           2026-01-01T18:54:08
================================================================================
[2026-01-01T18:54:49.740+0000] {manager.py:878} INFO - 
================================================================================
DAG File Processing Stats

File Path                               PID    Runtime      # DAGs    # Errors  Last Runtime    Last Run
--------------------------------------  -----  ---------  --------  ----------  --------------  -------------------
/opt/airflow/dags/model_sample_dags.py                           1           0  0.20s           2026-01-01T18:54:38
================================================================================
[2026-01-01T18:55:20.487+0000] {manager.py:878} INFO - 
================================================================================
DAG File Processing Stats

File Path                               PID    Runtime      # DAGs    # Errors  Last Runtime    Last Run
--------------------------------------  -----  ---------  --------  ----------  --------------  -------------------
/opt/airflow/dags/model_sample_dags.py                           1           0  0.25s           2026-01-01T18:55:09
================================================================================
[2026-01-01T18:55:51.347+0000] {manager.py:878} INFO - 
================================================================================
DAG File Processing Stats

File Path                               PID    Runtime      # DAGs    # Errors  Last Runtime    Last Run
--------------------------------------  -----  ---------  --------  ----------  --------------  -------------------
/opt/airflow/dags/model_sample_dags.py                           1           0  0.25s           2026-01-01T18:55:40
================================================================================
[2026-01-01T18:56:22.110+0000] {manager.py:878} INFO - 
================================================================================
DAG File Processing Stats

File Path                               PID    Runtime      # DAGs    # Errors  Last Runtime    Last Run
--------------------------------------  -----  ---------  --------  ----------  --------------  -------------------
/opt/airflow/dags/model_sample_dags.py                           1           0  0.22s           2026-01-01T18:56:11
================================================================================
[2026-01-01T18:56:52.944+0000] {manager.py:878} INFO - 
================================================================================
DAG File Processing Stats

File Path                               PID    Runtime      # DAGs    # Errors  Last Runtime    Last Run
--------------------------------------  -----  ---------  --------  ----------  --------------  -------------------
/opt/airflow/dags/model_sample_dags.py                           1           0  0.23s           2026-01-01T18:56:41
================================================================================
[2026-01-01T18:57:12.827+0000] {manager.py:737} INFO - Searching for files in /opt/airflow/dags
[2026-01-01T18:57:12.895+0000] {manager.py:740} INFO - There are 1 files in /opt/airflow/dags
[2026-01-01T18:57:23.747+0000] {manager.py:878} INFO - 
================================================================================
DAG File Processing Stats

File Path                               PID    Runtime      # DAGs    # Errors  Last Runtime    Last Run
--------------------------------------  -----  ---------  --------  ----------  --------------  -------------------
/opt/airflow/dags/model_sample_dags.py                           1           0  0.24s           2026-01-01T18:57:12
================================================================================
[2026-01-01T18:57:54.710+0000] {manager.py:878} INFO - 
================================================================================
DAG File Processing Stats

File Path                               PID    Runtime      # DAGs    # Errors  Last Runtime    Last Run
--------------------------------------  -----  ---------  --------  ----------  --------------  -------------------
/opt/airflow/dags/model_sample_dags.py                           1           0  0.22s           2026-01-01T18:57:43
================================================================================
[2026-01-01T18:58:25.484+0000] {manager.py:878} INFO - 
================================================================================
DAG File Processing Stats

File Path                               PID    Runtime      # DAGs    # Errors  Last Runtime    Last Run
--------------------------------------  -----  ---------  --------  ----------  --------------  -------------------
/opt/airflow/dags/model_sample_dags.py                           1           0  0.21s           2026-01-01T18:58:14
================================================================================
[2026-01-01T18:58:56.298+0000] {manager.py:878} INFO - 
================================================================================
DAG File Processing Stats

File Path                               PID    Runtime      # DAGs    # Errors  Last Runtime    Last Run
--------------------------------------  -----  ---------  --------  ----------  --------------  -------------------
/opt/airflow/dags/model_sample_dags.py                           1           0  0.25s           2026-01-01T18:58:45
================================================================================
[2026-01-01T18:59:27.106+0000] {manager.py:878} INFO - 
================================================================================
DAG File Processing Stats

File Path                               PID    Runtime      # DAGs    # Errors  Last Runtime    Last Run
--------------------------------------  -----  ---------  --------  ----------  --------------  -------------------
/opt/airflow/dags/model_sample_dags.py                           1           0  0.21s           2026-01-01T18:59:16
================================================================================
[2026-01-01T18:59:57.912+0000] {manager.py:878} INFO - 
================================================================================
DAG File Processing Stats

File Path                               PID    Runtime      # DAGs    # Errors  Last Runtime    Last Run
--------------------------------------  -----  ---------  --------  ----------  --------------  -------------------
/opt/airflow/dags/model_sample_dags.py                           1           0  0.20s           2026-01-01T18:59:46
================================================================================
[2026-01-01T19:00:28.386+0000] {manager.py:878} INFO - 
================================================================================
DAG File Processing Stats

File Path                               PID    Runtime      # DAGs    # Errors  Last Runtime    Last Run
--------------------------------------  -----  ---------  --------  ----------  --------------  -------------------
/opt/airflow/dags/model_sample_dags.py                           1           0  0.53s           2026-01-01T19:00:18
================================================================================
[2026-01-01T19:00:59.117+0000] {manager.py:878} INFO - 
================================================================================
DAG File Processing Stats

File Path                               PID    Runtime      # DAGs    # Errors  Last Runtime    Last Run
--------------------------------------  -----  ---------  --------  ----------  --------------  -------------------
/opt/airflow/dags/model_sample_dags.py                           1           0  0.49s           2026-01-01T19:00:48
================================================================================
[2026-01-01T19:01:29.473+0000] {manager.py:878} INFO - 
================================================================================
DAG File Processing Stats

File Path                               PID    Runtime      # DAGs    # Errors  Last Runtime    Last Run
--------------------------------------  -----  ---------  --------  ----------  --------------  -------------------
/opt/airflow/dags/model_sample_dags.py                           1           0  0.48s           2026-01-01T19:01:20
================================================================================
[2026-01-01T19:02:00.265+0000] {manager.py:878} INFO - 
================================================================================
DAG File Processing Stats

File Path                               PID    Runtime      # DAGs    # Errors  Last Runtime    Last Run
--------------------------------------  -----  ---------  --------  ----------  --------------  -------------------
/opt/airflow/dags/model_sample_dags.py                           1           0  0.50s           2026-01-01T19:01:51
================================================================================
[2026-01-01T19:02:13.791+0000] {manager.py:737} INFO - Searching for files in /opt/airflow/dags
[2026-01-01T19:02:13.913+0000] {manager.py:740} INFO - There are 1 files in /opt/airflow/dags
[2026-01-01T19:02:30.798+0000] {manager.py:878} INFO - 
================================================================================
DAG File Processing Stats

File Path                               PID    Runtime      # DAGs    # Errors  Last Runtime    Last Run
--------------------------------------  -----  ---------  --------  ----------  --------------  -------------------
/opt/airflow/dags/model_sample_dags.py                           1           0  0.55s           2026-01-01T19:02:22
================================================================================
[2026-01-01T19:03:01.554+0000] {manager.py:878} INFO - 
================================================================================
DAG File Processing Stats

File Path                               PID    Runtime      # DAGs    # Errors  Last Runtime    Last Run
--------------------------------------  -----  ---------  --------  ----------  --------------  -------------------
/opt/airflow/dags/model_sample_dags.py                           1           0  0.81s           2026-01-01T19:02:53
================================================================================
[2026-01-01T19:03:32.615+0000] {manager.py:878} INFO - 
================================================================================
DAG File Processing Stats

File Path                               PID    Runtime      # DAGs    # Errors  Last Runtime    Last Run
--------------------------------------  -----  ---------  --------  ----------  --------------  -------------------
/opt/airflow/dags/model_sample_dags.py                           1           0  0.51s           2026-01-01T19:03:24
================================================================================
[2026-01-01T19:04:02.966+0000] {manager.py:878} INFO - 
================================================================================
DAG File Processing Stats

File Path                               PID    Runtime      # DAGs    # Errors  Last Runtime    Last Run
--------------------------------------  -----  ---------  --------  ----------  --------------  -------------------
/opt/airflow/dags/model_sample_dags.py                           1           0  0.54s           2026-01-01T19:03:55
================================================================================
[2026-01-01T19:04:33.735+0000] {manager.py:878} INFO - 
================================================================================
DAG File Processing Stats

File Path                               PID    Runtime      # DAGs    # Errors  Last Runtime    Last Run
--------------------------------------  -----  ---------  --------  ----------  --------------  -------------------
/opt/airflow/dags/model_sample_dags.py                           1           0  0.48s           2026-01-01T19:04:26
================================================================================
[2026-01-01T19:05:04.689+0000] {manager.py:878} INFO - 
================================================================================
DAG File Processing Stats

File Path                               PID    Runtime      # DAGs    # Errors  Last Runtime    Last Run
--------------------------------------  -----  ---------  --------  ----------  --------------  -------------------
/opt/airflow/dags/model_sample_dags.py                           1           0  0.48s           2026-01-01T19:04:57
================================================================================
[2026-01-01T19:05:35.050+0000] {manager.py:878} INFO - 
================================================================================
DAG File Processing Stats

File Path                               PID    Runtime      # DAGs    # Errors  Last Runtime    Last Run
--------------------------------------  -----  ---------  --------  ----------  --------------  -------------------
/opt/airflow/dags/model_sample_dags.py                           1           0  0.54s           2026-01-01T19:05:28
================================================================================
[2026-01-01T19:06:05.821+0000] {manager.py:878} INFO - 
================================================================================
DAG File Processing Stats

File Path                               PID    Runtime      # DAGs    # Errors  Last Runtime    Last Run
--------------------------------------  -----  ---------  --------  ----------  --------------  -------------------
/opt/airflow/dags/model_sample_dags.py                           1           0  0.47s           2026-01-01T19:05:59
================================================================================
[2026-01-01T19:06:36.862+0000] {manager.py:878} INFO - 
================================================================================
DAG File Processing Stats

File Path                               PID    Runtime      # DAGs    # Errors  Last Runtime    Last Run
--------------------------------------  -----  ---------  --------  ----------  --------------  -------------------
/opt/airflow/dags/model_sample_dags.py                           1           0  0.44s           2026-01-01T19:06:30
================================================================================
[2026-01-01T19:07:07.208+0000] {manager.py:878} INFO - 
================================================================================
DAG File Processing Stats

File Path                               PID    Runtime      # DAGs    # Errors  Last Runtime    Last Run
--------------------------------------  -----  ---------  --------  ----------  --------------  -------------------
/opt/airflow/dags/model_sample_dags.py                           1           0  0.46s           2026-01-01T19:07:02
================================================================================
[2026-01-01T19:07:14.203+0000] {manager.py:737} INFO - Searching for files in /opt/airflow/dags
[2026-01-01T19:07:14.360+0000] {manager.py:740} INFO - There are 1 files in /opt/airflow/dags
[2026-01-01T19:07:37.910+0000] {manager.py:878} INFO - 
================================================================================
DAG File Processing Stats

File Path                               PID    Runtime      # DAGs    # Errors  Last Runtime    Last Run
--------------------------------------  -----  ---------  --------  ----------  --------------  -------------------
/opt/airflow/dags/model_sample_dags.py                           1           0  0.51s           2026-01-01T19:07:33
================================================================================
[2026-01-01T19:08:08.383+0000] {manager.py:878} INFO - 
================================================================================
DAG File Processing Stats

File Path                               PID    Runtime      # DAGs    # Errors  Last Runtime    Last Run
--------------------------------------  -----  ---------  --------  ----------  --------------  -------------------
/opt/airflow/dags/model_sample_dags.py                           1           0  0.66s           2026-01-01T19:08:04
================================================================================
[2026-01-01T19:08:39.133+0000] {manager.py:878} INFO - 
================================================================================
DAG File Processing Stats

File Path                               PID    Runtime      # DAGs    # Errors  Last Runtime    Last Run
--------------------------------------  -----  ---------  --------  ----------  --------------  -------------------
/opt/airflow/dags/model_sample_dags.py                           1           0  0.49s           2026-01-01T19:08:35
================================================================================
[2026-01-01T19:09:09.466+0000] {manager.py:878} INFO - 
================================================================================
DAG File Processing Stats

File Path                               PID    Runtime      # DAGs    # Errors  Last Runtime    Last Run
--------------------------------------  -----  ---------  --------  ----------  --------------  -------------------
/opt/airflow/dags/model_sample_dags.py                           1           0  0.51s           2026-01-01T19:09:06
================================================================================
[2026-01-01T19:09:40.220+0000] {manager.py:878} INFO - 
================================================================================
DAG File Processing Stats

File Path                               PID    Runtime      # DAGs    # Errors  Last Runtime    Last Run
--------------------------------------  -----  ---------  --------  ----------  --------------  -------------------
/opt/airflow/dags/model_sample_dags.py                           1           0  0.47s           2026-01-01T19:09:37
================================================================================
[2026-01-01T19:10:11.210+0000] {manager.py:878} INFO - 
================================================================================
DAG File Processing Stats

File Path                               PID    Runtime      # DAGs    # Errors  Last Runtime    Last Run
--------------------------------------  -----  ---------  --------  ----------  --------------  -------------------
/opt/airflow/dags/model_sample_dags.py                           1           0  0.43s           2026-01-01T19:10:08
================================================================================
[2026-01-01T19:10:41.904+0000] {manager.py:878} INFO - 
================================================================================
DAG File Processing Stats

File Path                               PID    Runtime      # DAGs    # Errors  Last Runtime    Last Run
--------------------------------------  -----  ---------  --------  ----------  --------------  -------------------
/opt/airflow/dags/model_sample_dags.py                           1           0  0.72s           2026-01-01T19:10:39
================================================================================
[2026-01-01T19:11:12.650+0000] {manager.py:878} INFO - 
================================================================================
DAG File Processing Stats

File Path                               PID    Runtime      # DAGs    # Errors  Last Runtime    Last Run
--------------------------------------  -----  ---------  --------  ----------  --------------  -------------------
/opt/airflow/dags/model_sample_dags.py                           1           0  0.47s           2026-01-01T19:11:10
================================================================================
[2026-01-01T19:11:43.421+0000] {manager.py:878} INFO - 
================================================================================
DAG File Processing Stats

File Path                               PID    Runtime      # DAGs    # Errors  Last Runtime    Last Run
--------------------------------------  -----  ---------  --------  ----------  --------------  -------------------
/opt/airflow/dags/model_sample_dags.py                           1           0  0.46s           2026-01-01T19:11:41
================================================================================
[2026-01-01T19:12:14.459+0000] {manager.py:737} INFO - Searching for files in /opt/airflow/dags
[2026-01-01T19:12:14.543+0000] {manager.py:740} INFO - There are 1 files in /opt/airflow/dags
[2026-01-01T19:12:14.578+0000] {manager.py:878} INFO - 
================================================================================
DAG File Processing Stats

File Path                               PID    Runtime      # DAGs    # Errors  Last Runtime    Last Run
--------------------------------------  -----  ---------  --------  ----------  --------------  -------------------
/opt/airflow/dags/model_sample_dags.py                           1           0  0.47s           2026-01-01T19:12:12
================================================================================
[2026-01-01T19:12:45.588+0000] {manager.py:878} INFO - 
================================================================================
DAG File Processing Stats

File Path                               PID    Runtime      # DAGs    # Errors  Last Runtime    Last Run
--------------------------------------  -----  ---------  --------  ----------  --------------  -------------------
/opt/airflow/dags/model_sample_dags.py                           1           0  0.44s           2026-01-01T19:12:43
================================================================================
[2026-01-01T19:13:15.962+0000] {manager.py:878} INFO - 
================================================================================
DAG File Processing Stats

File Path                               PID    Runtime      # DAGs    # Errors  Last Runtime    Last Run
--------------------------------------  -----  ---------  --------  ----------  --------------  -------------------
/opt/airflow/dags/model_sample_dags.py                           1           0  0.79s           2026-01-01T19:13:14
================================================================================
[2026-01-01T19:13:46.706+0000] {manager.py:878} INFO - 
================================================================================
DAG File Processing Stats

File Path                               PID    Runtime      # DAGs    # Errors  Last Runtime    Last Run
--------------------------------------  -----  ---------  --------  ----------  --------------  -------------------
/opt/airflow/dags/model_sample_dags.py                           1           0  0.71s           2026-01-01T19:13:45
================================================================================
[2026-01-01T19:14:17.678+0000] {manager.py:878} INFO - 
================================================================================
DAG File Processing Stats

File Path                               PID    Runtime      # DAGs    # Errors  Last Runtime    Last Run
--------------------------------------  -----  ---------  --------  ----------  --------------  -------------------
/opt/airflow/dags/model_sample_dags.py                           1           0  0.52s           2026-01-01T19:14:16
================================================================================
[2026-01-01T19:14:48.034+0000] {manager.py:878} INFO - 
================================================================================
DAG File Processing Stats

File Path                               PID    Runtime      # DAGs    # Errors  Last Runtime    Last Run
--------------------------------------  -----  ---------  --------  ----------  --------------  -------------------
/opt/airflow/dags/model_sample_dags.py                           1           0  0.53s           2026-01-01T19:14:33
================================================================================
[2026-01-01T19:15:18.825+0000] {manager.py:878} INFO - 
================================================================================
DAG File Processing Stats

File Path                               PID    Runtime      # DAGs    # Errors  Last Runtime    Last Run
--------------------------------------  -----  ---------  --------  ----------  --------------  -------------------
/opt/airflow/dags/model_sample_dags.py                           1           0  0.70s           2026-01-01T19:15:04
================================================================================
[2026-01-01T19:15:49.099+0000] {manager.py:878} INFO - 
================================================================================
DAG File Processing Stats

File Path                               PID    Runtime      # DAGs    # Errors  Last Runtime    Last Run
--------------------------------------  -----  ---------  --------  ----------  --------------  -------------------
/opt/airflow/dags/model_sample_dags.py                           1           0  0.53s           2026-01-01T19:15:35
================================================================================
[2026-01-01T19:16:19.939+0000] {manager.py:878} INFO - 
================================================================================
DAG File Processing Stats

File Path                               PID    Runtime      # DAGs    # Errors  Last Runtime    Last Run
--------------------------------------  -----  ---------  --------  ----------  --------------  -------------------
/opt/airflow/dags/model_sample_dags.py                           1           0  0.67s           2026-01-01T19:16:06
================================================================================
[2026-01-01T19:16:51.039+0000] {manager.py:878} INFO - 
================================================================================
DAG File Processing Stats

File Path                               PID    Runtime      # DAGs    # Errors  Last Runtime    Last Run
--------------------------------------  -----  ---------  --------  ----------  --------------  -------------------
/opt/airflow/dags/model_sample_dags.py                           1           0  0.48s           2026-01-01T19:16:37
================================================================================
[2026-01-01T19:17:14.540+0000] {manager.py:737} INFO - Searching for files in /opt/airflow/dags
[2026-01-01T19:17:14.677+0000] {manager.py:740} INFO - There are 1 files in /opt/airflow/dags
[2026-01-01T19:17:22.115+0000] {manager.py:878} INFO - 
================================================================================
DAG File Processing Stats

File Path                               PID    Runtime      # DAGs    # Errors  Last Runtime    Last Run
--------------------------------------  -----  ---------  --------  ----------  --------------  -------------------
/opt/airflow/dags/model_sample_dags.py                           1           0  0.43s           2026-01-01T19:17:08
================================================================================
[2026-01-01T19:17:52.940+0000] {manager.py:878} INFO - 
================================================================================
DAG File Processing Stats

File Path                               PID    Runtime      # DAGs    # Errors  Last Runtime    Last Run
--------------------------------------  -----  ---------  --------  ----------  --------------  -------------------
/opt/airflow/dags/model_sample_dags.py                           1           0  0.96s           2026-01-01T19:17:28
================================================================================
[2026-01-01T19:18:23.738+0000] {manager.py:878} INFO - 
================================================================================
DAG File Processing Stats

File Path                               PID    Runtime      # DAGs    # Errors  Last Runtime    Last Run
--------------------------------------  -----  ---------  --------  ----------  --------------  -------------------
/opt/airflow/dags/model_sample_dags.py                           1           0  0.46s           2026-01-01T19:17:59
================================================================================
[2026-01-01T19:18:54.873+0000] {manager.py:878} INFO - 
================================================================================
DAG File Processing Stats

File Path                               PID    Runtime      # DAGs    # Errors  Last Runtime    Last Run
--------------------------------------  -----  ---------  --------  ----------  --------------  -------------------
/opt/airflow/dags/model_sample_dags.py                           1           0  0.46s           2026-01-01T19:18:30
================================================================================
[2026-01-01T19:19:25.237+0000] {manager.py:878} INFO - 
================================================================================
DAG File Processing Stats

File Path                               PID    Runtime      # DAGs    # Errors  Last Runtime    Last Run
--------------------------------------  -----  ---------  --------  ----------  --------------  -------------------
/opt/airflow/dags/model_sample_dags.py                           1           0  0.54s           2026-01-01T19:19:01
================================================================================
[2026-01-01T19:19:56.065+0000] {manager.py:878} INFO - 
================================================================================
DAG File Processing Stats

File Path                               PID    Runtime      # DAGs    # Errors  Last Runtime    Last Run
--------------------------------------  -----  ---------  --------  ----------  --------------  -------------------
/opt/airflow/dags/model_sample_dags.py                           1           0  0.49s           2026-01-01T19:19:32
================================================================================
[2026-01-01T19:20:26.646+0000] {manager.py:878} INFO - 
================================================================================
DAG File Processing Stats

File Path                               PID    Runtime      # DAGs    # Errors  Last Runtime    Last Run
--------------------------------------  -----  ---------  --------  ----------  --------------  -------------------
/opt/airflow/dags/model_sample_dags.py                           1           0  0.66s           2026-01-01T19:19:57
================================================================================
[2026-01-01T19:20:57.445+0000] {manager.py:878} INFO - 
================================================================================
DAG File Processing Stats

File Path                               PID    Runtime      # DAGs    # Errors  Last Runtime    Last Run
--------------------------------------  -----  ---------  --------  ----------  --------------  -------------------
/opt/airflow/dags/model_sample_dags.py                           1           0  0.64s           2026-01-01T19:20:28
================================================================================
[2026-01-01T19:21:12.306+0000] {manager.py:452} INFO - Exiting gracefully upon receiving signal 15
[2026-01-01T19:27:14.394+0000] {manager.py:470} INFO - Processing files using up to 2 processes at a time 
[2026-01-01T19:27:14.399+0000] {manager.py:471} INFO - Process each file at most once every 30 seconds
[2026-01-01T19:27:14.404+0000] {manager.py:472} INFO - Checking for new files in /opt/airflow/dags every 300 seconds
[2026-01-01T19:27:14.407+0000] {manager.py:737} INFO - Searching for files in /opt/airflow/dags
[2026-01-01T19:27:14.527+0000] {manager.py:740} INFO - There are 1 files in /opt/airflow/dags
[2026-01-01T19:27:14.877+0000] {manager.py:878} INFO - 
================================================================================
DAG File Processing Stats

File Path                                 PID  Runtime      # DAGs    # Errors  Last Runtime    Last Run
--------------------------------------  -----  ---------  --------  ----------  --------------  ----------
/opt/airflow/dags/model_sample_dags.py    168  0.13s             0           0
================================================================================
[2026-01-01T19:27:45.550+0000] {manager.py:878} INFO - 
================================================================================
DAG File Processing Stats

File Path                               PID    Runtime      # DAGs    # Errors  Last Runtime    Last Run
--------------------------------------  -----  ---------  --------  ----------  --------------  -------------------
/opt/airflow/dags/model_sample_dags.py                           1           0  1.52s           2026-01-01T19:27:16
================================================================================
[2026-01-01T19:28:15.869+0000] {manager.py:878} INFO - 
================================================================================
DAG File Processing Stats

File Path                               PID    Runtime      # DAGs    # Errors  Last Runtime    Last Run
--------------------------------------  -----  ---------  --------  ----------  --------------  -------------------
/opt/airflow/dags/model_sample_dags.py                           1           0  0.52s           2026-01-01T19:27:47
================================================================================
[2026-01-01T19:28:46.592+0000] {manager.py:878} INFO - 
================================================================================
DAG File Processing Stats

File Path                               PID    Runtime      # DAGs    # Errors  Last Runtime    Last Run
--------------------------------------  -----  ---------  --------  ----------  --------------  -------------------
/opt/airflow/dags/model_sample_dags.py                           1           0  0.53s           2026-01-01T19:28:18
================================================================================
[2026-01-01T19:29:16.972+0000] {manager.py:878} INFO - 
================================================================================
DAG File Processing Stats

File Path                               PID    Runtime      # DAGs    # Errors  Last Runtime    Last Run
--------------------------------------  -----  ---------  --------  ----------  --------------  -------------------
/opt/airflow/dags/model_sample_dags.py                           1           0  0.63s           2026-01-01T19:28:49
================================================================================
[2026-01-01T19:29:47.651+0000] {manager.py:878} INFO - 
================================================================================
DAG File Processing Stats

File Path                               PID    Runtime      # DAGs    # Errors  Last Runtime    Last Run
--------------------------------------  -----  ---------  --------  ----------  --------------  -------------------
/opt/airflow/dags/model_sample_dags.py                           1           0  0.71s           2026-01-01T19:29:20
================================================================================
[2026-01-01T19:30:18.036+0000] {manager.py:878} INFO - 
================================================================================
DAG File Processing Stats

File Path                               PID    Runtime      # DAGs    # Errors  Last Runtime    Last Run
--------------------------------------  -----  ---------  --------  ----------  --------------  -------------------
/opt/airflow/dags/model_sample_dags.py                           1           0  0.68s           2026-01-01T19:29:51
================================================================================
[2026-01-01T19:30:48.644+0000] {manager.py:878} INFO - 
================================================================================
DAG File Processing Stats

File Path                               PID    Runtime      # DAGs    # Errors  Last Runtime    Last Run
--------------------------------------  -----  ---------  --------  ----------  --------------  -------------------
/opt/airflow/dags/model_sample_dags.py                           1           0  0.66s           2026-01-01T19:30:22
================================================================================
[2026-01-01T19:31:19.087+0000] {manager.py:878} INFO - 
================================================================================
DAG File Processing Stats

File Path                               PID    Runtime      # DAGs    # Errors  Last Runtime    Last Run
--------------------------------------  -----  ---------  --------  ----------  --------------  -------------------
/opt/airflow/dags/model_sample_dags.py                           1           0  0.90s           2026-01-01T19:30:53
================================================================================
[2026-01-01T19:31:49.769+0000] {manager.py:878} INFO - 
================================================================================
DAG File Processing Stats

File Path                               PID    Runtime      # DAGs    # Errors  Last Runtime    Last Run
--------------------------------------  -----  ---------  --------  ----------  --------------  -------------------
/opt/airflow/dags/model_sample_dags.py                           1           0  0.80s           2026-01-01T19:31:24
================================================================================
[2026-01-01T19:32:14.814+0000] {manager.py:737} INFO - Searching for files in /opt/airflow/dags
[2026-01-01T19:32:14.945+0000] {manager.py:740} INFO - There are 1 files in /opt/airflow/dags
[2026-01-01T19:32:20.145+0000] {manager.py:878} INFO - 
================================================================================
DAG File Processing Stats

File Path                               PID    Runtime      # DAGs    # Errors  Last Runtime    Last Run
--------------------------------------  -----  ---------  --------  ----------  --------------  -------------------
/opt/airflow/dags/model_sample_dags.py                           1           0  0.54s           2026-01-01T19:31:55
================================================================================
[2026-01-01T19:32:50.375+0000] {manager.py:878} INFO - 
================================================================================
DAG File Processing Stats

File Path                               PID    Runtime      # DAGs    # Errors  Last Runtime    Last Run
--------------------------------------  -----  ---------  --------  ----------  --------------  -------------------
/opt/airflow/dags/model_sample_dags.py                           1           0  0.50s           2026-01-01T19:32:26
================================================================================
[2026-01-01T19:33:21.056+0000] {manager.py:878} INFO - 
================================================================================
DAG File Processing Stats

File Path                               PID    Runtime      # DAGs    # Errors  Last Runtime    Last Run
--------------------------------------  -----  ---------  --------  ----------  --------------  -------------------
/opt/airflow/dags/model_sample_dags.py                           1           0  0.53s           2026-01-01T19:32:57
================================================================================
[2026-01-01T19:33:51.652+0000] {manager.py:878} INFO - 
================================================================================
DAG File Processing Stats

File Path                               PID    Runtime      # DAGs    # Errors  Last Runtime    Last Run
--------------------------------------  -----  ---------  --------  ----------  --------------  -------------------
/opt/airflow/dags/model_sample_dags.py                           1           0  0.34s           2026-01-01T19:33:28
================================================================================
[2026-01-01T21:18:39.399+0000] {manager.py:737} INFO - Searching for files in /opt/airflow/dags
[2026-01-01T21:18:41.330+0000] {manager.py:740} INFO - There are 1 files in /opt/airflow/dags
[2026-01-01T21:18:43.999+0000] {manager.py:878} INFO - 
================================================================================
DAG File Processing Stats

File Path                                 PID  Runtime      # DAGs    # Errors  Last Runtime    Last Run
--------------------------------------  -----  ---------  --------  ----------  --------------  -------------------
/opt/airflow/dags/model_sample_dags.py    364  2.17s             1           0  0.28s           2026-01-01T19:33:59
================================================================================
[2026-01-01T21:19:14.845+0000] {manager.py:878} INFO - 
================================================================================
DAG File Processing Stats

File Path                               PID    Runtime      # DAGs    # Errors  Last Runtime    Last Run
--------------------------------------  -----  ---------  --------  ----------  --------------  -------------------
/opt/airflow/dags/model_sample_dags.py                           1           0  3.28s           2026-01-01T21:18:45
================================================================================
[2026-01-01T21:19:45.404+0000] {manager.py:878} INFO - 
================================================================================
DAG File Processing Stats

File Path                               PID    Runtime      # DAGs    # Errors  Last Runtime    Last Run
--------------------------------------  -----  ---------  --------  ----------  --------------  -------------------
/opt/airflow/dags/model_sample_dags.py                           1           0  2.24s           2026-01-01T21:19:17
================================================================================
[2026-01-01T21:20:16.144+0000] {manager.py:878} INFO - 
================================================================================
DAG File Processing Stats

File Path                               PID    Runtime      # DAGs    # Errors  Last Runtime    Last Run
--------------------------------------  -----  ---------  --------  ----------  --------------  -------------------
/opt/airflow/dags/model_sample_dags.py                           1           0  0.51s           2026-01-01T21:19:48
================================================================================
[2026-01-01T21:20:46.839+0000] {manager.py:878} INFO - 
================================================================================
DAG File Processing Stats

File Path                               PID    Runtime      # DAGs    # Errors  Last Runtime    Last Run
--------------------------------------  -----  ---------  --------  ----------  --------------  -------------------
/opt/airflow/dags/model_sample_dags.py                           1           0  0.50s           2026-01-01T21:20:19
================================================================================
[2026-01-01T21:21:17.184+0000] {manager.py:878} INFO - 
================================================================================
DAG File Processing Stats

File Path                               PID    Runtime      # DAGs    # Errors  Last Runtime    Last Run
--------------------------------------  -----  ---------  --------  ----------  --------------  -------------------
/opt/airflow/dags/model_sample_dags.py                           1           0  0.48s           2026-01-01T21:20:50
================================================================================
[2026-01-01T21:21:47.726+0000] {manager.py:878} INFO - 
================================================================================
DAG File Processing Stats

File Path                               PID    Runtime      # DAGs    # Errors  Last Runtime    Last Run
--------------------------------------  -----  ---------  --------  ----------  --------------  -------------------
/opt/airflow/dags/model_sample_dags.py                           1           0  0.44s           2026-01-01T21:21:21
================================================================================
[2026-01-01T21:22:18.293+0000] {manager.py:878} INFO - 
================================================================================
DAG File Processing Stats

File Path                               PID    Runtime      # DAGs    # Errors  Last Runtime    Last Run
--------------------------------------  -----  ---------  --------  ----------  --------------  -------------------
/opt/airflow/dags/model_sample_dags.py                           1           0  0.40s           2026-01-01T21:21:52
================================================================================
[2026-01-01T21:22:49.163+0000] {manager.py:878} INFO - 
================================================================================
DAG File Processing Stats

File Path                               PID    Runtime      # DAGs    # Errors  Last Runtime    Last Run
--------------------------------------  -----  ---------  --------  ----------  --------------  -------------------
/opt/airflow/dags/model_sample_dags.py                           1           0  0.49s           2026-01-01T21:22:22
================================================================================
[2026-01-01T21:23:19.858+0000] {manager.py:878} INFO - 
================================================================================
DAG File Processing Stats

File Path                               PID    Runtime      # DAGs    # Errors  Last Runtime    Last Run
--------------------------------------  -----  ---------  --------  ----------  --------------  -------------------
/opt/airflow/dags/model_sample_dags.py                           1           0  0.44s           2026-01-01T21:22:53
================================================================================
[2026-01-01T21:23:39.418+0000] {manager.py:737} INFO - Searching for files in /opt/airflow/dags
[2026-01-01T21:23:39.550+0000] {manager.py:740} INFO - There are 1 files in /opt/airflow/dags
[2026-01-01T21:23:50.084+0000] {manager.py:878} INFO - 
================================================================================
DAG File Processing Stats

File Path                               PID    Runtime      # DAGs    # Errors  Last Runtime    Last Run
--------------------------------------  -----  ---------  --------  ----------  --------------  -------------------
/opt/airflow/dags/model_sample_dags.py                           1           0  0.68s           2026-01-01T21:23:24
================================================================================
[2026-01-01T21:24:20.636+0000] {manager.py:878} INFO - 
================================================================================
DAG File Processing Stats

File Path                               PID    Runtime      # DAGs    # Errors  Last Runtime    Last Run
--------------------------------------  -----  ---------  --------  ----------  --------------  -------------------
/opt/airflow/dags/model_sample_dags.py                           1           0  0.34s           2026-01-01T21:23:55
================================================================================
[2026-01-01T21:24:51.300+0000] {manager.py:878} INFO - 
================================================================================
DAG File Processing Stats

File Path                               PID    Runtime      # DAGs    # Errors  Last Runtime    Last Run
--------------------------------------  -----  ---------  --------  ----------  --------------  -------------------
/opt/airflow/dags/model_sample_dags.py                           1           0  0.36s           2026-01-01T21:24:26
================================================================================
[2026-01-01T21:25:22.139+0000] {manager.py:878} INFO - 
================================================================================
DAG File Processing Stats

File Path                               PID    Runtime      # DAGs    # Errors  Last Runtime    Last Run
--------------------------------------  -----  ---------  --------  ----------  --------------  -------------------
/opt/airflow/dags/model_sample_dags.py                           1           0  0.29s           2026-01-01T21:24:56
================================================================================
[2026-01-01T21:25:52.782+0000] {manager.py:878} INFO - 
================================================================================
DAG File Processing Stats

File Path                               PID    Runtime      # DAGs    # Errors  Last Runtime    Last Run
--------------------------------------  -----  ---------  --------  ----------  --------------  -------------------
/opt/airflow/dags/model_sample_dags.py                           1           0  0.38s           2026-01-01T21:25:27
================================================================================
[2026-01-01T21:26:23.671+0000] {manager.py:878} INFO - 
================================================================================
DAG File Processing Stats

File Path                               PID    Runtime      # DAGs    # Errors  Last Runtime    Last Run
--------------------------------------  -----  ---------  --------  ----------  --------------  -------------------
/opt/airflow/dags/model_sample_dags.py                           1           0  0.36s           2026-01-01T21:25:58
================================================================================
[2026-01-01T21:26:54.313+0000] {manager.py:878} INFO - 
================================================================================
DAG File Processing Stats

File Path                               PID    Runtime      # DAGs    # Errors  Last Runtime    Last Run
--------------------------------------  -----  ---------  --------  ----------  --------------  -------------------
/opt/airflow/dags/model_sample_dags.py                           1           0  0.50s           2026-01-01T21:26:29
================================================================================
[2026-01-01T21:27:25.241+0000] {manager.py:878} INFO - 
================================================================================
DAG File Processing Stats

File Path                               PID    Runtime      # DAGs    # Errors  Last Runtime    Last Run
--------------------------------------  -----  ---------  --------  ----------  --------------  -------------------
/opt/airflow/dags/model_sample_dags.py                           1           0  0.39s           2026-01-01T21:26:59
================================================================================
[2026-01-01T21:27:55.852+0000] {manager.py:878} INFO - 
================================================================================
DAG File Processing Stats

File Path                               PID    Runtime      # DAGs    # Errors  Last Runtime    Last Run
--------------------------------------  -----  ---------  --------  ----------  --------------  -------------------
/opt/airflow/dags/model_sample_dags.py                           1           0  0.30s           2026-01-01T21:27:30
================================================================================
[2026-01-01T21:28:26.590+0000] {manager.py:878} INFO - 
================================================================================
DAG File Processing Stats

File Path                               PID    Runtime      # DAGs    # Errors  Last Runtime    Last Run
--------------------------------------  -----  ---------  --------  ----------  --------------  -------------------
/opt/airflow/dags/model_sample_dags.py                           1           0  0.29s           2026-01-01T21:28:01
================================================================================
[2026-01-01T21:28:39.814+0000] {manager.py:737} INFO - Searching for files in /opt/airflow/dags
[2026-01-01T21:28:39.896+0000] {manager.py:740} INFO - There are 1 files in /opt/airflow/dags
[2026-01-01T21:28:57.334+0000] {manager.py:878} INFO - 
================================================================================
DAG File Processing Stats

File Path                               PID    Runtime      # DAGs    # Errors  Last Runtime    Last Run
--------------------------------------  -----  ---------  --------  ----------  --------------  -------------------
/opt/airflow/dags/model_sample_dags.py                           1           0  0.37s           2026-01-01T21:28:32
================================================================================
[2026-01-01T21:29:28.059+0000] {manager.py:878} INFO - 
================================================================================
DAG File Processing Stats

File Path                               PID    Runtime      # DAGs    # Errors  Last Runtime    Last Run
--------------------------------------  -----  ---------  --------  ----------  --------------  -------------------
/opt/airflow/dags/model_sample_dags.py                           1           0  0.42s           2026-01-01T21:29:02
================================================================================
[2026-01-01T21:29:58.785+0000] {manager.py:878} INFO - 
================================================================================
DAG File Processing Stats

File Path                               PID    Runtime      # DAGs    # Errors  Last Runtime    Last Run
--------------------------------------  -----  ---------  --------  ----------  --------------  -------------------
/opt/airflow/dags/model_sample_dags.py                           1           0  0.31s           2026-01-01T21:29:33
================================================================================
[2026-01-01T21:30:29.409+0000] {manager.py:878} INFO - 
================================================================================
DAG File Processing Stats

File Path                               PID    Runtime      # DAGs    # Errors  Last Runtime    Last Run
--------------------------------------  -----  ---------  --------  ----------  --------------  -------------------
/opt/airflow/dags/model_sample_dags.py                           1           0  0.42s           2026-01-01T21:30:04
================================================================================
[2026-01-01T21:31:00.013+0000] {manager.py:878} INFO - 
================================================================================
DAG File Processing Stats

File Path                               PID    Runtime      # DAGs    # Errors  Last Runtime    Last Run
--------------------------------------  -----  ---------  --------  ----------  --------------  -------------------
/opt/airflow/dags/model_sample_dags.py                           1           0  0.34s           2026-01-01T21:30:34
================================================================================
[2026-01-01T21:31:30.824+0000] {manager.py:878} INFO - 
================================================================================
DAG File Processing Stats

File Path                               PID    Runtime      # DAGs    # Errors  Last Runtime    Last Run
--------------------------------------  -----  ---------  --------  ----------  --------------  -------------------
/opt/airflow/dags/model_sample_dags.py                           1           0  0.29s           2026-01-01T21:31:05
================================================================================
[2026-01-01T21:32:01.446+0000] {manager.py:878} INFO - 
================================================================================
DAG File Processing Stats

File Path                               PID    Runtime      # DAGs    # Errors  Last Runtime    Last Run
--------------------------------------  -----  ---------  --------  ----------  --------------  -------------------
/opt/airflow/dags/model_sample_dags.py                           1           0  0.41s           2026-01-01T21:31:36
================================================================================
[2026-01-01T21:32:32.347+0000] {manager.py:878} INFO - 
================================================================================
DAG File Processing Stats

File Path                               PID    Runtime      # DAGs    # Errors  Last Runtime    Last Run
--------------------------------------  -----  ---------  --------  ----------  --------------  -------------------
/opt/airflow/dags/model_sample_dags.py                           1           0  0.34s           2026-01-01T21:32:06
================================================================================
[2026-01-01T21:33:02.958+0000] {manager.py:878} INFO - 
================================================================================
DAG File Processing Stats

File Path                               PID    Runtime      # DAGs    # Errors  Last Runtime    Last Run
--------------------------------------  -----  ---------  --------  ----------  --------------  -------------------
/opt/airflow/dags/model_sample_dags.py                           1           0  0.30s           2026-01-01T21:32:37
================================================================================
[2026-01-01T21:33:33.768+0000] {manager.py:878} INFO - 
================================================================================
DAG File Processing Stats

File Path                               PID    Runtime      # DAGs    # Errors  Last Runtime    Last Run
--------------------------------------  -----  ---------  --------  ----------  --------------  -------------------
/opt/airflow/dags/model_sample_dags.py                           1           0  0.33s           2026-01-01T21:33:08
================================================================================
[2026-01-01T21:33:39.915+0000] {manager.py:737} INFO - Searching for files in /opt/airflow/dags
[2026-01-01T21:33:39.998+0000] {manager.py:740} INFO - There are 1 files in /opt/airflow/dags
[2026-01-01T21:34:04.504+0000] {manager.py:878} INFO - 
================================================================================
DAG File Processing Stats

File Path                               PID    Runtime      # DAGs    # Errors  Last Runtime    Last Run
--------------------------------------  -----  ---------  --------  ----------  --------------  -------------------
/opt/airflow/dags/model_sample_dags.py                           1           0  0.45s           2026-01-01T21:33:39
================================================================================
[2026-01-01T21:34:35.296+0000] {manager.py:878} INFO - 
================================================================================
DAG File Processing Stats

File Path                               PID    Runtime      # DAGs    # Errors  Last Runtime    Last Run
--------------------------------------  -----  ---------  --------  ----------  --------------  -------------------
/opt/airflow/dags/model_sample_dags.py                           1           0  0.38s           2026-01-01T21:34:09
================================================================================
[2026-01-01T21:35:06.022+0000] {manager.py:878} INFO - 
================================================================================
DAG File Processing Stats

File Path                               PID    Runtime      # DAGs    # Errors  Last Runtime    Last Run
--------------------------------------  -----  ---------  --------  ----------  --------------  -------------------
/opt/airflow/dags/model_sample_dags.py                           1           0  0.34s           2026-01-01T21:34:40
================================================================================
[2026-01-01T21:35:36.808+0000] {manager.py:878} INFO - 
================================================================================
DAG File Processing Stats

File Path                               PID    Runtime      # DAGs    # Errors  Last Runtime    Last Run
--------------------------------------  -----  ---------  --------  ----------  --------------  -------------------
/opt/airflow/dags/model_sample_dags.py                           1           0  0.41s           2026-01-01T21:35:11
================================================================================
[2026-01-01T21:36:07.459+0000] {manager.py:878} INFO - 
================================================================================
DAG File Processing Stats

File Path                               PID    Runtime      # DAGs    # Errors  Last Runtime    Last Run
--------------------------------------  -----  ---------  --------  ----------  --------------  -------------------
/opt/airflow/dags/model_sample_dags.py                           1           0  0.35s           2026-01-01T21:35:42
================================================================================
[2026-01-01T21:36:38.252+0000] {manager.py:878} INFO - 
================================================================================
DAG File Processing Stats

File Path                               PID    Runtime      # DAGs    # Errors  Last Runtime    Last Run
--------------------------------------  -----  ---------  --------  ----------  --------------  -------------------
/opt/airflow/dags/model_sample_dags.py                           1           0  0.32s           2026-01-01T21:36:12
================================================================================
[2026-01-01T21:37:08.890+0000] {manager.py:878} INFO - 
================================================================================
DAG File Processing Stats

File Path                               PID    Runtime      # DAGs    # Errors  Last Runtime    Last Run
--------------------------------------  -----  ---------  --------  ----------  --------------  -------------------
/opt/airflow/dags/model_sample_dags.py                           1           0  0.34s           2026-01-01T21:36:43
================================================================================
[2026-01-01T21:37:39.672+0000] {manager.py:878} INFO - 
================================================================================
DAG File Processing Stats

File Path                               PID    Runtime      # DAGs    # Errors  Last Runtime    Last Run
--------------------------------------  -----  ---------  --------  ----------  --------------  -------------------
/opt/airflow/dags/model_sample_dags.py                           1           0  0.42s           2026-01-01T21:37:14
================================================================================
[2026-01-01T21:38:10.387+0000] {manager.py:878} INFO - 
================================================================================
DAG File Processing Stats

File Path                               PID    Runtime      # DAGs    # Errors  Last Runtime    Last Run
--------------------------------------  -----  ---------  --------  ----------  --------------  -------------------
/opt/airflow/dags/model_sample_dags.py                           1           0  0.43s           2026-01-01T21:37:45
================================================================================
[2026-01-01T21:38:40.174+0000] {manager.py:737} INFO - Searching for files in /opt/airflow/dags
[2026-01-01T21:38:40.266+0000] {manager.py:740} INFO - There are 1 files in /opt/airflow/dags
[2026-01-01T21:38:41.328+0000] {manager.py:878} INFO - 
================================================================================
DAG File Processing Stats

File Path                               PID    Runtime      # DAGs    # Errors  Last Runtime    Last Run
--------------------------------------  -----  ---------  --------  ----------  --------------  -------------------
/opt/airflow/dags/model_sample_dags.py                           1           0  0.37s           2026-01-01T21:38:15
================================================================================
[2026-01-01T21:39:11.898+0000] {manager.py:878} INFO - 
================================================================================
DAG File Processing Stats

File Path                               PID    Runtime      # DAGs    # Errors  Last Runtime    Last Run
--------------------------------------  -----  ---------  --------  ----------  --------------  -------------------
/opt/airflow/dags/model_sample_dags.py                           1           0  0.34s           2026-01-01T21:38:46
================================================================================
[2026-01-01T21:39:42.754+0000] {manager.py:878} INFO - 
================================================================================
DAG File Processing Stats

File Path                               PID    Runtime      # DAGs    # Errors  Last Runtime    Last Run
--------------------------------------  -----  ---------  --------  ----------  --------------  -------------------
/opt/airflow/dags/model_sample_dags.py                           1           0  0.31s           2026-01-01T21:39:17
================================================================================
[2026-01-01T21:40:13.334+0000] {manager.py:878} INFO - 
================================================================================
DAG File Processing Stats

File Path                               PID    Runtime      # DAGs    # Errors  Last Runtime    Last Run
--------------------------------------  -----  ---------  --------  ----------  --------------  -------------------
/opt/airflow/dags/model_sample_dags.py                           1           0  0.33s           2026-01-01T21:39:48
================================================================================
[2026-01-01T21:40:44.165+0000] {manager.py:878} INFO - 
================================================================================
DAG File Processing Stats

File Path                               PID    Runtime      # DAGs    # Errors  Last Runtime    Last Run
--------------------------------------  -----  ---------  --------  ----------  --------------  -------------------
/opt/airflow/dags/model_sample_dags.py                           1           0  0.35s           2026-01-01T21:40:18
================================================================================
[2026-01-01T21:41:14.802+0000] {manager.py:878} INFO - 
================================================================================
DAG File Processing Stats

File Path                               PID    Runtime      # DAGs    # Errors  Last Runtime    Last Run
--------------------------------------  -----  ---------  --------  ----------  --------------  -------------------
/opt/airflow/dags/model_sample_dags.py                           1           0  0.35s           2026-01-01T21:40:49
================================================================================
[2026-01-01T21:41:45.650+0000] {manager.py:878} INFO - 
================================================================================
DAG File Processing Stats

File Path                               PID    Runtime      # DAGs    # Errors  Last Runtime    Last Run
--------------------------------------  -----  ---------  --------  ----------  --------------  -------------------
/opt/airflow/dags/model_sample_dags.py                           1           0  0.40s           2026-01-01T21:41:20
================================================================================
[2026-01-01T21:42:16.331+0000] {manager.py:878} INFO - 
================================================================================
DAG File Processing Stats

File Path                               PID    Runtime      # DAGs    # Errors  Last Runtime    Last Run
--------------------------------------  -----  ---------  --------  ----------  --------------  -------------------
/opt/airflow/dags/model_sample_dags.py                           1           0  0.38s           2026-01-01T21:41:51
================================================================================
[2026-01-01T21:42:47.112+0000] {manager.py:878} INFO - 
================================================================================
DAG File Processing Stats

File Path                               PID    Runtime      # DAGs    # Errors  Last Runtime    Last Run
--------------------------------------  -----  ---------  --------  ----------  --------------  -------------------
/opt/airflow/dags/model_sample_dags.py                           1           0  0.39s           2026-01-01T21:42:21
================================================================================
[2026-01-01T21:43:17.766+0000] {manager.py:878} INFO - 
================================================================================
DAG File Processing Stats

File Path                               PID    Runtime      # DAGs    # Errors  Last Runtime    Last Run
--------------------------------------  -----  ---------  --------  ----------  --------------  -------------------
/opt/airflow/dags/model_sample_dags.py                           1           0  0.35s           2026-01-01T21:42:52
================================================================================
[2026-01-01T21:43:40.440+0000] {manager.py:737} INFO - Searching for files in /opt/airflow/dags
[2026-01-01T21:43:40.512+0000] {manager.py:740} INFO - There are 1 files in /opt/airflow/dags
[2026-01-01T21:43:48.629+0000] {manager.py:878} INFO - 
================================================================================
DAG File Processing Stats

File Path                               PID    Runtime      # DAGs    # Errors  Last Runtime    Last Run
--------------------------------------  -----  ---------  --------  ----------  --------------  -------------------
/opt/airflow/dags/model_sample_dags.py                           1           0  0.37s           2026-01-01T21:43:23
================================================================================
[2026-01-01T21:44:19.217+0000] {manager.py:878} INFO - 
================================================================================
DAG File Processing Stats

File Path                               PID    Runtime      # DAGs    # Errors  Last Runtime    Last Run
--------------------------------------  -----  ---------  --------  ----------  --------------  -------------------
/opt/airflow/dags/model_sample_dags.py                           1           0  0.32s           2026-01-01T21:43:54
================================================================================
[2026-01-01T21:44:50.066+0000] {manager.py:878} INFO - 
================================================================================
DAG File Processing Stats

File Path                               PID    Runtime      # DAGs    # Errors  Last Runtime    Last Run
--------------------------------------  -----  ---------  --------  ----------  --------------  -------------------
/opt/airflow/dags/model_sample_dags.py                           1           0  0.45s           2026-01-01T21:44:24
================================================================================
[2026-01-01T21:45:20.764+0000] {manager.py:878} INFO - 
================================================================================
DAG File Processing Stats

File Path                               PID    Runtime      # DAGs    # Errors  Last Runtime    Last Run
--------------------------------------  -----  ---------  --------  ----------  --------------  -------------------
/opt/airflow/dags/model_sample_dags.py                           1           0  0.34s           2026-01-01T21:44:55
================================================================================
[2026-01-01T21:45:51.473+0000] {manager.py:878} INFO - 
================================================================================
DAG File Processing Stats

File Path                               PID    Runtime      # DAGs    # Errors  Last Runtime    Last Run
--------------------------------------  -----  ---------  --------  ----------  --------------  -------------------
/opt/airflow/dags/model_sample_dags.py                           1           0  0.30s           2026-01-01T21:45:26
================================================================================
[2026-01-01T21:46:22.167+0000] {manager.py:878} INFO - 
================================================================================
DAG File Processing Stats

File Path                               PID    Runtime      # DAGs    # Errors  Last Runtime    Last Run
--------------------------------------  -----  ---------  --------  ----------  --------------  -------------------
/opt/airflow/dags/model_sample_dags.py                           1           0  0.52s           2026-01-01T21:45:57
================================================================================
[2026-01-01T21:46:53.074+0000] {manager.py:878} INFO - 
================================================================================
DAG File Processing Stats

File Path                               PID    Runtime      # DAGs    # Errors  Last Runtime    Last Run
--------------------------------------  -----  ---------  --------  ----------  --------------  -------------------
/opt/airflow/dags/model_sample_dags.py                           1           0  0.35s           2026-01-01T21:46:27
================================================================================
[2026-01-01T21:47:23.671+0000] {manager.py:878} INFO - 
================================================================================
DAG File Processing Stats

File Path                               PID    Runtime      # DAGs    # Errors  Last Runtime    Last Run
--------------------------------------  -----  ---------  --------  ----------  --------------  -------------------
/opt/airflow/dags/model_sample_dags.py                           1           0  0.34s           2026-01-01T21:46:58
================================================================================
[2026-01-01T21:47:54.504+0000] {manager.py:878} INFO - 
================================================================================
DAG File Processing Stats

File Path                               PID    Runtime      # DAGs    # Errors  Last Runtime    Last Run
--------------------------------------  -----  ---------  --------  ----------  --------------  -------------------
/opt/airflow/dags/model_sample_dags.py                           1           0  0.43s           2026-01-01T21:47:29
================================================================================
[2026-01-01T21:48:25.370+0000] {manager.py:878} INFO - 
================================================================================
DAG File Processing Stats

File Path                               PID    Runtime      # DAGs    # Errors  Last Runtime    Last Run
--------------------------------------  -----  ---------  --------  ----------  --------------  -------------------
/opt/airflow/dags/model_sample_dags.py                           1           0  0.43s           2026-01-01T21:48:00
================================================================================
[2026-01-01T21:48:40.843+0000] {manager.py:737} INFO - Searching for files in /opt/airflow/dags
[2026-01-01T21:48:40.974+0000] {manager.py:740} INFO - There are 1 files in /opt/airflow/dags
[2026-01-01T21:48:56.379+0000] {manager.py:878} INFO - 
================================================================================
DAG File Processing Stats

File Path                               PID    Runtime      # DAGs    # Errors  Last Runtime    Last Run
--------------------------------------  -----  ---------  --------  ----------  --------------  -------------------
/opt/airflow/dags/model_sample_dags.py                           1           0  0.36s           2026-01-01T21:48:30
================================================================================
[2026-01-01T21:49:26.947+0000] {manager.py:878} INFO - 
================================================================================
DAG File Processing Stats

File Path                               PID    Runtime      # DAGs    # Errors  Last Runtime    Last Run
--------------------------------------  -----  ---------  --------  ----------  --------------  -------------------
/opt/airflow/dags/model_sample_dags.py                           1           0  0.39s           2026-01-01T21:49:01
================================================================================
[2026-01-01T21:49:57.523+0000] {manager.py:878} INFO - 
================================================================================
DAG File Processing Stats

File Path                               PID    Runtime      # DAGs    # Errors  Last Runtime    Last Run
--------------------------------------  -----  ---------  --------  ----------  --------------  -------------------
/opt/airflow/dags/model_sample_dags.py                           1           0  0.35s           2026-01-01T21:49:32
================================================================================
[2026-01-01T21:50:28.384+0000] {manager.py:878} INFO - 
================================================================================
DAG File Processing Stats

File Path                               PID    Runtime      # DAGs    # Errors  Last Runtime    Last Run
--------------------------------------  -----  ---------  --------  ----------  --------------  -------------------
/opt/airflow/dags/model_sample_dags.py                           1           0  0.39s           2026-01-01T21:50:03
================================================================================
[2026-01-01T21:50:58.989+0000] {manager.py:878} INFO - 
================================================================================
DAG File Processing Stats

File Path                               PID    Runtime      # DAGs    # Errors  Last Runtime    Last Run
--------------------------------------  -----  ---------  --------  ----------  --------------  -------------------
/opt/airflow/dags/model_sample_dags.py                           1           0  0.41s           2026-01-01T21:50:33
================================================================================
[2026-01-01T21:51:29.844+0000] {manager.py:878} INFO - 
================================================================================
DAG File Processing Stats

File Path                               PID    Runtime      # DAGs    # Errors  Last Runtime    Last Run
--------------------------------------  -----  ---------  --------  ----------  --------------  -------------------
/opt/airflow/dags/model_sample_dags.py                           1           0  0.36s           2026-01-01T21:51:04
================================================================================
[2026-01-01T21:52:00.452+0000] {manager.py:878} INFO - 
================================================================================
DAG File Processing Stats

File Path                               PID    Runtime      # DAGs    # Errors  Last Runtime    Last Run
--------------------------------------  -----  ---------  --------  ----------  --------------  -------------------
/opt/airflow/dags/model_sample_dags.py                           1           0  0.34s           2026-01-01T21:51:35
================================================================================
[2026-01-01T21:52:31.621+0000] {manager.py:878} INFO - 
================================================================================
DAG File Processing Stats

File Path                               PID    Runtime      # DAGs    # Errors  Last Runtime    Last Run
--------------------------------------  -----  ---------  --------  ----------  --------------  -------------------
/opt/airflow/dags/model_sample_dags.py                           1           0  0.28s           2026-01-01T21:52:05
================================================================================
[2026-01-01T21:53:02.180+0000] {manager.py:878} INFO - 
================================================================================
DAG File Processing Stats

File Path                               PID    Runtime      # DAGs    # Errors  Last Runtime    Last Run
--------------------------------------  -----  ---------  --------  ----------  --------------  -------------------
/opt/airflow/dags/model_sample_dags.py                           1           0  0.48s           2026-01-01T21:52:37
================================================================================
[2026-01-01T21:53:32.748+0000] {manager.py:878} INFO - 
================================================================================
DAG File Processing Stats

File Path                               PID    Runtime      # DAGs    # Errors  Last Runtime    Last Run
--------------------------------------  -----  ---------  --------  ----------  --------------  -------------------
/opt/airflow/dags/model_sample_dags.py                           1           0  0.40s           2026-01-01T21:53:07
================================================================================
[2026-01-01T21:53:40.885+0000] {manager.py:737} INFO - Searching for files in /opt/airflow/dags
[2026-01-01T21:53:40.993+0000] {manager.py:740} INFO - There are 1 files in /opt/airflow/dags
[2026-01-01T21:54:03.473+0000] {manager.py:878} INFO - 
================================================================================
DAG File Processing Stats

File Path                               PID    Runtime      # DAGs    # Errors  Last Runtime    Last Run
--------------------------------------  -----  ---------  --------  ----------  --------------  -------------------
/opt/airflow/dags/model_sample_dags.py                           1           0  0.26s           2026-01-01T21:53:38
================================================================================
[2026-01-01T21:54:34.048+0000] {manager.py:878} INFO - 
================================================================================
DAG File Processing Stats

File Path                               PID    Runtime      # DAGs    # Errors  Last Runtime    Last Run
--------------------------------------  -----  ---------  --------  ----------  --------------  -------------------
/opt/airflow/dags/model_sample_dags.py                           1           0  0.35s           2026-01-01T21:54:08
================================================================================
[2026-01-01T21:55:04.899+0000] {manager.py:878} INFO - 
================================================================================
DAG File Processing Stats

File Path                               PID    Runtime      # DAGs    # Errors  Last Runtime    Last Run
--------------------------------------  -----  ---------  --------  ----------  --------------  -------------------
/opt/airflow/dags/model_sample_dags.py                           1           0  0.38s           2026-01-01T21:54:39
================================================================================
[2026-01-01T21:55:35.441+0000] {manager.py:878} INFO - 
================================================================================
DAG File Processing Stats

File Path                               PID    Runtime      # DAGs    # Errors  Last Runtime    Last Run
--------------------------------------  -----  ---------  --------  ----------  --------------  -------------------
/opt/airflow/dags/model_sample_dags.py                           1           0  0.31s           2026-01-01T21:55:10
================================================================================
[2026-01-01T21:56:06.248+0000] {manager.py:878} INFO - 
================================================================================
DAG File Processing Stats

File Path                               PID    Runtime      # DAGs    # Errors  Last Runtime    Last Run
--------------------------------------  -----  ---------  --------  ----------  --------------  -------------------
/opt/airflow/dags/model_sample_dags.py                           1           0  0.36s           2026-01-01T21:55:40
================================================================================
[2026-01-01T21:56:36.861+0000] {manager.py:878} INFO - 
================================================================================
DAG File Processing Stats

File Path                               PID    Runtime      # DAGs    # Errors  Last Runtime    Last Run
--------------------------------------  -----  ---------  --------  ----------  --------------  -------------------
/opt/airflow/dags/model_sample_dags.py                           1           0  0.34s           2026-01-01T21:56:11
================================================================================
[2026-01-01T21:57:07.618+0000] {manager.py:878} INFO - 
================================================================================
DAG File Processing Stats

File Path                               PID    Runtime      # DAGs    # Errors  Last Runtime    Last Run
--------------------------------------  -----  ---------  --------  ----------  --------------  -------------------
/opt/airflow/dags/model_sample_dags.py                           1           0  0.40s           2026-01-01T21:56:42
================================================================================
[2026-01-01T21:57:38.260+0000] {manager.py:878} INFO - 
================================================================================
DAG File Processing Stats

File Path                               PID    Runtime      # DAGs    # Errors  Last Runtime    Last Run
--------------------------------------  -----  ---------  --------  ----------  --------------  -------------------
/opt/airflow/dags/model_sample_dags.py                           1           0  0.32s           2026-01-01T21:57:13
================================================================================
[2026-01-01T21:58:09.059+0000] {manager.py:878} INFO - 
================================================================================
DAG File Processing Stats

File Path                               PID    Runtime      # DAGs    # Errors  Last Runtime    Last Run
--------------------------------------  -----  ---------  --------  ----------  --------------  -------------------
/opt/airflow/dags/model_sample_dags.py                           1           0  0.32s           2026-01-01T21:57:43
================================================================================
[2026-01-01T21:58:39.640+0000] {manager.py:878} INFO - 
================================================================================
DAG File Processing Stats

File Path                               PID    Runtime      # DAGs    # Errors  Last Runtime    Last Run
--------------------------------------  -----  ---------  --------  ----------  --------------  -------------------
/opt/airflow/dags/model_sample_dags.py                           1           0  0.32s           2026-01-01T21:58:14
================================================================================
[2026-01-01T21:58:40.907+0000] {manager.py:737} INFO - Searching for files in /opt/airflow/dags
[2026-01-01T21:58:41.031+0000] {manager.py:740} INFO - There are 1 files in /opt/airflow/dags
[2026-01-01T21:59:10.183+0000] {manager.py:878} INFO - 
================================================================================
DAG File Processing Stats

File Path                               PID    Runtime      # DAGs    # Errors  Last Runtime    Last Run
--------------------------------------  -----  ---------  --------  ----------  --------------  -------------------
/opt/airflow/dags/model_sample_dags.py                           1           0  0.40s           2026-01-01T21:58:45
================================================================================
[2026-01-01T21:59:41.112+0000] {manager.py:878} INFO - 
================================================================================
DAG File Processing Stats

File Path                               PID    Runtime      # DAGs    # Errors  Last Runtime    Last Run
--------------------------------------  -----  ---------  --------  ----------  --------------  -------------------
/opt/airflow/dags/model_sample_dags.py                           1           0  0.40s           2026-01-01T21:59:15
================================================================================
[2026-01-01T22:00:12.119+0000] {manager.py:878} INFO - 
================================================================================
DAG File Processing Stats

File Path                               PID    Runtime      # DAGs    # Errors  Last Runtime    Last Run
--------------------------------------  -----  ---------  --------  ----------  --------------  -------------------
/opt/airflow/dags/model_sample_dags.py                           1           0  0.36s           2026-01-01T21:59:46
================================================================================
[2026-01-01T22:00:42.943+0000] {manager.py:878} INFO - 
================================================================================
DAG File Processing Stats

File Path                               PID    Runtime      # DAGs    # Errors  Last Runtime    Last Run
--------------------------------------  -----  ---------  --------  ----------  --------------  -------------------
/opt/airflow/dags/model_sample_dags.py                           1           0  0.44s           2026-01-01T22:00:17
================================================================================
[2026-01-01T22:01:14.021+0000] {manager.py:878} INFO - 
================================================================================
DAG File Processing Stats

File Path                               PID    Runtime      # DAGs    # Errors  Last Runtime    Last Run
--------------------------------------  -----  ---------  --------  ----------  --------------  -------------------
/opt/airflow/dags/model_sample_dags.py                           1           0  0.38s           2026-01-01T22:00:48
================================================================================
[2026-01-01T22:01:44.861+0000] {manager.py:878} INFO - 
================================================================================
DAG File Processing Stats

File Path                               PID    Runtime      # DAGs    # Errors  Last Runtime    Last Run
--------------------------------------  -----  ---------  --------  ----------  --------------  -------------------
/opt/airflow/dags/model_sample_dags.py                           1           0  0.35s           2026-01-01T22:01:19
================================================================================
[2026-01-01T22:02:15.456+0000] {manager.py:878} INFO - 
================================================================================
DAG File Processing Stats

File Path                               PID    Runtime      # DAGs    # Errors  Last Runtime    Last Run
--------------------------------------  -----  ---------  --------  ----------  --------------  -------------------
/opt/airflow/dags/model_sample_dags.py                           1           0  0.37s           2026-01-01T22:01:50
================================================================================
[2026-01-01T22:02:46.651+0000] {manager.py:878} INFO - 
================================================================================
DAG File Processing Stats

File Path                               PID    Runtime      # DAGs    # Errors  Last Runtime    Last Run
--------------------------------------  -----  ---------  --------  ----------  --------------  -------------------
/opt/airflow/dags/model_sample_dags.py                           1           0  0.38s           2026-01-01T22:02:20
================================================================================
[2026-01-01T22:03:17.207+0000] {manager.py:878} INFO - 
================================================================================
DAG File Processing Stats

File Path                               PID    Runtime      # DAGs    # Errors  Last Runtime    Last Run
--------------------------------------  -----  ---------  --------  ----------  --------------  -------------------
/opt/airflow/dags/model_sample_dags.py                           1           0  0.27s           2026-01-01T22:02:51
================================================================================
[2026-01-01T22:03:41.256+0000] {manager.py:737} INFO - Searching for files in /opt/airflow/dags
[2026-01-01T22:03:41.327+0000] {manager.py:740} INFO - There are 1 files in /opt/airflow/dags
[2026-01-01T22:03:48.448+0000] {manager.py:878} INFO - 
================================================================================
DAG File Processing Stats

File Path                               PID    Runtime      # DAGs    # Errors  Last Runtime    Last Run
--------------------------------------  -----  ---------  --------  ----------  --------------  -------------------
/opt/airflow/dags/model_sample_dags.py                           1           0  0.33s           2026-01-01T22:03:22
================================================================================
[2026-01-01T22:04:19.015+0000] {manager.py:878} INFO - 
================================================================================
DAG File Processing Stats

File Path                               PID    Runtime      # DAGs    # Errors  Last Runtime    Last Run
--------------------------------------  -----  ---------  --------  ----------  --------------  -------------------
/opt/airflow/dags/model_sample_dags.py                           1           0  0.57s           2026-01-01T22:03:54
================================================================================
[2026-01-01T22:04:49.857+0000] {manager.py:878} INFO - 
================================================================================
DAG File Processing Stats

File Path                               PID    Runtime      # DAGs    # Errors  Last Runtime    Last Run
--------------------------------------  -----  ---------  --------  ----------  --------------  -------------------
/opt/airflow/dags/model_sample_dags.py                           1           0  0.39s           2026-01-01T22:04:25
================================================================================
[2026-01-01T22:05:20.748+0000] {manager.py:878} INFO - 
================================================================================
DAG File Processing Stats

File Path                               PID    Runtime      # DAGs    # Errors  Last Runtime    Last Run
--------------------------------------  -----  ---------  --------  ----------  --------------  -------------------
/opt/airflow/dags/model_sample_dags.py                           1           0  0.36s           2026-01-01T22:04:55
================================================================================
[2026-01-01T22:05:51.333+0000] {manager.py:878} INFO - 
================================================================================
DAG File Processing Stats

File Path                               PID    Runtime      # DAGs    # Errors  Last Runtime    Last Run
--------------------------------------  -----  ---------  --------  ----------  --------------  -------------------
/opt/airflow/dags/model_sample_dags.py                           1           0  0.33s           2026-01-01T22:05:26
================================================================================
[2026-01-01T22:06:22.544+0000] {manager.py:878} INFO - 
================================================================================
DAG File Processing Stats

File Path                               PID    Runtime      # DAGs    # Errors  Last Runtime    Last Run
--------------------------------------  -----  ---------  --------  ----------  --------------  -------------------
/opt/airflow/dags/model_sample_dags.py                           1           0  0.33s           2026-01-01T22:05:57
================================================================================
[2026-01-01T22:06:53.593+0000] {manager.py:878} INFO - 
================================================================================
DAG File Processing Stats

File Path                               PID    Runtime      # DAGs    # Errors  Last Runtime    Last Run
--------------------------------------  -----  ---------  --------  ----------  --------------  -------------------
/opt/airflow/dags/model_sample_dags.py                           1           0  0.37s           2026-01-01T22:06:29
================================================================================
[2026-01-01T22:07:24.858+0000] {manager.py:878} INFO - 
================================================================================
DAG File Processing Stats

File Path                               PID    Runtime      # DAGs    # Errors  Last Runtime    Last Run
--------------------------------------  -----  ---------  --------  ----------  --------------  -------------------
/opt/airflow/dags/model_sample_dags.py                           1           0  0.35s           2026-01-01T22:07:00
================================================================================
[2026-01-01T22:07:55.968+0000] {manager.py:878} INFO - 
================================================================================
DAG File Processing Stats

File Path                               PID    Runtime      # DAGs    # Errors  Last Runtime    Last Run
--------------------------------------  -----  ---------  --------  ----------  --------------  -------------------
/opt/airflow/dags/model_sample_dags.py                           1           0  0.36s           2026-01-01T22:07:31
================================================================================
[2026-01-01T22:08:27.194+0000] {manager.py:878} INFO - 
================================================================================
DAG File Processing Stats

File Path                               PID    Runtime      # DAGs    # Errors  Last Runtime    Last Run
--------------------------------------  -----  ---------  --------  ----------  --------------  -------------------
/opt/airflow/dags/model_sample_dags.py                           1           0  0.29s           2026-01-01T22:08:01
================================================================================
[2026-01-01T22:08:42.240+0000] {manager.py:737} INFO - Searching for files in /opt/airflow/dags
[2026-01-01T22:08:42.353+0000] {manager.py:740} INFO - There are 1 files in /opt/airflow/dags
[2026-01-01T22:08:58.574+0000] {manager.py:878} INFO - 
================================================================================
DAG File Processing Stats

File Path                               PID    Runtime      # DAGs    # Errors  Last Runtime    Last Run
--------------------------------------  -----  ---------  --------  ----------  --------------  -------------------
/opt/airflow/dags/model_sample_dags.py                           1           0  0.30s           2026-01-01T22:08:32
================================================================================
[2026-01-01T22:09:29.674+0000] {manager.py:878} INFO - 
================================================================================
DAG File Processing Stats

File Path                               PID    Runtime      # DAGs    # Errors  Last Runtime    Last Run
--------------------------------------  -----  ---------  --------  ----------  --------------  -------------------
/opt/airflow/dags/model_sample_dags.py                           1           0  0.26s           2026-01-01T22:09:02
================================================================================
[2026-01-01T22:10:00.899+0000] {manager.py:878} INFO - 
================================================================================
DAG File Processing Stats

File Path                               PID    Runtime      # DAGs    # Errors  Last Runtime    Last Run
--------------------------------------  -----  ---------  --------  ----------  --------------  -------------------
/opt/airflow/dags/model_sample_dags.py                           1           0  0.35s           2026-01-01T22:09:33
================================================================================
[2026-01-01T22:10:32.240+0000] {manager.py:878} INFO - 
================================================================================
DAG File Processing Stats

File Path                               PID    Runtime      # DAGs    # Errors  Last Runtime    Last Run
--------------------------------------  -----  ---------  --------  ----------  --------------  -------------------
/opt/airflow/dags/model_sample_dags.py                           1           0  0.42s           2026-01-01T22:10:04
================================================================================
[2026-01-01T22:11:03.222+0000] {manager.py:878} INFO - 
================================================================================
DAG File Processing Stats

File Path                               PID    Runtime      # DAGs    # Errors  Last Runtime    Last Run
--------------------------------------  -----  ---------  --------  ----------  --------------  -------------------
/opt/airflow/dags/model_sample_dags.py                           1           0  0.22s           2026-01-01T22:10:35
================================================================================
[2026-01-01T22:11:34.441+0000] {manager.py:878} INFO - 
================================================================================
DAG File Processing Stats

File Path                               PID    Runtime      # DAGs    # Errors  Last Runtime    Last Run
--------------------------------------  -----  ---------  --------  ----------  --------------  -------------------
/opt/airflow/dags/model_sample_dags.py                           1           0  0.35s           2026-01-01T22:11:06
================================================================================
[2026-01-01T22:12:05.341+0000] {manager.py:878} INFO - 
================================================================================
DAG File Processing Stats

File Path                               PID    Runtime      # DAGs    # Errors  Last Runtime    Last Run
--------------------------------------  -----  ---------  --------  ----------  --------------  -------------------
/opt/airflow/dags/model_sample_dags.py                           1           0  0.73s           2026-01-01T22:11:38
================================================================================
[2026-01-01T22:12:36.705+0000] {manager.py:878} INFO - 
================================================================================
DAG File Processing Stats

File Path                               PID    Runtime      # DAGs    # Errors  Last Runtime    Last Run
--------------------------------------  -----  ---------  --------  ----------  --------------  -------------------
/opt/airflow/dags/model_sample_dags.py                           1           0  0.46s           2026-01-01T22:12:08
================================================================================
[2026-01-01T22:13:07.901+0000] {manager.py:878} INFO - 
================================================================================
DAG File Processing Stats

File Path                               PID    Runtime      # DAGs    # Errors  Last Runtime    Last Run
--------------------------------------  -----  ---------  --------  ----------  --------------  -------------------
/opt/airflow/dags/model_sample_dags.py                           1           0  0.35s           2026-01-01T22:12:40
================================================================================
[2026-01-01T22:13:39.074+0000] {manager.py:878} INFO - 
================================================================================
DAG File Processing Stats

File Path                               PID    Runtime      # DAGs    # Errors  Last Runtime    Last Run
--------------------------------------  -----  ---------  --------  ----------  --------------  -------------------
/opt/airflow/dags/model_sample_dags.py                           1           0  0.45s           2026-01-01T22:13:11
================================================================================
[2026-01-01T22:13:42.437+0000] {manager.py:737} INFO - Searching for files in /opt/airflow/dags
[2026-01-01T22:13:42.587+0000] {manager.py:740} INFO - There are 1 files in /opt/airflow/dags
[2026-01-01T22:14:10.102+0000] {manager.py:878} INFO - 
================================================================================
DAG File Processing Stats

File Path                               PID    Runtime      # DAGs    # Errors  Last Runtime    Last Run
--------------------------------------  -----  ---------  --------  ----------  --------------  -------------------
/opt/airflow/dags/model_sample_dags.py                           1           0  0.51s           2026-01-01T22:13:42
================================================================================
[2026-01-01T22:14:41.086+0000] {manager.py:878} INFO - 
================================================================================
DAG File Processing Stats

File Path                               PID    Runtime      # DAGs    # Errors  Last Runtime    Last Run
--------------------------------------  -----  ---------  --------  ----------  --------------  -------------------
/opt/airflow/dags/model_sample_dags.py                           1           0  0.41s           2026-01-01T22:14:13
================================================================================
[2026-01-01T22:15:12.483+0000] {manager.py:878} INFO - 
================================================================================
DAG File Processing Stats

File Path                               PID    Runtime      # DAGs    # Errors  Last Runtime    Last Run
--------------------------------------  -----  ---------  --------  ----------  --------------  -------------------
/opt/airflow/dags/model_sample_dags.py                           1           0  0.49s           2026-01-01T22:14:44
================================================================================
[2026-01-03T15:14:38.013+0000] {manager.py:470} INFO - Processing files using up to 2 processes at a time 
[2026-01-03T15:14:38.018+0000] {manager.py:471} INFO - Process each file at most once every 30 seconds
[2026-01-03T15:14:38.023+0000] {manager.py:472} INFO - Checking for new files in /opt/airflow/dags every 300 seconds
[2026-01-03T15:14:38.028+0000] {manager.py:737} INFO - Searching for files in /opt/airflow/dags
[2026-01-03T15:14:38.228+0000] {manager.py:740} INFO - There are 1 files in /opt/airflow/dags
[2026-01-03T15:14:38.547+0000] {manager.py:878} INFO - 
================================================================================
DAG File Processing Stats

File Path                                 PID  Runtime      # DAGs    # Errors  Last Runtime    Last Run
--------------------------------------  -----  ---------  --------  ----------  --------------  ----------
/opt/airflow/dags/model_sample_dags.py    168  0.15s             0           0
================================================================================
[2026-01-03T15:15:10.669+0000] {manager.py:878} INFO - 
================================================================================
DAG File Processing Stats

File Path                               PID    Runtime      # DAGs    # Errors  Last Runtime    Last Run
--------------------------------------  -----  ---------  --------  ----------  --------------  -------------------
/opt/airflow/dags/model_sample_dags.py                           1           0  0.44s           2026-01-03T15:15:10
================================================================================
[2026-01-03T15:15:42.898+0000] {manager.py:878} INFO - 
================================================================================
DAG File Processing Stats

File Path                               PID    Runtime      # DAGs    # Errors  Last Runtime    Last Run
--------------------------------------  -----  ---------  --------  ----------  --------------  -------------------
/opt/airflow/dags/model_sample_dags.py                           1           0  0.52s           2026-01-03T15:15:40
================================================================================
[2026-01-03T15:16:15.505+0000] {manager.py:878} INFO - 
================================================================================
DAG File Processing Stats

File Path                               PID    Runtime      # DAGs    # Errors  Last Runtime    Last Run
--------------------------------------  -----  ---------  --------  ----------  --------------  -------------------
/opt/airflow/dags/model_sample_dags.py                           1           0  0.81s           2026-01-03T15:16:13
================================================================================
[2026-01-03T15:16:47.511+0000] {manager.py:878} INFO - 
================================================================================
DAG File Processing Stats

File Path                               PID    Runtime      # DAGs    # Errors  Last Runtime    Last Run
--------------------------------------  -----  ---------  --------  ----------  --------------  -------------------
/opt/airflow/dags/model_sample_dags.py                           1           0  0.98s           2026-01-03T15:16:45
================================================================================
[2026-01-03T15:17:20.285+0000] {manager.py:878} INFO - 
================================================================================
DAG File Processing Stats

File Path                               PID    Runtime      # DAGs    # Errors  Last Runtime    Last Run
--------------------------------------  -----  ---------  --------  ----------  --------------  -------------------
/opt/airflow/dags/model_sample_dags.py                           0           1  0.31s           2026-01-03T15:16:58
================================================================================
[2026-01-03T15:17:52.730+0000] {manager.py:878} INFO - 
================================================================================
DAG File Processing Stats

File Path                               PID    Runtime      # DAGs    # Errors  Last Runtime    Last Run
--------------------------------------  -----  ---------  --------  ----------  --------------  -------------------
/opt/airflow/dags/model_sample_dags.py                           0           1  0.30s           2026-01-03T15:17:28
================================================================================
[2026-01-03T15:18:25.385+0000] {manager.py:878} INFO - 
================================================================================
DAG File Processing Stats

File Path                               PID    Runtime      # DAGs    # Errors  Last Runtime    Last Run
--------------------------------------  -----  ---------  --------  ----------  --------------  -------------------
/opt/airflow/dags/model_sample_dags.py                           1           0  1.63s           2026-01-03T15:18:13
================================================================================
[2026-01-03T15:18:57.891+0000] {manager.py:878} INFO - 
================================================================================
DAG File Processing Stats

File Path                               PID    Runtime      # DAGs    # Errors  Last Runtime    Last Run
--------------------------------------  -----  ---------  --------  ----------  --------------  -------------------
/opt/airflow/dags/model_sample_dags.py                           1           0  0.50s           2026-01-03T15:18:38
================================================================================
[2026-01-03T15:19:30.103+0000] {manager.py:878} INFO - 
================================================================================
DAG File Processing Stats

File Path                               PID    Runtime      # DAGs    # Errors  Last Runtime    Last Run
--------------------------------------  -----  ---------  --------  ----------  --------------  -------------------
/opt/airflow/dags/model_sample_dags.py                           1           0  0.75s           2026-01-03T15:19:09
================================================================================
[2026-01-03T15:19:38.202+0000] {manager.py:737} INFO - Searching for files in /opt/airflow/dags
[2026-01-03T15:19:38.335+0000] {manager.py:740} INFO - There are 1 files in /opt/airflow/dags
[2026-01-03T15:20:02.138+0000] {manager.py:878} INFO - 
================================================================================
DAG File Processing Stats

File Path                               PID    Runtime      # DAGs    # Errors  Last Runtime    Last Run
--------------------------------------  -----  ---------  --------  ----------  --------------  -------------------
/opt/airflow/dags/model_sample_dags.py                           1           0  0.39s           2026-01-03T15:19:40
================================================================================
[2026-01-03T15:20:34.662+0000] {manager.py:878} INFO - 
================================================================================
DAG File Processing Stats

File Path                               PID    Runtime      # DAGs    # Errors  Last Runtime    Last Run
--------------------------------------  -----  ---------  --------  ----------  --------------  -------------------
/opt/airflow/dags/model_sample_dags.py                           1           0  0.46s           2026-01-03T15:20:22
================================================================================
[2026-01-03T15:21:07.225+0000] {manager.py:878} INFO - 
================================================================================
DAG File Processing Stats

File Path                               PID    Runtime      # DAGs    # Errors  Last Runtime    Last Run
--------------------------------------  -----  ---------  --------  ----------  --------------  -------------------
/opt/airflow/dags/model_sample_dags.py                           1           0  0.38s           2026-01-03T15:20:53
================================================================================
[2026-01-03T15:21:39.953+0000] {manager.py:878} INFO - 
================================================================================
DAG File Processing Stats

File Path                               PID    Runtime      # DAGs    # Errors  Last Runtime    Last Run
--------------------------------------  -----  ---------  --------  ----------  --------------  -------------------
/opt/airflow/dags/model_sample_dags.py                           1           0  0.40s           2026-01-03T15:21:23
================================================================================
[2026-01-03T15:22:12.519+0000] {manager.py:878} INFO - 
================================================================================
DAG File Processing Stats

File Path                               PID    Runtime      # DAGs    # Errors  Last Runtime    Last Run
--------------------------------------  -----  ---------  --------  ----------  --------------  -------------------
/opt/airflow/dags/model_sample_dags.py                           1           0  0.37s           2026-01-03T15:21:54
================================================================================
[2026-01-03T15:22:45.306+0000] {manager.py:878} INFO - 
================================================================================
DAG File Processing Stats

File Path                               PID    Runtime      # DAGs    # Errors  Last Runtime    Last Run
--------------------------------------  -----  ---------  --------  ----------  --------------  -------------------
/opt/airflow/dags/model_sample_dags.py                           1           0  0.38s           2026-01-03T15:22:25
================================================================================
[2026-01-03T15:23:18.108+0000] {manager.py:878} INFO - 
================================================================================
DAG File Processing Stats

File Path                               PID    Runtime      # DAGs    # Errors  Last Runtime    Last Run
--------------------------------------  -----  ---------  --------  ----------  --------------  -------------------
/opt/airflow/dags/model_sample_dags.py                           1           0  0.38s           2026-01-03T15:22:55
================================================================================
[2026-01-03T15:23:50.953+0000] {manager.py:878} INFO - 
================================================================================
DAG File Processing Stats

File Path                               PID    Runtime      # DAGs    # Errors  Last Runtime    Last Run
--------------------------------------  -----  ---------  --------  ----------  --------------  -------------------
/opt/airflow/dags/model_sample_dags.py                           1           0  0.48s           2026-01-03T15:23:26
================================================================================
[2026-01-03T15:24:23.573+0000] {manager.py:878} INFO - 
================================================================================
DAG File Processing Stats

File Path                               PID    Runtime      # DAGs    # Errors  Last Runtime    Last Run
--------------------------------------  -----  ---------  --------  ----------  --------------  -------------------
/opt/airflow/dags/model_sample_dags.py                           1           0  0.39s           2026-01-03T15:23:57
================================================================================
[2026-01-03T15:24:38.221+0000] {manager.py:737} INFO - Searching for files in /opt/airflow/dags
[2026-01-03T15:24:38.328+0000] {manager.py:740} INFO - There are 1 files in /opt/airflow/dags
[2026-01-03T15:24:56.488+0000] {manager.py:878} INFO - 
================================================================================
DAG File Processing Stats

File Path                               PID    Runtime      # DAGs    # Errors  Last Runtime    Last Run
--------------------------------------  -----  ---------  --------  ----------  --------------  -------------------
/opt/airflow/dags/model_sample_dags.py                           1           0  0.39s           2026-01-03T15:24:28
================================================================================
[2026-01-03T15:25:29.242+0000] {manager.py:878} INFO - 
================================================================================
DAG File Processing Stats

File Path                                 PID  Runtime      # DAGs    # Errors  Last Runtime    Last Run
--------------------------------------  -----  ---------  --------  ----------  --------------  -------------------
/opt/airflow/dags/model_sample_dags.py    287  0.02s             1           0  0.35s           2026-01-03T15:24:58
================================================================================
[2026-01-03T15:26:01.868+0000] {manager.py:878} INFO - 
================================================================================
DAG File Processing Stats

File Path                               PID    Runtime      # DAGs    # Errors  Last Runtime    Last Run
--------------------------------------  -----  ---------  --------  ----------  --------------  -------------------
/opt/airflow/dags/model_sample_dags.py                           1           0  0.43s           2026-01-03T15:26:01
================================================================================
[2026-01-03T15:26:34.205+0000] {manager.py:878} INFO - 
================================================================================
DAG File Processing Stats

File Path                               PID    Runtime      # DAGs    # Errors  Last Runtime    Last Run
--------------------------------------  -----  ---------  --------  ----------  --------------  -------------------
/opt/airflow/dags/model_sample_dags.py                           1           0  0.63s           2026-01-03T15:26:32
================================================================================
[2026-01-03T15:27:06.774+0000] {manager.py:878} INFO - 
================================================================================
DAG File Processing Stats

File Path                               PID    Runtime      # DAGs    # Errors  Last Runtime    Last Run
--------------------------------------  -----  ---------  --------  ----------  --------------  -------------------
/opt/airflow/dags/model_sample_dags.py                           1           0  0.39s           2026-01-03T15:27:02
================================================================================
[2026-01-03T15:27:39.378+0000] {manager.py:878} INFO - 
================================================================================
DAG File Processing Stats

File Path                               PID    Runtime      # DAGs    # Errors  Last Runtime    Last Run
--------------------------------------  -----  ---------  --------  ----------  --------------  -------------------
/opt/airflow/dags/model_sample_dags.py                           1           0  0.43s           2026-01-03T15:27:33
================================================================================
[2026-01-03T15:28:11.954+0000] {manager.py:878} INFO - 
================================================================================
DAG File Processing Stats

File Path                               PID    Runtime      # DAGs    # Errors  Last Runtime    Last Run
--------------------------------------  -----  ---------  --------  ----------  --------------  -------------------
/opt/airflow/dags/model_sample_dags.py                           1           0  0.38s           2026-01-03T15:28:04
================================================================================
[2026-01-03T15:28:44.292+0000] {manager.py:878} INFO - 
================================================================================
DAG File Processing Stats

File Path                               PID    Runtime      # DAGs    # Errors  Last Runtime    Last Run
--------------------------------------  -----  ---------  --------  ----------  --------------  -------------------
/opt/airflow/dags/model_sample_dags.py                           1           0  0.52s           2026-01-03T15:28:35
================================================================================
[2026-01-03T15:29:04.453+0000] {manager.py:452} INFO - Exiting gracefully upon receiving signal 15
[2026-01-03T15:33:03.400+0000] {manager.py:470} INFO - Processing files using up to 2 processes at a time 
[2026-01-03T15:33:03.404+0000] {manager.py:471} INFO - Process each file at most once every 30 seconds
[2026-01-03T15:33:03.407+0000] {manager.py:472} INFO - Checking for new files in /opt/airflow/dags every 300 seconds
[2026-01-03T15:33:03.410+0000] {manager.py:737} INFO - Searching for files in /opt/airflow/dags
[2026-01-03T15:33:03.495+0000] {manager.py:740} INFO - There are 1 files in /opt/airflow/dags
[2026-01-03T15:33:03.796+0000] {manager.py:878} INFO - 
================================================================================
DAG File Processing Stats

File Path                                 PID  Runtime      # DAGs    # Errors  Last Runtime    Last Run
--------------------------------------  -----  ---------  --------  ----------  --------------  ----------
/opt/airflow/dags/model_sample_dags.py    192  0.13s             0           0
================================================================================
[2026-01-03T15:33:36.488+0000] {manager.py:878} INFO - 
================================================================================
DAG File Processing Stats

File Path                               PID    Runtime      # DAGs    # Errors  Last Runtime    Last Run
--------------------------------------  -----  ---------  --------  ----------  --------------  -------------------
/opt/airflow/dags/model_sample_dags.py                           1           0  0.41s           2026-01-03T15:33:35
================================================================================
[2026-01-03T15:34:08.665+0000] {manager.py:878} INFO - 
================================================================================
DAG File Processing Stats

File Path                               PID    Runtime      # DAGs    # Errors  Last Runtime    Last Run
--------------------------------------  -----  ---------  --------  ----------  --------------  -------------------
/opt/airflow/dags/model_sample_dags.py                           1           0  0.49s           2026-01-03T15:34:06
================================================================================
[2026-01-03T15:34:41.289+0000] {manager.py:878} INFO - 
================================================================================
DAG File Processing Stats

File Path                               PID    Runtime      # DAGs    # Errors  Last Runtime    Last Run
--------------------------------------  -----  ---------  --------  ----------  --------------  -------------------
/opt/airflow/dags/model_sample_dags.py                           1           0  0.49s           2026-01-03T15:34:30
================================================================================
[2026-01-03T15:35:14.110+0000] {manager.py:878} INFO - 
================================================================================
DAG File Processing Stats

File Path                               PID    Runtime      # DAGs    # Errors  Last Runtime    Last Run
--------------------------------------  -----  ---------  --------  ----------  --------------  -------------------
/opt/airflow/dags/model_sample_dags.py                           1           0  0.43s           2026-01-03T15:35:01
================================================================================
[2026-01-03T15:35:47.037+0000] {manager.py:878} INFO - 
================================================================================
DAG File Processing Stats

File Path                               PID    Runtime      # DAGs    # Errors  Last Runtime    Last Run
--------------------------------------  -----  ---------  --------  ----------  --------------  -------------------
/opt/airflow/dags/model_sample_dags.py                           1           0  0.33s           2026-01-03T15:35:31
================================================================================
[2026-01-03T15:36:19.711+0000] {manager.py:878} INFO - 
================================================================================
DAG File Processing Stats

File Path                               PID    Runtime      # DAGs    # Errors  Last Runtime    Last Run
--------------------------------------  -----  ---------  --------  ----------  --------------  -------------------
/opt/airflow/dags/model_sample_dags.py                           1           0  0.41s           2026-01-03T15:36:02
================================================================================
[2026-01-03T15:36:52.773+0000] {manager.py:878} INFO - 
================================================================================
DAG File Processing Stats

File Path                               PID    Runtime      # DAGs    # Errors  Last Runtime    Last Run
--------------------------------------  -----  ---------  --------  ----------  --------------  -------------------
/opt/airflow/dags/model_sample_dags.py                           1           0  0.41s           2026-01-03T15:36:33
================================================================================
[2026-01-03T15:37:25.003+0000] {manager.py:878} INFO - 
================================================================================
DAG File Processing Stats

File Path                               PID    Runtime      # DAGs    # Errors  Last Runtime    Last Run
--------------------------------------  -----  ---------  --------  ----------  --------------  -------------------
/opt/airflow/dags/model_sample_dags.py                           1           0  0.56s           2026-01-03T15:37:06
================================================================================
[2026-01-03T15:37:57.482+0000] {manager.py:878} INFO - 
================================================================================
DAG File Processing Stats

File Path                               PID    Runtime      # DAGs    # Errors  Last Runtime    Last Run
--------------------------------------  -----  ---------  --------  ----------  --------------  -------------------
/opt/airflow/dags/model_sample_dags.py                           1           0  0.45s           2026-01-03T15:37:38
================================================================================
[2026-01-03T15:38:03.556+0000] {manager.py:737} INFO - Searching for files in /opt/airflow/dags
[2026-01-03T15:38:03.678+0000] {manager.py:740} INFO - There are 1 files in /opt/airflow/dags
[2026-01-03T15:38:29.762+0000] {manager.py:878} INFO - 
================================================================================
DAG File Processing Stats

File Path                               PID    Runtime      # DAGs    # Errors  Last Runtime    Last Run
--------------------------------------  -----  ---------  --------  ----------  --------------  -------------------
/opt/airflow/dags/model_sample_dags.py                           1           0  0.43s           2026-01-03T15:38:10
================================================================================
[2026-01-03T15:39:02.328+0000] {manager.py:878} INFO - 
================================================================================
DAG File Processing Stats

File Path                               PID    Runtime      # DAGs    # Errors  Last Runtime    Last Run
--------------------------------------  -----  ---------  --------  ----------  --------------  -------------------
/opt/airflow/dags/model_sample_dags.py                           1           0  0.42s           2026-01-03T15:38:42
================================================================================
[2026-01-03T15:39:25.216+0000] {manager.py:452} INFO - Exiting gracefully upon receiving signal 15
[2026-01-03T15:46:03.115+0000] {manager.py:470} INFO - Processing files using up to 2 processes at a time 
[2026-01-03T15:46:03.119+0000] {manager.py:471} INFO - Process each file at most once every 30 seconds
[2026-01-03T15:46:03.124+0000] {manager.py:472} INFO - Checking for new files in /opt/airflow/dags every 300 seconds
[2026-01-03T15:46:03.129+0000] {manager.py:737} INFO - Searching for files in /opt/airflow/dags
[2026-01-03T15:46:03.235+0000] {manager.py:740} INFO - There are 1 files in /opt/airflow/dags
[2026-01-03T15:46:03.565+0000] {manager.py:878} INFO - 
================================================================================
DAG File Processing Stats

File Path                                 PID  Runtime      # DAGs    # Errors  Last Runtime    Last Run
--------------------------------------  -----  ---------  --------  ----------  --------------  ----------
/opt/airflow/dags/model_sample_dags.py    192  0.11s             0           0
================================================================================
[2026-01-03T15:46:36.173+0000] {manager.py:878} INFO - 
================================================================================
DAG File Processing Stats

File Path                               PID    Runtime      # DAGs    # Errors  Last Runtime    Last Run
--------------------------------------  -----  ---------  --------  ----------  --------------  -------------------
/opt/airflow/dags/model_sample_dags.py                           1           0  0.33s           2026-01-03T15:46:35
================================================================================
[2026-01-03T15:47:08.996+0000] {manager.py:878} INFO - 
================================================================================
DAG File Processing Stats

File Path                               PID    Runtime      # DAGs    # Errors  Last Runtime    Last Run
--------------------------------------  -----  ---------  --------  ----------  --------------  -------------------
/opt/airflow/dags/model_sample_dags.py                           1           0  0.41s           2026-01-03T15:47:06
================================================================================
[2026-01-03T15:47:41.864+0000] {manager.py:878} INFO - 
================================================================================
DAG File Processing Stats

File Path                               PID    Runtime      # DAGs    # Errors  Last Runtime    Last Run
--------------------------------------  -----  ---------  --------  ----------  --------------  -------------------
/opt/airflow/dags/model_sample_dags.py                           1           0  0.52s           2026-01-03T15:47:37
================================================================================
[2026-01-03T15:48:15.042+0000] {manager.py:878} INFO - 
================================================================================
DAG File Processing Stats

File Path                               PID    Runtime      # DAGs    # Errors  Last Runtime    Last Run
--------------------------------------  -----  ---------  --------  ----------  --------------  -------------------
/opt/airflow/dags/model_sample_dags.py                           1           0  0.40s           2026-01-03T15:48:07
================================================================================
[2026-01-03T15:48:47.751+0000] {manager.py:878} INFO - 
================================================================================
DAG File Processing Stats

File Path                               PID    Runtime      # DAGs    # Errors  Last Runtime    Last Run
--------------------------------------  -----  ---------  --------  ----------  --------------  -------------------
/opt/airflow/dags/model_sample_dags.py                           1           0  0.44s           2026-01-03T15:48:39
================================================================================
[2026-01-03T15:49:20.814+0000] {manager.py:878} INFO - 
================================================================================
DAG File Processing Stats

File Path                               PID    Runtime      # DAGs    # Errors  Last Runtime    Last Run
--------------------------------------  -----  ---------  --------  ----------  --------------  -------------------
/opt/airflow/dags/model_sample_dags.py                           1           0  0.41s           2026-01-03T15:49:09
================================================================================
[2026-01-03T15:49:53.649+0000] {manager.py:878} INFO - 
================================================================================
DAG File Processing Stats

File Path                               PID    Runtime      # DAGs    # Errors  Last Runtime    Last Run
--------------------------------------  -----  ---------  --------  ----------  --------------  -------------------
/opt/airflow/dags/model_sample_dags.py                           1           0  0.40s           2026-01-03T15:49:40
================================================================================
[2026-01-03T15:50:26.820+0000] {manager.py:878} INFO - 
================================================================================
DAG File Processing Stats

File Path                               PID    Runtime      # DAGs    # Errors  Last Runtime    Last Run
--------------------------------------  -----  ---------  --------  ----------  --------------  -------------------
/opt/airflow/dags/model_sample_dags.py                           1           0  0.45s           2026-01-03T15:50:11
================================================================================
[2026-01-03T15:50:59.641+0000] {manager.py:878} INFO - 
================================================================================
DAG File Processing Stats

File Path                               PID    Runtime      # DAGs    # Errors  Last Runtime    Last Run
--------------------------------------  -----  ---------  --------  ----------  --------------  -------------------
/opt/airflow/dags/model_sample_dags.py                           1           0  0.49s           2026-01-03T15:50:42
================================================================================
[2026-01-03T15:51:04.364+0000] {manager.py:737} INFO - Searching for files in /opt/airflow/dags
[2026-01-03T15:51:04.493+0000] {manager.py:740} INFO - There are 1 files in /opt/airflow/dags
[2026-01-03T15:51:32.347+0000] {manager.py:878} INFO - 
================================================================================
DAG File Processing Stats

File Path                               PID    Runtime      # DAGs    # Errors  Last Runtime    Last Run
--------------------------------------  -----  ---------  --------  ----------  --------------  -------------------
/opt/airflow/dags/model_sample_dags.py                           1           0  0.41s           2026-01-03T15:51:13
================================================================================
[2026-01-03T15:52:04.702+0000] {manager.py:878} INFO - 
================================================================================
DAG File Processing Stats

File Path                               PID    Runtime      # DAGs    # Errors  Last Runtime    Last Run
--------------------------------------  -----  ---------  --------  ----------  --------------  -------------------
/opt/airflow/dags/model_sample_dags.py                           1           0  0.59s           2026-01-03T15:51:44
================================================================================
[2026-01-03T15:52:37.469+0000] {manager.py:878} INFO - 
================================================================================
DAG File Processing Stats

File Path                               PID    Runtime      # DAGs    # Errors  Last Runtime    Last Run
--------------------------------------  -----  ---------  --------  ----------  --------------  -------------------
/opt/airflow/dags/model_sample_dags.py                           1           0  0.40s           2026-01-03T15:52:15
================================================================================
[2026-01-03T15:53:10.470+0000] {manager.py:878} INFO - 
================================================================================
DAG File Processing Stats

File Path                               PID    Runtime      # DAGs    # Errors  Last Runtime    Last Run
--------------------------------------  -----  ---------  --------  ----------  --------------  -------------------
/opt/airflow/dags/model_sample_dags.py                           1           0  0.40s           2026-01-03T15:52:46
================================================================================
[2026-01-03T15:53:27.899+0000] {manager.py:452} INFO - Exiting gracefully upon receiving signal 15
[2026-01-03T15:57:38.349+0000] {manager.py:470} INFO - Processing files using up to 2 processes at a time 
[2026-01-03T15:57:38.356+0000] {manager.py:471} INFO - Process each file at most once every 30 seconds
[2026-01-03T15:57:38.360+0000] {manager.py:472} INFO - Checking for new files in /opt/airflow/dags every 300 seconds
[2026-01-03T15:57:38.363+0000] {manager.py:737} INFO - Searching for files in /opt/airflow/dags
[2026-01-03T15:57:38.456+0000] {manager.py:740} INFO - There are 1 files in /opt/airflow/dags
[2026-01-03T15:57:38.783+0000] {manager.py:878} INFO - 
================================================================================
DAG File Processing Stats

File Path                                 PID  Runtime      # DAGs    # Errors  Last Runtime    Last Run
--------------------------------------  -----  ---------  --------  ----------  --------------  ----------
/opt/airflow/dags/model_sample_dags.py    192  0.12s             0           0
================================================================================
[2026-01-03T15:58:11.229+0000] {manager.py:878} INFO - 
================================================================================
DAG File Processing Stats

File Path                               PID    Runtime      # DAGs    # Errors  Last Runtime    Last Run
--------------------------------------  -----  ---------  --------  ----------  --------------  -------------------
/opt/airflow/dags/model_sample_dags.py                           1           0  0.72s           2026-01-03T15:58:11
================================================================================
[2026-01-03T15:58:43.876+0000] {manager.py:878} INFO - 
================================================================================
DAG File Processing Stats

File Path                               PID    Runtime      # DAGs    # Errors  Last Runtime    Last Run
--------------------------------------  -----  ---------  --------  ----------  --------------  -------------------
/opt/airflow/dags/model_sample_dags.py                           1           0  0.73s           2026-01-03T15:58:42
================================================================================
[2026-01-03T15:59:16.576+0000] {manager.py:878} INFO - 
================================================================================
DAG File Processing Stats

File Path                               PID    Runtime      # DAGs    # Errors  Last Runtime    Last Run
--------------------------------------  -----  ---------  --------  ----------  --------------  -------------------
/opt/airflow/dags/model_sample_dags.py                           1           0  0.49s           2026-01-03T15:59:13
================================================================================
[2026-01-03T15:59:49.308+0000] {manager.py:878} INFO - 
================================================================================
DAG File Processing Stats

File Path                               PID    Runtime      # DAGs    # Errors  Last Runtime    Last Run
--------------------------------------  -----  ---------  --------  ----------  --------------  -------------------
/opt/airflow/dags/model_sample_dags.py                           1           0  0.50s           2026-01-03T15:59:44
================================================================================
[2026-01-03T16:00:21.664+0000] {manager.py:878} INFO - 
================================================================================
DAG File Processing Stats

File Path                               PID    Runtime      # DAGs    # Errors  Last Runtime    Last Run
--------------------------------------  -----  ---------  --------  ----------  --------------  -------------------
/opt/airflow/dags/model_sample_dags.py                           1           0  0.50s           2026-01-03T16:00:15
================================================================================
[2026-01-03T16:00:54.379+0000] {manager.py:878} INFO - 
================================================================================
DAG File Processing Stats

File Path                               PID    Runtime      # DAGs    # Errors  Last Runtime    Last Run
--------------------------------------  -----  ---------  --------  ----------  --------------  -------------------
/opt/airflow/dags/model_sample_dags.py                           1           0  0.43s           2026-01-03T16:00:46
================================================================================
[2026-01-03T16:01:27.125+0000] {manager.py:878} INFO - 
================================================================================
DAG File Processing Stats

File Path                               PID    Runtime      # DAGs    # Errors  Last Runtime    Last Run
--------------------------------------  -----  ---------  --------  ----------  --------------  -------------------
/opt/airflow/dags/model_sample_dags.py                           1           0  0.36s           2026-01-03T16:01:18
================================================================================
[2026-01-03T16:02:00.101+0000] {manager.py:878} INFO - 
================================================================================
DAG File Processing Stats

File Path                               PID    Runtime      # DAGs    # Errors  Last Runtime    Last Run
--------------------------------------  -----  ---------  --------  ----------  --------------  -------------------
/opt/airflow/dags/model_sample_dags.py                           1           0  0.39s           2026-01-03T16:01:51
================================================================================
[2026-01-03T16:02:32.979+0000] {manager.py:878} INFO - 
================================================================================
DAG File Processing Stats

File Path                               PID    Runtime      # DAGs    # Errors  Last Runtime    Last Run
--------------------------------------  -----  ---------  --------  ----------  --------------  -------------------
/opt/airflow/dags/model_sample_dags.py                           1           0  0.40s           2026-01-03T16:02:23
================================================================================
[2026-01-03T16:02:39.053+0000] {manager.py:737} INFO - Searching for files in /opt/airflow/dags
[2026-01-03T16:02:39.151+0000] {manager.py:740} INFO - There are 1 files in /opt/airflow/dags
[2026-01-03T16:03:05.555+0000] {manager.py:878} INFO - 
================================================================================
DAG File Processing Stats

File Path                               PID    Runtime      # DAGs    # Errors  Last Runtime    Last Run
--------------------------------------  -----  ---------  --------  ----------  --------------  -------------------
/opt/airflow/dags/model_sample_dags.py                           1           0  0.57s           2026-01-03T16:02:55
================================================================================
[2026-01-03T16:03:38.089+0000] {manager.py:878} INFO - 
================================================================================
DAG File Processing Stats

File Path                               PID    Runtime      # DAGs    # Errors  Last Runtime    Last Run
--------------------------------------  -----  ---------  --------  ----------  --------------  -------------------
/opt/airflow/dags/model_sample_dags.py                           1           0  0.40s           2026-01-03T16:03:27
================================================================================
[2026-01-03T16:04:10.769+0000] {manager.py:878} INFO - 
================================================================================
DAG File Processing Stats

File Path                               PID    Runtime      # DAGs    # Errors  Last Runtime    Last Run
--------------------------------------  -----  ---------  --------  ----------  --------------  -------------------
/opt/airflow/dags/model_sample_dags.py                           1           0  0.31s           2026-01-03T16:03:59
================================================================================
[2026-01-03T16:04:43.700+0000] {manager.py:878} INFO - 
================================================================================
DAG File Processing Stats

File Path                               PID    Runtime      # DAGs    # Errors  Last Runtime    Last Run
--------------------------------------  -----  ---------  --------  ----------  --------------  -------------------
/opt/airflow/dags/model_sample_dags.py                           1           0  0.39s           2026-01-03T16:04:32
================================================================================
