[2025-12-31T08:22:37.858+0000] {processor.py:161} INFO - Started process (PID=168) to work on /opt/airflow/dags/model_sample_dags.py
[2025-12-31T08:22:37.868+0000] {processor.py:830} INFO - Processing file /opt/airflow/dags/model_sample_dags.py for tasks to queue
[2025-12-31T08:22:37.877+0000] {logging_mixin.py:188} INFO - [2025-12-31T08:22:37.875+0000] {dagbag.py:545} INFO - Filling up the DagBag from /opt/airflow/dags/model_sample_dags.py
[2025-12-31T08:22:38.086+0000] {processor.py:840} INFO - DAG(s) 'train_model_sample' retrieved from /opt/airflow/dags/model_sample_dags.py
[2025-12-31T08:22:38.831+0000] {logging_mixin.py:188} INFO - [2025-12-31T08:22:38.830+0000] {dag.py:3089} INFO - Sync 1 DAGs
[2025-12-31T08:22:38.930+0000] {logging_mixin.py:188} INFO - [2025-12-31T08:22:38.930+0000] {dag.py:3947} INFO - Setting next_dagrun for train_model_sample to None, run_after=None
[2025-12-31T08:22:39.101+0000] {processor.py:183} INFO - Processing /opt/airflow/dags/model_sample_dags.py took 1.290 seconds
[2025-12-31T08:23:09.473+0000] {processor.py:161} INFO - Started process (PID=173) to work on /opt/airflow/dags/model_sample_dags.py
[2025-12-31T08:23:09.478+0000] {processor.py:830} INFO - Processing file /opt/airflow/dags/model_sample_dags.py for tasks to queue
[2025-12-31T08:23:09.488+0000] {logging_mixin.py:188} INFO - [2025-12-31T08:23:09.487+0000] {dagbag.py:545} INFO - Filling up the DagBag from /opt/airflow/dags/model_sample_dags.py
[2025-12-31T08:23:09.584+0000] {processor.py:840} INFO - DAG(s) 'train_model_sample' retrieved from /opt/airflow/dags/model_sample_dags.py
[2025-12-31T08:23:09.654+0000] {logging_mixin.py:188} INFO - [2025-12-31T08:23:09.654+0000] {dag.py:3089} INFO - Sync 1 DAGs
[2025-12-31T08:23:09.688+0000] {logging_mixin.py:188} INFO - [2025-12-31T08:23:09.688+0000] {dag.py:3947} INFO - Setting next_dagrun for train_model_sample to None, run_after=None
[2025-12-31T08:23:09.771+0000] {processor.py:183} INFO - Processing /opt/airflow/dags/model_sample_dags.py took 0.325 seconds
[2025-12-31T08:23:39.977+0000] {processor.py:161} INFO - Started process (PID=178) to work on /opt/airflow/dags/model_sample_dags.py
[2025-12-31T08:23:39.981+0000] {processor.py:830} INFO - Processing file /opt/airflow/dags/model_sample_dags.py for tasks to queue
[2025-12-31T08:23:39.989+0000] {logging_mixin.py:188} INFO - [2025-12-31T08:23:39.987+0000] {dagbag.py:545} INFO - Filling up the DagBag from /opt/airflow/dags/model_sample_dags.py
[2025-12-31T08:23:40.102+0000] {processor.py:840} INFO - DAG(s) 'train_model_sample' retrieved from /opt/airflow/dags/model_sample_dags.py
[2025-12-31T08:23:40.237+0000] {logging_mixin.py:188} INFO - [2025-12-31T08:23:40.236+0000] {dag.py:3089} INFO - Sync 1 DAGs
[2025-12-31T08:23:40.302+0000] {logging_mixin.py:188} INFO - [2025-12-31T08:23:40.301+0000] {dag.py:3947} INFO - Setting next_dagrun for train_model_sample to None, run_after=None
[2025-12-31T08:23:40.388+0000] {processor.py:183} INFO - Processing /opt/airflow/dags/model_sample_dags.py took 0.434 seconds
[2025-12-31T08:24:10.615+0000] {processor.py:161} INFO - Started process (PID=183) to work on /opt/airflow/dags/model_sample_dags.py
[2025-12-31T08:24:10.619+0000] {processor.py:830} INFO - Processing file /opt/airflow/dags/model_sample_dags.py for tasks to queue
[2025-12-31T08:24:10.630+0000] {logging_mixin.py:188} INFO - [2025-12-31T08:24:10.628+0000] {dagbag.py:545} INFO - Filling up the DagBag from /opt/airflow/dags/model_sample_dags.py
[2025-12-31T08:24:10.720+0000] {processor.py:840} INFO - DAG(s) 'train_model_sample' retrieved from /opt/airflow/dags/model_sample_dags.py
[2025-12-31T08:24:10.756+0000] {logging_mixin.py:188} INFO - [2025-12-31T08:24:10.755+0000] {dag.py:3089} INFO - Sync 1 DAGs
[2025-12-31T08:24:10.800+0000] {logging_mixin.py:188} INFO - [2025-12-31T08:24:10.799+0000] {dag.py:3947} INFO - Setting next_dagrun for train_model_sample to None, run_after=None
[2025-12-31T08:24:10.874+0000] {processor.py:183} INFO - Processing /opt/airflow/dags/model_sample_dags.py took 0.281 seconds
[2025-12-31T08:24:41.226+0000] {processor.py:161} INFO - Started process (PID=198) to work on /opt/airflow/dags/model_sample_dags.py
[2025-12-31T08:24:41.231+0000] {processor.py:830} INFO - Processing file /opt/airflow/dags/model_sample_dags.py for tasks to queue
[2025-12-31T08:24:41.241+0000] {logging_mixin.py:188} INFO - [2025-12-31T08:24:41.239+0000] {dagbag.py:545} INFO - Filling up the DagBag from /opt/airflow/dags/model_sample_dags.py
[2025-12-31T08:24:41.344+0000] {processor.py:840} INFO - DAG(s) 'train_model_sample' retrieved from /opt/airflow/dags/model_sample_dags.py
[2025-12-31T08:24:41.730+0000] {logging_mixin.py:188} INFO - [2025-12-31T08:24:41.729+0000] {dag.py:3089} INFO - Sync 1 DAGs
[2025-12-31T08:24:41.771+0000] {logging_mixin.py:188} INFO - [2025-12-31T08:24:41.770+0000] {dag.py:3947} INFO - Setting next_dagrun for train_model_sample to None, run_after=None
[2025-12-31T08:24:41.849+0000] {processor.py:183} INFO - Processing /opt/airflow/dags/model_sample_dags.py took 0.651 seconds
[2025-12-31T08:25:12.347+0000] {processor.py:161} INFO - Started process (PID=220) to work on /opt/airflow/dags/model_sample_dags.py
[2025-12-31T08:25:12.350+0000] {processor.py:830} INFO - Processing file /opt/airflow/dags/model_sample_dags.py for tasks to queue
[2025-12-31T08:25:12.357+0000] {logging_mixin.py:188} INFO - [2025-12-31T08:25:12.356+0000] {dagbag.py:545} INFO - Filling up the DagBag from /opt/airflow/dags/model_sample_dags.py
[2025-12-31T08:25:12.453+0000] {processor.py:840} INFO - DAG(s) 'train_model_sample' retrieved from /opt/airflow/dags/model_sample_dags.py
[2025-12-31T08:25:12.548+0000] {logging_mixin.py:188} INFO - [2025-12-31T08:25:12.547+0000] {dag.py:3089} INFO - Sync 1 DAGs
[2025-12-31T08:25:12.582+0000] {logging_mixin.py:188} INFO - [2025-12-31T08:25:12.582+0000] {dag.py:3947} INFO - Setting next_dagrun for train_model_sample to None, run_after=None
[2025-12-31T08:25:12.647+0000] {processor.py:183} INFO - Processing /opt/airflow/dags/model_sample_dags.py took 0.317 seconds
[2025-12-31T08:25:43.118+0000] {processor.py:161} INFO - Started process (PID=225) to work on /opt/airflow/dags/model_sample_dags.py
[2025-12-31T08:25:43.122+0000] {processor.py:830} INFO - Processing file /opt/airflow/dags/model_sample_dags.py for tasks to queue
[2025-12-31T08:25:43.129+0000] {logging_mixin.py:188} INFO - [2025-12-31T08:25:43.128+0000] {dagbag.py:545} INFO - Filling up the DagBag from /opt/airflow/dags/model_sample_dags.py
[2025-12-31T08:25:43.213+0000] {processor.py:840} INFO - DAG(s) 'train_model_sample' retrieved from /opt/airflow/dags/model_sample_dags.py
[2025-12-31T08:25:43.314+0000] {logging_mixin.py:188} INFO - [2025-12-31T08:25:43.313+0000] {dag.py:3089} INFO - Sync 1 DAGs
[2025-12-31T08:25:43.353+0000] {logging_mixin.py:188} INFO - [2025-12-31T08:25:43.352+0000] {dag.py:3947} INFO - Setting next_dagrun for train_model_sample to None, run_after=None
[2025-12-31T08:25:43.429+0000] {processor.py:183} INFO - Processing /opt/airflow/dags/model_sample_dags.py took 0.327 seconds
[2025-12-31T08:26:13.846+0000] {processor.py:161} INFO - Started process (PID=231) to work on /opt/airflow/dags/model_sample_dags.py
[2025-12-31T08:26:13.848+0000] {processor.py:830} INFO - Processing file /opt/airflow/dags/model_sample_dags.py for tasks to queue
[2025-12-31T08:26:13.853+0000] {logging_mixin.py:188} INFO - [2025-12-31T08:26:13.853+0000] {dagbag.py:545} INFO - Filling up the DagBag from /opt/airflow/dags/model_sample_dags.py
[2025-12-31T08:26:13.902+0000] {processor.py:840} INFO - DAG(s) 'train_model_sample' retrieved from /opt/airflow/dags/model_sample_dags.py
[2025-12-31T08:26:13.954+0000] {logging_mixin.py:188} INFO - [2025-12-31T08:26:13.953+0000] {dag.py:3089} INFO - Sync 1 DAGs
[2025-12-31T08:26:13.980+0000] {logging_mixin.py:188} INFO - [2025-12-31T08:26:13.979+0000] {dag.py:3947} INFO - Setting next_dagrun for train_model_sample to None, run_after=None
[2025-12-31T08:26:14.020+0000] {processor.py:183} INFO - Processing /opt/airflow/dags/model_sample_dags.py took 0.186 seconds
[2025-12-31T08:26:44.135+0000] {processor.py:161} INFO - Started process (PID=236) to work on /opt/airflow/dags/model_sample_dags.py
[2025-12-31T08:26:44.137+0000] {processor.py:830} INFO - Processing file /opt/airflow/dags/model_sample_dags.py for tasks to queue
[2025-12-31T08:26:44.142+0000] {logging_mixin.py:188} INFO - [2025-12-31T08:26:44.141+0000] {dagbag.py:545} INFO - Filling up the DagBag from /opt/airflow/dags/model_sample_dags.py
[2025-12-31T08:26:44.180+0000] {processor.py:840} INFO - DAG(s) 'train_model_sample' retrieved from /opt/airflow/dags/model_sample_dags.py
[2025-12-31T08:26:44.238+0000] {logging_mixin.py:188} INFO - [2025-12-31T08:26:44.237+0000] {dag.py:3089} INFO - Sync 1 DAGs
[2025-12-31T08:26:44.265+0000] {logging_mixin.py:188} INFO - [2025-12-31T08:26:44.265+0000] {dag.py:3947} INFO - Setting next_dagrun for train_model_sample to None, run_after=None
[2025-12-31T08:26:44.309+0000] {processor.py:183} INFO - Processing /opt/airflow/dags/model_sample_dags.py took 0.186 seconds
[2025-12-31T08:27:14.702+0000] {processor.py:161} INFO - Started process (PID=241) to work on /opt/airflow/dags/model_sample_dags.py
[2025-12-31T08:27:14.705+0000] {processor.py:830} INFO - Processing file /opt/airflow/dags/model_sample_dags.py for tasks to queue
[2025-12-31T08:27:14.710+0000] {logging_mixin.py:188} INFO - [2025-12-31T08:27:14.709+0000] {dagbag.py:545} INFO - Filling up the DagBag from /opt/airflow/dags/model_sample_dags.py
[2025-12-31T08:27:14.764+0000] {processor.py:840} INFO - DAG(s) 'train_model_sample' retrieved from /opt/airflow/dags/model_sample_dags.py
[2025-12-31T08:27:14.819+0000] {logging_mixin.py:188} INFO - [2025-12-31T08:27:14.818+0000] {dag.py:3089} INFO - Sync 1 DAGs
[2025-12-31T08:27:14.840+0000] {logging_mixin.py:188} INFO - [2025-12-31T08:27:14.839+0000] {dag.py:3947} INFO - Setting next_dagrun for train_model_sample to None, run_after=None
[2025-12-31T08:27:14.883+0000] {processor.py:183} INFO - Processing /opt/airflow/dags/model_sample_dags.py took 0.196 seconds
[2025-12-31T08:27:45.250+0000] {processor.py:161} INFO - Started process (PID=246) to work on /opt/airflow/dags/model_sample_dags.py
[2025-12-31T08:27:45.253+0000] {processor.py:830} INFO - Processing file /opt/airflow/dags/model_sample_dags.py for tasks to queue
[2025-12-31T08:27:45.259+0000] {logging_mixin.py:188} INFO - [2025-12-31T08:27:45.258+0000] {dagbag.py:545} INFO - Filling up the DagBag from /opt/airflow/dags/model_sample_dags.py
[2025-12-31T08:27:45.323+0000] {processor.py:840} INFO - DAG(s) 'train_model_sample' retrieved from /opt/airflow/dags/model_sample_dags.py
[2025-12-31T08:27:45.402+0000] {logging_mixin.py:188} INFO - [2025-12-31T08:27:45.402+0000] {dag.py:3089} INFO - Sync 1 DAGs
[2025-12-31T08:27:45.457+0000] {logging_mixin.py:188} INFO - [2025-12-31T08:27:45.456+0000] {dag.py:3947} INFO - Setting next_dagrun for train_model_sample to None, run_after=None
[2025-12-31T08:27:45.533+0000] {processor.py:183} INFO - Processing /opt/airflow/dags/model_sample_dags.py took 0.300 seconds
[2025-12-31T08:28:15.732+0000] {processor.py:161} INFO - Started process (PID=251) to work on /opt/airflow/dags/model_sample_dags.py
[2025-12-31T08:28:15.736+0000] {processor.py:830} INFO - Processing file /opt/airflow/dags/model_sample_dags.py for tasks to queue
[2025-12-31T08:28:15.743+0000] {logging_mixin.py:188} INFO - [2025-12-31T08:28:15.742+0000] {dagbag.py:545} INFO - Filling up the DagBag from /opt/airflow/dags/model_sample_dags.py
[2025-12-31T08:28:15.831+0000] {processor.py:840} INFO - DAG(s) 'train_model_sample' retrieved from /opt/airflow/dags/model_sample_dags.py
[2025-12-31T08:28:15.920+0000] {logging_mixin.py:188} INFO - [2025-12-31T08:28:15.920+0000] {dag.py:3089} INFO - Sync 1 DAGs
[2025-12-31T08:28:15.959+0000] {logging_mixin.py:188} INFO - [2025-12-31T08:28:15.958+0000] {dag.py:3947} INFO - Setting next_dagrun for train_model_sample to None, run_after=None
[2025-12-31T08:28:16.028+0000] {processor.py:183} INFO - Processing /opt/airflow/dags/model_sample_dags.py took 0.317 seconds
[2025-12-31T08:28:19.095+0000] {processor.py:161} INFO - Started process (PID=256) to work on /opt/airflow/dags/model_sample_dags.py
[2025-12-31T08:28:19.099+0000] {processor.py:830} INFO - Processing file /opt/airflow/dags/model_sample_dags.py for tasks to queue
[2025-12-31T08:28:19.105+0000] {logging_mixin.py:188} INFO - [2025-12-31T08:28:19.104+0000] {dagbag.py:545} INFO - Filling up the DagBag from /opt/airflow/dags/model_sample_dags.py
[2025-12-31T08:28:19.199+0000] {processor.py:840} INFO - DAG(s) 'train_model_sample' retrieved from /opt/airflow/dags/model_sample_dags.py
[2025-12-31T08:28:19.259+0000] {logging_mixin.py:188} INFO - [2025-12-31T08:28:19.258+0000] {dag.py:3089} INFO - Sync 1 DAGs
[2025-12-31T08:28:19.289+0000] {logging_mixin.py:188} INFO - [2025-12-31T08:28:19.288+0000] {dag.py:3947} INFO - Setting next_dagrun for train_model_sample to None, run_after=None
[2025-12-31T08:28:19.348+0000] {processor.py:183} INFO - Processing /opt/airflow/dags/model_sample_dags.py took 0.268 seconds
[2025-12-31T08:28:49.557+0000] {processor.py:161} INFO - Started process (PID=261) to work on /opt/airflow/dags/model_sample_dags.py
[2025-12-31T08:28:49.561+0000] {processor.py:830} INFO - Processing file /opt/airflow/dags/model_sample_dags.py for tasks to queue
[2025-12-31T08:28:49.567+0000] {logging_mixin.py:188} INFO - [2025-12-31T08:28:49.565+0000] {dagbag.py:545} INFO - Filling up the DagBag from /opt/airflow/dags/model_sample_dags.py
[2025-12-31T08:28:49.654+0000] {processor.py:840} INFO - DAG(s) 'train_model_sample' retrieved from /opt/airflow/dags/model_sample_dags.py
[2025-12-31T08:28:49.724+0000] {logging_mixin.py:188} INFO - [2025-12-31T08:28:49.723+0000] {dag.py:3089} INFO - Sync 1 DAGs
[2025-12-31T08:28:49.755+0000] {logging_mixin.py:188} INFO - [2025-12-31T08:28:49.755+0000] {dag.py:3947} INFO - Setting next_dagrun for train_model_sample to None, run_after=None
[2025-12-31T08:28:49.826+0000] {processor.py:183} INFO - Processing /opt/airflow/dags/model_sample_dags.py took 0.288 seconds
[2025-12-31T08:29:19.162+0000] {processor.py:161} INFO - Started process (PID=266) to work on /opt/airflow/dags/model_sample_dags.py
[2025-12-31T08:29:19.165+0000] {processor.py:830} INFO - Processing file /opt/airflow/dags/model_sample_dags.py for tasks to queue
[2025-12-31T08:29:19.169+0000] {logging_mixin.py:188} INFO - [2025-12-31T08:29:19.168+0000] {dagbag.py:545} INFO - Filling up the DagBag from /opt/airflow/dags/model_sample_dags.py
[2025-12-31T08:29:19.269+0000] {processor.py:840} INFO - DAG(s) 'train_model_sample' retrieved from /opt/airflow/dags/model_sample_dags.py
[2025-12-31T08:29:19.338+0000] {logging_mixin.py:188} INFO - [2025-12-31T08:29:19.337+0000] {dag.py:3089} INFO - Sync 1 DAGs
[2025-12-31T08:29:19.375+0000] {logging_mixin.py:188} INFO - [2025-12-31T08:29:19.374+0000] {dag.py:3947} INFO - Setting next_dagrun for train_model_sample to None, run_after=None
[2025-12-31T08:29:19.433+0000] {processor.py:183} INFO - Processing /opt/airflow/dags/model_sample_dags.py took 0.284 seconds
[2025-12-31T08:29:49.587+0000] {processor.py:161} INFO - Started process (PID=271) to work on /opt/airflow/dags/model_sample_dags.py
[2025-12-31T08:29:49.590+0000] {processor.py:830} INFO - Processing file /opt/airflow/dags/model_sample_dags.py for tasks to queue
[2025-12-31T08:29:49.595+0000] {logging_mixin.py:188} INFO - [2025-12-31T08:29:49.595+0000] {dagbag.py:545} INFO - Filling up the DagBag from /opt/airflow/dags/model_sample_dags.py
[2025-12-31T08:29:49.657+0000] {processor.py:840} INFO - DAG(s) 'train_model_sample' retrieved from /opt/airflow/dags/model_sample_dags.py
[2025-12-31T08:29:49.733+0000] {logging_mixin.py:188} INFO - [2025-12-31T08:29:49.732+0000] {dag.py:3089} INFO - Sync 1 DAGs
[2025-12-31T08:29:49.761+0000] {logging_mixin.py:188} INFO - [2025-12-31T08:29:49.760+0000] {dag.py:3947} INFO - Setting next_dagrun for train_model_sample to None, run_after=None
[2025-12-31T08:29:49.823+0000] {processor.py:183} INFO - Processing /opt/airflow/dags/model_sample_dags.py took 0.250 seconds
[2025-12-31T08:30:20.309+0000] {processor.py:161} INFO - Started process (PID=276) to work on /opt/airflow/dags/model_sample_dags.py
[2025-12-31T08:30:20.320+0000] {processor.py:830} INFO - Processing file /opt/airflow/dags/model_sample_dags.py for tasks to queue
[2025-12-31T08:30:20.335+0000] {logging_mixin.py:188} INFO - [2025-12-31T08:30:20.333+0000] {dagbag.py:545} INFO - Filling up the DagBag from /opt/airflow/dags/model_sample_dags.py
[2025-12-31T08:30:20.469+0000] {processor.py:840} INFO - DAG(s) 'train_model_sample' retrieved from /opt/airflow/dags/model_sample_dags.py
[2025-12-31T08:30:20.588+0000] {logging_mixin.py:188} INFO - [2025-12-31T08:30:20.587+0000] {dag.py:3089} INFO - Sync 1 DAGs
[2025-12-31T08:30:20.636+0000] {logging_mixin.py:188} INFO - [2025-12-31T08:30:20.635+0000] {dag.py:3947} INFO - Setting next_dagrun for train_model_sample to None, run_after=None
[2025-12-31T08:30:20.725+0000] {processor.py:183} INFO - Processing /opt/airflow/dags/model_sample_dags.py took 0.450 seconds
[2025-12-31T08:30:51.265+0000] {processor.py:161} INFO - Started process (PID=281) to work on /opt/airflow/dags/model_sample_dags.py
[2025-12-31T08:30:51.268+0000] {processor.py:830} INFO - Processing file /opt/airflow/dags/model_sample_dags.py for tasks to queue
[2025-12-31T08:30:51.272+0000] {logging_mixin.py:188} INFO - [2025-12-31T08:30:51.272+0000] {dagbag.py:545} INFO - Filling up the DagBag from /opt/airflow/dags/model_sample_dags.py
[2025-12-31T08:30:51.335+0000] {processor.py:840} INFO - DAG(s) 'train_model_sample' retrieved from /opt/airflow/dags/model_sample_dags.py
[2025-12-31T08:30:51.401+0000] {logging_mixin.py:188} INFO - [2025-12-31T08:30:51.401+0000] {dag.py:3089} INFO - Sync 1 DAGs
[2025-12-31T08:30:51.428+0000] {logging_mixin.py:188} INFO - [2025-12-31T08:30:51.427+0000] {dag.py:3947} INFO - Setting next_dagrun for train_model_sample to None, run_after=None
[2025-12-31T08:30:51.481+0000] {processor.py:183} INFO - Processing /opt/airflow/dags/model_sample_dags.py took 0.229 seconds
[2025-12-31T08:31:21.684+0000] {processor.py:161} INFO - Started process (PID=286) to work on /opt/airflow/dags/model_sample_dags.py
[2025-12-31T08:31:21.689+0000] {processor.py:830} INFO - Processing file /opt/airflow/dags/model_sample_dags.py for tasks to queue
[2025-12-31T08:31:21.697+0000] {logging_mixin.py:188} INFO - [2025-12-31T08:31:21.695+0000] {dagbag.py:545} INFO - Filling up the DagBag from /opt/airflow/dags/model_sample_dags.py
[2025-12-31T08:31:21.801+0000] {processor.py:840} INFO - DAG(s) 'train_model_sample' retrieved from /opt/airflow/dags/model_sample_dags.py
[2025-12-31T08:31:21.937+0000] {logging_mixin.py:188} INFO - [2025-12-31T08:31:21.936+0000] {dag.py:3089} INFO - Sync 1 DAGs
[2025-12-31T08:31:21.997+0000] {logging_mixin.py:188} INFO - [2025-12-31T08:31:21.996+0000] {dag.py:3947} INFO - Setting next_dagrun for train_model_sample to None, run_after=None
[2025-12-31T08:31:22.083+0000] {processor.py:183} INFO - Processing /opt/airflow/dags/model_sample_dags.py took 0.421 seconds
[2025-12-31T08:31:52.334+0000] {processor.py:161} INFO - Started process (PID=291) to work on /opt/airflow/dags/model_sample_dags.py
[2025-12-31T08:31:52.337+0000] {processor.py:830} INFO - Processing file /opt/airflow/dags/model_sample_dags.py for tasks to queue
[2025-12-31T08:31:52.341+0000] {logging_mixin.py:188} INFO - [2025-12-31T08:31:52.340+0000] {dagbag.py:545} INFO - Filling up the DagBag from /opt/airflow/dags/model_sample_dags.py
[2025-12-31T08:31:52.399+0000] {processor.py:840} INFO - DAG(s) 'train_model_sample' retrieved from /opt/airflow/dags/model_sample_dags.py
[2025-12-31T08:31:52.457+0000] {logging_mixin.py:188} INFO - [2025-12-31T08:31:52.456+0000] {dag.py:3089} INFO - Sync 1 DAGs
[2025-12-31T08:31:52.483+0000] {logging_mixin.py:188} INFO - [2025-12-31T08:31:52.482+0000] {dag.py:3947} INFO - Setting next_dagrun for train_model_sample to None, run_after=None
[2025-12-31T08:31:52.533+0000] {processor.py:183} INFO - Processing /opt/airflow/dags/model_sample_dags.py took 0.213 seconds
[2025-12-31T08:32:22.899+0000] {processor.py:161} INFO - Started process (PID=296) to work on /opt/airflow/dags/model_sample_dags.py
[2025-12-31T08:32:22.902+0000] {processor.py:830} INFO - Processing file /opt/airflow/dags/model_sample_dags.py for tasks to queue
[2025-12-31T08:32:22.906+0000] {logging_mixin.py:188} INFO - [2025-12-31T08:32:22.905+0000] {dagbag.py:545} INFO - Filling up the DagBag from /opt/airflow/dags/model_sample_dags.py
[2025-12-31T08:32:22.968+0000] {processor.py:840} INFO - DAG(s) 'train_model_sample' retrieved from /opt/airflow/dags/model_sample_dags.py
[2025-12-31T08:32:23.028+0000] {logging_mixin.py:188} INFO - [2025-12-31T08:32:23.027+0000] {dag.py:3089} INFO - Sync 1 DAGs
[2025-12-31T08:32:23.055+0000] {logging_mixin.py:188} INFO - [2025-12-31T08:32:23.055+0000] {dag.py:3947} INFO - Setting next_dagrun for train_model_sample to None, run_after=None
[2025-12-31T08:32:23.105+0000] {processor.py:183} INFO - Processing /opt/airflow/dags/model_sample_dags.py took 0.219 seconds
[2025-12-31T08:32:53.503+0000] {processor.py:161} INFO - Started process (PID=301) to work on /opt/airflow/dags/model_sample_dags.py
[2025-12-31T08:32:53.506+0000] {processor.py:830} INFO - Processing file /opt/airflow/dags/model_sample_dags.py for tasks to queue
[2025-12-31T08:32:53.512+0000] {logging_mixin.py:188} INFO - [2025-12-31T08:32:53.511+0000] {dagbag.py:545} INFO - Filling up the DagBag from /opt/airflow/dags/model_sample_dags.py
[2025-12-31T08:32:53.575+0000] {processor.py:840} INFO - DAG(s) 'train_model_sample' retrieved from /opt/airflow/dags/model_sample_dags.py
[2025-12-31T08:32:53.630+0000] {logging_mixin.py:188} INFO - [2025-12-31T08:32:53.629+0000] {dag.py:3089} INFO - Sync 1 DAGs
[2025-12-31T08:32:53.653+0000] {logging_mixin.py:188} INFO - [2025-12-31T08:32:53.652+0000] {dag.py:3947} INFO - Setting next_dagrun for train_model_sample to None, run_after=None
[2025-12-31T08:32:53.694+0000] {processor.py:183} INFO - Processing /opt/airflow/dags/model_sample_dags.py took 0.208 seconds
[2025-12-31T08:33:23.887+0000] {processor.py:161} INFO - Started process (PID=306) to work on /opt/airflow/dags/model_sample_dags.py
[2025-12-31T08:33:23.891+0000] {processor.py:830} INFO - Processing file /opt/airflow/dags/model_sample_dags.py for tasks to queue
[2025-12-31T08:33:23.897+0000] {logging_mixin.py:188} INFO - [2025-12-31T08:33:23.896+0000] {dagbag.py:545} INFO - Filling up the DagBag from /opt/airflow/dags/model_sample_dags.py
[2025-12-31T08:33:23.959+0000] {processor.py:840} INFO - DAG(s) 'train_model_sample' retrieved from /opt/airflow/dags/model_sample_dags.py
[2025-12-31T08:33:24.023+0000] {logging_mixin.py:188} INFO - [2025-12-31T08:33:24.023+0000] {dag.py:3089} INFO - Sync 1 DAGs
[2025-12-31T08:33:24.055+0000] {logging_mixin.py:188} INFO - [2025-12-31T08:33:24.055+0000] {dag.py:3947} INFO - Setting next_dagrun for train_model_sample to None, run_after=None
[2025-12-31T08:33:24.115+0000] {processor.py:183} INFO - Processing /opt/airflow/dags/model_sample_dags.py took 0.245 seconds
[2025-12-31T08:33:54.451+0000] {processor.py:161} INFO - Started process (PID=311) to work on /opt/airflow/dags/model_sample_dags.py
[2025-12-31T08:33:54.453+0000] {processor.py:830} INFO - Processing file /opt/airflow/dags/model_sample_dags.py for tasks to queue
[2025-12-31T08:33:54.459+0000] {logging_mixin.py:188} INFO - [2025-12-31T08:33:54.458+0000] {dagbag.py:545} INFO - Filling up the DagBag from /opt/airflow/dags/model_sample_dags.py
[2025-12-31T08:33:54.517+0000] {processor.py:840} INFO - DAG(s) 'train_model_sample' retrieved from /opt/airflow/dags/model_sample_dags.py
[2025-12-31T08:33:54.582+0000] {logging_mixin.py:188} INFO - [2025-12-31T08:33:54.581+0000] {dag.py:3089} INFO - Sync 1 DAGs
[2025-12-31T08:33:54.611+0000] {logging_mixin.py:188} INFO - [2025-12-31T08:33:54.610+0000] {dag.py:3947} INFO - Setting next_dagrun for train_model_sample to None, run_after=None
[2025-12-31T08:33:54.670+0000] {processor.py:183} INFO - Processing /opt/airflow/dags/model_sample_dags.py took 0.233 seconds
[2025-12-31T08:34:24.886+0000] {processor.py:161} INFO - Started process (PID=316) to work on /opt/airflow/dags/model_sample_dags.py
[2025-12-31T08:34:24.889+0000] {processor.py:830} INFO - Processing file /opt/airflow/dags/model_sample_dags.py for tasks to queue
[2025-12-31T08:34:24.894+0000] {logging_mixin.py:188} INFO - [2025-12-31T08:34:24.893+0000] {dagbag.py:545} INFO - Filling up the DagBag from /opt/airflow/dags/model_sample_dags.py
[2025-12-31T08:34:24.964+0000] {processor.py:840} INFO - DAG(s) 'train_model_sample' retrieved from /opt/airflow/dags/model_sample_dags.py
[2025-12-31T08:34:25.020+0000] {logging_mixin.py:188} INFO - [2025-12-31T08:34:25.020+0000] {dag.py:3089} INFO - Sync 1 DAGs
[2025-12-31T08:34:25.042+0000] {logging_mixin.py:188} INFO - [2025-12-31T08:34:25.042+0000] {dag.py:3947} INFO - Setting next_dagrun for train_model_sample to None, run_after=None
[2025-12-31T08:34:25.095+0000] {processor.py:183} INFO - Processing /opt/airflow/dags/model_sample_dags.py took 0.223 seconds
[2025-12-31T08:34:55.403+0000] {processor.py:161} INFO - Started process (PID=321) to work on /opt/airflow/dags/model_sample_dags.py
[2025-12-31T08:34:55.406+0000] {processor.py:830} INFO - Processing file /opt/airflow/dags/model_sample_dags.py for tasks to queue
[2025-12-31T08:34:55.410+0000] {logging_mixin.py:188} INFO - [2025-12-31T08:34:55.409+0000] {dagbag.py:545} INFO - Filling up the DagBag from /opt/airflow/dags/model_sample_dags.py
[2025-12-31T08:34:55.449+0000] {processor.py:840} INFO - DAG(s) 'train_model_sample' retrieved from /opt/airflow/dags/model_sample_dags.py
[2025-12-31T08:34:55.518+0000] {logging_mixin.py:188} INFO - [2025-12-31T08:34:55.517+0000] {dag.py:3089} INFO - Sync 1 DAGs
[2025-12-31T08:34:55.550+0000] {logging_mixin.py:188} INFO - [2025-12-31T08:34:55.549+0000] {dag.py:3947} INFO - Setting next_dagrun for train_model_sample to None, run_after=None
[2025-12-31T08:34:55.607+0000] {processor.py:183} INFO - Processing /opt/airflow/dags/model_sample_dags.py took 0.216 seconds
[2025-12-31T08:35:25.890+0000] {processor.py:161} INFO - Started process (PID=326) to work on /opt/airflow/dags/model_sample_dags.py
[2025-12-31T08:35:25.894+0000] {processor.py:830} INFO - Processing file /opt/airflow/dags/model_sample_dags.py for tasks to queue
[2025-12-31T08:35:25.900+0000] {logging_mixin.py:188} INFO - [2025-12-31T08:35:25.899+0000] {dagbag.py:545} INFO - Filling up the DagBag from /opt/airflow/dags/model_sample_dags.py
[2025-12-31T08:35:25.981+0000] {processor.py:840} INFO - DAG(s) 'train_model_sample' retrieved from /opt/airflow/dags/model_sample_dags.py
[2025-12-31T08:35:26.072+0000] {logging_mixin.py:188} INFO - [2025-12-31T08:35:26.071+0000] {dag.py:3089} INFO - Sync 1 DAGs
[2025-12-31T08:35:26.112+0000] {logging_mixin.py:188} INFO - [2025-12-31T08:35:26.112+0000] {dag.py:3947} INFO - Setting next_dagrun for train_model_sample to None, run_after=None
[2025-12-31T08:35:26.175+0000] {processor.py:183} INFO - Processing /opt/airflow/dags/model_sample_dags.py took 0.304 seconds
[2025-12-31T08:35:56.361+0000] {processor.py:161} INFO - Started process (PID=331) to work on /opt/airflow/dags/model_sample_dags.py
[2025-12-31T08:35:56.364+0000] {processor.py:830} INFO - Processing file /opt/airflow/dags/model_sample_dags.py for tasks to queue
[2025-12-31T08:35:56.368+0000] {logging_mixin.py:188} INFO - [2025-12-31T08:35:56.368+0000] {dagbag.py:545} INFO - Filling up the DagBag from /opt/airflow/dags/model_sample_dags.py
[2025-12-31T08:35:56.418+0000] {processor.py:840} INFO - DAG(s) 'train_model_sample' retrieved from /opt/airflow/dags/model_sample_dags.py
[2025-12-31T08:35:56.480+0000] {logging_mixin.py:188} INFO - [2025-12-31T08:35:56.479+0000] {dag.py:3089} INFO - Sync 1 DAGs
[2025-12-31T08:35:56.518+0000] {logging_mixin.py:188} INFO - [2025-12-31T08:35:56.517+0000] {dag.py:3947} INFO - Setting next_dagrun for train_model_sample to None, run_after=None
[2025-12-31T08:35:56.579+0000] {processor.py:183} INFO - Processing /opt/airflow/dags/model_sample_dags.py took 0.230 seconds
[2025-12-31T08:36:26.920+0000] {processor.py:161} INFO - Started process (PID=336) to work on /opt/airflow/dags/model_sample_dags.py
[2025-12-31T08:36:26.922+0000] {processor.py:830} INFO - Processing file /opt/airflow/dags/model_sample_dags.py for tasks to queue
[2025-12-31T08:36:26.925+0000] {logging_mixin.py:188} INFO - [2025-12-31T08:36:26.924+0000] {dagbag.py:545} INFO - Filling up the DagBag from /opt/airflow/dags/model_sample_dags.py
[2025-12-31T08:36:26.960+0000] {processor.py:840} INFO - DAG(s) 'train_model_sample' retrieved from /opt/airflow/dags/model_sample_dags.py
[2025-12-31T08:36:27.007+0000] {logging_mixin.py:188} INFO - [2025-12-31T08:36:27.007+0000] {dag.py:3089} INFO - Sync 1 DAGs
[2025-12-31T08:36:27.030+0000] {logging_mixin.py:188} INFO - [2025-12-31T08:36:27.029+0000] {dag.py:3947} INFO - Setting next_dagrun for train_model_sample to None, run_after=None
[2025-12-31T08:36:27.071+0000] {processor.py:183} INFO - Processing /opt/airflow/dags/model_sample_dags.py took 0.164 seconds
[2025-12-31T08:36:57.376+0000] {processor.py:161} INFO - Started process (PID=341) to work on /opt/airflow/dags/model_sample_dags.py
[2025-12-31T08:36:57.381+0000] {processor.py:830} INFO - Processing file /opt/airflow/dags/model_sample_dags.py for tasks to queue
[2025-12-31T08:36:57.387+0000] {logging_mixin.py:188} INFO - [2025-12-31T08:36:57.386+0000] {dagbag.py:545} INFO - Filling up the DagBag from /opt/airflow/dags/model_sample_dags.py
[2025-12-31T08:36:57.484+0000] {processor.py:840} INFO - DAG(s) 'train_model_sample' retrieved from /opt/airflow/dags/model_sample_dags.py
[2025-12-31T08:36:57.590+0000] {logging_mixin.py:188} INFO - [2025-12-31T08:36:57.589+0000] {dag.py:3089} INFO - Sync 1 DAGs
[2025-12-31T08:36:57.639+0000] {logging_mixin.py:188} INFO - [2025-12-31T08:36:57.639+0000] {dag.py:3947} INFO - Setting next_dagrun for train_model_sample to None, run_after=None
[2025-12-31T08:36:57.727+0000] {processor.py:183} INFO - Processing /opt/airflow/dags/model_sample_dags.py took 0.370 seconds
[2025-12-31T08:37:27.966+0000] {processor.py:161} INFO - Started process (PID=346) to work on /opt/airflow/dags/model_sample_dags.py
[2025-12-31T08:37:27.971+0000] {processor.py:830} INFO - Processing file /opt/airflow/dags/model_sample_dags.py for tasks to queue
[2025-12-31T08:37:27.977+0000] {logging_mixin.py:188} INFO - [2025-12-31T08:37:27.976+0000] {dagbag.py:545} INFO - Filling up the DagBag from /opt/airflow/dags/model_sample_dags.py
[2025-12-31T08:37:28.063+0000] {processor.py:840} INFO - DAG(s) 'train_model_sample' retrieved from /opt/airflow/dags/model_sample_dags.py
[2025-12-31T08:37:28.149+0000] {logging_mixin.py:188} INFO - [2025-12-31T08:37:28.149+0000] {dag.py:3089} INFO - Sync 1 DAGs
[2025-12-31T08:37:28.187+0000] {logging_mixin.py:188} INFO - [2025-12-31T08:37:28.186+0000] {dag.py:3947} INFO - Setting next_dagrun for train_model_sample to None, run_after=None
[2025-12-31T08:37:28.254+0000] {processor.py:183} INFO - Processing /opt/airflow/dags/model_sample_dags.py took 0.308 seconds
[2025-12-31T08:37:58.651+0000] {processor.py:161} INFO - Started process (PID=351) to work on /opt/airflow/dags/model_sample_dags.py
[2025-12-31T08:37:58.654+0000] {processor.py:830} INFO - Processing file /opt/airflow/dags/model_sample_dags.py for tasks to queue
[2025-12-31T08:37:58.658+0000] {logging_mixin.py:188} INFO - [2025-12-31T08:37:58.657+0000] {dagbag.py:545} INFO - Filling up the DagBag from /opt/airflow/dags/model_sample_dags.py
[2025-12-31T08:37:58.722+0000] {processor.py:840} INFO - DAG(s) 'train_model_sample' retrieved from /opt/airflow/dags/model_sample_dags.py
[2025-12-31T08:37:58.780+0000] {logging_mixin.py:188} INFO - [2025-12-31T08:37:58.780+0000] {dag.py:3089} INFO - Sync 1 DAGs
[2025-12-31T08:37:58.806+0000] {logging_mixin.py:188} INFO - [2025-12-31T08:37:58.806+0000] {dag.py:3947} INFO - Setting next_dagrun for train_model_sample to None, run_after=None
[2025-12-31T08:37:58.850+0000] {processor.py:183} INFO - Processing /opt/airflow/dags/model_sample_dags.py took 0.213 seconds
[2025-12-31T08:38:29.031+0000] {processor.py:161} INFO - Started process (PID=356) to work on /opt/airflow/dags/model_sample_dags.py
[2025-12-31T08:38:29.034+0000] {processor.py:830} INFO - Processing file /opt/airflow/dags/model_sample_dags.py for tasks to queue
[2025-12-31T08:38:29.040+0000] {logging_mixin.py:188} INFO - [2025-12-31T08:38:29.039+0000] {dagbag.py:545} INFO - Filling up the DagBag from /opt/airflow/dags/model_sample_dags.py
[2025-12-31T08:38:29.109+0000] {processor.py:840} INFO - DAG(s) 'train_model_sample' retrieved from /opt/airflow/dags/model_sample_dags.py
[2025-12-31T08:38:29.169+0000] {logging_mixin.py:188} INFO - [2025-12-31T08:38:29.168+0000] {dag.py:3089} INFO - Sync 1 DAGs
[2025-12-31T08:38:29.192+0000] {logging_mixin.py:188} INFO - [2025-12-31T08:38:29.191+0000] {dag.py:3947} INFO - Setting next_dagrun for train_model_sample to None, run_after=None
[2025-12-31T08:38:29.238+0000] {processor.py:183} INFO - Processing /opt/airflow/dags/model_sample_dags.py took 0.222 seconds
[2025-12-31T08:38:59.660+0000] {processor.py:161} INFO - Started process (PID=361) to work on /opt/airflow/dags/model_sample_dags.py
[2025-12-31T08:38:59.664+0000] {processor.py:830} INFO - Processing file /opt/airflow/dags/model_sample_dags.py for tasks to queue
[2025-12-31T08:38:59.672+0000] {logging_mixin.py:188} INFO - [2025-12-31T08:38:59.671+0000] {dagbag.py:545} INFO - Filling up the DagBag from /opt/airflow/dags/model_sample_dags.py
[2025-12-31T08:38:59.755+0000] {processor.py:840} INFO - DAG(s) 'train_model_sample' retrieved from /opt/airflow/dags/model_sample_dags.py
[2025-12-31T08:38:59.840+0000] {logging_mixin.py:188} INFO - [2025-12-31T08:38:59.839+0000] {dag.py:3089} INFO - Sync 1 DAGs
[2025-12-31T08:38:59.880+0000] {logging_mixin.py:188} INFO - [2025-12-31T08:38:59.879+0000] {dag.py:3947} INFO - Setting next_dagrun for train_model_sample to None, run_after=None
[2025-12-31T08:38:59.964+0000] {processor.py:183} INFO - Processing /opt/airflow/dags/model_sample_dags.py took 0.325 seconds
[2025-12-31T08:39:30.431+0000] {processor.py:161} INFO - Started process (PID=366) to work on /opt/airflow/dags/model_sample_dags.py
[2025-12-31T08:39:30.434+0000] {processor.py:830} INFO - Processing file /opt/airflow/dags/model_sample_dags.py for tasks to queue
[2025-12-31T08:39:30.440+0000] {logging_mixin.py:188} INFO - [2025-12-31T08:39:30.439+0000] {dagbag.py:545} INFO - Filling up the DagBag from /opt/airflow/dags/model_sample_dags.py
[2025-12-31T08:39:30.501+0000] {processor.py:840} INFO - DAG(s) 'train_model_sample' retrieved from /opt/airflow/dags/model_sample_dags.py
[2025-12-31T08:39:30.568+0000] {logging_mixin.py:188} INFO - [2025-12-31T08:39:30.568+0000] {dag.py:3089} INFO - Sync 1 DAGs
[2025-12-31T08:39:30.606+0000] {logging_mixin.py:188} INFO - [2025-12-31T08:39:30.605+0000] {dag.py:3947} INFO - Setting next_dagrun for train_model_sample to None, run_after=None
[2025-12-31T08:39:30.672+0000] {processor.py:183} INFO - Processing /opt/airflow/dags/model_sample_dags.py took 0.257 seconds
[2025-12-31T08:40:00.866+0000] {processor.py:161} INFO - Started process (PID=371) to work on /opt/airflow/dags/model_sample_dags.py
[2025-12-31T08:40:00.871+0000] {processor.py:830} INFO - Processing file /opt/airflow/dags/model_sample_dags.py for tasks to queue
[2025-12-31T08:40:00.878+0000] {logging_mixin.py:188} INFO - [2025-12-31T08:40:00.877+0000] {dagbag.py:545} INFO - Filling up the DagBag from /opt/airflow/dags/model_sample_dags.py
[2025-12-31T08:40:00.978+0000] {processor.py:840} INFO - DAG(s) 'train_model_sample' retrieved from /opt/airflow/dags/model_sample_dags.py
[2025-12-31T08:40:01.092+0000] {logging_mixin.py:188} INFO - [2025-12-31T08:40:01.091+0000] {dag.py:3089} INFO - Sync 1 DAGs
[2025-12-31T08:40:01.126+0000] {logging_mixin.py:188} INFO - [2025-12-31T08:40:01.125+0000] {dag.py:3947} INFO - Setting next_dagrun for train_model_sample to None, run_after=None
[2025-12-31T08:40:01.187+0000] {processor.py:183} INFO - Processing /opt/airflow/dags/model_sample_dags.py took 0.347 seconds
[2025-12-31T08:40:31.543+0000] {processor.py:161} INFO - Started process (PID=376) to work on /opt/airflow/dags/model_sample_dags.py
[2025-12-31T08:40:31.546+0000] {processor.py:830} INFO - Processing file /opt/airflow/dags/model_sample_dags.py for tasks to queue
[2025-12-31T08:40:31.551+0000] {logging_mixin.py:188} INFO - [2025-12-31T08:40:31.550+0000] {dagbag.py:545} INFO - Filling up the DagBag from /opt/airflow/dags/model_sample_dags.py
[2025-12-31T08:40:31.626+0000] {processor.py:840} INFO - DAG(s) 'train_model_sample' retrieved from /opt/airflow/dags/model_sample_dags.py
[2025-12-31T08:40:31.700+0000] {logging_mixin.py:188} INFO - [2025-12-31T08:40:31.699+0000] {dag.py:3089} INFO - Sync 1 DAGs
[2025-12-31T08:40:31.731+0000] {logging_mixin.py:188} INFO - [2025-12-31T08:40:31.730+0000] {dag.py:3947} INFO - Setting next_dagrun for train_model_sample to None, run_after=None
[2025-12-31T08:40:31.796+0000] {processor.py:183} INFO - Processing /opt/airflow/dags/model_sample_dags.py took 0.270 seconds
[2025-12-31T08:41:01.964+0000] {processor.py:161} INFO - Started process (PID=381) to work on /opt/airflow/dags/model_sample_dags.py
[2025-12-31T08:41:01.968+0000] {processor.py:830} INFO - Processing file /opt/airflow/dags/model_sample_dags.py for tasks to queue
[2025-12-31T08:41:01.973+0000] {logging_mixin.py:188} INFO - [2025-12-31T08:41:01.972+0000] {dagbag.py:545} INFO - Filling up the DagBag from /opt/airflow/dags/model_sample_dags.py
[2025-12-31T08:41:02.039+0000] {processor.py:840} INFO - DAG(s) 'train_model_sample' retrieved from /opt/airflow/dags/model_sample_dags.py
[2025-12-31T08:41:02.095+0000] {logging_mixin.py:188} INFO - [2025-12-31T08:41:02.094+0000] {dag.py:3089} INFO - Sync 1 DAGs
[2025-12-31T08:41:02.123+0000] {logging_mixin.py:188} INFO - [2025-12-31T08:41:02.122+0000] {dag.py:3947} INFO - Setting next_dagrun for train_model_sample to None, run_after=None
[2025-12-31T08:41:02.174+0000] {processor.py:183} INFO - Processing /opt/airflow/dags/model_sample_dags.py took 0.224 seconds
[2025-12-31T08:41:32.532+0000] {processor.py:161} INFO - Started process (PID=386) to work on /opt/airflow/dags/model_sample_dags.py
[2025-12-31T08:41:32.535+0000] {processor.py:830} INFO - Processing file /opt/airflow/dags/model_sample_dags.py for tasks to queue
[2025-12-31T08:41:32.540+0000] {logging_mixin.py:188} INFO - [2025-12-31T08:41:32.539+0000] {dagbag.py:545} INFO - Filling up the DagBag from /opt/airflow/dags/model_sample_dags.py
[2025-12-31T08:41:32.619+0000] {processor.py:840} INFO - DAG(s) 'train_model_sample' retrieved from /opt/airflow/dags/model_sample_dags.py
[2025-12-31T08:41:32.686+0000] {logging_mixin.py:188} INFO - [2025-12-31T08:41:32.686+0000] {dag.py:3089} INFO - Sync 1 DAGs
[2025-12-31T08:41:32.716+0000] {logging_mixin.py:188} INFO - [2025-12-31T08:41:32.715+0000] {dag.py:3947} INFO - Setting next_dagrun for train_model_sample to None, run_after=None
[2025-12-31T08:41:32.770+0000] {processor.py:183} INFO - Processing /opt/airflow/dags/model_sample_dags.py took 0.253 seconds
[2025-12-31T08:42:02.977+0000] {processor.py:161} INFO - Started process (PID=391) to work on /opt/airflow/dags/model_sample_dags.py
[2025-12-31T08:42:02.982+0000] {processor.py:830} INFO - Processing file /opt/airflow/dags/model_sample_dags.py for tasks to queue
[2025-12-31T08:42:02.989+0000] {logging_mixin.py:188} INFO - [2025-12-31T08:42:02.988+0000] {dagbag.py:545} INFO - Filling up the DagBag from /opt/airflow/dags/model_sample_dags.py
[2025-12-31T08:42:03.067+0000] {processor.py:840} INFO - DAG(s) 'train_model_sample' retrieved from /opt/airflow/dags/model_sample_dags.py
[2025-12-31T08:42:03.140+0000] {logging_mixin.py:188} INFO - [2025-12-31T08:42:03.140+0000] {dag.py:3089} INFO - Sync 1 DAGs
[2025-12-31T08:42:03.173+0000] {logging_mixin.py:188} INFO - [2025-12-31T08:42:03.172+0000] {dag.py:3947} INFO - Setting next_dagrun for train_model_sample to None, run_after=None
[2025-12-31T08:42:03.224+0000] {processor.py:183} INFO - Processing /opt/airflow/dags/model_sample_dags.py took 0.270 seconds
[2025-12-31T08:42:33.586+0000] {processor.py:161} INFO - Started process (PID=396) to work on /opt/airflow/dags/model_sample_dags.py
[2025-12-31T08:42:33.589+0000] {processor.py:830} INFO - Processing file /opt/airflow/dags/model_sample_dags.py for tasks to queue
[2025-12-31T08:42:33.594+0000] {logging_mixin.py:188} INFO - [2025-12-31T08:42:33.594+0000] {dagbag.py:545} INFO - Filling up the DagBag from /opt/airflow/dags/model_sample_dags.py
[2025-12-31T08:42:33.648+0000] {processor.py:840} INFO - DAG(s) 'train_model_sample' retrieved from /opt/airflow/dags/model_sample_dags.py
[2025-12-31T08:42:33.719+0000] {logging_mixin.py:188} INFO - [2025-12-31T08:42:33.718+0000] {dag.py:3089} INFO - Sync 1 DAGs
[2025-12-31T08:42:33.760+0000] {logging_mixin.py:188} INFO - [2025-12-31T08:42:33.759+0000] {dag.py:3947} INFO - Setting next_dagrun for train_model_sample to None, run_after=None
[2025-12-31T08:42:33.824+0000] {processor.py:183} INFO - Processing /opt/airflow/dags/model_sample_dags.py took 0.256 seconds
[2025-12-31T08:43:04.088+0000] {processor.py:161} INFO - Started process (PID=401) to work on /opt/airflow/dags/model_sample_dags.py
[2025-12-31T08:43:04.091+0000] {processor.py:830} INFO - Processing file /opt/airflow/dags/model_sample_dags.py for tasks to queue
[2025-12-31T08:43:04.096+0000] {logging_mixin.py:188} INFO - [2025-12-31T08:43:04.095+0000] {dagbag.py:545} INFO - Filling up the DagBag from /opt/airflow/dags/model_sample_dags.py
[2025-12-31T08:43:04.164+0000] {processor.py:840} INFO - DAG(s) 'train_model_sample' retrieved from /opt/airflow/dags/model_sample_dags.py
[2025-12-31T08:43:04.239+0000] {logging_mixin.py:188} INFO - [2025-12-31T08:43:04.238+0000] {dag.py:3089} INFO - Sync 1 DAGs
[2025-12-31T08:43:04.269+0000] {logging_mixin.py:188} INFO - [2025-12-31T08:43:04.268+0000] {dag.py:3947} INFO - Setting next_dagrun for train_model_sample to None, run_after=None
[2025-12-31T08:43:04.334+0000] {processor.py:183} INFO - Processing /opt/airflow/dags/model_sample_dags.py took 0.261 seconds
[2025-12-31T08:43:34.584+0000] {processor.py:161} INFO - Started process (PID=406) to work on /opt/airflow/dags/model_sample_dags.py
[2025-12-31T08:43:34.586+0000] {processor.py:830} INFO - Processing file /opt/airflow/dags/model_sample_dags.py for tasks to queue
[2025-12-31T08:43:34.592+0000] {logging_mixin.py:188} INFO - [2025-12-31T08:43:34.591+0000] {dagbag.py:545} INFO - Filling up the DagBag from /opt/airflow/dags/model_sample_dags.py
[2025-12-31T08:43:34.637+0000] {processor.py:840} INFO - DAG(s) 'train_model_sample' retrieved from /opt/airflow/dags/model_sample_dags.py
[2025-12-31T08:43:34.714+0000] {logging_mixin.py:188} INFO - [2025-12-31T08:43:34.713+0000] {dag.py:3089} INFO - Sync 1 DAGs
[2025-12-31T08:43:34.762+0000] {logging_mixin.py:188} INFO - [2025-12-31T08:43:34.761+0000] {dag.py:3947} INFO - Setting next_dagrun for train_model_sample to None, run_after=None
[2025-12-31T08:43:34.832+0000] {processor.py:183} INFO - Processing /opt/airflow/dags/model_sample_dags.py took 0.264 seconds
[2025-12-31T08:44:05.097+0000] {processor.py:161} INFO - Started process (PID=411) to work on /opt/airflow/dags/model_sample_dags.py
[2025-12-31T08:44:05.101+0000] {processor.py:830} INFO - Processing file /opt/airflow/dags/model_sample_dags.py for tasks to queue
[2025-12-31T08:44:05.109+0000] {logging_mixin.py:188} INFO - [2025-12-31T08:44:05.108+0000] {dagbag.py:545} INFO - Filling up the DagBag from /opt/airflow/dags/model_sample_dags.py
[2025-12-31T08:44:05.181+0000] {processor.py:840} INFO - DAG(s) 'train_model_sample' retrieved from /opt/airflow/dags/model_sample_dags.py
[2025-12-31T08:44:05.243+0000] {logging_mixin.py:188} INFO - [2025-12-31T08:44:05.242+0000] {dag.py:3089} INFO - Sync 1 DAGs
[2025-12-31T08:44:05.269+0000] {logging_mixin.py:188} INFO - [2025-12-31T08:44:05.269+0000] {dag.py:3947} INFO - Setting next_dagrun for train_model_sample to None, run_after=None
[2025-12-31T08:44:05.319+0000] {processor.py:183} INFO - Processing /opt/airflow/dags/model_sample_dags.py took 0.242 seconds
[2025-12-31T08:44:35.645+0000] {processor.py:161} INFO - Started process (PID=416) to work on /opt/airflow/dags/model_sample_dags.py
[2025-12-31T08:44:35.648+0000] {processor.py:830} INFO - Processing file /opt/airflow/dags/model_sample_dags.py for tasks to queue
[2025-12-31T08:44:35.653+0000] {logging_mixin.py:188} INFO - [2025-12-31T08:44:35.652+0000] {dagbag.py:545} INFO - Filling up the DagBag from /opt/airflow/dags/model_sample_dags.py
[2025-12-31T08:44:35.711+0000] {processor.py:840} INFO - DAG(s) 'train_model_sample' retrieved from /opt/airflow/dags/model_sample_dags.py
[2025-12-31T08:44:35.771+0000] {logging_mixin.py:188} INFO - [2025-12-31T08:44:35.770+0000] {dag.py:3089} INFO - Sync 1 DAGs
[2025-12-31T08:44:35.798+0000] {logging_mixin.py:188} INFO - [2025-12-31T08:44:35.797+0000] {dag.py:3947} INFO - Setting next_dagrun for train_model_sample to None, run_after=None
[2025-12-31T08:44:35.849+0000] {processor.py:183} INFO - Processing /opt/airflow/dags/model_sample_dags.py took 0.219 seconds
[2025-12-31T08:45:06.111+0000] {processor.py:161} INFO - Started process (PID=421) to work on /opt/airflow/dags/model_sample_dags.py
[2025-12-31T08:45:06.115+0000] {processor.py:830} INFO - Processing file /opt/airflow/dags/model_sample_dags.py for tasks to queue
[2025-12-31T08:45:06.124+0000] {logging_mixin.py:188} INFO - [2025-12-31T08:45:06.122+0000] {dagbag.py:545} INFO - Filling up the DagBag from /opt/airflow/dags/model_sample_dags.py
[2025-12-31T08:45:06.207+0000] {processor.py:840} INFO - DAG(s) 'train_model_sample' retrieved from /opt/airflow/dags/model_sample_dags.py
[2025-12-31T08:45:06.279+0000] {logging_mixin.py:188} INFO - [2025-12-31T08:45:06.278+0000] {dag.py:3089} INFO - Sync 1 DAGs
[2025-12-31T08:45:06.302+0000] {logging_mixin.py:188} INFO - [2025-12-31T08:45:06.301+0000] {dag.py:3947} INFO - Setting next_dagrun for train_model_sample to None, run_after=None
[2025-12-31T08:45:06.346+0000] {processor.py:183} INFO - Processing /opt/airflow/dags/model_sample_dags.py took 0.255 seconds
[2025-12-31T08:45:36.648+0000] {processor.py:161} INFO - Started process (PID=426) to work on /opt/airflow/dags/model_sample_dags.py
[2025-12-31T08:45:36.651+0000] {processor.py:830} INFO - Processing file /opt/airflow/dags/model_sample_dags.py for tasks to queue
[2025-12-31T08:45:36.655+0000] {logging_mixin.py:188} INFO - [2025-12-31T08:45:36.655+0000] {dagbag.py:545} INFO - Filling up the DagBag from /opt/airflow/dags/model_sample_dags.py
[2025-12-31T08:45:36.711+0000] {processor.py:840} INFO - DAG(s) 'train_model_sample' retrieved from /opt/airflow/dags/model_sample_dags.py
[2025-12-31T08:45:36.768+0000] {logging_mixin.py:188} INFO - [2025-12-31T08:45:36.768+0000] {dag.py:3089} INFO - Sync 1 DAGs
[2025-12-31T08:45:36.792+0000] {logging_mixin.py:188} INFO - [2025-12-31T08:45:36.791+0000] {dag.py:3947} INFO - Setting next_dagrun for train_model_sample to None, run_after=None
[2025-12-31T08:45:36.841+0000] {processor.py:183} INFO - Processing /opt/airflow/dags/model_sample_dags.py took 0.207 seconds
[2025-12-31T08:46:07.127+0000] {processor.py:161} INFO - Started process (PID=431) to work on /opt/airflow/dags/model_sample_dags.py
[2025-12-31T08:46:07.132+0000] {processor.py:830} INFO - Processing file /opt/airflow/dags/model_sample_dags.py for tasks to queue
[2025-12-31T08:46:07.138+0000] {logging_mixin.py:188} INFO - [2025-12-31T08:46:07.137+0000] {dagbag.py:545} INFO - Filling up the DagBag from /opt/airflow/dags/model_sample_dags.py
[2025-12-31T08:46:07.223+0000] {processor.py:840} INFO - DAG(s) 'train_model_sample' retrieved from /opt/airflow/dags/model_sample_dags.py
[2025-12-31T08:46:07.285+0000] {logging_mixin.py:188} INFO - [2025-12-31T08:46:07.285+0000] {dag.py:3089} INFO - Sync 1 DAGs
[2025-12-31T08:46:07.313+0000] {logging_mixin.py:188} INFO - [2025-12-31T08:46:07.313+0000] {dag.py:3947} INFO - Setting next_dagrun for train_model_sample to None, run_after=None
[2025-12-31T08:46:07.371+0000] {processor.py:183} INFO - Processing /opt/airflow/dags/model_sample_dags.py took 0.263 seconds
[2025-12-31T08:46:37.645+0000] {processor.py:161} INFO - Started process (PID=436) to work on /opt/airflow/dags/model_sample_dags.py
[2025-12-31T08:46:37.648+0000] {processor.py:830} INFO - Processing file /opt/airflow/dags/model_sample_dags.py for tasks to queue
[2025-12-31T08:46:37.656+0000] {logging_mixin.py:188} INFO - [2025-12-31T08:46:37.655+0000] {dagbag.py:545} INFO - Filling up the DagBag from /opt/airflow/dags/model_sample_dags.py
[2025-12-31T08:46:37.743+0000] {processor.py:840} INFO - DAG(s) 'train_model_sample' retrieved from /opt/airflow/dags/model_sample_dags.py
[2025-12-31T08:46:37.828+0000] {logging_mixin.py:188} INFO - [2025-12-31T08:46:37.828+0000] {dag.py:3089} INFO - Sync 1 DAGs
[2025-12-31T08:46:37.867+0000] {logging_mixin.py:188} INFO - [2025-12-31T08:46:37.866+0000] {dag.py:3947} INFO - Setting next_dagrun for train_model_sample to None, run_after=None
[2025-12-31T08:46:37.954+0000] {processor.py:183} INFO - Processing /opt/airflow/dags/model_sample_dags.py took 0.327 seconds
[2025-12-31T08:47:08.239+0000] {processor.py:161} INFO - Started process (PID=441) to work on /opt/airflow/dags/model_sample_dags.py
[2025-12-31T08:47:08.244+0000] {processor.py:830} INFO - Processing file /opt/airflow/dags/model_sample_dags.py for tasks to queue
[2025-12-31T08:47:08.258+0000] {logging_mixin.py:188} INFO - [2025-12-31T08:47:08.256+0000] {dagbag.py:545} INFO - Filling up the DagBag from /opt/airflow/dags/model_sample_dags.py
[2025-12-31T08:47:08.354+0000] {processor.py:840} INFO - DAG(s) 'train_model_sample' retrieved from /opt/airflow/dags/model_sample_dags.py
[2025-12-31T08:47:08.445+0000] {logging_mixin.py:188} INFO - [2025-12-31T08:47:08.444+0000] {dag.py:3089} INFO - Sync 1 DAGs
[2025-12-31T08:47:08.485+0000] {logging_mixin.py:188} INFO - [2025-12-31T08:47:08.484+0000] {dag.py:3947} INFO - Setting next_dagrun for train_model_sample to None, run_after=None
[2025-12-31T08:47:08.551+0000] {processor.py:183} INFO - Processing /opt/airflow/dags/model_sample_dags.py took 0.339 seconds
[2025-12-31T08:47:38.942+0000] {processor.py:161} INFO - Started process (PID=446) to work on /opt/airflow/dags/model_sample_dags.py
[2025-12-31T08:47:38.945+0000] {processor.py:830} INFO - Processing file /opt/airflow/dags/model_sample_dags.py for tasks to queue
[2025-12-31T08:47:38.951+0000] {logging_mixin.py:188} INFO - [2025-12-31T08:47:38.950+0000] {dagbag.py:545} INFO - Filling up the DagBag from /opt/airflow/dags/model_sample_dags.py
[2025-12-31T08:47:39.051+0000] {processor.py:840} INFO - DAG(s) 'train_model_sample' retrieved from /opt/airflow/dags/model_sample_dags.py
[2025-12-31T08:47:39.151+0000] {logging_mixin.py:188} INFO - [2025-12-31T08:47:39.150+0000] {dag.py:3089} INFO - Sync 1 DAGs
[2025-12-31T08:47:39.197+0000] {logging_mixin.py:188} INFO - [2025-12-31T08:47:39.196+0000] {dag.py:3947} INFO - Setting next_dagrun for train_model_sample to None, run_after=None
[2025-12-31T08:47:39.273+0000] {processor.py:183} INFO - Processing /opt/airflow/dags/model_sample_dags.py took 0.343 seconds
[2025-12-31T08:48:09.735+0000] {processor.py:161} INFO - Started process (PID=451) to work on /opt/airflow/dags/model_sample_dags.py
[2025-12-31T08:48:09.738+0000] {processor.py:830} INFO - Processing file /opt/airflow/dags/model_sample_dags.py for tasks to queue
[2025-12-31T08:48:09.743+0000] {logging_mixin.py:188} INFO - [2025-12-31T08:48:09.742+0000] {dagbag.py:545} INFO - Filling up the DagBag from /opt/airflow/dags/model_sample_dags.py
[2025-12-31T08:48:09.805+0000] {processor.py:840} INFO - DAG(s) 'train_model_sample' retrieved from /opt/airflow/dags/model_sample_dags.py
[2025-12-31T08:48:09.865+0000] {logging_mixin.py:188} INFO - [2025-12-31T08:48:09.864+0000] {dag.py:3089} INFO - Sync 1 DAGs
[2025-12-31T08:48:09.892+0000] {logging_mixin.py:188} INFO - [2025-12-31T08:48:09.891+0000] {dag.py:3947} INFO - Setting next_dagrun for train_model_sample to None, run_after=None
[2025-12-31T08:48:09.945+0000] {processor.py:183} INFO - Processing /opt/airflow/dags/model_sample_dags.py took 0.230 seconds
[2025-12-31T08:48:40.098+0000] {processor.py:161} INFO - Started process (PID=456) to work on /opt/airflow/dags/model_sample_dags.py
[2025-12-31T08:48:40.101+0000] {processor.py:830} INFO - Processing file /opt/airflow/dags/model_sample_dags.py for tasks to queue
[2025-12-31T08:48:40.107+0000] {logging_mixin.py:188} INFO - [2025-12-31T08:48:40.106+0000] {dagbag.py:545} INFO - Filling up the DagBag from /opt/airflow/dags/model_sample_dags.py
[2025-12-31T08:48:40.167+0000] {processor.py:840} INFO - DAG(s) 'train_model_sample' retrieved from /opt/airflow/dags/model_sample_dags.py
[2025-12-31T08:48:40.237+0000] {logging_mixin.py:188} INFO - [2025-12-31T08:48:40.236+0000] {dag.py:3089} INFO - Sync 1 DAGs
[2025-12-31T08:48:40.268+0000] {logging_mixin.py:188} INFO - [2025-12-31T08:48:40.267+0000] {dag.py:3947} INFO - Setting next_dagrun for train_model_sample to None, run_after=None
[2025-12-31T08:48:40.337+0000] {processor.py:183} INFO - Processing /opt/airflow/dags/model_sample_dags.py took 0.257 seconds
[2025-12-31T08:49:10.745+0000] {processor.py:161} INFO - Started process (PID=461) to work on /opt/airflow/dags/model_sample_dags.py
[2025-12-31T08:49:10.748+0000] {processor.py:830} INFO - Processing file /opt/airflow/dags/model_sample_dags.py for tasks to queue
[2025-12-31T08:49:10.753+0000] {logging_mixin.py:188} INFO - [2025-12-31T08:49:10.752+0000] {dagbag.py:545} INFO - Filling up the DagBag from /opt/airflow/dags/model_sample_dags.py
[2025-12-31T08:49:10.812+0000] {processor.py:840} INFO - DAG(s) 'train_model_sample' retrieved from /opt/airflow/dags/model_sample_dags.py
[2025-12-31T08:49:10.882+0000] {logging_mixin.py:188} INFO - [2025-12-31T08:49:10.881+0000] {dag.py:3089} INFO - Sync 1 DAGs
[2025-12-31T08:49:10.908+0000] {logging_mixin.py:188} INFO - [2025-12-31T08:49:10.908+0000] {dag.py:3947} INFO - Setting next_dagrun for train_model_sample to None, run_after=None
[2025-12-31T08:49:10.955+0000] {processor.py:183} INFO - Processing /opt/airflow/dags/model_sample_dags.py took 0.226 seconds
[2025-12-31T08:49:41.165+0000] {processor.py:161} INFO - Started process (PID=466) to work on /opt/airflow/dags/model_sample_dags.py
[2025-12-31T08:49:41.168+0000] {processor.py:830} INFO - Processing file /opt/airflow/dags/model_sample_dags.py for tasks to queue
[2025-12-31T08:49:41.174+0000] {logging_mixin.py:188} INFO - [2025-12-31T08:49:41.173+0000] {dagbag.py:545} INFO - Filling up the DagBag from /opt/airflow/dags/model_sample_dags.py
[2025-12-31T08:49:41.238+0000] {processor.py:840} INFO - DAG(s) 'train_model_sample' retrieved from /opt/airflow/dags/model_sample_dags.py
[2025-12-31T08:49:41.298+0000] {logging_mixin.py:188} INFO - [2025-12-31T08:49:41.297+0000] {dag.py:3089} INFO - Sync 1 DAGs
[2025-12-31T08:49:41.329+0000] {logging_mixin.py:188} INFO - [2025-12-31T08:49:41.328+0000] {dag.py:3947} INFO - Setting next_dagrun for train_model_sample to None, run_after=None
[2025-12-31T08:49:41.375+0000] {processor.py:183} INFO - Processing /opt/airflow/dags/model_sample_dags.py took 0.226 seconds
[2025-12-31T08:50:11.706+0000] {processor.py:161} INFO - Started process (PID=471) to work on /opt/airflow/dags/model_sample_dags.py
[2025-12-31T08:50:11.708+0000] {processor.py:830} INFO - Processing file /opt/airflow/dags/model_sample_dags.py for tasks to queue
[2025-12-31T08:50:11.713+0000] {logging_mixin.py:188} INFO - [2025-12-31T08:50:11.712+0000] {dagbag.py:545} INFO - Filling up the DagBag from /opt/airflow/dags/model_sample_dags.py
[2025-12-31T08:50:11.776+0000] {processor.py:840} INFO - DAG(s) 'train_model_sample' retrieved from /opt/airflow/dags/model_sample_dags.py
[2025-12-31T08:50:11.853+0000] {logging_mixin.py:188} INFO - [2025-12-31T08:50:11.852+0000] {dag.py:3089} INFO - Sync 1 DAGs
[2025-12-31T08:50:11.884+0000] {logging_mixin.py:188} INFO - [2025-12-31T08:50:11.884+0000] {dag.py:3947} INFO - Setting next_dagrun for train_model_sample to None, run_after=None
[2025-12-31T08:50:11.936+0000] {processor.py:183} INFO - Processing /opt/airflow/dags/model_sample_dags.py took 0.244 seconds
[2025-12-31T08:50:42.191+0000] {processor.py:161} INFO - Started process (PID=476) to work on /opt/airflow/dags/model_sample_dags.py
[2025-12-31T08:50:42.195+0000] {processor.py:830} INFO - Processing file /opt/airflow/dags/model_sample_dags.py for tasks to queue
[2025-12-31T08:50:42.201+0000] {logging_mixin.py:188} INFO - [2025-12-31T08:50:42.200+0000] {dagbag.py:545} INFO - Filling up the DagBag from /opt/airflow/dags/model_sample_dags.py
[2025-12-31T08:50:42.289+0000] {processor.py:840} INFO - DAG(s) 'train_model_sample' retrieved from /opt/airflow/dags/model_sample_dags.py
[2025-12-31T08:50:42.376+0000] {logging_mixin.py:188} INFO - [2025-12-31T08:50:42.375+0000] {dag.py:3089} INFO - Sync 1 DAGs
[2025-12-31T08:50:42.419+0000] {logging_mixin.py:188} INFO - [2025-12-31T08:50:42.418+0000] {dag.py:3947} INFO - Setting next_dagrun for train_model_sample to None, run_after=None
[2025-12-31T08:50:42.484+0000] {processor.py:183} INFO - Processing /opt/airflow/dags/model_sample_dags.py took 0.311 seconds
[2025-12-31T08:51:12.810+0000] {processor.py:161} INFO - Started process (PID=481) to work on /opt/airflow/dags/model_sample_dags.py
[2025-12-31T08:51:12.817+0000] {processor.py:830} INFO - Processing file /opt/airflow/dags/model_sample_dags.py for tasks to queue
[2025-12-31T08:51:12.825+0000] {logging_mixin.py:188} INFO - [2025-12-31T08:51:12.824+0000] {dagbag.py:545} INFO - Filling up the DagBag from /opt/airflow/dags/model_sample_dags.py
[2025-12-31T08:51:12.922+0000] {processor.py:840} INFO - DAG(s) 'train_model_sample' retrieved from /opt/airflow/dags/model_sample_dags.py
[2025-12-31T08:51:13.027+0000] {logging_mixin.py:188} INFO - [2025-12-31T08:51:13.026+0000] {dag.py:3089} INFO - Sync 1 DAGs
[2025-12-31T08:51:13.062+0000] {logging_mixin.py:188} INFO - [2025-12-31T08:51:13.061+0000] {dag.py:3947} INFO - Setting next_dagrun for train_model_sample to None, run_after=None
[2025-12-31T08:51:13.123+0000] {processor.py:183} INFO - Processing /opt/airflow/dags/model_sample_dags.py took 0.340 seconds
[2025-12-31T08:51:43.373+0000] {processor.py:161} INFO - Started process (PID=486) to work on /opt/airflow/dags/model_sample_dags.py
[2025-12-31T08:51:43.377+0000] {processor.py:830} INFO - Processing file /opt/airflow/dags/model_sample_dags.py for tasks to queue
[2025-12-31T08:51:43.382+0000] {logging_mixin.py:188} INFO - [2025-12-31T08:51:43.381+0000] {dagbag.py:545} INFO - Filling up the DagBag from /opt/airflow/dags/model_sample_dags.py
[2025-12-31T08:51:43.438+0000] {processor.py:840} INFO - DAG(s) 'train_model_sample' retrieved from /opt/airflow/dags/model_sample_dags.py
[2025-12-31T08:51:43.502+0000] {logging_mixin.py:188} INFO - [2025-12-31T08:51:43.502+0000] {dag.py:3089} INFO - Sync 1 DAGs
[2025-12-31T08:51:43.530+0000] {logging_mixin.py:188} INFO - [2025-12-31T08:51:43.529+0000] {dag.py:3947} INFO - Setting next_dagrun for train_model_sample to None, run_after=None
[2025-12-31T08:51:43.570+0000] {processor.py:183} INFO - Processing /opt/airflow/dags/model_sample_dags.py took 0.214 seconds
[2025-12-31T08:52:13.940+0000] {processor.py:161} INFO - Started process (PID=491) to work on /opt/airflow/dags/model_sample_dags.py
[2025-12-31T08:52:13.943+0000] {processor.py:830} INFO - Processing file /opt/airflow/dags/model_sample_dags.py for tasks to queue
[2025-12-31T08:52:13.947+0000] {logging_mixin.py:188} INFO - [2025-12-31T08:52:13.947+0000] {dagbag.py:545} INFO - Filling up the DagBag from /opt/airflow/dags/model_sample_dags.py
[2025-12-31T08:52:14.013+0000] {processor.py:840} INFO - DAG(s) 'train_model_sample' retrieved from /opt/airflow/dags/model_sample_dags.py
[2025-12-31T08:52:14.073+0000] {logging_mixin.py:188} INFO - [2025-12-31T08:52:14.072+0000] {dag.py:3089} INFO - Sync 1 DAGs
[2025-12-31T08:52:14.098+0000] {logging_mixin.py:188} INFO - [2025-12-31T08:52:14.097+0000] {dag.py:3947} INFO - Setting next_dagrun for train_model_sample to None, run_after=None
[2025-12-31T08:52:14.149+0000] {processor.py:183} INFO - Processing /opt/airflow/dags/model_sample_dags.py took 0.223 seconds
[2025-12-31T08:52:44.473+0000] {processor.py:161} INFO - Started process (PID=496) to work on /opt/airflow/dags/model_sample_dags.py
[2025-12-31T08:52:44.476+0000] {processor.py:830} INFO - Processing file /opt/airflow/dags/model_sample_dags.py for tasks to queue
[2025-12-31T08:52:44.483+0000] {logging_mixin.py:188} INFO - [2025-12-31T08:52:44.482+0000] {dagbag.py:545} INFO - Filling up the DagBag from /opt/airflow/dags/model_sample_dags.py
[2025-12-31T08:52:44.553+0000] {processor.py:840} INFO - DAG(s) 'train_model_sample' retrieved from /opt/airflow/dags/model_sample_dags.py
[2025-12-31T08:52:44.611+0000] {logging_mixin.py:188} INFO - [2025-12-31T08:52:44.611+0000] {dag.py:3089} INFO - Sync 1 DAGs
[2025-12-31T08:52:44.636+0000] {logging_mixin.py:188} INFO - [2025-12-31T08:52:44.636+0000] {dag.py:3947} INFO - Setting next_dagrun for train_model_sample to None, run_after=None
[2025-12-31T08:52:44.681+0000] {processor.py:183} INFO - Processing /opt/airflow/dags/model_sample_dags.py took 0.228 seconds
[2025-12-31T08:53:15.030+0000] {processor.py:161} INFO - Started process (PID=501) to work on /opt/airflow/dags/model_sample_dags.py
[2025-12-31T08:53:15.036+0000] {processor.py:830} INFO - Processing file /opt/airflow/dags/model_sample_dags.py for tasks to queue
[2025-12-31T08:53:15.042+0000] {logging_mixin.py:188} INFO - [2025-12-31T08:53:15.041+0000] {dagbag.py:545} INFO - Filling up the DagBag from /opt/airflow/dags/model_sample_dags.py
[2025-12-31T08:53:15.124+0000] {processor.py:840} INFO - DAG(s) 'train_model_sample' retrieved from /opt/airflow/dags/model_sample_dags.py
[2025-12-31T08:53:15.211+0000] {logging_mixin.py:188} INFO - [2025-12-31T08:53:15.211+0000] {dag.py:3089} INFO - Sync 1 DAGs
[2025-12-31T08:53:15.236+0000] {logging_mixin.py:188} INFO - [2025-12-31T08:53:15.235+0000] {dag.py:3947} INFO - Setting next_dagrun for train_model_sample to None, run_after=None
[2025-12-31T08:53:15.291+0000] {processor.py:183} INFO - Processing /opt/airflow/dags/model_sample_dags.py took 0.291 seconds
[2025-12-31T08:53:45.465+0000] {processor.py:161} INFO - Started process (PID=506) to work on /opt/airflow/dags/model_sample_dags.py
[2025-12-31T08:53:45.470+0000] {processor.py:830} INFO - Processing file /opt/airflow/dags/model_sample_dags.py for tasks to queue
[2025-12-31T08:53:45.475+0000] {logging_mixin.py:188} INFO - [2025-12-31T08:53:45.475+0000] {dagbag.py:545} INFO - Filling up the DagBag from /opt/airflow/dags/model_sample_dags.py
[2025-12-31T08:53:45.554+0000] {processor.py:840} INFO - DAG(s) 'train_model_sample' retrieved from /opt/airflow/dags/model_sample_dags.py
[2025-12-31T08:53:45.641+0000] {logging_mixin.py:188} INFO - [2025-12-31T08:53:45.640+0000] {dag.py:3089} INFO - Sync 1 DAGs
[2025-12-31T08:53:45.688+0000] {logging_mixin.py:188} INFO - [2025-12-31T08:53:45.686+0000] {dag.py:3947} INFO - Setting next_dagrun for train_model_sample to None, run_after=None
[2025-12-31T08:53:45.755+0000] {processor.py:183} INFO - Processing /opt/airflow/dags/model_sample_dags.py took 0.314 seconds
[2025-12-31T08:54:16.083+0000] {processor.py:161} INFO - Started process (PID=511) to work on /opt/airflow/dags/model_sample_dags.py
[2025-12-31T08:54:16.086+0000] {processor.py:830} INFO - Processing file /opt/airflow/dags/model_sample_dags.py for tasks to queue
[2025-12-31T08:54:16.091+0000] {logging_mixin.py:188} INFO - [2025-12-31T08:54:16.090+0000] {dagbag.py:545} INFO - Filling up the DagBag from /opt/airflow/dags/model_sample_dags.py
[2025-12-31T08:54:16.150+0000] {processor.py:840} INFO - DAG(s) 'train_model_sample' retrieved from /opt/airflow/dags/model_sample_dags.py
[2025-12-31T08:54:16.210+0000] {logging_mixin.py:188} INFO - [2025-12-31T08:54:16.209+0000] {dag.py:3089} INFO - Sync 1 DAGs
[2025-12-31T08:54:16.237+0000] {logging_mixin.py:188} INFO - [2025-12-31T08:54:16.236+0000] {dag.py:3947} INFO - Setting next_dagrun for train_model_sample to None, run_after=None
[2025-12-31T08:54:16.290+0000] {processor.py:183} INFO - Processing /opt/airflow/dags/model_sample_dags.py took 0.225 seconds
[2025-12-31T08:54:46.569+0000] {processor.py:161} INFO - Started process (PID=516) to work on /opt/airflow/dags/model_sample_dags.py
[2025-12-31T08:54:46.574+0000] {processor.py:830} INFO - Processing file /opt/airflow/dags/model_sample_dags.py for tasks to queue
[2025-12-31T08:54:46.581+0000] {logging_mixin.py:188} INFO - [2025-12-31T08:54:46.580+0000] {dagbag.py:545} INFO - Filling up the DagBag from /opt/airflow/dags/model_sample_dags.py
[2025-12-31T08:54:46.660+0000] {processor.py:840} INFO - DAG(s) 'train_model_sample' retrieved from /opt/airflow/dags/model_sample_dags.py
[2025-12-31T08:54:46.734+0000] {logging_mixin.py:188} INFO - [2025-12-31T08:54:46.733+0000] {dag.py:3089} INFO - Sync 1 DAGs
[2025-12-31T08:54:46.762+0000] {logging_mixin.py:188} INFO - [2025-12-31T08:54:46.762+0000] {dag.py:3947} INFO - Setting next_dagrun for train_model_sample to None, run_after=None
[2025-12-31T08:54:46.809+0000] {processor.py:183} INFO - Processing /opt/airflow/dags/model_sample_dags.py took 0.263 seconds
[2025-12-31T08:55:17.147+0000] {processor.py:161} INFO - Started process (PID=521) to work on /opt/airflow/dags/model_sample_dags.py
[2025-12-31T08:55:17.152+0000] {processor.py:830} INFO - Processing file /opt/airflow/dags/model_sample_dags.py for tasks to queue
[2025-12-31T08:55:17.160+0000] {logging_mixin.py:188} INFO - [2025-12-31T08:55:17.159+0000] {dagbag.py:545} INFO - Filling up the DagBag from /opt/airflow/dags/model_sample_dags.py
[2025-12-31T08:55:17.256+0000] {processor.py:840} INFO - DAG(s) 'train_model_sample' retrieved from /opt/airflow/dags/model_sample_dags.py
[2025-12-31T08:55:17.341+0000] {logging_mixin.py:188} INFO - [2025-12-31T08:55:17.340+0000] {dag.py:3089} INFO - Sync 1 DAGs
[2025-12-31T08:55:17.391+0000] {logging_mixin.py:188} INFO - [2025-12-31T08:55:17.390+0000] {dag.py:3947} INFO - Setting next_dagrun for train_model_sample to None, run_after=None
[2025-12-31T08:55:17.470+0000] {processor.py:183} INFO - Processing /opt/airflow/dags/model_sample_dags.py took 0.343 seconds
[2025-12-31T08:55:47.713+0000] {processor.py:161} INFO - Started process (PID=526) to work on /opt/airflow/dags/model_sample_dags.py
[2025-12-31T08:55:47.717+0000] {processor.py:830} INFO - Processing file /opt/airflow/dags/model_sample_dags.py for tasks to queue
[2025-12-31T08:55:47.726+0000] {logging_mixin.py:188} INFO - [2025-12-31T08:55:47.724+0000] {dagbag.py:545} INFO - Filling up the DagBag from /opt/airflow/dags/model_sample_dags.py
[2025-12-31T08:55:47.812+0000] {processor.py:840} INFO - DAG(s) 'train_model_sample' retrieved from /opt/airflow/dags/model_sample_dags.py
[2025-12-31T08:55:47.929+0000] {logging_mixin.py:188} INFO - [2025-12-31T08:55:47.928+0000] {dag.py:3089} INFO - Sync 1 DAGs
[2025-12-31T08:55:47.986+0000] {logging_mixin.py:188} INFO - [2025-12-31T08:55:47.986+0000] {dag.py:3947} INFO - Setting next_dagrun for train_model_sample to None, run_after=None
[2025-12-31T08:55:48.084+0000] {processor.py:183} INFO - Processing /opt/airflow/dags/model_sample_dags.py took 0.398 seconds
[2025-12-31T08:56:18.439+0000] {processor.py:161} INFO - Started process (PID=531) to work on /opt/airflow/dags/model_sample_dags.py
[2025-12-31T08:56:18.444+0000] {processor.py:830} INFO - Processing file /opt/airflow/dags/model_sample_dags.py for tasks to queue
[2025-12-31T08:56:18.453+0000] {logging_mixin.py:188} INFO - [2025-12-31T08:56:18.451+0000] {dagbag.py:545} INFO - Filling up the DagBag from /opt/airflow/dags/model_sample_dags.py
[2025-12-31T08:56:18.575+0000] {processor.py:840} INFO - DAG(s) 'train_model_sample' retrieved from /opt/airflow/dags/model_sample_dags.py
[2025-12-31T08:56:18.717+0000] {logging_mixin.py:188} INFO - [2025-12-31T08:56:18.716+0000] {dag.py:3089} INFO - Sync 1 DAGs
[2025-12-31T08:56:18.797+0000] {logging_mixin.py:188} INFO - [2025-12-31T08:56:18.792+0000] {dag.py:3947} INFO - Setting next_dagrun for train_model_sample to None, run_after=None
[2025-12-31T08:56:18.893+0000] {processor.py:183} INFO - Processing /opt/airflow/dags/model_sample_dags.py took 0.480 seconds
[2025-12-31T08:56:49.389+0000] {processor.py:161} INFO - Started process (PID=536) to work on /opt/airflow/dags/model_sample_dags.py
[2025-12-31T08:56:49.394+0000] {processor.py:830} INFO - Processing file /opt/airflow/dags/model_sample_dags.py for tasks to queue
[2025-12-31T08:56:49.402+0000] {logging_mixin.py:188} INFO - [2025-12-31T08:56:49.400+0000] {dagbag.py:545} INFO - Filling up the DagBag from /opt/airflow/dags/model_sample_dags.py
[2025-12-31T08:56:49.490+0000] {processor.py:840} INFO - DAG(s) 'train_model_sample' retrieved from /opt/airflow/dags/model_sample_dags.py
[2025-12-31T08:56:49.583+0000] {logging_mixin.py:188} INFO - [2025-12-31T08:56:49.582+0000] {dag.py:3089} INFO - Sync 1 DAGs
[2025-12-31T08:56:49.623+0000] {logging_mixin.py:188} INFO - [2025-12-31T08:56:49.622+0000] {dag.py:3947} INFO - Setting next_dagrun for train_model_sample to None, run_after=None
[2025-12-31T08:56:49.696+0000] {processor.py:183} INFO - Processing /opt/airflow/dags/model_sample_dags.py took 0.330 seconds
[2025-12-31T08:57:20.219+0000] {processor.py:161} INFO - Started process (PID=541) to work on /opt/airflow/dags/model_sample_dags.py
[2025-12-31T08:57:20.225+0000] {processor.py:830} INFO - Processing file /opt/airflow/dags/model_sample_dags.py for tasks to queue
[2025-12-31T08:57:20.238+0000] {logging_mixin.py:188} INFO - [2025-12-31T08:57:20.236+0000] {dagbag.py:545} INFO - Filling up the DagBag from /opt/airflow/dags/model_sample_dags.py
[2025-12-31T08:57:20.331+0000] {processor.py:840} INFO - DAG(s) 'train_model_sample' retrieved from /opt/airflow/dags/model_sample_dags.py
[2025-12-31T08:57:20.424+0000] {logging_mixin.py:188} INFO - [2025-12-31T08:57:20.423+0000] {dag.py:3089} INFO - Sync 1 DAGs
[2025-12-31T08:57:20.471+0000] {logging_mixin.py:188} INFO - [2025-12-31T08:57:20.470+0000] {dag.py:3947} INFO - Setting next_dagrun for train_model_sample to None, run_after=None
[2025-12-31T08:57:20.555+0000] {processor.py:183} INFO - Processing /opt/airflow/dags/model_sample_dags.py took 0.365 seconds
[2025-12-31T08:57:50.769+0000] {processor.py:161} INFO - Started process (PID=546) to work on /opt/airflow/dags/model_sample_dags.py
[2025-12-31T08:57:50.777+0000] {processor.py:830} INFO - Processing file /opt/airflow/dags/model_sample_dags.py for tasks to queue
[2025-12-31T08:57:50.788+0000] {logging_mixin.py:188} INFO - [2025-12-31T08:57:50.785+0000] {dagbag.py:545} INFO - Filling up the DagBag from /opt/airflow/dags/model_sample_dags.py
[2025-12-31T08:57:50.910+0000] {processor.py:840} INFO - DAG(s) 'train_model_sample' retrieved from /opt/airflow/dags/model_sample_dags.py
[2025-12-31T08:57:51.125+0000] {logging_mixin.py:188} INFO - [2025-12-31T08:57:51.122+0000] {dag.py:3089} INFO - Sync 1 DAGs
[2025-12-31T08:57:51.193+0000] {logging_mixin.py:188} INFO - [2025-12-31T08:57:51.192+0000] {dag.py:3947} INFO - Setting next_dagrun for train_model_sample to None, run_after=None
[2025-12-31T08:57:51.309+0000] {processor.py:183} INFO - Processing /opt/airflow/dags/model_sample_dags.py took 0.590 seconds
[2025-12-31T08:58:21.463+0000] {processor.py:161} INFO - Started process (PID=551) to work on /opt/airflow/dags/model_sample_dags.py
[2025-12-31T08:58:21.465+0000] {processor.py:830} INFO - Processing file /opt/airflow/dags/model_sample_dags.py for tasks to queue
[2025-12-31T08:58:21.469+0000] {logging_mixin.py:188} INFO - [2025-12-31T08:58:21.468+0000] {dagbag.py:545} INFO - Filling up the DagBag from /opt/airflow/dags/model_sample_dags.py
[2025-12-31T08:58:21.507+0000] {processor.py:840} INFO - DAG(s) 'train_model_sample' retrieved from /opt/airflow/dags/model_sample_dags.py
[2025-12-31T08:58:21.564+0000] {logging_mixin.py:188} INFO - [2025-12-31T08:58:21.564+0000] {dag.py:3089} INFO - Sync 1 DAGs
[2025-12-31T08:58:21.594+0000] {logging_mixin.py:188} INFO - [2025-12-31T08:58:21.593+0000] {dag.py:3947} INFO - Setting next_dagrun for train_model_sample to None, run_after=None
[2025-12-31T08:58:21.639+0000] {processor.py:183} INFO - Processing /opt/airflow/dags/model_sample_dags.py took 0.190 seconds
[2025-12-31T08:58:51.878+0000] {processor.py:161} INFO - Started process (PID=556) to work on /opt/airflow/dags/model_sample_dags.py
[2025-12-31T08:58:51.880+0000] {processor.py:830} INFO - Processing file /opt/airflow/dags/model_sample_dags.py for tasks to queue
[2025-12-31T08:58:51.885+0000] {logging_mixin.py:188} INFO - [2025-12-31T08:58:51.884+0000] {dagbag.py:545} INFO - Filling up the DagBag from /opt/airflow/dags/model_sample_dags.py
[2025-12-31T08:58:51.951+0000] {processor.py:840} INFO - DAG(s) 'train_model_sample' retrieved from /opt/airflow/dags/model_sample_dags.py
[2025-12-31T08:58:52.011+0000] {logging_mixin.py:188} INFO - [2025-12-31T08:58:52.010+0000] {dag.py:3089} INFO - Sync 1 DAGs
[2025-12-31T08:58:52.036+0000] {logging_mixin.py:188} INFO - [2025-12-31T08:58:52.035+0000] {dag.py:3947} INFO - Setting next_dagrun for train_model_sample to None, run_after=None
[2025-12-31T08:58:52.084+0000] {processor.py:183} INFO - Processing /opt/airflow/dags/model_sample_dags.py took 0.222 seconds
[2025-12-31T08:59:22.450+0000] {processor.py:161} INFO - Started process (PID=561) to work on /opt/airflow/dags/model_sample_dags.py
[2025-12-31T08:59:22.452+0000] {processor.py:830} INFO - Processing file /opt/airflow/dags/model_sample_dags.py for tasks to queue
[2025-12-31T08:59:22.456+0000] {logging_mixin.py:188} INFO - [2025-12-31T08:59:22.455+0000] {dagbag.py:545} INFO - Filling up the DagBag from /opt/airflow/dags/model_sample_dags.py
[2025-12-31T08:59:22.515+0000] {processor.py:840} INFO - DAG(s) 'train_model_sample' retrieved from /opt/airflow/dags/model_sample_dags.py
[2025-12-31T08:59:22.581+0000] {logging_mixin.py:188} INFO - [2025-12-31T08:59:22.580+0000] {dag.py:3089} INFO - Sync 1 DAGs
[2025-12-31T08:59:22.617+0000] {logging_mixin.py:188} INFO - [2025-12-31T08:59:22.616+0000] {dag.py:3947} INFO - Setting next_dagrun for train_model_sample to None, run_after=None
[2025-12-31T08:59:22.672+0000] {processor.py:183} INFO - Processing /opt/airflow/dags/model_sample_dags.py took 0.234 seconds
[2025-12-31T08:59:52.887+0000] {processor.py:161} INFO - Started process (PID=566) to work on /opt/airflow/dags/model_sample_dags.py
[2025-12-31T08:59:52.890+0000] {processor.py:830} INFO - Processing file /opt/airflow/dags/model_sample_dags.py for tasks to queue
[2025-12-31T08:59:52.895+0000] {logging_mixin.py:188} INFO - [2025-12-31T08:59:52.895+0000] {dagbag.py:545} INFO - Filling up the DagBag from /opt/airflow/dags/model_sample_dags.py
[2025-12-31T08:59:52.976+0000] {processor.py:840} INFO - DAG(s) 'train_model_sample' retrieved from /opt/airflow/dags/model_sample_dags.py
[2025-12-31T08:59:53.041+0000] {logging_mixin.py:188} INFO - [2025-12-31T08:59:53.040+0000] {dag.py:3089} INFO - Sync 1 DAGs
[2025-12-31T08:59:53.074+0000] {logging_mixin.py:188} INFO - [2025-12-31T08:59:53.073+0000] {dag.py:3947} INFO - Setting next_dagrun for train_model_sample to None, run_after=None
[2025-12-31T08:59:53.142+0000] {processor.py:183} INFO - Processing /opt/airflow/dags/model_sample_dags.py took 0.274 seconds
[2025-12-31T09:00:23.453+0000] {processor.py:161} INFO - Started process (PID=571) to work on /opt/airflow/dags/model_sample_dags.py
[2025-12-31T09:00:23.456+0000] {processor.py:830} INFO - Processing file /opt/airflow/dags/model_sample_dags.py for tasks to queue
[2025-12-31T09:00:23.462+0000] {logging_mixin.py:188} INFO - [2025-12-31T09:00:23.461+0000] {dagbag.py:545} INFO - Filling up the DagBag from /opt/airflow/dags/model_sample_dags.py
[2025-12-31T09:00:23.531+0000] {processor.py:840} INFO - DAG(s) 'train_model_sample' retrieved from /opt/airflow/dags/model_sample_dags.py
[2025-12-31T09:00:23.596+0000] {logging_mixin.py:188} INFO - [2025-12-31T09:00:23.596+0000] {dag.py:3089} INFO - Sync 1 DAGs
[2025-12-31T09:00:23.628+0000] {logging_mixin.py:188} INFO - [2025-12-31T09:00:23.627+0000] {dag.py:3947} INFO - Setting next_dagrun for train_model_sample to None, run_after=None
[2025-12-31T09:00:23.698+0000] {processor.py:183} INFO - Processing /opt/airflow/dags/model_sample_dags.py took 0.260 seconds
[2025-12-31T09:00:53.889+0000] {processor.py:161} INFO - Started process (PID=576) to work on /opt/airflow/dags/model_sample_dags.py
[2025-12-31T09:00:53.892+0000] {processor.py:830} INFO - Processing file /opt/airflow/dags/model_sample_dags.py for tasks to queue
[2025-12-31T09:00:53.896+0000] {logging_mixin.py:188} INFO - [2025-12-31T09:00:53.896+0000] {dagbag.py:545} INFO - Filling up the DagBag from /opt/airflow/dags/model_sample_dags.py
[2025-12-31T09:00:53.960+0000] {processor.py:840} INFO - DAG(s) 'train_model_sample' retrieved from /opt/airflow/dags/model_sample_dags.py
[2025-12-31T09:00:54.023+0000] {logging_mixin.py:188} INFO - [2025-12-31T09:00:54.022+0000] {dag.py:3089} INFO - Sync 1 DAGs
[2025-12-31T09:00:54.054+0000] {logging_mixin.py:188} INFO - [2025-12-31T09:00:54.054+0000] {dag.py:3947} INFO - Setting next_dagrun for train_model_sample to None, run_after=None
[2025-12-31T09:00:54.124+0000] {processor.py:183} INFO - Processing /opt/airflow/dags/model_sample_dags.py took 0.246 seconds
[2025-12-31T09:01:24.462+0000] {processor.py:161} INFO - Started process (PID=581) to work on /opt/airflow/dags/model_sample_dags.py
[2025-12-31T09:01:24.465+0000] {processor.py:830} INFO - Processing file /opt/airflow/dags/model_sample_dags.py for tasks to queue
[2025-12-31T09:01:24.470+0000] {logging_mixin.py:188} INFO - [2025-12-31T09:01:24.469+0000] {dagbag.py:545} INFO - Filling up the DagBag from /opt/airflow/dags/model_sample_dags.py
[2025-12-31T09:01:24.537+0000] {processor.py:840} INFO - DAG(s) 'train_model_sample' retrieved from /opt/airflow/dags/model_sample_dags.py
[2025-12-31T09:01:24.610+0000] {logging_mixin.py:188} INFO - [2025-12-31T09:01:24.610+0000] {dag.py:3089} INFO - Sync 1 DAGs
[2025-12-31T09:01:24.638+0000] {logging_mixin.py:188} INFO - [2025-12-31T09:01:24.638+0000] {dag.py:3947} INFO - Setting next_dagrun for train_model_sample to None, run_after=None
[2025-12-31T09:01:24.680+0000] {processor.py:183} INFO - Processing /opt/airflow/dags/model_sample_dags.py took 0.233 seconds
[2025-12-31T09:01:54.884+0000] {processor.py:161} INFO - Started process (PID=586) to work on /opt/airflow/dags/model_sample_dags.py
[2025-12-31T09:01:54.887+0000] {processor.py:830} INFO - Processing file /opt/airflow/dags/model_sample_dags.py for tasks to queue
[2025-12-31T09:01:54.892+0000] {logging_mixin.py:188} INFO - [2025-12-31T09:01:54.891+0000] {dagbag.py:545} INFO - Filling up the DagBag from /opt/airflow/dags/model_sample_dags.py
[2025-12-31T09:01:54.950+0000] {processor.py:840} INFO - DAG(s) 'train_model_sample' retrieved from /opt/airflow/dags/model_sample_dags.py
[2025-12-31T09:01:55.003+0000] {logging_mixin.py:188} INFO - [2025-12-31T09:01:55.003+0000] {dag.py:3089} INFO - Sync 1 DAGs
[2025-12-31T09:01:55.038+0000] {logging_mixin.py:188} INFO - [2025-12-31T09:01:55.037+0000] {dag.py:3947} INFO - Setting next_dagrun for train_model_sample to None, run_after=None
[2025-12-31T09:01:55.093+0000] {processor.py:183} INFO - Processing /opt/airflow/dags/model_sample_dags.py took 0.221 seconds
[2025-12-31T09:02:25.518+0000] {processor.py:161} INFO - Started process (PID=591) to work on /opt/airflow/dags/model_sample_dags.py
[2025-12-31T09:02:25.520+0000] {processor.py:830} INFO - Processing file /opt/airflow/dags/model_sample_dags.py for tasks to queue
[2025-12-31T09:02:25.525+0000] {logging_mixin.py:188} INFO - [2025-12-31T09:02:25.525+0000] {dagbag.py:545} INFO - Filling up the DagBag from /opt/airflow/dags/model_sample_dags.py
[2025-12-31T09:02:25.656+0000] {processor.py:840} INFO - DAG(s) 'train_model_sample' retrieved from /opt/airflow/dags/model_sample_dags.py
[2025-12-31T09:02:25.732+0000] {logging_mixin.py:188} INFO - [2025-12-31T09:02:25.731+0000] {dag.py:3089} INFO - Sync 1 DAGs
[2025-12-31T09:02:25.758+0000] {logging_mixin.py:188} INFO - [2025-12-31T09:02:25.758+0000] {dag.py:3947} INFO - Setting next_dagrun for train_model_sample to None, run_after=None
[2025-12-31T09:02:25.812+0000] {processor.py:183} INFO - Processing /opt/airflow/dags/model_sample_dags.py took 0.306 seconds
[2025-12-31T09:02:56.104+0000] {processor.py:161} INFO - Started process (PID=596) to work on /opt/airflow/dags/model_sample_dags.py
[2025-12-31T09:02:56.107+0000] {processor.py:830} INFO - Processing file /opt/airflow/dags/model_sample_dags.py for tasks to queue
[2025-12-31T09:02:56.113+0000] {logging_mixin.py:188} INFO - [2025-12-31T09:02:56.112+0000] {dagbag.py:545} INFO - Filling up the DagBag from /opt/airflow/dags/model_sample_dags.py
[2025-12-31T09:02:56.194+0000] {processor.py:840} INFO - DAG(s) 'train_model_sample' retrieved from /opt/airflow/dags/model_sample_dags.py
[2025-12-31T09:02:56.251+0000] {logging_mixin.py:188} INFO - [2025-12-31T09:02:56.250+0000] {dag.py:3089} INFO - Sync 1 DAGs
[2025-12-31T09:02:56.282+0000] {logging_mixin.py:188} INFO - [2025-12-31T09:02:56.282+0000] {dag.py:3947} INFO - Setting next_dagrun for train_model_sample to None, run_after=None
[2025-12-31T09:02:56.328+0000] {processor.py:183} INFO - Processing /opt/airflow/dags/model_sample_dags.py took 0.246 seconds
[2025-12-31T09:03:26.593+0000] {processor.py:161} INFO - Started process (PID=601) to work on /opt/airflow/dags/model_sample_dags.py
[2025-12-31T09:03:26.596+0000] {processor.py:830} INFO - Processing file /opt/airflow/dags/model_sample_dags.py for tasks to queue
[2025-12-31T09:03:26.601+0000] {logging_mixin.py:188} INFO - [2025-12-31T09:03:26.601+0000] {dagbag.py:545} INFO - Filling up the DagBag from /opt/airflow/dags/model_sample_dags.py
[2025-12-31T09:03:26.673+0000] {processor.py:840} INFO - DAG(s) 'train_model_sample' retrieved from /opt/airflow/dags/model_sample_dags.py
[2025-12-31T09:03:26.737+0000] {logging_mixin.py:188} INFO - [2025-12-31T09:03:26.737+0000] {dag.py:3089} INFO - Sync 1 DAGs
[2025-12-31T09:03:26.768+0000] {logging_mixin.py:188} INFO - [2025-12-31T09:03:26.767+0000] {dag.py:3947} INFO - Setting next_dagrun for train_model_sample to None, run_after=None
[2025-12-31T09:03:26.831+0000] {processor.py:183} INFO - Processing /opt/airflow/dags/model_sample_dags.py took 0.255 seconds
[2025-12-31T09:03:57.141+0000] {processor.py:161} INFO - Started process (PID=606) to work on /opt/airflow/dags/model_sample_dags.py
[2025-12-31T09:03:57.145+0000] {processor.py:830} INFO - Processing file /opt/airflow/dags/model_sample_dags.py for tasks to queue
[2025-12-31T09:03:57.152+0000] {logging_mixin.py:188} INFO - [2025-12-31T09:03:57.150+0000] {dagbag.py:545} INFO - Filling up the DagBag from /opt/airflow/dags/model_sample_dags.py
[2025-12-31T09:03:57.237+0000] {processor.py:840} INFO - DAG(s) 'train_model_sample' retrieved from /opt/airflow/dags/model_sample_dags.py
[2025-12-31T09:03:57.331+0000] {logging_mixin.py:188} INFO - [2025-12-31T09:03:57.330+0000] {dag.py:3089} INFO - Sync 1 DAGs
[2025-12-31T09:03:57.371+0000] {logging_mixin.py:188} INFO - [2025-12-31T09:03:57.370+0000] {dag.py:3947} INFO - Setting next_dagrun for train_model_sample to None, run_after=None
[2025-12-31T09:03:57.440+0000] {processor.py:183} INFO - Processing /opt/airflow/dags/model_sample_dags.py took 0.316 seconds
[2025-12-31T09:04:27.672+0000] {processor.py:161} INFO - Started process (PID=611) to work on /opt/airflow/dags/model_sample_dags.py
[2025-12-31T09:04:27.676+0000] {processor.py:830} INFO - Processing file /opt/airflow/dags/model_sample_dags.py for tasks to queue
[2025-12-31T09:04:27.681+0000] {logging_mixin.py:188} INFO - [2025-12-31T09:04:27.680+0000] {dagbag.py:545} INFO - Filling up the DagBag from /opt/airflow/dags/model_sample_dags.py
[2025-12-31T09:04:27.766+0000] {processor.py:840} INFO - DAG(s) 'train_model_sample' retrieved from /opt/airflow/dags/model_sample_dags.py
[2025-12-31T09:04:27.844+0000] {logging_mixin.py:188} INFO - [2025-12-31T09:04:27.843+0000] {dag.py:3089} INFO - Sync 1 DAGs
[2025-12-31T09:04:27.873+0000] {logging_mixin.py:188} INFO - [2025-12-31T09:04:27.872+0000] {dag.py:3947} INFO - Setting next_dagrun for train_model_sample to None, run_after=None
[2025-12-31T09:04:27.926+0000] {processor.py:183} INFO - Processing /opt/airflow/dags/model_sample_dags.py took 0.273 seconds
[2025-12-31T09:04:58.223+0000] {processor.py:161} INFO - Started process (PID=616) to work on /opt/airflow/dags/model_sample_dags.py
[2025-12-31T09:04:58.225+0000] {processor.py:830} INFO - Processing file /opt/airflow/dags/model_sample_dags.py for tasks to queue
[2025-12-31T09:04:58.229+0000] {logging_mixin.py:188} INFO - [2025-12-31T09:04:58.228+0000] {dagbag.py:545} INFO - Filling up the DagBag from /opt/airflow/dags/model_sample_dags.py
[2025-12-31T09:04:58.270+0000] {processor.py:840} INFO - DAG(s) 'train_model_sample' retrieved from /opt/airflow/dags/model_sample_dags.py
[2025-12-31T09:04:58.330+0000] {logging_mixin.py:188} INFO - [2025-12-31T09:04:58.329+0000] {dag.py:3089} INFO - Sync 1 DAGs
[2025-12-31T09:04:58.356+0000] {logging_mixin.py:188} INFO - [2025-12-31T09:04:58.356+0000] {dag.py:3947} INFO - Setting next_dagrun for train_model_sample to None, run_after=None
[2025-12-31T09:04:58.407+0000] {processor.py:183} INFO - Processing /opt/airflow/dags/model_sample_dags.py took 0.195 seconds
[2025-12-31T09:05:28.733+0000] {processor.py:161} INFO - Started process (PID=621) to work on /opt/airflow/dags/model_sample_dags.py
[2025-12-31T09:05:28.737+0000] {processor.py:830} INFO - Processing file /opt/airflow/dags/model_sample_dags.py for tasks to queue
[2025-12-31T09:05:28.744+0000] {logging_mixin.py:188} INFO - [2025-12-31T09:05:28.743+0000] {dagbag.py:545} INFO - Filling up the DagBag from /opt/airflow/dags/model_sample_dags.py
[2025-12-31T09:05:28.842+0000] {processor.py:840} INFO - DAG(s) 'train_model_sample' retrieved from /opt/airflow/dags/model_sample_dags.py
[2025-12-31T09:05:28.932+0000] {logging_mixin.py:188} INFO - [2025-12-31T09:05:28.930+0000] {dag.py:3089} INFO - Sync 1 DAGs
[2025-12-31T09:05:28.988+0000] {logging_mixin.py:188} INFO - [2025-12-31T09:05:28.987+0000] {dag.py:3947} INFO - Setting next_dagrun for train_model_sample to None, run_after=None
[2025-12-31T09:05:29.083+0000] {processor.py:183} INFO - Processing /opt/airflow/dags/model_sample_dags.py took 0.370 seconds
[2025-12-31T09:05:59.311+0000] {processor.py:161} INFO - Started process (PID=626) to work on /opt/airflow/dags/model_sample_dags.py
[2025-12-31T09:05:59.314+0000] {processor.py:830} INFO - Processing file /opt/airflow/dags/model_sample_dags.py for tasks to queue
[2025-12-31T09:05:59.317+0000] {logging_mixin.py:188} INFO - [2025-12-31T09:05:59.317+0000] {dagbag.py:545} INFO - Filling up the DagBag from /opt/airflow/dags/model_sample_dags.py
[2025-12-31T09:05:59.370+0000] {processor.py:840} INFO - DAG(s) 'train_model_sample' retrieved from /opt/airflow/dags/model_sample_dags.py
[2025-12-31T09:05:59.422+0000] {logging_mixin.py:188} INFO - [2025-12-31T09:05:59.421+0000] {dag.py:3089} INFO - Sync 1 DAGs
[2025-12-31T09:05:59.447+0000] {logging_mixin.py:188} INFO - [2025-12-31T09:05:59.447+0000] {dag.py:3947} INFO - Setting next_dagrun for train_model_sample to None, run_after=None
[2025-12-31T09:05:59.502+0000] {processor.py:183} INFO - Processing /opt/airflow/dags/model_sample_dags.py took 0.204 seconds
[2025-12-31T09:06:29.954+0000] {processor.py:161} INFO - Started process (PID=631) to work on /opt/airflow/dags/model_sample_dags.py
[2025-12-31T09:06:29.957+0000] {processor.py:830} INFO - Processing file /opt/airflow/dags/model_sample_dags.py for tasks to queue
[2025-12-31T09:06:29.963+0000] {logging_mixin.py:188} INFO - [2025-12-31T09:06:29.962+0000] {dagbag.py:545} INFO - Filling up the DagBag from /opt/airflow/dags/model_sample_dags.py
[2025-12-31T09:06:30.055+0000] {processor.py:840} INFO - DAG(s) 'train_model_sample' retrieved from /opt/airflow/dags/model_sample_dags.py
[2025-12-31T09:06:30.122+0000] {logging_mixin.py:188} INFO - [2025-12-31T09:06:30.121+0000] {dag.py:3089} INFO - Sync 1 DAGs
[2025-12-31T09:06:30.149+0000] {logging_mixin.py:188} INFO - [2025-12-31T09:06:30.148+0000] {dag.py:3947} INFO - Setting next_dagrun for train_model_sample to None, run_after=None
[2025-12-31T09:06:30.197+0000] {processor.py:183} INFO - Processing /opt/airflow/dags/model_sample_dags.py took 0.260 seconds
[2025-12-31T09:07:00.306+0000] {processor.py:161} INFO - Started process (PID=636) to work on /opt/airflow/dags/model_sample_dags.py
[2025-12-31T09:07:00.309+0000] {processor.py:830} INFO - Processing file /opt/airflow/dags/model_sample_dags.py for tasks to queue
[2025-12-31T09:07:00.314+0000] {logging_mixin.py:188} INFO - [2025-12-31T09:07:00.313+0000] {dagbag.py:545} INFO - Filling up the DagBag from /opt/airflow/dags/model_sample_dags.py
[2025-12-31T09:07:00.372+0000] {processor.py:840} INFO - DAG(s) 'train_model_sample' retrieved from /opt/airflow/dags/model_sample_dags.py
[2025-12-31T09:07:00.423+0000] {logging_mixin.py:188} INFO - [2025-12-31T09:07:00.422+0000] {dag.py:3089} INFO - Sync 1 DAGs
[2025-12-31T09:07:00.454+0000] {logging_mixin.py:188} INFO - [2025-12-31T09:07:00.453+0000] {dag.py:3947} INFO - Setting next_dagrun for train_model_sample to None, run_after=None
[2025-12-31T09:07:00.503+0000] {processor.py:183} INFO - Processing /opt/airflow/dags/model_sample_dags.py took 0.212 seconds
[2025-12-31T09:07:30.649+0000] {processor.py:161} INFO - Started process (PID=641) to work on /opt/airflow/dags/model_sample_dags.py
[2025-12-31T09:07:30.653+0000] {processor.py:830} INFO - Processing file /opt/airflow/dags/model_sample_dags.py for tasks to queue
[2025-12-31T09:07:30.658+0000] {logging_mixin.py:188} INFO - [2025-12-31T09:07:30.657+0000] {dagbag.py:545} INFO - Filling up the DagBag from /opt/airflow/dags/model_sample_dags.py
[2025-12-31T09:07:30.719+0000] {processor.py:840} INFO - DAG(s) 'train_model_sample' retrieved from /opt/airflow/dags/model_sample_dags.py
[2025-12-31T09:07:30.798+0000] {logging_mixin.py:188} INFO - [2025-12-31T09:07:30.797+0000] {dag.py:3089} INFO - Sync 1 DAGs
[2025-12-31T09:07:30.834+0000] {logging_mixin.py:188} INFO - [2025-12-31T09:07:30.833+0000] {dag.py:3947} INFO - Setting next_dagrun for train_model_sample to None, run_after=None
[2025-12-31T09:07:30.890+0000] {processor.py:183} INFO - Processing /opt/airflow/dags/model_sample_dags.py took 0.258 seconds
[2025-12-31T09:08:01.368+0000] {processor.py:161} INFO - Started process (PID=646) to work on /opt/airflow/dags/model_sample_dags.py
[2025-12-31T09:08:01.371+0000] {processor.py:830} INFO - Processing file /opt/airflow/dags/model_sample_dags.py for tasks to queue
[2025-12-31T09:08:01.376+0000] {logging_mixin.py:188} INFO - [2025-12-31T09:08:01.376+0000] {dagbag.py:545} INFO - Filling up the DagBag from /opt/airflow/dags/model_sample_dags.py
[2025-12-31T09:08:01.482+0000] {processor.py:840} INFO - DAG(s) 'train_model_sample' retrieved from /opt/airflow/dags/model_sample_dags.py
[2025-12-31T09:08:01.550+0000] {logging_mixin.py:188} INFO - [2025-12-31T09:08:01.550+0000] {dag.py:3089} INFO - Sync 1 DAGs
[2025-12-31T09:08:01.583+0000] {logging_mixin.py:188} INFO - [2025-12-31T09:08:01.583+0000] {dag.py:3947} INFO - Setting next_dagrun for train_model_sample to None, run_after=None
[2025-12-31T09:08:01.643+0000] {processor.py:183} INFO - Processing /opt/airflow/dags/model_sample_dags.py took 0.290 seconds
[2025-12-31T09:08:32.078+0000] {processor.py:161} INFO - Started process (PID=651) to work on /opt/airflow/dags/model_sample_dags.py
[2025-12-31T09:08:32.081+0000] {processor.py:830} INFO - Processing file /opt/airflow/dags/model_sample_dags.py for tasks to queue
[2025-12-31T09:08:32.086+0000] {logging_mixin.py:188} INFO - [2025-12-31T09:08:32.085+0000] {dagbag.py:545} INFO - Filling up the DagBag from /opt/airflow/dags/model_sample_dags.py
[2025-12-31T09:08:32.165+0000] {processor.py:840} INFO - DAG(s) 'train_model_sample' retrieved from /opt/airflow/dags/model_sample_dags.py
[2025-12-31T09:08:32.238+0000] {logging_mixin.py:188} INFO - [2025-12-31T09:08:32.238+0000] {dag.py:3089} INFO - Sync 1 DAGs
[2025-12-31T09:08:32.265+0000] {logging_mixin.py:188} INFO - [2025-12-31T09:08:32.264+0000] {dag.py:3947} INFO - Setting next_dagrun for train_model_sample to None, run_after=None
[2025-12-31T09:08:32.312+0000] {processor.py:183} INFO - Processing /opt/airflow/dags/model_sample_dags.py took 0.251 seconds
[2025-12-31T09:09:02.437+0000] {processor.py:161} INFO - Started process (PID=656) to work on /opt/airflow/dags/model_sample_dags.py
[2025-12-31T09:09:02.440+0000] {processor.py:830} INFO - Processing file /opt/airflow/dags/model_sample_dags.py for tasks to queue
[2025-12-31T09:09:02.443+0000] {logging_mixin.py:188} INFO - [2025-12-31T09:09:02.443+0000] {dagbag.py:545} INFO - Filling up the DagBag from /opt/airflow/dags/model_sample_dags.py
[2025-12-31T09:09:02.488+0000] {processor.py:840} INFO - DAG(s) 'train_model_sample' retrieved from /opt/airflow/dags/model_sample_dags.py
[2025-12-31T09:09:02.546+0000] {logging_mixin.py:188} INFO - [2025-12-31T09:09:02.545+0000] {dag.py:3089} INFO - Sync 1 DAGs
[2025-12-31T09:09:02.569+0000] {logging_mixin.py:188} INFO - [2025-12-31T09:09:02.569+0000] {dag.py:3947} INFO - Setting next_dagrun for train_model_sample to None, run_after=None
[2025-12-31T09:09:02.614+0000] {processor.py:183} INFO - Processing /opt/airflow/dags/model_sample_dags.py took 0.190 seconds
[2025-12-31T09:09:32.786+0000] {processor.py:161} INFO - Started process (PID=661) to work on /opt/airflow/dags/model_sample_dags.py
[2025-12-31T09:09:32.788+0000] {processor.py:830} INFO - Processing file /opt/airflow/dags/model_sample_dags.py for tasks to queue
[2025-12-31T09:09:32.792+0000] {logging_mixin.py:188} INFO - [2025-12-31T09:09:32.791+0000] {dagbag.py:545} INFO - Filling up the DagBag from /opt/airflow/dags/model_sample_dags.py
[2025-12-31T09:09:32.855+0000] {processor.py:840} INFO - DAG(s) 'train_model_sample' retrieved from /opt/airflow/dags/model_sample_dags.py
[2025-12-31T09:09:32.931+0000] {logging_mixin.py:188} INFO - [2025-12-31T09:09:32.930+0000] {dag.py:3089} INFO - Sync 1 DAGs
[2025-12-31T09:09:32.961+0000] {logging_mixin.py:188} INFO - [2025-12-31T09:09:32.961+0000] {dag.py:3947} INFO - Setting next_dagrun for train_model_sample to None, run_after=None
[2025-12-31T09:09:33.026+0000] {processor.py:183} INFO - Processing /opt/airflow/dags/model_sample_dags.py took 0.252 seconds
[2025-12-31T09:10:03.366+0000] {processor.py:161} INFO - Started process (PID=666) to work on /opt/airflow/dags/model_sample_dags.py
[2025-12-31T09:10:03.369+0000] {processor.py:830} INFO - Processing file /opt/airflow/dags/model_sample_dags.py for tasks to queue
[2025-12-31T09:10:03.372+0000] {logging_mixin.py:188} INFO - [2025-12-31T09:10:03.372+0000] {dagbag.py:545} INFO - Filling up the DagBag from /opt/airflow/dags/model_sample_dags.py
[2025-12-31T09:10:03.433+0000] {processor.py:840} INFO - DAG(s) 'train_model_sample' retrieved from /opt/airflow/dags/model_sample_dags.py
[2025-12-31T09:10:03.492+0000] {logging_mixin.py:188} INFO - [2025-12-31T09:10:03.491+0000] {dag.py:3089} INFO - Sync 1 DAGs
[2025-12-31T09:10:03.516+0000] {logging_mixin.py:188} INFO - [2025-12-31T09:10:03.515+0000] {dag.py:3947} INFO - Setting next_dagrun for train_model_sample to None, run_after=None
[2025-12-31T09:10:03.564+0000] {processor.py:183} INFO - Processing /opt/airflow/dags/model_sample_dags.py took 0.209 seconds
[2025-12-31T09:10:33.799+0000] {processor.py:161} INFO - Started process (PID=671) to work on /opt/airflow/dags/model_sample_dags.py
[2025-12-31T09:10:33.802+0000] {processor.py:830} INFO - Processing file /opt/airflow/dags/model_sample_dags.py for tasks to queue
[2025-12-31T09:10:33.807+0000] {logging_mixin.py:188} INFO - [2025-12-31T09:10:33.806+0000] {dagbag.py:545} INFO - Filling up the DagBag from /opt/airflow/dags/model_sample_dags.py
[2025-12-31T09:10:33.889+0000] {processor.py:840} INFO - DAG(s) 'train_model_sample' retrieved from /opt/airflow/dags/model_sample_dags.py
[2025-12-31T09:10:33.951+0000] {logging_mixin.py:188} INFO - [2025-12-31T09:10:33.951+0000] {dag.py:3089} INFO - Sync 1 DAGs
[2025-12-31T09:10:33.978+0000] {logging_mixin.py:188} INFO - [2025-12-31T09:10:33.977+0000] {dag.py:3947} INFO - Setting next_dagrun for train_model_sample to None, run_after=None
[2025-12-31T09:10:34.023+0000] {processor.py:183} INFO - Processing /opt/airflow/dags/model_sample_dags.py took 0.237 seconds
[2025-12-31T09:11:04.344+0000] {processor.py:161} INFO - Started process (PID=676) to work on /opt/airflow/dags/model_sample_dags.py
[2025-12-31T09:11:04.347+0000] {processor.py:830} INFO - Processing file /opt/airflow/dags/model_sample_dags.py for tasks to queue
[2025-12-31T09:11:04.353+0000] {logging_mixin.py:188} INFO - [2025-12-31T09:11:04.352+0000] {dagbag.py:545} INFO - Filling up the DagBag from /opt/airflow/dags/model_sample_dags.py
[2025-12-31T09:11:04.423+0000] {processor.py:840} INFO - DAG(s) 'train_model_sample' retrieved from /opt/airflow/dags/model_sample_dags.py
[2025-12-31T09:11:04.540+0000] {logging_mixin.py:188} INFO - [2025-12-31T09:11:04.538+0000] {dag.py:3089} INFO - Sync 1 DAGs
[2025-12-31T09:11:04.585+0000] {logging_mixin.py:188} INFO - [2025-12-31T09:11:04.584+0000] {dag.py:3947} INFO - Setting next_dagrun for train_model_sample to None, run_after=None
[2025-12-31T09:11:04.651+0000] {processor.py:183} INFO - Processing /opt/airflow/dags/model_sample_dags.py took 0.324 seconds
[2025-12-31T09:11:34.915+0000] {processor.py:161} INFO - Started process (PID=681) to work on /opt/airflow/dags/model_sample_dags.py
[2025-12-31T09:11:34.921+0000] {processor.py:830} INFO - Processing file /opt/airflow/dags/model_sample_dags.py for tasks to queue
[2025-12-31T09:11:34.930+0000] {logging_mixin.py:188} INFO - [2025-12-31T09:11:34.929+0000] {dagbag.py:545} INFO - Filling up the DagBag from /opt/airflow/dags/model_sample_dags.py
[2025-12-31T09:11:35.000+0000] {processor.py:840} INFO - DAG(s) 'train_model_sample' retrieved from /opt/airflow/dags/model_sample_dags.py
[2025-12-31T09:11:35.094+0000] {logging_mixin.py:188} INFO - [2025-12-31T09:11:35.093+0000] {dag.py:3089} INFO - Sync 1 DAGs
[2025-12-31T09:11:35.143+0000] {logging_mixin.py:188} INFO - [2025-12-31T09:11:35.142+0000] {dag.py:3947} INFO - Setting next_dagrun for train_model_sample to None, run_after=None
[2025-12-31T09:11:35.214+0000] {processor.py:183} INFO - Processing /opt/airflow/dags/model_sample_dags.py took 0.332 seconds
[2025-12-31T09:12:05.496+0000] {processor.py:161} INFO - Started process (PID=686) to work on /opt/airflow/dags/model_sample_dags.py
[2025-12-31T09:12:05.499+0000] {processor.py:830} INFO - Processing file /opt/airflow/dags/model_sample_dags.py for tasks to queue
[2025-12-31T09:12:05.505+0000] {logging_mixin.py:188} INFO - [2025-12-31T09:12:05.504+0000] {dagbag.py:545} INFO - Filling up the DagBag from /opt/airflow/dags/model_sample_dags.py
[2025-12-31T09:12:05.573+0000] {processor.py:840} INFO - DAG(s) 'train_model_sample' retrieved from /opt/airflow/dags/model_sample_dags.py
[2025-12-31T09:12:05.631+0000] {logging_mixin.py:188} INFO - [2025-12-31T09:12:05.630+0000] {dag.py:3089} INFO - Sync 1 DAGs
[2025-12-31T09:12:05.654+0000] {logging_mixin.py:188} INFO - [2025-12-31T09:12:05.654+0000] {dag.py:3947} INFO - Setting next_dagrun for train_model_sample to None, run_after=None
[2025-12-31T09:12:05.701+0000] {processor.py:183} INFO - Processing /opt/airflow/dags/model_sample_dags.py took 0.219 seconds
[2025-12-31T09:12:36.002+0000] {processor.py:161} INFO - Started process (PID=691) to work on /opt/airflow/dags/model_sample_dags.py
[2025-12-31T09:12:36.004+0000] {processor.py:830} INFO - Processing file /opt/airflow/dags/model_sample_dags.py for tasks to queue
[2025-12-31T09:12:36.010+0000] {logging_mixin.py:188} INFO - [2025-12-31T09:12:36.009+0000] {dagbag.py:545} INFO - Filling up the DagBag from /opt/airflow/dags/model_sample_dags.py
[2025-12-31T09:12:36.109+0000] {processor.py:840} INFO - DAG(s) 'train_model_sample' retrieved from /opt/airflow/dags/model_sample_dags.py
[2025-12-31T09:12:36.193+0000] {logging_mixin.py:188} INFO - [2025-12-31T09:12:36.193+0000] {dag.py:3089} INFO - Sync 1 DAGs
[2025-12-31T09:12:36.222+0000] {logging_mixin.py:188} INFO - [2025-12-31T09:12:36.222+0000] {dag.py:3947} INFO - Setting next_dagrun for train_model_sample to None, run_after=None
[2025-12-31T09:12:36.272+0000] {processor.py:183} INFO - Processing /opt/airflow/dags/model_sample_dags.py took 0.288 seconds
[2025-12-31T09:13:06.624+0000] {processor.py:161} INFO - Started process (PID=696) to work on /opt/airflow/dags/model_sample_dags.py
[2025-12-31T09:13:06.626+0000] {processor.py:830} INFO - Processing file /opt/airflow/dags/model_sample_dags.py for tasks to queue
[2025-12-31T09:13:06.630+0000] {logging_mixin.py:188} INFO - [2025-12-31T09:13:06.629+0000] {dagbag.py:545} INFO - Filling up the DagBag from /opt/airflow/dags/model_sample_dags.py
[2025-12-31T09:13:06.673+0000] {processor.py:840} INFO - DAG(s) 'train_model_sample' retrieved from /opt/airflow/dags/model_sample_dags.py
[2025-12-31T09:13:06.735+0000] {logging_mixin.py:188} INFO - [2025-12-31T09:13:06.734+0000] {dag.py:3089} INFO - Sync 1 DAGs
[2025-12-31T09:13:06.764+0000] {logging_mixin.py:188} INFO - [2025-12-31T09:13:06.763+0000] {dag.py:3947} INFO - Setting next_dagrun for train_model_sample to None, run_after=None
[2025-12-31T09:13:06.802+0000] {processor.py:183} INFO - Processing /opt/airflow/dags/model_sample_dags.py took 0.191 seconds
[2025-12-31T09:13:37.038+0000] {processor.py:161} INFO - Started process (PID=701) to work on /opt/airflow/dags/model_sample_dags.py
[2025-12-31T09:13:37.041+0000] {processor.py:830} INFO - Processing file /opt/airflow/dags/model_sample_dags.py for tasks to queue
[2025-12-31T09:13:37.044+0000] {logging_mixin.py:188} INFO - [2025-12-31T09:13:37.044+0000] {dagbag.py:545} INFO - Filling up the DagBag from /opt/airflow/dags/model_sample_dags.py
[2025-12-31T09:13:37.098+0000] {processor.py:840} INFO - DAG(s) 'train_model_sample' retrieved from /opt/airflow/dags/model_sample_dags.py
[2025-12-31T09:13:37.158+0000] {logging_mixin.py:188} INFO - [2025-12-31T09:13:37.158+0000] {dag.py:3089} INFO - Sync 1 DAGs
[2025-12-31T09:13:37.187+0000] {logging_mixin.py:188} INFO - [2025-12-31T09:13:37.186+0000] {dag.py:3947} INFO - Setting next_dagrun for train_model_sample to None, run_after=None
[2025-12-31T09:13:37.225+0000] {processor.py:183} INFO - Processing /opt/airflow/dags/model_sample_dags.py took 0.198 seconds
[2025-12-31T09:14:07.542+0000] {processor.py:161} INFO - Started process (PID=706) to work on /opt/airflow/dags/model_sample_dags.py
[2025-12-31T09:14:07.545+0000] {processor.py:830} INFO - Processing file /opt/airflow/dags/model_sample_dags.py for tasks to queue
[2025-12-31T09:14:07.549+0000] {logging_mixin.py:188} INFO - [2025-12-31T09:14:07.548+0000] {dagbag.py:545} INFO - Filling up the DagBag from /opt/airflow/dags/model_sample_dags.py
[2025-12-31T09:14:07.598+0000] {processor.py:840} INFO - DAG(s) 'train_model_sample' retrieved from /opt/airflow/dags/model_sample_dags.py
[2025-12-31T09:14:07.663+0000] {logging_mixin.py:188} INFO - [2025-12-31T09:14:07.662+0000] {dag.py:3089} INFO - Sync 1 DAGs
[2025-12-31T09:14:07.686+0000] {logging_mixin.py:188} INFO - [2025-12-31T09:14:07.686+0000] {dag.py:3947} INFO - Setting next_dagrun for train_model_sample to None, run_after=None
[2025-12-31T09:14:07.728+0000] {processor.py:183} INFO - Processing /opt/airflow/dags/model_sample_dags.py took 0.197 seconds
[2025-12-31T09:14:37.984+0000] {processor.py:161} INFO - Started process (PID=711) to work on /opt/airflow/dags/model_sample_dags.py
[2025-12-31T09:14:37.987+0000] {processor.py:830} INFO - Processing file /opt/airflow/dags/model_sample_dags.py for tasks to queue
[2025-12-31T09:14:37.991+0000] {logging_mixin.py:188} INFO - [2025-12-31T09:14:37.990+0000] {dagbag.py:545} INFO - Filling up the DagBag from /opt/airflow/dags/model_sample_dags.py
[2025-12-31T09:14:38.051+0000] {processor.py:840} INFO - DAG(s) 'train_model_sample' retrieved from /opt/airflow/dags/model_sample_dags.py
[2025-12-31T09:14:38.111+0000] {logging_mixin.py:188} INFO - [2025-12-31T09:14:38.111+0000] {dag.py:3089} INFO - Sync 1 DAGs
[2025-12-31T09:14:38.137+0000] {logging_mixin.py:188} INFO - [2025-12-31T09:14:38.137+0000] {dag.py:3947} INFO - Setting next_dagrun for train_model_sample to None, run_after=None
[2025-12-31T09:14:38.181+0000] {processor.py:183} INFO - Processing /opt/airflow/dags/model_sample_dags.py took 0.209 seconds
[2025-12-31T09:15:08.440+0000] {processor.py:161} INFO - Started process (PID=716) to work on /opt/airflow/dags/model_sample_dags.py
[2025-12-31T09:15:08.443+0000] {processor.py:830} INFO - Processing file /opt/airflow/dags/model_sample_dags.py for tasks to queue
[2025-12-31T09:15:08.447+0000] {logging_mixin.py:188} INFO - [2025-12-31T09:15:08.446+0000] {dagbag.py:545} INFO - Filling up the DagBag from /opt/airflow/dags/model_sample_dags.py
[2025-12-31T09:15:08.493+0000] {processor.py:840} INFO - DAG(s) 'train_model_sample' retrieved from /opt/airflow/dags/model_sample_dags.py
[2025-12-31T09:15:08.552+0000] {logging_mixin.py:188} INFO - [2025-12-31T09:15:08.551+0000] {dag.py:3089} INFO - Sync 1 DAGs
[2025-12-31T09:15:08.575+0000] {logging_mixin.py:188} INFO - [2025-12-31T09:15:08.574+0000] {dag.py:3947} INFO - Setting next_dagrun for train_model_sample to None, run_after=None
[2025-12-31T09:15:08.618+0000] {processor.py:183} INFO - Processing /opt/airflow/dags/model_sample_dags.py took 0.191 seconds
[2025-12-31T09:15:38.947+0000] {processor.py:161} INFO - Started process (PID=721) to work on /opt/airflow/dags/model_sample_dags.py
[2025-12-31T09:15:38.950+0000] {processor.py:830} INFO - Processing file /opt/airflow/dags/model_sample_dags.py for tasks to queue
[2025-12-31T09:15:38.959+0000] {logging_mixin.py:188} INFO - [2025-12-31T09:15:38.958+0000] {dagbag.py:545} INFO - Filling up the DagBag from /opt/airflow/dags/model_sample_dags.py
[2025-12-31T09:15:39.029+0000] {processor.py:840} INFO - DAG(s) 'train_model_sample' retrieved from /opt/airflow/dags/model_sample_dags.py
[2025-12-31T09:15:39.091+0000] {logging_mixin.py:188} INFO - [2025-12-31T09:15:39.090+0000] {dag.py:3089} INFO - Sync 1 DAGs
[2025-12-31T09:15:39.118+0000] {logging_mixin.py:188} INFO - [2025-12-31T09:15:39.118+0000] {dag.py:3947} INFO - Setting next_dagrun for train_model_sample to None, run_after=None
[2025-12-31T09:15:39.170+0000] {processor.py:183} INFO - Processing /opt/airflow/dags/model_sample_dags.py took 0.237 seconds
[2025-12-31T09:16:09.447+0000] {processor.py:161} INFO - Started process (PID=726) to work on /opt/airflow/dags/model_sample_dags.py
[2025-12-31T09:16:09.451+0000] {processor.py:830} INFO - Processing file /opt/airflow/dags/model_sample_dags.py for tasks to queue
[2025-12-31T09:16:09.460+0000] {logging_mixin.py:188} INFO - [2025-12-31T09:16:09.458+0000] {dagbag.py:545} INFO - Filling up the DagBag from /opt/airflow/dags/model_sample_dags.py
[2025-12-31T09:16:09.554+0000] {processor.py:840} INFO - DAG(s) 'train_model_sample' retrieved from /opt/airflow/dags/model_sample_dags.py
[2025-12-31T09:16:09.752+0000] {logging_mixin.py:188} INFO - [2025-12-31T09:16:09.750+0000] {dag.py:3089} INFO - Sync 1 DAGs
[2025-12-31T09:16:09.811+0000] {logging_mixin.py:188} INFO - [2025-12-31T09:16:09.810+0000] {dag.py:3947} INFO - Setting next_dagrun for train_model_sample to None, run_after=None
[2025-12-31T09:16:09.909+0000] {processor.py:183} INFO - Processing /opt/airflow/dags/model_sample_dags.py took 0.484 seconds
[2025-12-31T09:16:40.019+0000] {processor.py:161} INFO - Started process (PID=731) to work on /opt/airflow/dags/model_sample_dags.py
[2025-12-31T09:16:40.022+0000] {processor.py:830} INFO - Processing file /opt/airflow/dags/model_sample_dags.py for tasks to queue
[2025-12-31T09:16:40.025+0000] {logging_mixin.py:188} INFO - [2025-12-31T09:16:40.025+0000] {dagbag.py:545} INFO - Filling up the DagBag from /opt/airflow/dags/model_sample_dags.py
[2025-12-31T09:16:40.095+0000] {processor.py:840} INFO - DAG(s) 'train_model_sample' retrieved from /opt/airflow/dags/model_sample_dags.py
[2025-12-31T09:16:40.178+0000] {logging_mixin.py:188} INFO - [2025-12-31T09:16:40.177+0000] {dag.py:3089} INFO - Sync 1 DAGs
[2025-12-31T09:16:40.203+0000] {logging_mixin.py:188} INFO - [2025-12-31T09:16:40.202+0000] {dag.py:3947} INFO - Setting next_dagrun for train_model_sample to None, run_after=None
[2025-12-31T09:16:40.267+0000] {processor.py:183} INFO - Processing /opt/airflow/dags/model_sample_dags.py took 0.260 seconds
[2025-12-31T09:17:10.471+0000] {processor.py:161} INFO - Started process (PID=736) to work on /opt/airflow/dags/model_sample_dags.py
[2025-12-31T09:17:10.476+0000] {processor.py:830} INFO - Processing file /opt/airflow/dags/model_sample_dags.py for tasks to queue
[2025-12-31T09:17:10.483+0000] {logging_mixin.py:188} INFO - [2025-12-31T09:17:10.482+0000] {dagbag.py:545} INFO - Filling up the DagBag from /opt/airflow/dags/model_sample_dags.py
[2025-12-31T09:17:10.576+0000] {processor.py:840} INFO - DAG(s) 'train_model_sample' retrieved from /opt/airflow/dags/model_sample_dags.py
[2025-12-31T09:17:10.670+0000] {logging_mixin.py:188} INFO - [2025-12-31T09:17:10.669+0000] {dag.py:3089} INFO - Sync 1 DAGs
[2025-12-31T09:17:10.714+0000] {logging_mixin.py:188} INFO - [2025-12-31T09:17:10.713+0000] {dag.py:3947} INFO - Setting next_dagrun for train_model_sample to None, run_after=None
[2025-12-31T09:17:10.788+0000] {processor.py:183} INFO - Processing /opt/airflow/dags/model_sample_dags.py took 0.338 seconds
[2025-12-31T09:17:41.147+0000] {processor.py:161} INFO - Started process (PID=741) to work on /opt/airflow/dags/model_sample_dags.py
[2025-12-31T09:17:41.150+0000] {processor.py:830} INFO - Processing file /opt/airflow/dags/model_sample_dags.py for tasks to queue
[2025-12-31T09:17:41.155+0000] {logging_mixin.py:188} INFO - [2025-12-31T09:17:41.154+0000] {dagbag.py:545} INFO - Filling up the DagBag from /opt/airflow/dags/model_sample_dags.py
[2025-12-31T09:17:41.216+0000] {processor.py:840} INFO - DAG(s) 'train_model_sample' retrieved from /opt/airflow/dags/model_sample_dags.py
[2025-12-31T09:17:41.291+0000] {logging_mixin.py:188} INFO - [2025-12-31T09:17:41.291+0000] {dag.py:3089} INFO - Sync 1 DAGs
[2025-12-31T09:17:41.330+0000] {logging_mixin.py:188} INFO - [2025-12-31T09:17:41.329+0000] {dag.py:3947} INFO - Setting next_dagrun for train_model_sample to None, run_after=None
[2025-12-31T09:17:41.390+0000] {processor.py:183} INFO - Processing /opt/airflow/dags/model_sample_dags.py took 0.259 seconds
[2025-12-31T09:18:11.732+0000] {processor.py:161} INFO - Started process (PID=746) to work on /opt/airflow/dags/model_sample_dags.py
[2025-12-31T09:18:11.735+0000] {processor.py:830} INFO - Processing file /opt/airflow/dags/model_sample_dags.py for tasks to queue
[2025-12-31T09:18:11.740+0000] {logging_mixin.py:188} INFO - [2025-12-31T09:18:11.739+0000] {dagbag.py:545} INFO - Filling up the DagBag from /opt/airflow/dags/model_sample_dags.py
[2025-12-31T09:18:11.816+0000] {processor.py:840} INFO - DAG(s) 'train_model_sample' retrieved from /opt/airflow/dags/model_sample_dags.py
[2025-12-31T09:18:11.898+0000] {logging_mixin.py:188} INFO - [2025-12-31T09:18:11.897+0000] {dag.py:3089} INFO - Sync 1 DAGs
[2025-12-31T09:18:11.945+0000] {logging_mixin.py:188} INFO - [2025-12-31T09:18:11.944+0000] {dag.py:3947} INFO - Setting next_dagrun for train_model_sample to None, run_after=None
[2025-12-31T09:18:12.047+0000] {processor.py:183} INFO - Processing /opt/airflow/dags/model_sample_dags.py took 0.332 seconds
[2025-12-31T09:18:42.293+0000] {processor.py:161} INFO - Started process (PID=751) to work on /opt/airflow/dags/model_sample_dags.py
[2025-12-31T09:18:42.296+0000] {processor.py:830} INFO - Processing file /opt/airflow/dags/model_sample_dags.py for tasks to queue
[2025-12-31T09:18:42.302+0000] {logging_mixin.py:188} INFO - [2025-12-31T09:18:42.301+0000] {dagbag.py:545} INFO - Filling up the DagBag from /opt/airflow/dags/model_sample_dags.py
[2025-12-31T09:18:42.379+0000] {processor.py:840} INFO - DAG(s) 'train_model_sample' retrieved from /opt/airflow/dags/model_sample_dags.py
[2025-12-31T09:18:42.476+0000] {logging_mixin.py:188} INFO - [2025-12-31T09:18:42.475+0000] {dag.py:3089} INFO - Sync 1 DAGs
[2025-12-31T09:18:42.515+0000] {logging_mixin.py:188} INFO - [2025-12-31T09:18:42.514+0000] {dag.py:3947} INFO - Setting next_dagrun for train_model_sample to None, run_after=None
[2025-12-31T09:18:42.579+0000] {processor.py:183} INFO - Processing /opt/airflow/dags/model_sample_dags.py took 0.302 seconds
[2025-12-31T09:19:12.906+0000] {processor.py:161} INFO - Started process (PID=756) to work on /opt/airflow/dags/model_sample_dags.py
[2025-12-31T09:19:12.909+0000] {processor.py:830} INFO - Processing file /opt/airflow/dags/model_sample_dags.py for tasks to queue
[2025-12-31T09:19:12.915+0000] {logging_mixin.py:188} INFO - [2025-12-31T09:19:12.914+0000] {dagbag.py:545} INFO - Filling up the DagBag from /opt/airflow/dags/model_sample_dags.py
[2025-12-31T09:19:12.996+0000] {processor.py:840} INFO - DAG(s) 'train_model_sample' retrieved from /opt/airflow/dags/model_sample_dags.py
[2025-12-31T09:19:13.073+0000] {logging_mixin.py:188} INFO - [2025-12-31T09:19:13.072+0000] {dag.py:3089} INFO - Sync 1 DAGs
[2025-12-31T09:19:13.108+0000] {logging_mixin.py:188} INFO - [2025-12-31T09:19:13.107+0000] {dag.py:3947} INFO - Setting next_dagrun for train_model_sample to None, run_after=None
[2025-12-31T09:19:13.175+0000] {processor.py:183} INFO - Processing /opt/airflow/dags/model_sample_dags.py took 0.286 seconds
[2025-12-31T09:19:43.423+0000] {processor.py:161} INFO - Started process (PID=761) to work on /opt/airflow/dags/model_sample_dags.py
[2025-12-31T09:19:43.427+0000] {processor.py:830} INFO - Processing file /opt/airflow/dags/model_sample_dags.py for tasks to queue
[2025-12-31T09:19:43.432+0000] {logging_mixin.py:188} INFO - [2025-12-31T09:19:43.431+0000] {dagbag.py:545} INFO - Filling up the DagBag from /opt/airflow/dags/model_sample_dags.py
[2025-12-31T09:19:43.495+0000] {processor.py:840} INFO - DAG(s) 'train_model_sample' retrieved from /opt/airflow/dags/model_sample_dags.py
[2025-12-31T09:19:43.549+0000] {logging_mixin.py:188} INFO - [2025-12-31T09:19:43.548+0000] {dag.py:3089} INFO - Sync 1 DAGs
[2025-12-31T09:19:43.575+0000] {logging_mixin.py:188} INFO - [2025-12-31T09:19:43.574+0000] {dag.py:3947} INFO - Setting next_dagrun for train_model_sample to None, run_after=None
[2025-12-31T09:19:43.623+0000] {processor.py:183} INFO - Processing /opt/airflow/dags/model_sample_dags.py took 0.215 seconds
[2025-12-31T09:20:14.003+0000] {processor.py:161} INFO - Started process (PID=766) to work on /opt/airflow/dags/model_sample_dags.py
[2025-12-31T09:20:14.006+0000] {processor.py:830} INFO - Processing file /opt/airflow/dags/model_sample_dags.py for tasks to queue
[2025-12-31T09:20:14.010+0000] {logging_mixin.py:188} INFO - [2025-12-31T09:20:14.010+0000] {dagbag.py:545} INFO - Filling up the DagBag from /opt/airflow/dags/model_sample_dags.py
[2025-12-31T09:20:14.068+0000] {processor.py:840} INFO - DAG(s) 'train_model_sample' retrieved from /opt/airflow/dags/model_sample_dags.py
[2025-12-31T09:20:14.127+0000] {logging_mixin.py:188} INFO - [2025-12-31T09:20:14.126+0000] {dag.py:3089} INFO - Sync 1 DAGs
[2025-12-31T09:20:14.152+0000] {logging_mixin.py:188} INFO - [2025-12-31T09:20:14.152+0000] {dag.py:3947} INFO - Setting next_dagrun for train_model_sample to None, run_after=None
[2025-12-31T09:20:14.204+0000] {processor.py:183} INFO - Processing /opt/airflow/dags/model_sample_dags.py took 0.215 seconds
[2025-12-31T09:20:44.441+0000] {processor.py:161} INFO - Started process (PID=771) to work on /opt/airflow/dags/model_sample_dags.py
[2025-12-31T09:20:44.444+0000] {processor.py:830} INFO - Processing file /opt/airflow/dags/model_sample_dags.py for tasks to queue
[2025-12-31T09:20:44.449+0000] {logging_mixin.py:188} INFO - [2025-12-31T09:20:44.449+0000] {dagbag.py:545} INFO - Filling up the DagBag from /opt/airflow/dags/model_sample_dags.py
[2025-12-31T09:20:44.515+0000] {processor.py:840} INFO - DAG(s) 'train_model_sample' retrieved from /opt/airflow/dags/model_sample_dags.py
[2025-12-31T09:20:44.597+0000] {logging_mixin.py:188} INFO - [2025-12-31T09:20:44.596+0000] {dag.py:3089} INFO - Sync 1 DAGs
[2025-12-31T09:20:44.626+0000] {logging_mixin.py:188} INFO - [2025-12-31T09:20:44.625+0000] {dag.py:3947} INFO - Setting next_dagrun for train_model_sample to None, run_after=None
[2025-12-31T09:20:44.686+0000] {processor.py:183} INFO - Processing /opt/airflow/dags/model_sample_dags.py took 0.259 seconds
[2025-12-31T09:21:15.029+0000] {processor.py:161} INFO - Started process (PID=776) to work on /opt/airflow/dags/model_sample_dags.py
[2025-12-31T09:21:15.032+0000] {processor.py:830} INFO - Processing file /opt/airflow/dags/model_sample_dags.py for tasks to queue
[2025-12-31T09:21:15.035+0000] {logging_mixin.py:188} INFO - [2025-12-31T09:21:15.035+0000] {dagbag.py:545} INFO - Filling up the DagBag from /opt/airflow/dags/model_sample_dags.py
[2025-12-31T09:21:15.096+0000] {processor.py:840} INFO - DAG(s) 'train_model_sample' retrieved from /opt/airflow/dags/model_sample_dags.py
[2025-12-31T09:21:15.154+0000] {logging_mixin.py:188} INFO - [2025-12-31T09:21:15.153+0000] {dag.py:3089} INFO - Sync 1 DAGs
[2025-12-31T09:21:15.183+0000] {logging_mixin.py:188} INFO - [2025-12-31T09:21:15.182+0000] {dag.py:3947} INFO - Setting next_dagrun for train_model_sample to None, run_after=None
[2025-12-31T09:21:15.235+0000] {processor.py:183} INFO - Processing /opt/airflow/dags/model_sample_dags.py took 0.220 seconds
[2025-12-31T09:21:45.576+0000] {processor.py:161} INFO - Started process (PID=781) to work on /opt/airflow/dags/model_sample_dags.py
[2025-12-31T09:21:45.581+0000] {processor.py:830} INFO - Processing file /opt/airflow/dags/model_sample_dags.py for tasks to queue
[2025-12-31T09:21:45.588+0000] {logging_mixin.py:188} INFO - [2025-12-31T09:21:45.587+0000] {dagbag.py:545} INFO - Filling up the DagBag from /opt/airflow/dags/model_sample_dags.py
[2025-12-31T09:21:45.653+0000] {processor.py:840} INFO - DAG(s) 'train_model_sample' retrieved from /opt/airflow/dags/model_sample_dags.py
[2025-12-31T09:21:45.707+0000] {logging_mixin.py:188} INFO - [2025-12-31T09:21:45.706+0000] {dag.py:3089} INFO - Sync 1 DAGs
[2025-12-31T09:21:45.740+0000] {logging_mixin.py:188} INFO - [2025-12-31T09:21:45.739+0000] {dag.py:3947} INFO - Setting next_dagrun for train_model_sample to None, run_after=None
[2025-12-31T09:21:45.785+0000] {processor.py:183} INFO - Processing /opt/airflow/dags/model_sample_dags.py took 0.241 seconds
[2025-12-31T09:22:16.088+0000] {processor.py:161} INFO - Started process (PID=786) to work on /opt/airflow/dags/model_sample_dags.py
[2025-12-31T09:22:16.091+0000] {processor.py:830} INFO - Processing file /opt/airflow/dags/model_sample_dags.py for tasks to queue
[2025-12-31T09:22:16.096+0000] {logging_mixin.py:188} INFO - [2025-12-31T09:22:16.096+0000] {dagbag.py:545} INFO - Filling up the DagBag from /opt/airflow/dags/model_sample_dags.py
[2025-12-31T09:22:16.156+0000] {processor.py:840} INFO - DAG(s) 'train_model_sample' retrieved from /opt/airflow/dags/model_sample_dags.py
[2025-12-31T09:22:16.220+0000] {logging_mixin.py:188} INFO - [2025-12-31T09:22:16.219+0000] {dag.py:3089} INFO - Sync 1 DAGs
[2025-12-31T09:22:16.248+0000] {logging_mixin.py:188} INFO - [2025-12-31T09:22:16.248+0000] {dag.py:3947} INFO - Setting next_dagrun for train_model_sample to None, run_after=None
[2025-12-31T09:22:16.299+0000] {processor.py:183} INFO - Processing /opt/airflow/dags/model_sample_dags.py took 0.229 seconds
[2025-12-31T09:22:46.784+0000] {processor.py:161} INFO - Started process (PID=791) to work on /opt/airflow/dags/model_sample_dags.py
[2025-12-31T09:22:46.787+0000] {processor.py:830} INFO - Processing file /opt/airflow/dags/model_sample_dags.py for tasks to queue
[2025-12-31T09:22:46.791+0000] {logging_mixin.py:188} INFO - [2025-12-31T09:22:46.790+0000] {dagbag.py:545} INFO - Filling up the DagBag from /opt/airflow/dags/model_sample_dags.py
[2025-12-31T09:22:46.866+0000] {processor.py:840} INFO - DAG(s) 'train_model_sample' retrieved from /opt/airflow/dags/model_sample_dags.py
[2025-12-31T09:22:46.933+0000] {logging_mixin.py:188} INFO - [2025-12-31T09:22:46.933+0000] {dag.py:3089} INFO - Sync 1 DAGs
[2025-12-31T09:22:46.957+0000] {logging_mixin.py:188} INFO - [2025-12-31T09:22:46.957+0000] {dag.py:3947} INFO - Setting next_dagrun for train_model_sample to None, run_after=None
[2025-12-31T09:22:47.005+0000] {processor.py:183} INFO - Processing /opt/airflow/dags/model_sample_dags.py took 0.236 seconds
[2025-12-31T09:23:17.209+0000] {processor.py:161} INFO - Started process (PID=796) to work on /opt/airflow/dags/model_sample_dags.py
[2025-12-31T09:23:17.212+0000] {processor.py:830} INFO - Processing file /opt/airflow/dags/model_sample_dags.py for tasks to queue
[2025-12-31T09:23:17.216+0000] {logging_mixin.py:188} INFO - [2025-12-31T09:23:17.215+0000] {dagbag.py:545} INFO - Filling up the DagBag from /opt/airflow/dags/model_sample_dags.py
[2025-12-31T09:23:17.284+0000] {processor.py:840} INFO - DAG(s) 'train_model_sample' retrieved from /opt/airflow/dags/model_sample_dags.py
[2025-12-31T09:23:17.344+0000] {logging_mixin.py:188} INFO - [2025-12-31T09:23:17.344+0000] {dag.py:3089} INFO - Sync 1 DAGs
[2025-12-31T09:23:17.367+0000] {logging_mixin.py:188} INFO - [2025-12-31T09:23:17.367+0000] {dag.py:3947} INFO - Setting next_dagrun for train_model_sample to None, run_after=None
[2025-12-31T09:23:17.427+0000] {processor.py:183} INFO - Processing /opt/airflow/dags/model_sample_dags.py took 0.234 seconds
[2025-12-31T09:23:47.841+0000] {processor.py:161} INFO - Started process (PID=801) to work on /opt/airflow/dags/model_sample_dags.py
[2025-12-31T09:23:47.845+0000] {processor.py:830} INFO - Processing file /opt/airflow/dags/model_sample_dags.py for tasks to queue
[2025-12-31T09:23:47.851+0000] {logging_mixin.py:188} INFO - [2025-12-31T09:23:47.850+0000] {dagbag.py:545} INFO - Filling up the DagBag from /opt/airflow/dags/model_sample_dags.py
[2025-12-31T09:23:47.919+0000] {processor.py:840} INFO - DAG(s) 'train_model_sample' retrieved from /opt/airflow/dags/model_sample_dags.py
[2025-12-31T09:23:47.975+0000] {logging_mixin.py:188} INFO - [2025-12-31T09:23:47.974+0000] {dag.py:3089} INFO - Sync 1 DAGs
[2025-12-31T09:23:48.005+0000] {logging_mixin.py:188} INFO - [2025-12-31T09:23:48.004+0000] {dag.py:3947} INFO - Setting next_dagrun for train_model_sample to None, run_after=None
[2025-12-31T09:23:48.066+0000] {processor.py:183} INFO - Processing /opt/airflow/dags/model_sample_dags.py took 0.240 seconds
[2025-12-31T09:24:18.282+0000] {processor.py:161} INFO - Started process (PID=806) to work on /opt/airflow/dags/model_sample_dags.py
[2025-12-31T09:24:18.285+0000] {processor.py:830} INFO - Processing file /opt/airflow/dags/model_sample_dags.py for tasks to queue
[2025-12-31T09:24:18.290+0000] {logging_mixin.py:188} INFO - [2025-12-31T09:24:18.289+0000] {dagbag.py:545} INFO - Filling up the DagBag from /opt/airflow/dags/model_sample_dags.py
[2025-12-31T09:24:18.352+0000] {processor.py:840} INFO - DAG(s) 'train_model_sample' retrieved from /opt/airflow/dags/model_sample_dags.py
[2025-12-31T09:24:18.410+0000] {logging_mixin.py:188} INFO - [2025-12-31T09:24:18.409+0000] {dag.py:3089} INFO - Sync 1 DAGs
[2025-12-31T09:24:18.440+0000] {logging_mixin.py:188} INFO - [2025-12-31T09:24:18.440+0000] {dag.py:3947} INFO - Setting next_dagrun for train_model_sample to None, run_after=None
[2025-12-31T09:24:18.495+0000] {processor.py:183} INFO - Processing /opt/airflow/dags/model_sample_dags.py took 0.229 seconds
[2025-12-31T09:24:48.944+0000] {processor.py:161} INFO - Started process (PID=811) to work on /opt/airflow/dags/model_sample_dags.py
[2025-12-31T09:24:48.946+0000] {processor.py:830} INFO - Processing file /opt/airflow/dags/model_sample_dags.py for tasks to queue
[2025-12-31T09:24:48.951+0000] {logging_mixin.py:188} INFO - [2025-12-31T09:24:48.950+0000] {dagbag.py:545} INFO - Filling up the DagBag from /opt/airflow/dags/model_sample_dags.py
[2025-12-31T09:24:49.018+0000] {processor.py:840} INFO - DAG(s) 'train_model_sample' retrieved from /opt/airflow/dags/model_sample_dags.py
[2025-12-31T09:24:49.082+0000] {logging_mixin.py:188} INFO - [2025-12-31T09:24:49.082+0000] {dag.py:3089} INFO - Sync 1 DAGs
[2025-12-31T09:24:49.109+0000] {logging_mixin.py:188} INFO - [2025-12-31T09:24:49.109+0000] {dag.py:3947} INFO - Setting next_dagrun for train_model_sample to None, run_after=None
[2025-12-31T09:24:49.161+0000] {processor.py:183} INFO - Processing /opt/airflow/dags/model_sample_dags.py took 0.230 seconds
[2025-12-31T09:25:19.354+0000] {processor.py:161} INFO - Started process (PID=816) to work on /opt/airflow/dags/model_sample_dags.py
[2025-12-31T09:25:19.358+0000] {processor.py:830} INFO - Processing file /opt/airflow/dags/model_sample_dags.py for tasks to queue
[2025-12-31T09:25:19.363+0000] {logging_mixin.py:188} INFO - [2025-12-31T09:25:19.362+0000] {dagbag.py:545} INFO - Filling up the DagBag from /opt/airflow/dags/model_sample_dags.py
[2025-12-31T09:25:19.423+0000] {processor.py:840} INFO - DAG(s) 'train_model_sample' retrieved from /opt/airflow/dags/model_sample_dags.py
[2025-12-31T09:25:19.513+0000] {logging_mixin.py:188} INFO - [2025-12-31T09:25:19.512+0000] {dag.py:3089} INFO - Sync 1 DAGs
[2025-12-31T09:25:19.557+0000] {logging_mixin.py:188} INFO - [2025-12-31T09:25:19.556+0000] {dag.py:3947} INFO - Setting next_dagrun for train_model_sample to None, run_after=None
[2025-12-31T09:25:19.624+0000] {processor.py:183} INFO - Processing /opt/airflow/dags/model_sample_dags.py took 0.288 seconds
[2025-12-31T09:25:50.173+0000] {processor.py:161} INFO - Started process (PID=821) to work on /opt/airflow/dags/model_sample_dags.py
[2025-12-31T09:25:50.187+0000] {processor.py:830} INFO - Processing file /opt/airflow/dags/model_sample_dags.py for tasks to queue
[2025-12-31T09:25:50.206+0000] {logging_mixin.py:188} INFO - [2025-12-31T09:25:50.195+0000] {dagbag.py:545} INFO - Filling up the DagBag from /opt/airflow/dags/model_sample_dags.py
[2025-12-31T09:25:50.379+0000] {processor.py:840} INFO - DAG(s) 'train_model_sample' retrieved from /opt/airflow/dags/model_sample_dags.py
[2025-12-31T09:25:50.635+0000] {logging_mixin.py:188} INFO - [2025-12-31T09:25:50.632+0000] {dag.py:3089} INFO - Sync 1 DAGs
[2025-12-31T09:25:50.703+0000] {logging_mixin.py:188} INFO - [2025-12-31T09:25:50.702+0000] {dag.py:3947} INFO - Setting next_dagrun for train_model_sample to None, run_after=None
[2025-12-31T09:25:50.796+0000] {processor.py:183} INFO - Processing /opt/airflow/dags/model_sample_dags.py took 0.691 seconds
[2025-12-31T09:26:21.353+0000] {processor.py:161} INFO - Started process (PID=826) to work on /opt/airflow/dags/model_sample_dags.py
[2025-12-31T09:26:21.356+0000] {processor.py:830} INFO - Processing file /opt/airflow/dags/model_sample_dags.py for tasks to queue
[2025-12-31T09:26:21.360+0000] {logging_mixin.py:188} INFO - [2025-12-31T09:26:21.360+0000] {dagbag.py:545} INFO - Filling up the DagBag from /opt/airflow/dags/model_sample_dags.py
[2025-12-31T09:26:21.414+0000] {processor.py:840} INFO - DAG(s) 'train_model_sample' retrieved from /opt/airflow/dags/model_sample_dags.py
[2025-12-31T09:26:21.493+0000] {logging_mixin.py:188} INFO - [2025-12-31T09:26:21.492+0000] {dag.py:3089} INFO - Sync 1 DAGs
[2025-12-31T09:26:21.524+0000] {logging_mixin.py:188} INFO - [2025-12-31T09:26:21.524+0000] {dag.py:3947} INFO - Setting next_dagrun for train_model_sample to None, run_after=None
[2025-12-31T09:26:21.577+0000] {processor.py:183} INFO - Processing /opt/airflow/dags/model_sample_dags.py took 0.238 seconds
[2025-12-31T09:26:51.923+0000] {processor.py:161} INFO - Started process (PID=831) to work on /opt/airflow/dags/model_sample_dags.py
[2025-12-31T09:26:51.927+0000] {processor.py:830} INFO - Processing file /opt/airflow/dags/model_sample_dags.py for tasks to queue
[2025-12-31T09:26:51.933+0000] {logging_mixin.py:188} INFO - [2025-12-31T09:26:51.932+0000] {dagbag.py:545} INFO - Filling up the DagBag from /opt/airflow/dags/model_sample_dags.py
[2025-12-31T09:26:52.010+0000] {processor.py:840} INFO - DAG(s) 'train_model_sample' retrieved from /opt/airflow/dags/model_sample_dags.py
[2025-12-31T09:26:52.087+0000] {logging_mixin.py:188} INFO - [2025-12-31T09:26:52.086+0000] {dag.py:3089} INFO - Sync 1 DAGs
[2025-12-31T09:26:52.121+0000] {logging_mixin.py:188} INFO - [2025-12-31T09:26:52.121+0000] {dag.py:3947} INFO - Setting next_dagrun for train_model_sample to None, run_after=None
[2025-12-31T09:26:52.188+0000] {processor.py:183} INFO - Processing /opt/airflow/dags/model_sample_dags.py took 0.285 seconds
[2025-12-31T09:27:22.437+0000] {processor.py:161} INFO - Started process (PID=836) to work on /opt/airflow/dags/model_sample_dags.py
[2025-12-31T09:27:22.441+0000] {processor.py:830} INFO - Processing file /opt/airflow/dags/model_sample_dags.py for tasks to queue
[2025-12-31T09:27:22.448+0000] {logging_mixin.py:188} INFO - [2025-12-31T09:27:22.446+0000] {dagbag.py:545} INFO - Filling up the DagBag from /opt/airflow/dags/model_sample_dags.py
[2025-12-31T09:27:22.512+0000] {processor.py:840} INFO - DAG(s) 'train_model_sample' retrieved from /opt/airflow/dags/model_sample_dags.py
[2025-12-31T09:27:22.583+0000] {logging_mixin.py:188} INFO - [2025-12-31T09:27:22.582+0000] {dag.py:3089} INFO - Sync 1 DAGs
[2025-12-31T09:27:22.612+0000] {logging_mixin.py:188} INFO - [2025-12-31T09:27:22.611+0000] {dag.py:3947} INFO - Setting next_dagrun for train_model_sample to None, run_after=None
[2025-12-31T09:27:22.682+0000] {processor.py:183} INFO - Processing /opt/airflow/dags/model_sample_dags.py took 0.266 seconds
[2025-12-31T09:27:53.094+0000] {processor.py:161} INFO - Started process (PID=841) to work on /opt/airflow/dags/model_sample_dags.py
[2025-12-31T09:27:53.097+0000] {processor.py:830} INFO - Processing file /opt/airflow/dags/model_sample_dags.py for tasks to queue
[2025-12-31T09:27:53.101+0000] {logging_mixin.py:188} INFO - [2025-12-31T09:27:53.100+0000] {dagbag.py:545} INFO - Filling up the DagBag from /opt/airflow/dags/model_sample_dags.py
[2025-12-31T09:27:53.162+0000] {processor.py:840} INFO - DAG(s) 'train_model_sample' retrieved from /opt/airflow/dags/model_sample_dags.py
[2025-12-31T09:27:53.209+0000] {logging_mixin.py:188} INFO - [2025-12-31T09:27:53.209+0000] {dag.py:3089} INFO - Sync 1 DAGs
[2025-12-31T09:27:53.231+0000] {logging_mixin.py:188} INFO - [2025-12-31T09:27:53.230+0000] {dag.py:3947} INFO - Setting next_dagrun for train_model_sample to None, run_after=None
[2025-12-31T09:27:53.273+0000] {processor.py:183} INFO - Processing /opt/airflow/dags/model_sample_dags.py took 0.189 seconds
[2025-12-31T09:28:23.538+0000] {processor.py:161} INFO - Started process (PID=846) to work on /opt/airflow/dags/model_sample_dags.py
[2025-12-31T09:28:23.540+0000] {processor.py:830} INFO - Processing file /opt/airflow/dags/model_sample_dags.py for tasks to queue
[2025-12-31T09:28:23.545+0000] {logging_mixin.py:188} INFO - [2025-12-31T09:28:23.545+0000] {dagbag.py:545} INFO - Filling up the DagBag from /opt/airflow/dags/model_sample_dags.py
[2025-12-31T09:28:23.588+0000] {processor.py:840} INFO - DAG(s) 'train_model_sample' retrieved from /opt/airflow/dags/model_sample_dags.py
[2025-12-31T09:28:23.635+0000] {logging_mixin.py:188} INFO - [2025-12-31T09:28:23.634+0000] {dag.py:3089} INFO - Sync 1 DAGs
[2025-12-31T09:28:23.657+0000] {logging_mixin.py:188} INFO - [2025-12-31T09:28:23.657+0000] {dag.py:3947} INFO - Setting next_dagrun for train_model_sample to None, run_after=None
[2025-12-31T09:28:23.706+0000] {processor.py:183} INFO - Processing /opt/airflow/dags/model_sample_dags.py took 0.180 seconds
[2025-12-31T09:28:54.179+0000] {processor.py:161} INFO - Started process (PID=851) to work on /opt/airflow/dags/model_sample_dags.py
[2025-12-31T09:28:54.183+0000] {processor.py:830} INFO - Processing file /opt/airflow/dags/model_sample_dags.py for tasks to queue
[2025-12-31T09:28:54.191+0000] {logging_mixin.py:188} INFO - [2025-12-31T09:28:54.190+0000] {dagbag.py:545} INFO - Filling up the DagBag from /opt/airflow/dags/model_sample_dags.py
[2025-12-31T09:28:54.276+0000] {processor.py:840} INFO - DAG(s) 'train_model_sample' retrieved from /opt/airflow/dags/model_sample_dags.py
[2025-12-31T09:28:54.361+0000] {logging_mixin.py:188} INFO - [2025-12-31T09:28:54.360+0000] {dag.py:3089} INFO - Sync 1 DAGs
[2025-12-31T09:28:54.401+0000] {logging_mixin.py:188} INFO - [2025-12-31T09:28:54.400+0000] {dag.py:3947} INFO - Setting next_dagrun for train_model_sample to None, run_after=None
[2025-12-31T09:28:54.470+0000] {processor.py:183} INFO - Processing /opt/airflow/dags/model_sample_dags.py took 0.309 seconds
[2025-12-31T09:29:24.636+0000] {processor.py:161} INFO - Started process (PID=856) to work on /opt/airflow/dags/model_sample_dags.py
[2025-12-31T09:29:24.639+0000] {processor.py:830} INFO - Processing file /opt/airflow/dags/model_sample_dags.py for tasks to queue
[2025-12-31T09:29:24.645+0000] {logging_mixin.py:188} INFO - [2025-12-31T09:29:24.644+0000] {dagbag.py:545} INFO - Filling up the DagBag from /opt/airflow/dags/model_sample_dags.py
[2025-12-31T09:29:24.708+0000] {processor.py:840} INFO - DAG(s) 'train_model_sample' retrieved from /opt/airflow/dags/model_sample_dags.py
[2025-12-31T09:29:24.783+0000] {logging_mixin.py:188} INFO - [2025-12-31T09:29:24.783+0000] {dag.py:3089} INFO - Sync 1 DAGs
[2025-12-31T09:29:24.811+0000] {logging_mixin.py:188} INFO - [2025-12-31T09:29:24.811+0000] {dag.py:3947} INFO - Setting next_dagrun for train_model_sample to None, run_after=None
[2025-12-31T09:29:24.866+0000] {processor.py:183} INFO - Processing /opt/airflow/dags/model_sample_dags.py took 0.244 seconds
[2025-12-31T09:29:55.332+0000] {processor.py:161} INFO - Started process (PID=861) to work on /opt/airflow/dags/model_sample_dags.py
[2025-12-31T09:29:55.337+0000] {processor.py:830} INFO - Processing file /opt/airflow/dags/model_sample_dags.py for tasks to queue
[2025-12-31T09:29:55.341+0000] {logging_mixin.py:188} INFO - [2025-12-31T09:29:55.340+0000] {dagbag.py:545} INFO - Filling up the DagBag from /opt/airflow/dags/model_sample_dags.py
[2025-12-31T09:29:55.376+0000] {processor.py:840} INFO - DAG(s) 'train_model_sample' retrieved from /opt/airflow/dags/model_sample_dags.py
[2025-12-31T09:29:55.427+0000] {logging_mixin.py:188} INFO - [2025-12-31T09:29:55.426+0000] {dag.py:3089} INFO - Sync 1 DAGs
[2025-12-31T09:29:55.451+0000] {logging_mixin.py:188} INFO - [2025-12-31T09:29:55.450+0000] {dag.py:3947} INFO - Setting next_dagrun for train_model_sample to None, run_after=None
[2025-12-31T09:29:55.498+0000] {processor.py:183} INFO - Processing /opt/airflow/dags/model_sample_dags.py took 0.183 seconds
[2025-12-31T09:30:25.779+0000] {processor.py:161} INFO - Started process (PID=866) to work on /opt/airflow/dags/model_sample_dags.py
[2025-12-31T09:30:25.782+0000] {processor.py:830} INFO - Processing file /opt/airflow/dags/model_sample_dags.py for tasks to queue
[2025-12-31T09:30:25.786+0000] {logging_mixin.py:188} INFO - [2025-12-31T09:30:25.786+0000] {dagbag.py:545} INFO - Filling up the DagBag from /opt/airflow/dags/model_sample_dags.py
[2025-12-31T09:30:25.848+0000] {processor.py:840} INFO - DAG(s) 'train_model_sample' retrieved from /opt/airflow/dags/model_sample_dags.py
[2025-12-31T09:30:25.915+0000] {logging_mixin.py:188} INFO - [2025-12-31T09:30:25.914+0000] {dag.py:3089} INFO - Sync 1 DAGs
[2025-12-31T09:30:25.945+0000] {logging_mixin.py:188} INFO - [2025-12-31T09:30:25.944+0000] {dag.py:3947} INFO - Setting next_dagrun for train_model_sample to None, run_after=None
[2025-12-31T09:30:26.005+0000] {processor.py:183} INFO - Processing /opt/airflow/dags/model_sample_dags.py took 0.243 seconds
[2025-12-31T09:30:56.335+0000] {processor.py:161} INFO - Started process (PID=871) to work on /opt/airflow/dags/model_sample_dags.py
[2025-12-31T09:30:56.337+0000] {processor.py:830} INFO - Processing file /opt/airflow/dags/model_sample_dags.py for tasks to queue
[2025-12-31T09:30:56.341+0000] {logging_mixin.py:188} INFO - [2025-12-31T09:30:56.341+0000] {dagbag.py:545} INFO - Filling up the DagBag from /opt/airflow/dags/model_sample_dags.py
[2025-12-31T09:30:56.400+0000] {processor.py:840} INFO - DAG(s) 'train_model_sample' retrieved from /opt/airflow/dags/model_sample_dags.py
[2025-12-31T09:30:56.455+0000] {logging_mixin.py:188} INFO - [2025-12-31T09:30:56.455+0000] {dag.py:3089} INFO - Sync 1 DAGs
[2025-12-31T09:30:56.482+0000] {logging_mixin.py:188} INFO - [2025-12-31T09:30:56.482+0000] {dag.py:3947} INFO - Setting next_dagrun for train_model_sample to None, run_after=None
[2025-12-31T09:30:56.542+0000] {processor.py:183} INFO - Processing /opt/airflow/dags/model_sample_dags.py took 0.219 seconds
[2025-12-31T09:31:26.886+0000] {processor.py:161} INFO - Started process (PID=876) to work on /opt/airflow/dags/model_sample_dags.py
[2025-12-31T09:31:26.889+0000] {processor.py:830} INFO - Processing file /opt/airflow/dags/model_sample_dags.py for tasks to queue
[2025-12-31T09:31:26.893+0000] {logging_mixin.py:188} INFO - [2025-12-31T09:31:26.893+0000] {dagbag.py:545} INFO - Filling up the DagBag from /opt/airflow/dags/model_sample_dags.py
[2025-12-31T09:31:26.983+0000] {processor.py:840} INFO - DAG(s) 'train_model_sample' retrieved from /opt/airflow/dags/model_sample_dags.py
[2025-12-31T09:31:27.048+0000] {logging_mixin.py:188} INFO - [2025-12-31T09:31:27.048+0000] {dag.py:3089} INFO - Sync 1 DAGs
[2025-12-31T09:31:27.086+0000] {logging_mixin.py:188} INFO - [2025-12-31T09:31:27.085+0000] {dag.py:3947} INFO - Setting next_dagrun for train_model_sample to None, run_after=None
[2025-12-31T09:31:27.159+0000] {processor.py:183} INFO - Processing /opt/airflow/dags/model_sample_dags.py took 0.293 seconds
[2025-12-31T09:31:57.357+0000] {processor.py:161} INFO - Started process (PID=881) to work on /opt/airflow/dags/model_sample_dags.py
[2025-12-31T09:31:57.361+0000] {processor.py:830} INFO - Processing file /opt/airflow/dags/model_sample_dags.py for tasks to queue
[2025-12-31T09:31:57.365+0000] {logging_mixin.py:188} INFO - [2025-12-31T09:31:57.365+0000] {dagbag.py:545} INFO - Filling up the DagBag from /opt/airflow/dags/model_sample_dags.py
[2025-12-31T09:31:57.424+0000] {processor.py:840} INFO - DAG(s) 'train_model_sample' retrieved from /opt/airflow/dags/model_sample_dags.py
[2025-12-31T09:31:57.500+0000] {logging_mixin.py:188} INFO - [2025-12-31T09:31:57.499+0000] {dag.py:3089} INFO - Sync 1 DAGs
[2025-12-31T09:31:57.523+0000] {logging_mixin.py:188} INFO - [2025-12-31T09:31:57.522+0000] {dag.py:3947} INFO - Setting next_dagrun for train_model_sample to None, run_after=None
[2025-12-31T09:31:57.571+0000] {processor.py:183} INFO - Processing /opt/airflow/dags/model_sample_dags.py took 0.234 seconds
[2025-12-31T09:32:27.956+0000] {processor.py:161} INFO - Started process (PID=886) to work on /opt/airflow/dags/model_sample_dags.py
[2025-12-31T09:32:27.959+0000] {processor.py:830} INFO - Processing file /opt/airflow/dags/model_sample_dags.py for tasks to queue
[2025-12-31T09:32:27.962+0000] {logging_mixin.py:188} INFO - [2025-12-31T09:32:27.962+0000] {dagbag.py:545} INFO - Filling up the DagBag from /opt/airflow/dags/model_sample_dags.py
[2025-12-31T09:32:28.007+0000] {processor.py:840} INFO - DAG(s) 'train_model_sample' retrieved from /opt/airflow/dags/model_sample_dags.py
[2025-12-31T09:32:28.071+0000] {logging_mixin.py:188} INFO - [2025-12-31T09:32:28.071+0000] {dag.py:3089} INFO - Sync 1 DAGs
[2025-12-31T09:32:28.120+0000] {logging_mixin.py:188} INFO - [2025-12-31T09:32:28.119+0000] {dag.py:3947} INFO - Setting next_dagrun for train_model_sample to None, run_after=None
[2025-12-31T09:32:28.191+0000] {processor.py:183} INFO - Processing /opt/airflow/dags/model_sample_dags.py took 0.249 seconds
[2025-12-31T09:32:58.481+0000] {processor.py:161} INFO - Started process (PID=891) to work on /opt/airflow/dags/model_sample_dags.py
[2025-12-31T09:32:58.484+0000] {processor.py:830} INFO - Processing file /opt/airflow/dags/model_sample_dags.py for tasks to queue
[2025-12-31T09:32:58.488+0000] {logging_mixin.py:188} INFO - [2025-12-31T09:32:58.488+0000] {dagbag.py:545} INFO - Filling up the DagBag from /opt/airflow/dags/model_sample_dags.py
[2025-12-31T09:32:58.565+0000] {processor.py:840} INFO - DAG(s) 'train_model_sample' retrieved from /opt/airflow/dags/model_sample_dags.py
[2025-12-31T09:32:58.663+0000] {logging_mixin.py:188} INFO - [2025-12-31T09:32:58.661+0000] {dag.py:3089} INFO - Sync 1 DAGs
[2025-12-31T09:32:58.705+0000] {logging_mixin.py:188} INFO - [2025-12-31T09:32:58.704+0000] {dag.py:3947} INFO - Setting next_dagrun for train_model_sample to None, run_after=None
[2025-12-31T09:32:58.781+0000] {processor.py:183} INFO - Processing /opt/airflow/dags/model_sample_dags.py took 0.313 seconds
[2025-12-31T09:33:29.047+0000] {processor.py:161} INFO - Started process (PID=896) to work on /opt/airflow/dags/model_sample_dags.py
[2025-12-31T09:33:29.049+0000] {processor.py:830} INFO - Processing file /opt/airflow/dags/model_sample_dags.py for tasks to queue
[2025-12-31T09:33:29.054+0000] {logging_mixin.py:188} INFO - [2025-12-31T09:33:29.054+0000] {dagbag.py:545} INFO - Filling up the DagBag from /opt/airflow/dags/model_sample_dags.py
[2025-12-31T09:33:29.110+0000] {processor.py:840} INFO - DAG(s) 'train_model_sample' retrieved from /opt/airflow/dags/model_sample_dags.py
[2025-12-31T09:33:29.168+0000] {logging_mixin.py:188} INFO - [2025-12-31T09:33:29.168+0000] {dag.py:3089} INFO - Sync 1 DAGs
[2025-12-31T09:33:29.193+0000] {logging_mixin.py:188} INFO - [2025-12-31T09:33:29.192+0000] {dag.py:3947} INFO - Setting next_dagrun for train_model_sample to None, run_after=None
[2025-12-31T09:33:29.243+0000] {processor.py:183} INFO - Processing /opt/airflow/dags/model_sample_dags.py took 0.208 seconds
[2025-12-31T09:33:59.651+0000] {processor.py:161} INFO - Started process (PID=901) to work on /opt/airflow/dags/model_sample_dags.py
[2025-12-31T09:33:59.655+0000] {processor.py:830} INFO - Processing file /opt/airflow/dags/model_sample_dags.py for tasks to queue
[2025-12-31T09:33:59.660+0000] {logging_mixin.py:188} INFO - [2025-12-31T09:33:59.659+0000] {dagbag.py:545} INFO - Filling up the DagBag from /opt/airflow/dags/model_sample_dags.py
[2025-12-31T09:33:59.712+0000] {processor.py:840} INFO - DAG(s) 'train_model_sample' retrieved from /opt/airflow/dags/model_sample_dags.py
[2025-12-31T09:33:59.791+0000] {logging_mixin.py:188} INFO - [2025-12-31T09:33:59.790+0000] {dag.py:3089} INFO - Sync 1 DAGs
[2025-12-31T09:33:59.828+0000] {logging_mixin.py:188} INFO - [2025-12-31T09:33:59.827+0000] {dag.py:3947} INFO - Setting next_dagrun for train_model_sample to None, run_after=None
[2025-12-31T09:33:59.885+0000] {processor.py:183} INFO - Processing /opt/airflow/dags/model_sample_dags.py took 0.253 seconds
[2025-12-31T09:34:30.114+0000] {processor.py:161} INFO - Started process (PID=906) to work on /opt/airflow/dags/model_sample_dags.py
[2025-12-31T09:34:30.116+0000] {processor.py:830} INFO - Processing file /opt/airflow/dags/model_sample_dags.py for tasks to queue
[2025-12-31T09:34:30.120+0000] {logging_mixin.py:188} INFO - [2025-12-31T09:34:30.120+0000] {dagbag.py:545} INFO - Filling up the DagBag from /opt/airflow/dags/model_sample_dags.py
[2025-12-31T09:34:30.194+0000] {processor.py:840} INFO - DAG(s) 'train_model_sample' retrieved from /opt/airflow/dags/model_sample_dags.py
[2025-12-31T09:34:30.271+0000] {logging_mixin.py:188} INFO - [2025-12-31T09:34:30.270+0000] {dag.py:3089} INFO - Sync 1 DAGs
[2025-12-31T09:34:30.310+0000] {logging_mixin.py:188} INFO - [2025-12-31T09:34:30.309+0000] {dag.py:3947} INFO - Setting next_dagrun for train_model_sample to None, run_after=None
[2025-12-31T09:34:30.419+0000] {processor.py:183} INFO - Processing /opt/airflow/dags/model_sample_dags.py took 0.319 seconds
[2025-12-31T09:35:00.850+0000] {processor.py:161} INFO - Started process (PID=911) to work on /opt/airflow/dags/model_sample_dags.py
[2025-12-31T09:35:00.853+0000] {processor.py:830} INFO - Processing file /opt/airflow/dags/model_sample_dags.py for tasks to queue
[2025-12-31T09:35:00.857+0000] {logging_mixin.py:188} INFO - [2025-12-31T09:35:00.857+0000] {dagbag.py:545} INFO - Filling up the DagBag from /opt/airflow/dags/model_sample_dags.py
[2025-12-31T09:35:00.911+0000] {processor.py:840} INFO - DAG(s) 'train_model_sample' retrieved from /opt/airflow/dags/model_sample_dags.py
[2025-12-31T09:35:00.971+0000] {logging_mixin.py:188} INFO - [2025-12-31T09:35:00.970+0000] {dag.py:3089} INFO - Sync 1 DAGs
[2025-12-31T09:35:01.001+0000] {logging_mixin.py:188} INFO - [2025-12-31T09:35:01.000+0000] {dag.py:3947} INFO - Setting next_dagrun for train_model_sample to None, run_after=None
[2025-12-31T09:35:01.046+0000] {processor.py:183} INFO - Processing /opt/airflow/dags/model_sample_dags.py took 0.211 seconds
[2025-12-31T09:35:31.267+0000] {processor.py:161} INFO - Started process (PID=916) to work on /opt/airflow/dags/model_sample_dags.py
[2025-12-31T09:35:31.271+0000] {processor.py:830} INFO - Processing file /opt/airflow/dags/model_sample_dags.py for tasks to queue
[2025-12-31T09:35:31.277+0000] {logging_mixin.py:188} INFO - [2025-12-31T09:35:31.276+0000] {dagbag.py:545} INFO - Filling up the DagBag from /opt/airflow/dags/model_sample_dags.py
[2025-12-31T09:35:31.355+0000] {processor.py:840} INFO - DAG(s) 'train_model_sample' retrieved from /opt/airflow/dags/model_sample_dags.py
[2025-12-31T09:35:31.444+0000] {logging_mixin.py:188} INFO - [2025-12-31T09:35:31.443+0000] {dag.py:3089} INFO - Sync 1 DAGs
[2025-12-31T09:35:31.479+0000] {logging_mixin.py:188} INFO - [2025-12-31T09:35:31.478+0000] {dag.py:3947} INFO - Setting next_dagrun for train_model_sample to None, run_after=None
[2025-12-31T09:35:31.548+0000] {processor.py:183} INFO - Processing /opt/airflow/dags/model_sample_dags.py took 0.299 seconds
[2025-12-31T09:36:01.896+0000] {processor.py:161} INFO - Started process (PID=921) to work on /opt/airflow/dags/model_sample_dags.py
[2025-12-31T09:36:01.898+0000] {processor.py:830} INFO - Processing file /opt/airflow/dags/model_sample_dags.py for tasks to queue
[2025-12-31T09:36:01.902+0000] {logging_mixin.py:188} INFO - [2025-12-31T09:36:01.902+0000] {dagbag.py:545} INFO - Filling up the DagBag from /opt/airflow/dags/model_sample_dags.py
[2025-12-31T09:36:01.965+0000] {processor.py:840} INFO - DAG(s) 'train_model_sample' retrieved from /opt/airflow/dags/model_sample_dags.py
[2025-12-31T09:36:02.035+0000] {logging_mixin.py:188} INFO - [2025-12-31T09:36:02.034+0000] {dag.py:3089} INFO - Sync 1 DAGs
[2025-12-31T09:36:02.072+0000] {logging_mixin.py:188} INFO - [2025-12-31T09:36:02.072+0000] {dag.py:3947} INFO - Setting next_dagrun for train_model_sample to None, run_after=None
[2025-12-31T09:36:02.148+0000] {processor.py:183} INFO - Processing /opt/airflow/dags/model_sample_dags.py took 0.267 seconds
[2025-12-31T09:36:32.414+0000] {processor.py:161} INFO - Started process (PID=926) to work on /opt/airflow/dags/model_sample_dags.py
[2025-12-31T09:36:32.419+0000] {processor.py:830} INFO - Processing file /opt/airflow/dags/model_sample_dags.py for tasks to queue
[2025-12-31T09:36:32.428+0000] {logging_mixin.py:188} INFO - [2025-12-31T09:36:32.427+0000] {dagbag.py:545} INFO - Filling up the DagBag from /opt/airflow/dags/model_sample_dags.py
[2025-12-31T09:36:32.518+0000] {processor.py:840} INFO - DAG(s) 'train_model_sample' retrieved from /opt/airflow/dags/model_sample_dags.py
[2025-12-31T09:36:32.606+0000] {logging_mixin.py:188} INFO - [2025-12-31T09:36:32.605+0000] {dag.py:3089} INFO - Sync 1 DAGs
[2025-12-31T09:36:32.639+0000] {logging_mixin.py:188} INFO - [2025-12-31T09:36:32.639+0000] {dag.py:3947} INFO - Setting next_dagrun for train_model_sample to None, run_after=None
[2025-12-31T09:36:32.708+0000] {processor.py:183} INFO - Processing /opt/airflow/dags/model_sample_dags.py took 0.316 seconds
[2025-12-31T09:37:03.038+0000] {processor.py:161} INFO - Started process (PID=931) to work on /opt/airflow/dags/model_sample_dags.py
[2025-12-31T09:37:03.043+0000] {processor.py:830} INFO - Processing file /opt/airflow/dags/model_sample_dags.py for tasks to queue
[2025-12-31T09:37:03.050+0000] {logging_mixin.py:188} INFO - [2025-12-31T09:37:03.049+0000] {dagbag.py:545} INFO - Filling up the DagBag from /opt/airflow/dags/model_sample_dags.py
[2025-12-31T09:37:03.133+0000] {processor.py:840} INFO - DAG(s) 'train_model_sample' retrieved from /opt/airflow/dags/model_sample_dags.py
[2025-12-31T09:37:03.219+0000] {logging_mixin.py:188} INFO - [2025-12-31T09:37:03.218+0000] {dag.py:3089} INFO - Sync 1 DAGs
[2025-12-31T09:37:03.255+0000] {logging_mixin.py:188} INFO - [2025-12-31T09:37:03.255+0000] {dag.py:3947} INFO - Setting next_dagrun for train_model_sample to None, run_after=None
[2025-12-31T09:37:03.347+0000] {processor.py:183} INFO - Processing /opt/airflow/dags/model_sample_dags.py took 0.327 seconds
[2025-12-31T09:37:33.549+0000] {processor.py:161} INFO - Started process (PID=936) to work on /opt/airflow/dags/model_sample_dags.py
[2025-12-31T09:37:33.552+0000] {processor.py:830} INFO - Processing file /opt/airflow/dags/model_sample_dags.py for tasks to queue
[2025-12-31T09:37:33.556+0000] {logging_mixin.py:188} INFO - [2025-12-31T09:37:33.555+0000] {dagbag.py:545} INFO - Filling up the DagBag from /opt/airflow/dags/model_sample_dags.py
[2025-12-31T09:37:33.616+0000] {processor.py:840} INFO - DAG(s) 'train_model_sample' retrieved from /opt/airflow/dags/model_sample_dags.py
[2025-12-31T09:37:33.684+0000] {logging_mixin.py:188} INFO - [2025-12-31T09:37:33.683+0000] {dag.py:3089} INFO - Sync 1 DAGs
[2025-12-31T09:37:33.720+0000] {logging_mixin.py:188} INFO - [2025-12-31T09:37:33.719+0000] {dag.py:3947} INFO - Setting next_dagrun for train_model_sample to None, run_after=None
[2025-12-31T09:37:33.791+0000] {processor.py:183} INFO - Processing /opt/airflow/dags/model_sample_dags.py took 0.254 seconds
[2025-12-31T09:38:04.351+0000] {processor.py:161} INFO - Started process (PID=941) to work on /opt/airflow/dags/model_sample_dags.py
[2025-12-31T09:38:04.355+0000] {processor.py:830} INFO - Processing file /opt/airflow/dags/model_sample_dags.py for tasks to queue
[2025-12-31T09:38:04.360+0000] {logging_mixin.py:188} INFO - [2025-12-31T09:38:04.360+0000] {dagbag.py:545} INFO - Filling up the DagBag from /opt/airflow/dags/model_sample_dags.py
[2025-12-31T09:38:04.423+0000] {processor.py:840} INFO - DAG(s) 'train_model_sample' retrieved from /opt/airflow/dags/model_sample_dags.py
[2025-12-31T09:38:04.551+0000] {logging_mixin.py:188} INFO - [2025-12-31T09:38:04.550+0000] {dag.py:3089} INFO - Sync 1 DAGs
[2025-12-31T09:38:04.600+0000] {logging_mixin.py:188} INFO - [2025-12-31T09:38:04.600+0000] {dag.py:3947} INFO - Setting next_dagrun for train_model_sample to None, run_after=None
[2025-12-31T09:38:04.673+0000] {processor.py:183} INFO - Processing /opt/airflow/dags/model_sample_dags.py took 0.335 seconds
[2025-12-31T09:38:35.163+0000] {processor.py:161} INFO - Started process (PID=946) to work on /opt/airflow/dags/model_sample_dags.py
[2025-12-31T09:38:35.166+0000] {processor.py:830} INFO - Processing file /opt/airflow/dags/model_sample_dags.py for tasks to queue
[2025-12-31T09:38:35.171+0000] {logging_mixin.py:188} INFO - [2025-12-31T09:38:35.170+0000] {dagbag.py:545} INFO - Filling up the DagBag from /opt/airflow/dags/model_sample_dags.py
[2025-12-31T09:38:35.230+0000] {processor.py:840} INFO - DAG(s) 'train_model_sample' retrieved from /opt/airflow/dags/model_sample_dags.py
[2025-12-31T09:38:35.309+0000] {logging_mixin.py:188} INFO - [2025-12-31T09:38:35.308+0000] {dag.py:3089} INFO - Sync 1 DAGs
[2025-12-31T09:38:35.345+0000] {logging_mixin.py:188} INFO - [2025-12-31T09:38:35.344+0000] {dag.py:3947} INFO - Setting next_dagrun for train_model_sample to None, run_after=None
[2025-12-31T09:38:35.409+0000] {processor.py:183} INFO - Processing /opt/airflow/dags/model_sample_dags.py took 0.263 seconds
[2025-12-31T09:39:05.584+0000] {processor.py:161} INFO - Started process (PID=951) to work on /opt/airflow/dags/model_sample_dags.py
[2025-12-31T09:39:05.588+0000] {processor.py:830} INFO - Processing file /opt/airflow/dags/model_sample_dags.py for tasks to queue
[2025-12-31T09:39:05.595+0000] {logging_mixin.py:188} INFO - [2025-12-31T09:39:05.594+0000] {dagbag.py:545} INFO - Filling up the DagBag from /opt/airflow/dags/model_sample_dags.py
[2025-12-31T09:39:05.659+0000] {processor.py:840} INFO - DAG(s) 'train_model_sample' retrieved from /opt/airflow/dags/model_sample_dags.py
[2025-12-31T09:39:05.754+0000] {logging_mixin.py:188} INFO - [2025-12-31T09:39:05.753+0000] {dag.py:3089} INFO - Sync 1 DAGs
[2025-12-31T09:39:05.802+0000] {logging_mixin.py:188} INFO - [2025-12-31T09:39:05.801+0000] {dag.py:3947} INFO - Setting next_dagrun for train_model_sample to None, run_after=None
[2025-12-31T09:39:05.876+0000] {processor.py:183} INFO - Processing /opt/airflow/dags/model_sample_dags.py took 0.313 seconds
[2025-12-31T09:39:36.270+0000] {processor.py:161} INFO - Started process (PID=956) to work on /opt/airflow/dags/model_sample_dags.py
[2025-12-31T09:39:36.272+0000] {processor.py:830} INFO - Processing file /opt/airflow/dags/model_sample_dags.py for tasks to queue
[2025-12-31T09:39:36.315+0000] {logging_mixin.py:188} INFO - [2025-12-31T09:39:36.314+0000] {dagbag.py:545} INFO - Filling up the DagBag from /opt/airflow/dags/model_sample_dags.py
[2025-12-31T09:39:36.369+0000] {processor.py:840} INFO - DAG(s) 'train_model_sample' retrieved from /opt/airflow/dags/model_sample_dags.py
[2025-12-31T09:39:36.424+0000] {logging_mixin.py:188} INFO - [2025-12-31T09:39:36.423+0000] {dag.py:3089} INFO - Sync 1 DAGs
[2025-12-31T09:39:36.456+0000] {logging_mixin.py:188} INFO - [2025-12-31T09:39:36.456+0000] {dag.py:3947} INFO - Setting next_dagrun for train_model_sample to None, run_after=None
[2025-12-31T09:39:36.509+0000] {processor.py:183} INFO - Processing /opt/airflow/dags/model_sample_dags.py took 0.219 seconds
[2025-12-31T09:40:06.776+0000] {processor.py:161} INFO - Started process (PID=961) to work on /opt/airflow/dags/model_sample_dags.py
[2025-12-31T09:40:06.780+0000] {processor.py:830} INFO - Processing file /opt/airflow/dags/model_sample_dags.py for tasks to queue
[2025-12-31T09:40:06.786+0000] {logging_mixin.py:188} INFO - [2025-12-31T09:40:06.785+0000] {dagbag.py:545} INFO - Filling up the DagBag from /opt/airflow/dags/model_sample_dags.py
[2025-12-31T09:40:06.850+0000] {processor.py:840} INFO - DAG(s) 'train_model_sample' retrieved from /opt/airflow/dags/model_sample_dags.py
[2025-12-31T09:40:06.910+0000] {logging_mixin.py:188} INFO - [2025-12-31T09:40:06.910+0000] {dag.py:3089} INFO - Sync 1 DAGs
[2025-12-31T09:40:06.937+0000] {logging_mixin.py:188} INFO - [2025-12-31T09:40:06.936+0000] {dag.py:3947} INFO - Setting next_dagrun for train_model_sample to None, run_after=None
[2025-12-31T09:40:06.984+0000] {processor.py:183} INFO - Processing /opt/airflow/dags/model_sample_dags.py took 0.226 seconds
[2025-12-31T09:40:37.433+0000] {processor.py:161} INFO - Started process (PID=966) to work on /opt/airflow/dags/model_sample_dags.py
[2025-12-31T09:40:37.437+0000] {processor.py:830} INFO - Processing file /opt/airflow/dags/model_sample_dags.py for tasks to queue
[2025-12-31T09:40:37.445+0000] {logging_mixin.py:188} INFO - [2025-12-31T09:40:37.444+0000] {dagbag.py:545} INFO - Filling up the DagBag from /opt/airflow/dags/model_sample_dags.py
[2025-12-31T09:40:37.534+0000] {processor.py:840} INFO - DAG(s) 'train_model_sample' retrieved from /opt/airflow/dags/model_sample_dags.py
[2025-12-31T09:40:37.651+0000] {logging_mixin.py:188} INFO - [2025-12-31T09:40:37.650+0000] {dag.py:3089} INFO - Sync 1 DAGs
[2025-12-31T09:40:37.687+0000] {logging_mixin.py:188} INFO - [2025-12-31T09:40:37.687+0000] {dag.py:3947} INFO - Setting next_dagrun for train_model_sample to None, run_after=None
[2025-12-31T09:40:37.741+0000] {processor.py:183} INFO - Processing /opt/airflow/dags/model_sample_dags.py took 0.329 seconds
[2025-12-31T09:41:07.907+0000] {processor.py:161} INFO - Started process (PID=971) to work on /opt/airflow/dags/model_sample_dags.py
[2025-12-31T09:41:07.910+0000] {processor.py:830} INFO - Processing file /opt/airflow/dags/model_sample_dags.py for tasks to queue
[2025-12-31T09:41:07.915+0000] {logging_mixin.py:188} INFO - [2025-12-31T09:41:07.915+0000] {dagbag.py:545} INFO - Filling up the DagBag from /opt/airflow/dags/model_sample_dags.py
[2025-12-31T09:41:07.982+0000] {processor.py:840} INFO - DAG(s) 'train_model_sample' retrieved from /opt/airflow/dags/model_sample_dags.py
[2025-12-31T09:41:08.059+0000] {logging_mixin.py:188} INFO - [2025-12-31T09:41:08.058+0000] {dag.py:3089} INFO - Sync 1 DAGs
[2025-12-31T09:41:08.092+0000] {logging_mixin.py:188} INFO - [2025-12-31T09:41:08.091+0000] {dag.py:3947} INFO - Setting next_dagrun for train_model_sample to None, run_after=None
[2025-12-31T09:41:08.158+0000] {processor.py:183} INFO - Processing /opt/airflow/dags/model_sample_dags.py took 0.266 seconds
[2025-12-31T09:41:38.620+0000] {processor.py:161} INFO - Started process (PID=976) to work on /opt/airflow/dags/model_sample_dags.py
[2025-12-31T09:41:38.623+0000] {processor.py:830} INFO - Processing file /opt/airflow/dags/model_sample_dags.py for tasks to queue
[2025-12-31T09:41:38.629+0000] {logging_mixin.py:188} INFO - [2025-12-31T09:41:38.628+0000] {dagbag.py:545} INFO - Filling up the DagBag from /opt/airflow/dags/model_sample_dags.py
[2025-12-31T09:41:38.687+0000] {processor.py:840} INFO - DAG(s) 'train_model_sample' retrieved from /opt/airflow/dags/model_sample_dags.py
[2025-12-31T09:41:38.751+0000] {logging_mixin.py:188} INFO - [2025-12-31T09:41:38.750+0000] {dag.py:3089} INFO - Sync 1 DAGs
[2025-12-31T09:41:38.779+0000] {logging_mixin.py:188} INFO - [2025-12-31T09:41:38.778+0000] {dag.py:3947} INFO - Setting next_dagrun for train_model_sample to None, run_after=None
[2025-12-31T09:41:38.830+0000] {processor.py:183} INFO - Processing /opt/airflow/dags/model_sample_dags.py took 0.229 seconds
[2025-12-31T09:42:09.114+0000] {processor.py:161} INFO - Started process (PID=981) to work on /opt/airflow/dags/model_sample_dags.py
[2025-12-31T09:42:09.120+0000] {processor.py:830} INFO - Processing file /opt/airflow/dags/model_sample_dags.py for tasks to queue
[2025-12-31T09:42:09.128+0000] {logging_mixin.py:188} INFO - [2025-12-31T09:42:09.127+0000] {dagbag.py:545} INFO - Filling up the DagBag from /opt/airflow/dags/model_sample_dags.py
[2025-12-31T09:42:09.217+0000] {processor.py:840} INFO - DAG(s) 'train_model_sample' retrieved from /opt/airflow/dags/model_sample_dags.py
[2025-12-31T09:42:09.302+0000] {logging_mixin.py:188} INFO - [2025-12-31T09:42:09.301+0000] {dag.py:3089} INFO - Sync 1 DAGs
[2025-12-31T09:42:09.340+0000] {logging_mixin.py:188} INFO - [2025-12-31T09:42:09.339+0000] {dag.py:3947} INFO - Setting next_dagrun for train_model_sample to None, run_after=None
[2025-12-31T09:42:09.413+0000] {processor.py:183} INFO - Processing /opt/airflow/dags/model_sample_dags.py took 0.324 seconds
[2025-12-31T09:42:39.777+0000] {processor.py:161} INFO - Started process (PID=986) to work on /opt/airflow/dags/model_sample_dags.py
[2025-12-31T09:42:39.782+0000] {processor.py:830} INFO - Processing file /opt/airflow/dags/model_sample_dags.py for tasks to queue
[2025-12-31T09:42:39.793+0000] {logging_mixin.py:188} INFO - [2025-12-31T09:42:39.791+0000] {dagbag.py:545} INFO - Filling up the DagBag from /opt/airflow/dags/model_sample_dags.py
[2025-12-31T09:42:39.868+0000] {processor.py:840} INFO - DAG(s) 'train_model_sample' retrieved from /opt/airflow/dags/model_sample_dags.py
[2025-12-31T09:42:39.946+0000] {logging_mixin.py:188} INFO - [2025-12-31T09:42:39.945+0000] {dag.py:3089} INFO - Sync 1 DAGs
[2025-12-31T09:42:39.981+0000] {logging_mixin.py:188} INFO - [2025-12-31T09:42:39.980+0000] {dag.py:3947} INFO - Setting next_dagrun for train_model_sample to None, run_after=None
[2025-12-31T09:42:40.040+0000] {processor.py:183} INFO - Processing /opt/airflow/dags/model_sample_dags.py took 0.295 seconds
[2025-12-31T09:43:10.334+0000] {processor.py:161} INFO - Started process (PID=991) to work on /opt/airflow/dags/model_sample_dags.py
[2025-12-31T09:43:10.338+0000] {processor.py:830} INFO - Processing file /opt/airflow/dags/model_sample_dags.py for tasks to queue
[2025-12-31T09:43:10.344+0000] {logging_mixin.py:188} INFO - [2025-12-31T09:43:10.343+0000] {dagbag.py:545} INFO - Filling up the DagBag from /opt/airflow/dags/model_sample_dags.py
[2025-12-31T09:43:10.427+0000] {processor.py:840} INFO - DAG(s) 'train_model_sample' retrieved from /opt/airflow/dags/model_sample_dags.py
[2025-12-31T09:43:10.512+0000] {logging_mixin.py:188} INFO - [2025-12-31T09:43:10.511+0000] {dag.py:3089} INFO - Sync 1 DAGs
[2025-12-31T09:43:10.546+0000] {logging_mixin.py:188} INFO - [2025-12-31T09:43:10.545+0000] {dag.py:3947} INFO - Setting next_dagrun for train_model_sample to None, run_after=None
[2025-12-31T09:43:10.617+0000] {processor.py:183} INFO - Processing /opt/airflow/dags/model_sample_dags.py took 0.300 seconds
[2025-12-31T09:43:41.090+0000] {processor.py:161} INFO - Started process (PID=996) to work on /opt/airflow/dags/model_sample_dags.py
[2025-12-31T09:43:41.097+0000] {processor.py:830} INFO - Processing file /opt/airflow/dags/model_sample_dags.py for tasks to queue
[2025-12-31T09:43:41.107+0000] {logging_mixin.py:188} INFO - [2025-12-31T09:43:41.106+0000] {dagbag.py:545} INFO - Filling up the DagBag from /opt/airflow/dags/model_sample_dags.py
[2025-12-31T09:43:41.198+0000] {processor.py:840} INFO - DAG(s) 'train_model_sample' retrieved from /opt/airflow/dags/model_sample_dags.py
[2025-12-31T09:43:41.268+0000] {logging_mixin.py:188} INFO - [2025-12-31T09:43:41.267+0000] {dag.py:3089} INFO - Sync 1 DAGs
[2025-12-31T09:43:41.301+0000] {logging_mixin.py:188} INFO - [2025-12-31T09:43:41.301+0000] {dag.py:3947} INFO - Setting next_dagrun for train_model_sample to None, run_after=None
[2025-12-31T09:43:41.359+0000] {processor.py:183} INFO - Processing /opt/airflow/dags/model_sample_dags.py took 0.303 seconds
[2025-12-31T09:44:11.530+0000] {processor.py:161} INFO - Started process (PID=1001) to work on /opt/airflow/dags/model_sample_dags.py
[2025-12-31T09:44:11.533+0000] {processor.py:830} INFO - Processing file /opt/airflow/dags/model_sample_dags.py for tasks to queue
[2025-12-31T09:44:11.539+0000] {logging_mixin.py:188} INFO - [2025-12-31T09:44:11.538+0000] {dagbag.py:545} INFO - Filling up the DagBag from /opt/airflow/dags/model_sample_dags.py
[2025-12-31T09:44:11.620+0000] {processor.py:840} INFO - DAG(s) 'train_model_sample' retrieved from /opt/airflow/dags/model_sample_dags.py
[2025-12-31T09:44:11.695+0000] {logging_mixin.py:188} INFO - [2025-12-31T09:44:11.694+0000] {dag.py:3089} INFO - Sync 1 DAGs
[2025-12-31T09:44:11.727+0000] {logging_mixin.py:188} INFO - [2025-12-31T09:44:11.726+0000] {dag.py:3947} INFO - Setting next_dagrun for train_model_sample to None, run_after=None
[2025-12-31T09:44:11.799+0000] {processor.py:183} INFO - Processing /opt/airflow/dags/model_sample_dags.py took 0.286 seconds
[2025-12-31T09:44:42.257+0000] {processor.py:161} INFO - Started process (PID=1006) to work on /opt/airflow/dags/model_sample_dags.py
[2025-12-31T09:44:42.261+0000] {processor.py:830} INFO - Processing file /opt/airflow/dags/model_sample_dags.py for tasks to queue
[2025-12-31T09:44:42.266+0000] {logging_mixin.py:188} INFO - [2025-12-31T09:44:42.265+0000] {dagbag.py:545} INFO - Filling up the DagBag from /opt/airflow/dags/model_sample_dags.py
[2025-12-31T09:44:42.341+0000] {processor.py:840} INFO - DAG(s) 'train_model_sample' retrieved from /opt/airflow/dags/model_sample_dags.py
[2025-12-31T09:44:42.411+0000] {logging_mixin.py:188} INFO - [2025-12-31T09:44:42.410+0000] {dag.py:3089} INFO - Sync 1 DAGs
[2025-12-31T09:44:42.444+0000] {logging_mixin.py:188} INFO - [2025-12-31T09:44:42.443+0000] {dag.py:3947} INFO - Setting next_dagrun for train_model_sample to None, run_after=None
[2025-12-31T09:44:42.518+0000] {processor.py:183} INFO - Processing /opt/airflow/dags/model_sample_dags.py took 0.276 seconds
[2025-12-31T09:45:12.714+0000] {processor.py:161} INFO - Started process (PID=1011) to work on /opt/airflow/dags/model_sample_dags.py
[2025-12-31T09:45:12.721+0000] {processor.py:830} INFO - Processing file /opt/airflow/dags/model_sample_dags.py for tasks to queue
[2025-12-31T09:45:12.728+0000] {logging_mixin.py:188} INFO - [2025-12-31T09:45:12.727+0000] {dagbag.py:545} INFO - Filling up the DagBag from /opt/airflow/dags/model_sample_dags.py
[2025-12-31T09:45:12.821+0000] {processor.py:840} INFO - DAG(s) 'train_model_sample' retrieved from /opt/airflow/dags/model_sample_dags.py
[2025-12-31T09:45:12.915+0000] {logging_mixin.py:188} INFO - [2025-12-31T09:45:12.914+0000] {dag.py:3089} INFO - Sync 1 DAGs
[2025-12-31T09:45:12.958+0000] {logging_mixin.py:188} INFO - [2025-12-31T09:45:12.957+0000] {dag.py:3947} INFO - Setting next_dagrun for train_model_sample to None, run_after=None
[2025-12-31T09:45:13.031+0000] {processor.py:183} INFO - Processing /opt/airflow/dags/model_sample_dags.py took 0.338 seconds
[2025-12-31T09:45:43.413+0000] {processor.py:161} INFO - Started process (PID=1016) to work on /opt/airflow/dags/model_sample_dags.py
[2025-12-31T09:45:43.416+0000] {processor.py:830} INFO - Processing file /opt/airflow/dags/model_sample_dags.py for tasks to queue
[2025-12-31T09:45:43.422+0000] {logging_mixin.py:188} INFO - [2025-12-31T09:45:43.421+0000] {dagbag.py:545} INFO - Filling up the DagBag from /opt/airflow/dags/model_sample_dags.py
[2025-12-31T09:45:43.511+0000] {processor.py:840} INFO - DAG(s) 'train_model_sample' retrieved from /opt/airflow/dags/model_sample_dags.py
[2025-12-31T09:45:43.586+0000] {logging_mixin.py:188} INFO - [2025-12-31T09:45:43.585+0000] {dag.py:3089} INFO - Sync 1 DAGs
[2025-12-31T09:45:43.623+0000] {logging_mixin.py:188} INFO - [2025-12-31T09:45:43.623+0000] {dag.py:3947} INFO - Setting next_dagrun for train_model_sample to None, run_after=None
[2025-12-31T09:45:43.691+0000] {processor.py:183} INFO - Processing /opt/airflow/dags/model_sample_dags.py took 0.294 seconds
[2025-12-31T09:46:13.996+0000] {processor.py:161} INFO - Started process (PID=1021) to work on /opt/airflow/dags/model_sample_dags.py
[2025-12-31T09:46:14.000+0000] {processor.py:830} INFO - Processing file /opt/airflow/dags/model_sample_dags.py for tasks to queue
[2025-12-31T09:46:14.007+0000] {logging_mixin.py:188} INFO - [2025-12-31T09:46:14.006+0000] {dagbag.py:545} INFO - Filling up the DagBag from /opt/airflow/dags/model_sample_dags.py
[2025-12-31T09:46:14.095+0000] {processor.py:840} INFO - DAG(s) 'train_model_sample' retrieved from /opt/airflow/dags/model_sample_dags.py
[2025-12-31T09:46:14.177+0000] {logging_mixin.py:188} INFO - [2025-12-31T09:46:14.176+0000] {dag.py:3089} INFO - Sync 1 DAGs
[2025-12-31T09:46:14.208+0000] {logging_mixin.py:188} INFO - [2025-12-31T09:46:14.207+0000] {dag.py:3947} INFO - Setting next_dagrun for train_model_sample to None, run_after=None
[2025-12-31T09:46:14.270+0000] {processor.py:183} INFO - Processing /opt/airflow/dags/model_sample_dags.py took 0.296 seconds
[2025-12-31T09:46:44.586+0000] {processor.py:161} INFO - Started process (PID=1026) to work on /opt/airflow/dags/model_sample_dags.py
[2025-12-31T09:46:44.589+0000] {processor.py:830} INFO - Processing file /opt/airflow/dags/model_sample_dags.py for tasks to queue
[2025-12-31T09:46:44.594+0000] {logging_mixin.py:188} INFO - [2025-12-31T09:46:44.594+0000] {dagbag.py:545} INFO - Filling up the DagBag from /opt/airflow/dags/model_sample_dags.py
[2025-12-31T09:46:44.633+0000] {processor.py:840} INFO - DAG(s) 'train_model_sample' retrieved from /opt/airflow/dags/model_sample_dags.py
[2025-12-31T09:46:44.675+0000] {logging_mixin.py:188} INFO - [2025-12-31T09:46:44.674+0000] {dag.py:3089} INFO - Sync 1 DAGs
[2025-12-31T09:46:44.696+0000] {logging_mixin.py:188} INFO - [2025-12-31T09:46:44.696+0000] {dag.py:3947} INFO - Setting next_dagrun for train_model_sample to None, run_after=None
[2025-12-31T09:46:44.734+0000] {processor.py:183} INFO - Processing /opt/airflow/dags/model_sample_dags.py took 0.160 seconds
[2025-12-31T09:47:15.210+0000] {processor.py:161} INFO - Started process (PID=1031) to work on /opt/airflow/dags/model_sample_dags.py
[2025-12-31T09:47:15.214+0000] {processor.py:830} INFO - Processing file /opt/airflow/dags/model_sample_dags.py for tasks to queue
[2025-12-31T09:47:15.222+0000] {logging_mixin.py:188} INFO - [2025-12-31T09:47:15.221+0000] {dagbag.py:545} INFO - Filling up the DagBag from /opt/airflow/dags/model_sample_dags.py
[2025-12-31T09:47:15.303+0000] {processor.py:840} INFO - DAG(s) 'train_model_sample' retrieved from /opt/airflow/dags/model_sample_dags.py
[2025-12-31T09:47:15.364+0000] {logging_mixin.py:188} INFO - [2025-12-31T09:47:15.363+0000] {dag.py:3089} INFO - Sync 1 DAGs
[2025-12-31T09:47:15.390+0000] {logging_mixin.py:188} INFO - [2025-12-31T09:47:15.390+0000] {dag.py:3947} INFO - Setting next_dagrun for train_model_sample to None, run_after=None
[2025-12-31T09:47:15.449+0000] {processor.py:183} INFO - Processing /opt/airflow/dags/model_sample_dags.py took 0.260 seconds
[2025-12-31T09:47:45.775+0000] {processor.py:161} INFO - Started process (PID=1036) to work on /opt/airflow/dags/model_sample_dags.py
[2025-12-31T09:47:45.779+0000] {processor.py:830} INFO - Processing file /opt/airflow/dags/model_sample_dags.py for tasks to queue
[2025-12-31T09:47:45.788+0000] {logging_mixin.py:188} INFO - [2025-12-31T09:47:45.787+0000] {dagbag.py:545} INFO - Filling up the DagBag from /opt/airflow/dags/model_sample_dags.py
[2025-12-31T09:47:45.876+0000] {processor.py:840} INFO - DAG(s) 'train_model_sample' retrieved from /opt/airflow/dags/model_sample_dags.py
[2025-12-31T09:47:45.956+0000] {logging_mixin.py:188} INFO - [2025-12-31T09:47:45.955+0000] {dag.py:3089} INFO - Sync 1 DAGs
[2025-12-31T09:47:45.980+0000] {logging_mixin.py:188} INFO - [2025-12-31T09:47:45.980+0000] {dag.py:3947} INFO - Setting next_dagrun for train_model_sample to None, run_after=None
[2025-12-31T09:47:46.027+0000] {processor.py:183} INFO - Processing /opt/airflow/dags/model_sample_dags.py took 0.279 seconds
[2025-12-31T09:48:16.340+0000] {processor.py:161} INFO - Started process (PID=1041) to work on /opt/airflow/dags/model_sample_dags.py
[2025-12-31T09:48:16.343+0000] {processor.py:830} INFO - Processing file /opt/airflow/dags/model_sample_dags.py for tasks to queue
[2025-12-31T09:48:16.347+0000] {logging_mixin.py:188} INFO - [2025-12-31T09:48:16.346+0000] {dagbag.py:545} INFO - Filling up the DagBag from /opt/airflow/dags/model_sample_dags.py
[2025-12-31T09:48:16.415+0000] {processor.py:840} INFO - DAG(s) 'train_model_sample' retrieved from /opt/airflow/dags/model_sample_dags.py
[2025-12-31T09:48:16.503+0000] {logging_mixin.py:188} INFO - [2025-12-31T09:48:16.503+0000] {dag.py:3089} INFO - Sync 1 DAGs
[2025-12-31T09:48:16.532+0000] {logging_mixin.py:188} INFO - [2025-12-31T09:48:16.531+0000] {dag.py:3947} INFO - Setting next_dagrun for train_model_sample to None, run_after=None
[2025-12-31T09:48:16.607+0000] {processor.py:183} INFO - Processing /opt/airflow/dags/model_sample_dags.py took 0.283 seconds
[2025-12-31T09:48:46.913+0000] {processor.py:161} INFO - Started process (PID=1046) to work on /opt/airflow/dags/model_sample_dags.py
[2025-12-31T09:48:46.916+0000] {processor.py:830} INFO - Processing file /opt/airflow/dags/model_sample_dags.py for tasks to queue
[2025-12-31T09:48:46.921+0000] {logging_mixin.py:188} INFO - [2025-12-31T09:48:46.920+0000] {dagbag.py:545} INFO - Filling up the DagBag from /opt/airflow/dags/model_sample_dags.py
[2025-12-31T09:48:46.984+0000] {processor.py:840} INFO - DAG(s) 'train_model_sample' retrieved from /opt/airflow/dags/model_sample_dags.py
[2025-12-31T09:48:47.054+0000] {logging_mixin.py:188} INFO - [2025-12-31T09:48:47.054+0000] {dag.py:3089} INFO - Sync 1 DAGs
[2025-12-31T09:48:47.086+0000] {logging_mixin.py:188} INFO - [2025-12-31T09:48:47.085+0000] {dag.py:3947} INFO - Setting next_dagrun for train_model_sample to None, run_after=None
[2025-12-31T09:48:47.142+0000] {processor.py:183} INFO - Processing /opt/airflow/dags/model_sample_dags.py took 0.245 seconds
[2025-12-31T09:49:17.456+0000] {processor.py:161} INFO - Started process (PID=1051) to work on /opt/airflow/dags/model_sample_dags.py
[2025-12-31T09:49:17.458+0000] {processor.py:830} INFO - Processing file /opt/airflow/dags/model_sample_dags.py for tasks to queue
[2025-12-31T09:49:17.461+0000] {logging_mixin.py:188} INFO - [2025-12-31T09:49:17.461+0000] {dagbag.py:545} INFO - Filling up the DagBag from /opt/airflow/dags/model_sample_dags.py
[2025-12-31T09:49:17.505+0000] {processor.py:840} INFO - DAG(s) 'train_model_sample' retrieved from /opt/airflow/dags/model_sample_dags.py
[2025-12-31T09:49:17.569+0000] {logging_mixin.py:188} INFO - [2025-12-31T09:49:17.568+0000] {dag.py:3089} INFO - Sync 1 DAGs
[2025-12-31T09:49:17.594+0000] {logging_mixin.py:188} INFO - [2025-12-31T09:49:17.594+0000] {dag.py:3947} INFO - Setting next_dagrun for train_model_sample to None, run_after=None
[2025-12-31T09:49:17.639+0000] {processor.py:183} INFO - Processing /opt/airflow/dags/model_sample_dags.py took 0.196 seconds
[2025-12-31T09:49:47.975+0000] {processor.py:161} INFO - Started process (PID=1056) to work on /opt/airflow/dags/model_sample_dags.py
[2025-12-31T09:49:47.978+0000] {processor.py:830} INFO - Processing file /opt/airflow/dags/model_sample_dags.py for tasks to queue
[2025-12-31T09:49:47.982+0000] {logging_mixin.py:188} INFO - [2025-12-31T09:49:47.981+0000] {dagbag.py:545} INFO - Filling up the DagBag from /opt/airflow/dags/model_sample_dags.py
[2025-12-31T09:49:48.041+0000] {processor.py:840} INFO - DAG(s) 'train_model_sample' retrieved from /opt/airflow/dags/model_sample_dags.py
[2025-12-31T09:49:48.094+0000] {logging_mixin.py:188} INFO - [2025-12-31T09:49:48.094+0000] {dag.py:3089} INFO - Sync 1 DAGs
[2025-12-31T09:49:48.118+0000] {logging_mixin.py:188} INFO - [2025-12-31T09:49:48.117+0000] {dag.py:3947} INFO - Setting next_dagrun for train_model_sample to None, run_after=None
[2025-12-31T09:49:48.170+0000] {processor.py:183} INFO - Processing /opt/airflow/dags/model_sample_dags.py took 0.207 seconds
[2025-12-31T09:50:18.474+0000] {processor.py:161} INFO - Started process (PID=1061) to work on /opt/airflow/dags/model_sample_dags.py
[2025-12-31T09:50:18.477+0000] {processor.py:830} INFO - Processing file /opt/airflow/dags/model_sample_dags.py for tasks to queue
[2025-12-31T09:50:18.483+0000] {logging_mixin.py:188} INFO - [2025-12-31T09:50:18.482+0000] {dagbag.py:545} INFO - Filling up the DagBag from /opt/airflow/dags/model_sample_dags.py
[2025-12-31T09:50:18.566+0000] {processor.py:840} INFO - DAG(s) 'train_model_sample' retrieved from /opt/airflow/dags/model_sample_dags.py
[2025-12-31T09:50:18.621+0000] {logging_mixin.py:188} INFO - [2025-12-31T09:50:18.620+0000] {dag.py:3089} INFO - Sync 1 DAGs
[2025-12-31T09:50:18.657+0000] {logging_mixin.py:188} INFO - [2025-12-31T09:50:18.656+0000] {dag.py:3947} INFO - Setting next_dagrun for train_model_sample to None, run_after=None
[2025-12-31T09:50:18.710+0000] {processor.py:183} INFO - Processing /opt/airflow/dags/model_sample_dags.py took 0.253 seconds
[2025-12-31T09:50:49.026+0000] {processor.py:161} INFO - Started process (PID=1066) to work on /opt/airflow/dags/model_sample_dags.py
[2025-12-31T09:50:49.029+0000] {processor.py:830} INFO - Processing file /opt/airflow/dags/model_sample_dags.py for tasks to queue
[2025-12-31T09:50:49.034+0000] {logging_mixin.py:188} INFO - [2025-12-31T09:50:49.033+0000] {dagbag.py:545} INFO - Filling up the DagBag from /opt/airflow/dags/model_sample_dags.py
[2025-12-31T09:50:49.112+0000] {processor.py:840} INFO - DAG(s) 'train_model_sample' retrieved from /opt/airflow/dags/model_sample_dags.py
[2025-12-31T09:50:49.183+0000] {logging_mixin.py:188} INFO - [2025-12-31T09:50:49.182+0000] {dag.py:3089} INFO - Sync 1 DAGs
[2025-12-31T09:50:49.212+0000] {logging_mixin.py:188} INFO - [2025-12-31T09:50:49.211+0000] {dag.py:3947} INFO - Setting next_dagrun for train_model_sample to None, run_after=None
[2025-12-31T09:50:49.268+0000] {processor.py:183} INFO - Processing /opt/airflow/dags/model_sample_dags.py took 0.258 seconds
[2025-12-31T09:51:19.515+0000] {processor.py:161} INFO - Started process (PID=1071) to work on /opt/airflow/dags/model_sample_dags.py
[2025-12-31T09:51:19.518+0000] {processor.py:830} INFO - Processing file /opt/airflow/dags/model_sample_dags.py for tasks to queue
[2025-12-31T09:51:19.523+0000] {logging_mixin.py:188} INFO - [2025-12-31T09:51:19.522+0000] {dagbag.py:545} INFO - Filling up the DagBag from /opt/airflow/dags/model_sample_dags.py
[2025-12-31T09:51:19.605+0000] {processor.py:840} INFO - DAG(s) 'train_model_sample' retrieved from /opt/airflow/dags/model_sample_dags.py
[2025-12-31T09:51:19.680+0000] {logging_mixin.py:188} INFO - [2025-12-31T09:51:19.679+0000] {dag.py:3089} INFO - Sync 1 DAGs
[2025-12-31T09:51:19.711+0000] {logging_mixin.py:188} INFO - [2025-12-31T09:51:19.710+0000] {dag.py:3947} INFO - Setting next_dagrun for train_model_sample to None, run_after=None
[2025-12-31T09:51:19.773+0000] {processor.py:183} INFO - Processing /opt/airflow/dags/model_sample_dags.py took 0.273 seconds
[2025-12-31T09:51:50.069+0000] {processor.py:161} INFO - Started process (PID=1076) to work on /opt/airflow/dags/model_sample_dags.py
[2025-12-31T09:51:50.071+0000] {processor.py:830} INFO - Processing file /opt/airflow/dags/model_sample_dags.py for tasks to queue
[2025-12-31T09:51:50.075+0000] {logging_mixin.py:188} INFO - [2025-12-31T09:51:50.074+0000] {dagbag.py:545} INFO - Filling up the DagBag from /opt/airflow/dags/model_sample_dags.py
[2025-12-31T09:51:50.128+0000] {processor.py:840} INFO - DAG(s) 'train_model_sample' retrieved from /opt/airflow/dags/model_sample_dags.py
[2025-12-31T09:51:50.177+0000] {logging_mixin.py:188} INFO - [2025-12-31T09:51:50.177+0000] {dag.py:3089} INFO - Sync 1 DAGs
[2025-12-31T09:51:50.198+0000] {logging_mixin.py:188} INFO - [2025-12-31T09:51:50.198+0000] {dag.py:3947} INFO - Setting next_dagrun for train_model_sample to None, run_after=None
[2025-12-31T09:51:50.238+0000] {processor.py:183} INFO - Processing /opt/airflow/dags/model_sample_dags.py took 0.182 seconds
[2025-12-31T09:52:20.572+0000] {processor.py:161} INFO - Started process (PID=1081) to work on /opt/airflow/dags/model_sample_dags.py
[2025-12-31T09:52:20.577+0000] {processor.py:830} INFO - Processing file /opt/airflow/dags/model_sample_dags.py for tasks to queue
[2025-12-31T09:52:20.582+0000] {logging_mixin.py:188} INFO - [2025-12-31T09:52:20.582+0000] {dagbag.py:545} INFO - Filling up the DagBag from /opt/airflow/dags/model_sample_dags.py
[2025-12-31T09:52:20.660+0000] {processor.py:840} INFO - DAG(s) 'train_model_sample' retrieved from /opt/airflow/dags/model_sample_dags.py
[2025-12-31T09:52:20.714+0000] {logging_mixin.py:188} INFO - [2025-12-31T09:52:20.713+0000] {dag.py:3089} INFO - Sync 1 DAGs
[2025-12-31T09:52:20.736+0000] {logging_mixin.py:188} INFO - [2025-12-31T09:52:20.735+0000] {dag.py:3947} INFO - Setting next_dagrun for train_model_sample to None, run_after=None
[2025-12-31T09:52:20.780+0000] {processor.py:183} INFO - Processing /opt/airflow/dags/model_sample_dags.py took 0.229 seconds
[2025-12-31T09:52:51.224+0000] {processor.py:161} INFO - Started process (PID=1086) to work on /opt/airflow/dags/model_sample_dags.py
[2025-12-31T09:52:51.228+0000] {processor.py:830} INFO - Processing file /opt/airflow/dags/model_sample_dags.py for tasks to queue
[2025-12-31T09:52:51.234+0000] {logging_mixin.py:188} INFO - [2025-12-31T09:52:51.233+0000] {dagbag.py:545} INFO - Filling up the DagBag from /opt/airflow/dags/model_sample_dags.py
[2025-12-31T09:52:51.337+0000] {processor.py:840} INFO - DAG(s) 'train_model_sample' retrieved from /opt/airflow/dags/model_sample_dags.py
[2025-12-31T09:52:51.423+0000] {logging_mixin.py:188} INFO - [2025-12-31T09:52:51.423+0000] {dag.py:3089} INFO - Sync 1 DAGs
[2025-12-31T09:52:51.465+0000] {logging_mixin.py:188} INFO - [2025-12-31T09:52:51.464+0000] {dag.py:3947} INFO - Setting next_dagrun for train_model_sample to None, run_after=None
[2025-12-31T09:52:51.566+0000] {processor.py:183} INFO - Processing /opt/airflow/dags/model_sample_dags.py took 0.359 seconds
[2025-12-31T09:53:22.029+0000] {processor.py:161} INFO - Started process (PID=1091) to work on /opt/airflow/dags/model_sample_dags.py
[2025-12-31T09:53:22.031+0000] {processor.py:830} INFO - Processing file /opt/airflow/dags/model_sample_dags.py for tasks to queue
[2025-12-31T09:53:22.035+0000] {logging_mixin.py:188} INFO - [2025-12-31T09:53:22.035+0000] {dagbag.py:545} INFO - Filling up the DagBag from /opt/airflow/dags/model_sample_dags.py
[2025-12-31T09:53:22.096+0000] {processor.py:840} INFO - DAG(s) 'train_model_sample' retrieved from /opt/airflow/dags/model_sample_dags.py
[2025-12-31T09:53:22.145+0000] {logging_mixin.py:188} INFO - [2025-12-31T09:53:22.144+0000] {dag.py:3089} INFO - Sync 1 DAGs
[2025-12-31T09:53:22.168+0000] {logging_mixin.py:188} INFO - [2025-12-31T09:53:22.168+0000] {dag.py:3947} INFO - Setting next_dagrun for train_model_sample to None, run_after=None
[2025-12-31T09:53:22.208+0000] {processor.py:183} INFO - Processing /opt/airflow/dags/model_sample_dags.py took 0.192 seconds
[2025-12-31T09:53:52.413+0000] {processor.py:161} INFO - Started process (PID=1096) to work on /opt/airflow/dags/model_sample_dags.py
[2025-12-31T09:53:52.416+0000] {processor.py:830} INFO - Processing file /opt/airflow/dags/model_sample_dags.py for tasks to queue
[2025-12-31T09:53:52.421+0000] {logging_mixin.py:188} INFO - [2025-12-31T09:53:52.420+0000] {dagbag.py:545} INFO - Filling up the DagBag from /opt/airflow/dags/model_sample_dags.py
[2025-12-31T09:53:52.487+0000] {processor.py:840} INFO - DAG(s) 'train_model_sample' retrieved from /opt/airflow/dags/model_sample_dags.py
[2025-12-31T09:53:52.561+0000] {logging_mixin.py:188} INFO - [2025-12-31T09:53:52.561+0000] {dag.py:3089} INFO - Sync 1 DAGs
[2025-12-31T09:53:52.603+0000] {logging_mixin.py:188} INFO - [2025-12-31T09:53:52.602+0000] {dag.py:3947} INFO - Setting next_dagrun for train_model_sample to None, run_after=None
[2025-12-31T09:53:52.676+0000] {processor.py:183} INFO - Processing /opt/airflow/dags/model_sample_dags.py took 0.280 seconds
[2025-12-31T09:54:23.035+0000] {processor.py:161} INFO - Started process (PID=1101) to work on /opt/airflow/dags/model_sample_dags.py
[2025-12-31T09:54:23.038+0000] {processor.py:830} INFO - Processing file /opt/airflow/dags/model_sample_dags.py for tasks to queue
[2025-12-31T09:54:23.043+0000] {logging_mixin.py:188} INFO - [2025-12-31T09:54:23.042+0000] {dagbag.py:545} INFO - Filling up the DagBag from /opt/airflow/dags/model_sample_dags.py
[2025-12-31T09:54:23.106+0000] {processor.py:840} INFO - DAG(s) 'train_model_sample' retrieved from /opt/airflow/dags/model_sample_dags.py
[2025-12-31T09:54:23.162+0000] {logging_mixin.py:188} INFO - [2025-12-31T09:54:23.161+0000] {dag.py:3089} INFO - Sync 1 DAGs
[2025-12-31T09:54:23.192+0000] {logging_mixin.py:188} INFO - [2025-12-31T09:54:23.192+0000] {dag.py:3947} INFO - Setting next_dagrun for train_model_sample to None, run_after=None
[2025-12-31T09:54:23.237+0000] {processor.py:183} INFO - Processing /opt/airflow/dags/model_sample_dags.py took 0.218 seconds
[2025-12-31T09:54:53.407+0000] {processor.py:161} INFO - Started process (PID=1106) to work on /opt/airflow/dags/model_sample_dags.py
[2025-12-31T09:54:53.410+0000] {processor.py:830} INFO - Processing file /opt/airflow/dags/model_sample_dags.py for tasks to queue
[2025-12-31T09:54:53.415+0000] {logging_mixin.py:188} INFO - [2025-12-31T09:54:53.414+0000] {dagbag.py:545} INFO - Filling up the DagBag from /opt/airflow/dags/model_sample_dags.py
[2025-12-31T09:54:53.473+0000] {processor.py:840} INFO - DAG(s) 'train_model_sample' retrieved from /opt/airflow/dags/model_sample_dags.py
[2025-12-31T09:54:53.527+0000] {logging_mixin.py:188} INFO - [2025-12-31T09:54:53.527+0000] {dag.py:3089} INFO - Sync 1 DAGs
[2025-12-31T09:54:53.549+0000] {logging_mixin.py:188} INFO - [2025-12-31T09:54:53.548+0000] {dag.py:3947} INFO - Setting next_dagrun for train_model_sample to None, run_after=None
[2025-12-31T09:54:53.593+0000] {processor.py:183} INFO - Processing /opt/airflow/dags/model_sample_dags.py took 0.200 seconds
[2025-12-31T09:55:24.035+0000] {processor.py:161} INFO - Started process (PID=1111) to work on /opt/airflow/dags/model_sample_dags.py
[2025-12-31T09:55:24.038+0000] {processor.py:830} INFO - Processing file /opt/airflow/dags/model_sample_dags.py for tasks to queue
[2025-12-31T09:55:24.042+0000] {logging_mixin.py:188} INFO - [2025-12-31T09:55:24.041+0000] {dagbag.py:545} INFO - Filling up the DagBag from /opt/airflow/dags/model_sample_dags.py
[2025-12-31T09:55:24.099+0000] {processor.py:840} INFO - DAG(s) 'train_model_sample' retrieved from /opt/airflow/dags/model_sample_dags.py
[2025-12-31T09:55:24.162+0000] {logging_mixin.py:188} INFO - [2025-12-31T09:55:24.161+0000] {dag.py:3089} INFO - Sync 1 DAGs
[2025-12-31T09:55:24.187+0000] {logging_mixin.py:188} INFO - [2025-12-31T09:55:24.186+0000] {dag.py:3947} INFO - Setting next_dagrun for train_model_sample to None, run_after=None
[2025-12-31T09:55:24.228+0000] {processor.py:183} INFO - Processing /opt/airflow/dags/model_sample_dags.py took 0.206 seconds
[2025-12-31T09:55:54.428+0000] {processor.py:161} INFO - Started process (PID=1116) to work on /opt/airflow/dags/model_sample_dags.py
[2025-12-31T09:55:54.430+0000] {processor.py:830} INFO - Processing file /opt/airflow/dags/model_sample_dags.py for tasks to queue
[2025-12-31T09:55:54.435+0000] {logging_mixin.py:188} INFO - [2025-12-31T09:55:54.435+0000] {dagbag.py:545} INFO - Filling up the DagBag from /opt/airflow/dags/model_sample_dags.py
[2025-12-31T09:55:54.503+0000] {processor.py:840} INFO - DAG(s) 'train_model_sample' retrieved from /opt/airflow/dags/model_sample_dags.py
[2025-12-31T09:55:54.560+0000] {logging_mixin.py:188} INFO - [2025-12-31T09:55:54.559+0000] {dag.py:3089} INFO - Sync 1 DAGs
[2025-12-31T09:55:54.587+0000] {logging_mixin.py:188} INFO - [2025-12-31T09:55:54.587+0000] {dag.py:3947} INFO - Setting next_dagrun for train_model_sample to None, run_after=None
[2025-12-31T09:55:54.635+0000] {processor.py:183} INFO - Processing /opt/airflow/dags/model_sample_dags.py took 0.219 seconds
[2025-12-31T09:56:24.969+0000] {processor.py:161} INFO - Started process (PID=1121) to work on /opt/airflow/dags/model_sample_dags.py
[2025-12-31T09:56:24.971+0000] {processor.py:830} INFO - Processing file /opt/airflow/dags/model_sample_dags.py for tasks to queue
[2025-12-31T09:56:24.976+0000] {logging_mixin.py:188} INFO - [2025-12-31T09:56:24.975+0000] {dagbag.py:545} INFO - Filling up the DagBag from /opt/airflow/dags/model_sample_dags.py
[2025-12-31T09:56:25.018+0000] {processor.py:840} INFO - DAG(s) 'train_model_sample' retrieved from /opt/airflow/dags/model_sample_dags.py
[2025-12-31T09:56:25.068+0000] {logging_mixin.py:188} INFO - [2025-12-31T09:56:25.068+0000] {dag.py:3089} INFO - Sync 1 DAGs
[2025-12-31T09:56:25.102+0000] {logging_mixin.py:188} INFO - [2025-12-31T09:56:25.101+0000] {dag.py:3947} INFO - Setting next_dagrun for train_model_sample to None, run_after=None
[2025-12-31T09:56:25.153+0000] {processor.py:183} INFO - Processing /opt/airflow/dags/model_sample_dags.py took 0.195 seconds
[2025-12-31T09:56:55.364+0000] {processor.py:161} INFO - Started process (PID=1126) to work on /opt/airflow/dags/model_sample_dags.py
[2025-12-31T09:56:55.366+0000] {processor.py:830} INFO - Processing file /opt/airflow/dags/model_sample_dags.py for tasks to queue
[2025-12-31T09:56:55.369+0000] {logging_mixin.py:188} INFO - [2025-12-31T09:56:55.369+0000] {dagbag.py:545} INFO - Filling up the DagBag from /opt/airflow/dags/model_sample_dags.py
[2025-12-31T09:56:55.402+0000] {processor.py:840} INFO - DAG(s) 'train_model_sample' retrieved from /opt/airflow/dags/model_sample_dags.py
[2025-12-31T09:56:55.458+0000] {logging_mixin.py:188} INFO - [2025-12-31T09:56:55.457+0000] {dag.py:3089} INFO - Sync 1 DAGs
[2025-12-31T09:56:55.492+0000] {logging_mixin.py:188} INFO - [2025-12-31T09:56:55.491+0000] {dag.py:3947} INFO - Setting next_dagrun for train_model_sample to None, run_after=None
[2025-12-31T09:56:55.550+0000] {processor.py:183} INFO - Processing /opt/airflow/dags/model_sample_dags.py took 0.199 seconds
[2025-12-31T09:57:25.952+0000] {processor.py:161} INFO - Started process (PID=1131) to work on /opt/airflow/dags/model_sample_dags.py
[2025-12-31T09:57:25.955+0000] {processor.py:830} INFO - Processing file /opt/airflow/dags/model_sample_dags.py for tasks to queue
[2025-12-31T09:57:25.959+0000] {logging_mixin.py:188} INFO - [2025-12-31T09:57:25.958+0000] {dagbag.py:545} INFO - Filling up the DagBag from /opt/airflow/dags/model_sample_dags.py
[2025-12-31T09:57:26.016+0000] {processor.py:840} INFO - DAG(s) 'train_model_sample' retrieved from /opt/airflow/dags/model_sample_dags.py
[2025-12-31T09:57:26.068+0000] {logging_mixin.py:188} INFO - [2025-12-31T09:57:26.067+0000] {dag.py:3089} INFO - Sync 1 DAGs
[2025-12-31T09:57:26.092+0000] {logging_mixin.py:188} INFO - [2025-12-31T09:57:26.091+0000] {dag.py:3947} INFO - Setting next_dagrun for train_model_sample to None, run_after=None
[2025-12-31T09:57:26.137+0000] {processor.py:183} INFO - Processing /opt/airflow/dags/model_sample_dags.py took 0.202 seconds
[2025-12-31T09:57:56.498+0000] {processor.py:161} INFO - Started process (PID=1136) to work on /opt/airflow/dags/model_sample_dags.py
[2025-12-31T09:57:56.501+0000] {processor.py:830} INFO - Processing file /opt/airflow/dags/model_sample_dags.py for tasks to queue
[2025-12-31T09:57:56.506+0000] {logging_mixin.py:188} INFO - [2025-12-31T09:57:56.506+0000] {dagbag.py:545} INFO - Filling up the DagBag from /opt/airflow/dags/model_sample_dags.py
[2025-12-31T09:57:56.564+0000] {processor.py:840} INFO - DAG(s) 'train_model_sample' retrieved from /opt/airflow/dags/model_sample_dags.py
[2025-12-31T09:57:56.636+0000] {logging_mixin.py:188} INFO - [2025-12-31T09:57:56.635+0000] {dag.py:3089} INFO - Sync 1 DAGs
[2025-12-31T09:57:56.675+0000] {logging_mixin.py:188} INFO - [2025-12-31T09:57:56.674+0000] {dag.py:3947} INFO - Setting next_dagrun for train_model_sample to None, run_after=None
[2025-12-31T09:57:56.746+0000] {processor.py:183} INFO - Processing /opt/airflow/dags/model_sample_dags.py took 0.262 seconds
[2025-12-31T09:58:27.022+0000] {processor.py:161} INFO - Started process (PID=1141) to work on /opt/airflow/dags/model_sample_dags.py
[2025-12-31T09:58:27.028+0000] {processor.py:830} INFO - Processing file /opt/airflow/dags/model_sample_dags.py for tasks to queue
[2025-12-31T09:58:27.039+0000] {logging_mixin.py:188} INFO - [2025-12-31T09:58:27.036+0000] {dagbag.py:545} INFO - Filling up the DagBag from /opt/airflow/dags/model_sample_dags.py
[2025-12-31T09:58:27.123+0000] {processor.py:840} INFO - DAG(s) 'train_model_sample' retrieved from /opt/airflow/dags/model_sample_dags.py
[2025-12-31T09:58:27.213+0000] {logging_mixin.py:188} INFO - [2025-12-31T09:58:27.212+0000] {dag.py:3089} INFO - Sync 1 DAGs
[2025-12-31T09:58:27.248+0000] {logging_mixin.py:188} INFO - [2025-12-31T09:58:27.247+0000] {dag.py:3947} INFO - Setting next_dagrun for train_model_sample to None, run_after=None
[2025-12-31T09:58:27.315+0000] {processor.py:183} INFO - Processing /opt/airflow/dags/model_sample_dags.py took 0.316 seconds
[2025-12-31T09:58:57.663+0000] {processor.py:161} INFO - Started process (PID=1146) to work on /opt/airflow/dags/model_sample_dags.py
[2025-12-31T09:58:57.666+0000] {processor.py:830} INFO - Processing file /opt/airflow/dags/model_sample_dags.py for tasks to queue
[2025-12-31T09:58:57.671+0000] {logging_mixin.py:188} INFO - [2025-12-31T09:58:57.670+0000] {dagbag.py:545} INFO - Filling up the DagBag from /opt/airflow/dags/model_sample_dags.py
[2025-12-31T09:58:57.743+0000] {processor.py:840} INFO - DAG(s) 'train_model_sample' retrieved from /opt/airflow/dags/model_sample_dags.py
[2025-12-31T09:58:57.826+0000] {logging_mixin.py:188} INFO - [2025-12-31T09:58:57.825+0000] {dag.py:3089} INFO - Sync 1 DAGs
[2025-12-31T09:58:57.879+0000] {logging_mixin.py:188} INFO - [2025-12-31T09:58:57.877+0000] {dag.py:3947} INFO - Setting next_dagrun for train_model_sample to None, run_after=None
[2025-12-31T09:58:57.983+0000] {processor.py:183} INFO - Processing /opt/airflow/dags/model_sample_dags.py took 0.337 seconds
[2025-12-31T09:59:28.240+0000] {processor.py:161} INFO - Started process (PID=1151) to work on /opt/airflow/dags/model_sample_dags.py
[2025-12-31T09:59:28.243+0000] {processor.py:830} INFO - Processing file /opt/airflow/dags/model_sample_dags.py for tasks to queue
[2025-12-31T09:59:28.246+0000] {logging_mixin.py:188} INFO - [2025-12-31T09:59:28.246+0000] {dagbag.py:545} INFO - Filling up the DagBag from /opt/airflow/dags/model_sample_dags.py
[2025-12-31T09:59:28.303+0000] {processor.py:840} INFO - DAG(s) 'train_model_sample' retrieved from /opt/airflow/dags/model_sample_dags.py
[2025-12-31T09:59:28.353+0000] {logging_mixin.py:188} INFO - [2025-12-31T09:59:28.353+0000] {dag.py:3089} INFO - Sync 1 DAGs
[2025-12-31T09:59:28.381+0000] {logging_mixin.py:188} INFO - [2025-12-31T09:59:28.380+0000] {dag.py:3947} INFO - Setting next_dagrun for train_model_sample to None, run_after=None
[2025-12-31T09:59:28.423+0000] {processor.py:183} INFO - Processing /opt/airflow/dags/model_sample_dags.py took 0.195 seconds
[2025-12-31T09:59:58.843+0000] {processor.py:161} INFO - Started process (PID=1156) to work on /opt/airflow/dags/model_sample_dags.py
[2025-12-31T09:59:58.845+0000] {processor.py:830} INFO - Processing file /opt/airflow/dags/model_sample_dags.py for tasks to queue
[2025-12-31T09:59:58.850+0000] {logging_mixin.py:188} INFO - [2025-12-31T09:59:58.850+0000] {dagbag.py:545} INFO - Filling up the DagBag from /opt/airflow/dags/model_sample_dags.py
[2025-12-31T09:59:58.905+0000] {processor.py:840} INFO - DAG(s) 'train_model_sample' retrieved from /opt/airflow/dags/model_sample_dags.py
[2025-12-31T09:59:58.962+0000] {logging_mixin.py:188} INFO - [2025-12-31T09:59:58.962+0000] {dag.py:3089} INFO - Sync 1 DAGs
[2025-12-31T09:59:58.988+0000] {logging_mixin.py:188} INFO - [2025-12-31T09:59:58.988+0000] {dag.py:3947} INFO - Setting next_dagrun for train_model_sample to None, run_after=None
[2025-12-31T09:59:59.037+0000] {processor.py:183} INFO - Processing /opt/airflow/dags/model_sample_dags.py took 0.206 seconds
[2025-12-31T10:00:29.299+0000] {processor.py:161} INFO - Started process (PID=1161) to work on /opt/airflow/dags/model_sample_dags.py
[2025-12-31T10:00:29.303+0000] {processor.py:830} INFO - Processing file /opt/airflow/dags/model_sample_dags.py for tasks to queue
[2025-12-31T10:00:29.308+0000] {logging_mixin.py:188} INFO - [2025-12-31T10:00:29.308+0000] {dagbag.py:545} INFO - Filling up the DagBag from /opt/airflow/dags/model_sample_dags.py
[2025-12-31T10:00:29.395+0000] {processor.py:840} INFO - DAG(s) 'train_model_sample' retrieved from /opt/airflow/dags/model_sample_dags.py
[2025-12-31T10:00:29.489+0000] {logging_mixin.py:188} INFO - [2025-12-31T10:00:29.488+0000] {dag.py:3089} INFO - Sync 1 DAGs
[2025-12-31T10:00:29.527+0000] {logging_mixin.py:188} INFO - [2025-12-31T10:00:29.526+0000] {dag.py:3947} INFO - Setting next_dagrun for train_model_sample to None, run_after=None
[2025-12-31T10:00:29.594+0000] {processor.py:183} INFO - Processing /opt/airflow/dags/model_sample_dags.py took 0.315 seconds
[2025-12-31T10:00:59.849+0000] {processor.py:161} INFO - Started process (PID=1166) to work on /opt/airflow/dags/model_sample_dags.py
[2025-12-31T10:00:59.852+0000] {processor.py:830} INFO - Processing file /opt/airflow/dags/model_sample_dags.py for tasks to queue
[2025-12-31T10:00:59.857+0000] {logging_mixin.py:188} INFO - [2025-12-31T10:00:59.856+0000] {dagbag.py:545} INFO - Filling up the DagBag from /opt/airflow/dags/model_sample_dags.py
[2025-12-31T10:00:59.919+0000] {processor.py:840} INFO - DAG(s) 'train_model_sample' retrieved from /opt/airflow/dags/model_sample_dags.py
[2025-12-31T10:00:59.974+0000] {logging_mixin.py:188} INFO - [2025-12-31T10:00:59.974+0000] {dag.py:3089} INFO - Sync 1 DAGs
[2025-12-31T10:01:00.000+0000] {logging_mixin.py:188} INFO - [2025-12-31T10:00:59.999+0000] {dag.py:3947} INFO - Setting next_dagrun for train_model_sample to None, run_after=None
[2025-12-31T10:01:00.057+0000] {processor.py:183} INFO - Processing /opt/airflow/dags/model_sample_dags.py took 0.220 seconds
[2025-12-31T10:01:30.481+0000] {processor.py:161} INFO - Started process (PID=1171) to work on /opt/airflow/dags/model_sample_dags.py
[2025-12-31T10:01:30.484+0000] {processor.py:830} INFO - Processing file /opt/airflow/dags/model_sample_dags.py for tasks to queue
[2025-12-31T10:01:30.489+0000] {logging_mixin.py:188} INFO - [2025-12-31T10:01:30.488+0000] {dagbag.py:545} INFO - Filling up the DagBag from /opt/airflow/dags/model_sample_dags.py
[2025-12-31T10:01:30.576+0000] {processor.py:840} INFO - DAG(s) 'train_model_sample' retrieved from /opt/airflow/dags/model_sample_dags.py
[2025-12-31T10:01:30.655+0000] {logging_mixin.py:188} INFO - [2025-12-31T10:01:30.654+0000] {dag.py:3089} INFO - Sync 1 DAGs
[2025-12-31T10:01:30.682+0000] {logging_mixin.py:188} INFO - [2025-12-31T10:01:30.682+0000] {dag.py:3947} INFO - Setting next_dagrun for train_model_sample to None, run_after=None
[2025-12-31T10:01:30.738+0000] {processor.py:183} INFO - Processing /opt/airflow/dags/model_sample_dags.py took 0.277 seconds
[2025-12-31T10:02:00.980+0000] {processor.py:161} INFO - Started process (PID=1176) to work on /opt/airflow/dags/model_sample_dags.py
[2025-12-31T10:02:00.983+0000] {processor.py:830} INFO - Processing file /opt/airflow/dags/model_sample_dags.py for tasks to queue
[2025-12-31T10:02:00.988+0000] {logging_mixin.py:188} INFO - [2025-12-31T10:02:00.987+0000] {dagbag.py:545} INFO - Filling up the DagBag from /opt/airflow/dags/model_sample_dags.py
[2025-12-31T10:02:01.074+0000] {processor.py:840} INFO - DAG(s) 'train_model_sample' retrieved from /opt/airflow/dags/model_sample_dags.py
[2025-12-31T10:02:01.170+0000] {logging_mixin.py:188} INFO - [2025-12-31T10:02:01.169+0000] {dag.py:3089} INFO - Sync 1 DAGs
[2025-12-31T10:02:01.210+0000] {logging_mixin.py:188} INFO - [2025-12-31T10:02:01.209+0000] {dag.py:3947} INFO - Setting next_dagrun for train_model_sample to None, run_after=None
[2025-12-31T10:02:01.277+0000] {processor.py:183} INFO - Processing /opt/airflow/dags/model_sample_dags.py took 0.315 seconds
[2025-12-31T10:02:31.681+0000] {processor.py:161} INFO - Started process (PID=1181) to work on /opt/airflow/dags/model_sample_dags.py
[2025-12-31T10:02:31.686+0000] {processor.py:830} INFO - Processing file /opt/airflow/dags/model_sample_dags.py for tasks to queue
[2025-12-31T10:02:31.697+0000] {logging_mixin.py:188} INFO - [2025-12-31T10:02:31.695+0000] {dagbag.py:545} INFO - Filling up the DagBag from /opt/airflow/dags/model_sample_dags.py
[2025-12-31T10:02:31.796+0000] {processor.py:840} INFO - DAG(s) 'train_model_sample' retrieved from /opt/airflow/dags/model_sample_dags.py
[2025-12-31T10:02:31.915+0000] {logging_mixin.py:188} INFO - [2025-12-31T10:02:31.914+0000] {dag.py:3089} INFO - Sync 1 DAGs
[2025-12-31T10:02:31.966+0000] {logging_mixin.py:188} INFO - [2025-12-31T10:02:31.965+0000] {dag.py:3947} INFO - Setting next_dagrun for train_model_sample to None, run_after=None
[2025-12-31T10:02:32.050+0000] {processor.py:183} INFO - Processing /opt/airflow/dags/model_sample_dags.py took 0.394 seconds
[2025-12-31T10:03:02.220+0000] {processor.py:161} INFO - Started process (PID=1186) to work on /opt/airflow/dags/model_sample_dags.py
[2025-12-31T10:03:02.225+0000] {processor.py:830} INFO - Processing file /opt/airflow/dags/model_sample_dags.py for tasks to queue
[2025-12-31T10:03:02.235+0000] {logging_mixin.py:188} INFO - [2025-12-31T10:03:02.234+0000] {dagbag.py:545} INFO - Filling up the DagBag from /opt/airflow/dags/model_sample_dags.py
[2025-12-31T10:03:02.322+0000] {processor.py:840} INFO - DAG(s) 'train_model_sample' retrieved from /opt/airflow/dags/model_sample_dags.py
[2025-12-31T10:03:02.419+0000] {logging_mixin.py:188} INFO - [2025-12-31T10:03:02.418+0000] {dag.py:3089} INFO - Sync 1 DAGs
[2025-12-31T10:03:02.460+0000] {logging_mixin.py:188} INFO - [2025-12-31T10:03:02.460+0000] {dag.py:3947} INFO - Setting next_dagrun for train_model_sample to None, run_after=None
[2025-12-31T10:03:02.549+0000] {processor.py:183} INFO - Processing /opt/airflow/dags/model_sample_dags.py took 0.355 seconds
[2025-12-31T10:03:33.063+0000] {processor.py:161} INFO - Started process (PID=1191) to work on /opt/airflow/dags/model_sample_dags.py
[2025-12-31T10:03:33.066+0000] {processor.py:830} INFO - Processing file /opt/airflow/dags/model_sample_dags.py for tasks to queue
[2025-12-31T10:03:33.072+0000] {logging_mixin.py:188} INFO - [2025-12-31T10:03:33.072+0000] {dagbag.py:545} INFO - Filling up the DagBag from /opt/airflow/dags/model_sample_dags.py
[2025-12-31T10:03:33.164+0000] {processor.py:840} INFO - DAG(s) 'train_model_sample' retrieved from /opt/airflow/dags/model_sample_dags.py
[2025-12-31T10:03:33.230+0000] {logging_mixin.py:188} INFO - [2025-12-31T10:03:33.230+0000] {dag.py:3089} INFO - Sync 1 DAGs
[2025-12-31T10:03:33.262+0000] {logging_mixin.py:188} INFO - [2025-12-31T10:03:33.261+0000] {dag.py:3947} INFO - Setting next_dagrun for train_model_sample to None, run_after=None
[2025-12-31T10:03:33.317+0000] {processor.py:183} INFO - Processing /opt/airflow/dags/model_sample_dags.py took 0.270 seconds
[2025-12-31T10:04:03.485+0000] {processor.py:161} INFO - Started process (PID=1196) to work on /opt/airflow/dags/model_sample_dags.py
[2025-12-31T10:04:03.489+0000] {processor.py:830} INFO - Processing file /opt/airflow/dags/model_sample_dags.py for tasks to queue
[2025-12-31T10:04:03.496+0000] {logging_mixin.py:188} INFO - [2025-12-31T10:04:03.495+0000] {dagbag.py:545} INFO - Filling up the DagBag from /opt/airflow/dags/model_sample_dags.py
[2025-12-31T10:04:03.584+0000] {processor.py:840} INFO - DAG(s) 'train_model_sample' retrieved from /opt/airflow/dags/model_sample_dags.py
[2025-12-31T10:04:03.689+0000] {logging_mixin.py:188} INFO - [2025-12-31T10:04:03.688+0000] {dag.py:3089} INFO - Sync 1 DAGs
[2025-12-31T10:04:03.746+0000] {logging_mixin.py:188} INFO - [2025-12-31T10:04:03.746+0000] {dag.py:3947} INFO - Setting next_dagrun for train_model_sample to None, run_after=None
[2025-12-31T10:04:03.817+0000] {processor.py:183} INFO - Processing /opt/airflow/dags/model_sample_dags.py took 0.350 seconds
[2025-12-31T10:04:34.231+0000] {processor.py:161} INFO - Started process (PID=1201) to work on /opt/airflow/dags/model_sample_dags.py
[2025-12-31T10:04:34.235+0000] {processor.py:830} INFO - Processing file /opt/airflow/dags/model_sample_dags.py for tasks to queue
[2025-12-31T10:04:34.242+0000] {logging_mixin.py:188} INFO - [2025-12-31T10:04:34.241+0000] {dagbag.py:545} INFO - Filling up the DagBag from /opt/airflow/dags/model_sample_dags.py
[2025-12-31T10:04:34.321+0000] {processor.py:840} INFO - DAG(s) 'train_model_sample' retrieved from /opt/airflow/dags/model_sample_dags.py
[2025-12-31T10:04:34.415+0000] {logging_mixin.py:188} INFO - [2025-12-31T10:04:34.414+0000] {dag.py:3089} INFO - Sync 1 DAGs
[2025-12-31T10:04:34.456+0000] {logging_mixin.py:188} INFO - [2025-12-31T10:04:34.455+0000] {dag.py:3947} INFO - Setting next_dagrun for train_model_sample to None, run_after=None
[2025-12-31T10:04:34.521+0000] {processor.py:183} INFO - Processing /opt/airflow/dags/model_sample_dags.py took 0.306 seconds
[2025-12-31T10:05:04.734+0000] {processor.py:161} INFO - Started process (PID=1206) to work on /opt/airflow/dags/model_sample_dags.py
[2025-12-31T10:05:04.738+0000] {processor.py:830} INFO - Processing file /opt/airflow/dags/model_sample_dags.py for tasks to queue
[2025-12-31T10:05:04.748+0000] {logging_mixin.py:188} INFO - [2025-12-31T10:05:04.747+0000] {dagbag.py:545} INFO - Filling up the DagBag from /opt/airflow/dags/model_sample_dags.py
[2025-12-31T10:05:04.837+0000] {processor.py:840} INFO - DAG(s) 'train_model_sample' retrieved from /opt/airflow/dags/model_sample_dags.py
[2025-12-31T10:05:04.931+0000] {logging_mixin.py:188} INFO - [2025-12-31T10:05:04.929+0000] {dag.py:3089} INFO - Sync 1 DAGs
[2025-12-31T10:05:04.981+0000] {logging_mixin.py:188} INFO - [2025-12-31T10:05:04.980+0000] {dag.py:3947} INFO - Setting next_dagrun for train_model_sample to None, run_after=None
[2025-12-31T10:05:05.052+0000] {processor.py:183} INFO - Processing /opt/airflow/dags/model_sample_dags.py took 0.344 seconds
[2025-12-31T10:05:35.502+0000] {processor.py:161} INFO - Started process (PID=1211) to work on /opt/airflow/dags/model_sample_dags.py
[2025-12-31T10:05:35.505+0000] {processor.py:830} INFO - Processing file /opt/airflow/dags/model_sample_dags.py for tasks to queue
[2025-12-31T10:05:35.509+0000] {logging_mixin.py:188} INFO - [2025-12-31T10:05:35.508+0000] {dagbag.py:545} INFO - Filling up the DagBag from /opt/airflow/dags/model_sample_dags.py
[2025-12-31T10:05:35.584+0000] {processor.py:840} INFO - DAG(s) 'train_model_sample' retrieved from /opt/airflow/dags/model_sample_dags.py
[2025-12-31T10:05:35.668+0000] {logging_mixin.py:188} INFO - [2025-12-31T10:05:35.668+0000] {dag.py:3089} INFO - Sync 1 DAGs
[2025-12-31T10:05:35.705+0000] {logging_mixin.py:188} INFO - [2025-12-31T10:05:35.704+0000] {dag.py:3947} INFO - Setting next_dagrun for train_model_sample to None, run_after=None
[2025-12-31T10:05:35.775+0000] {processor.py:183} INFO - Processing /opt/airflow/dags/model_sample_dags.py took 0.288 seconds
[2025-12-31T10:06:05.954+0000] {processor.py:161} INFO - Started process (PID=1216) to work on /opt/airflow/dags/model_sample_dags.py
[2025-12-31T10:06:05.957+0000] {processor.py:830} INFO - Processing file /opt/airflow/dags/model_sample_dags.py for tasks to queue
[2025-12-31T10:06:05.961+0000] {logging_mixin.py:188} INFO - [2025-12-31T10:06:05.960+0000] {dagbag.py:545} INFO - Filling up the DagBag from /opt/airflow/dags/model_sample_dags.py
[2025-12-31T10:06:06.009+0000] {processor.py:840} INFO - DAG(s) 'train_model_sample' retrieved from /opt/airflow/dags/model_sample_dags.py
[2025-12-31T10:06:06.066+0000] {logging_mixin.py:188} INFO - [2025-12-31T10:06:06.065+0000] {dag.py:3089} INFO - Sync 1 DAGs
[2025-12-31T10:06:06.090+0000] {logging_mixin.py:188} INFO - [2025-12-31T10:06:06.090+0000] {dag.py:3947} INFO - Setting next_dagrun for train_model_sample to None, run_after=None
[2025-12-31T10:06:06.138+0000] {processor.py:183} INFO - Processing /opt/airflow/dags/model_sample_dags.py took 0.199 seconds
[2025-12-31T10:06:36.349+0000] {processor.py:161} INFO - Started process (PID=1221) to work on /opt/airflow/dags/model_sample_dags.py
[2025-12-31T10:06:36.352+0000] {processor.py:830} INFO - Processing file /opt/airflow/dags/model_sample_dags.py for tasks to queue
[2025-12-31T10:06:36.356+0000] {logging_mixin.py:188} INFO - [2025-12-31T10:06:36.355+0000] {dagbag.py:545} INFO - Filling up the DagBag from /opt/airflow/dags/model_sample_dags.py
[2025-12-31T10:06:36.415+0000] {processor.py:840} INFO - DAG(s) 'train_model_sample' retrieved from /opt/airflow/dags/model_sample_dags.py
[2025-12-31T10:06:36.479+0000] {logging_mixin.py:188} INFO - [2025-12-31T10:06:36.478+0000] {dag.py:3089} INFO - Sync 1 DAGs
[2025-12-31T10:06:36.509+0000] {logging_mixin.py:188} INFO - [2025-12-31T10:06:36.508+0000] {dag.py:3947} INFO - Setting next_dagrun for train_model_sample to None, run_after=None
[2025-12-31T10:06:36.566+0000] {processor.py:183} INFO - Processing /opt/airflow/dags/model_sample_dags.py took 0.231 seconds
[2025-12-31T10:07:07.022+0000] {processor.py:161} INFO - Started process (PID=1226) to work on /opt/airflow/dags/model_sample_dags.py
[2025-12-31T10:07:07.026+0000] {processor.py:830} INFO - Processing file /opt/airflow/dags/model_sample_dags.py for tasks to queue
[2025-12-31T10:07:07.032+0000] {logging_mixin.py:188} INFO - [2025-12-31T10:07:07.031+0000] {dagbag.py:545} INFO - Filling up the DagBag from /opt/airflow/dags/model_sample_dags.py
[2025-12-31T10:07:07.104+0000] {processor.py:840} INFO - DAG(s) 'train_model_sample' retrieved from /opt/airflow/dags/model_sample_dags.py
[2025-12-31T10:07:07.180+0000] {logging_mixin.py:188} INFO - [2025-12-31T10:07:07.179+0000] {dag.py:3089} INFO - Sync 1 DAGs
[2025-12-31T10:07:07.215+0000] {logging_mixin.py:188} INFO - [2025-12-31T10:07:07.214+0000] {dag.py:3947} INFO - Setting next_dagrun for train_model_sample to None, run_after=None
[2025-12-31T10:07:07.281+0000] {processor.py:183} INFO - Processing /opt/airflow/dags/model_sample_dags.py took 0.277 seconds
[2025-12-31T10:07:37.505+0000] {processor.py:161} INFO - Started process (PID=1231) to work on /opt/airflow/dags/model_sample_dags.py
[2025-12-31T10:07:37.509+0000] {processor.py:830} INFO - Processing file /opt/airflow/dags/model_sample_dags.py for tasks to queue
[2025-12-31T10:07:37.514+0000] {logging_mixin.py:188} INFO - [2025-12-31T10:07:37.513+0000] {dagbag.py:545} INFO - Filling up the DagBag from /opt/airflow/dags/model_sample_dags.py
[2025-12-31T10:07:37.576+0000] {processor.py:840} INFO - DAG(s) 'train_model_sample' retrieved from /opt/airflow/dags/model_sample_dags.py
[2025-12-31T10:07:37.636+0000] {logging_mixin.py:188} INFO - [2025-12-31T10:07:37.635+0000] {dag.py:3089} INFO - Sync 1 DAGs
[2025-12-31T10:07:37.661+0000] {logging_mixin.py:188} INFO - [2025-12-31T10:07:37.661+0000] {dag.py:3947} INFO - Setting next_dagrun for train_model_sample to None, run_after=None
[2025-12-31T10:07:37.704+0000] {processor.py:183} INFO - Processing /opt/airflow/dags/model_sample_dags.py took 0.216 seconds
[2025-12-31T10:08:08.275+0000] {processor.py:161} INFO - Started process (PID=1236) to work on /opt/airflow/dags/model_sample_dags.py
[2025-12-31T10:08:08.278+0000] {processor.py:830} INFO - Processing file /opt/airflow/dags/model_sample_dags.py for tasks to queue
[2025-12-31T10:08:08.283+0000] {logging_mixin.py:188} INFO - [2025-12-31T10:08:08.282+0000] {dagbag.py:545} INFO - Filling up the DagBag from /opt/airflow/dags/model_sample_dags.py
[2025-12-31T10:08:08.356+0000] {processor.py:840} INFO - DAG(s) 'train_model_sample' retrieved from /opt/airflow/dags/model_sample_dags.py
[2025-12-31T10:08:08.440+0000] {logging_mixin.py:188} INFO - [2025-12-31T10:08:08.439+0000] {dag.py:3089} INFO - Sync 1 DAGs
[2025-12-31T10:08:08.476+0000] {logging_mixin.py:188} INFO - [2025-12-31T10:08:08.476+0000] {dag.py:3947} INFO - Setting next_dagrun for train_model_sample to None, run_after=None
[2025-12-31T10:08:08.591+0000] {processor.py:183} INFO - Processing /opt/airflow/dags/model_sample_dags.py took 0.291 seconds
[2025-12-31T10:08:38.807+0000] {processor.py:161} INFO - Started process (PID=1241) to work on /opt/airflow/dags/model_sample_dags.py
[2025-12-31T10:08:38.811+0000] {processor.py:830} INFO - Processing file /opt/airflow/dags/model_sample_dags.py for tasks to queue
[2025-12-31T10:08:38.819+0000] {logging_mixin.py:188} INFO - [2025-12-31T10:08:38.818+0000] {dagbag.py:545} INFO - Filling up the DagBag from /opt/airflow/dags/model_sample_dags.py
[2025-12-31T10:08:38.893+0000] {processor.py:840} INFO - DAG(s) 'train_model_sample' retrieved from /opt/airflow/dags/model_sample_dags.py
[2025-12-31T10:08:38.963+0000] {logging_mixin.py:188} INFO - [2025-12-31T10:08:38.962+0000] {dag.py:3089} INFO - Sync 1 DAGs
[2025-12-31T10:08:38.990+0000] {logging_mixin.py:188} INFO - [2025-12-31T10:08:38.990+0000] {dag.py:3947} INFO - Setting next_dagrun for train_model_sample to None, run_after=None
[2025-12-31T10:08:39.045+0000] {processor.py:183} INFO - Processing /opt/airflow/dags/model_sample_dags.py took 0.257 seconds
[2025-12-31T10:09:09.501+0000] {processor.py:161} INFO - Started process (PID=1246) to work on /opt/airflow/dags/model_sample_dags.py
[2025-12-31T10:09:09.505+0000] {processor.py:830} INFO - Processing file /opt/airflow/dags/model_sample_dags.py for tasks to queue
[2025-12-31T10:09:09.512+0000] {logging_mixin.py:188} INFO - [2025-12-31T10:09:09.511+0000] {dagbag.py:545} INFO - Filling up the DagBag from /opt/airflow/dags/model_sample_dags.py
[2025-12-31T10:09:09.606+0000] {processor.py:840} INFO - DAG(s) 'train_model_sample' retrieved from /opt/airflow/dags/model_sample_dags.py
[2025-12-31T10:09:09.677+0000] {logging_mixin.py:188} INFO - [2025-12-31T10:09:09.677+0000] {dag.py:3089} INFO - Sync 1 DAGs
[2025-12-31T10:09:09.711+0000] {logging_mixin.py:188} INFO - [2025-12-31T10:09:09.710+0000] {dag.py:3947} INFO - Setting next_dagrun for train_model_sample to None, run_after=None
[2025-12-31T10:09:09.789+0000] {processor.py:183} INFO - Processing /opt/airflow/dags/model_sample_dags.py took 0.306 seconds
[2025-12-31T10:09:39.970+0000] {processor.py:161} INFO - Started process (PID=1251) to work on /opt/airflow/dags/model_sample_dags.py
[2025-12-31T10:09:39.974+0000] {processor.py:830} INFO - Processing file /opt/airflow/dags/model_sample_dags.py for tasks to queue
[2025-12-31T10:09:39.981+0000] {logging_mixin.py:188} INFO - [2025-12-31T10:09:39.980+0000] {dagbag.py:545} INFO - Filling up the DagBag from /opt/airflow/dags/model_sample_dags.py
[2025-12-31T10:09:40.043+0000] {processor.py:840} INFO - DAG(s) 'train_model_sample' retrieved from /opt/airflow/dags/model_sample_dags.py
[2025-12-31T10:09:40.107+0000] {logging_mixin.py:188} INFO - [2025-12-31T10:09:40.106+0000] {dag.py:3089} INFO - Sync 1 DAGs
[2025-12-31T10:09:40.145+0000] {logging_mixin.py:188} INFO - [2025-12-31T10:09:40.144+0000] {dag.py:3947} INFO - Setting next_dagrun for train_model_sample to None, run_after=None
[2025-12-31T10:09:40.232+0000] {processor.py:183} INFO - Processing /opt/airflow/dags/model_sample_dags.py took 0.284 seconds
[2025-12-31T10:10:10.768+0000] {processor.py:161} INFO - Started process (PID=1256) to work on /opt/airflow/dags/model_sample_dags.py
[2025-12-31T10:10:10.771+0000] {processor.py:830} INFO - Processing file /opt/airflow/dags/model_sample_dags.py for tasks to queue
[2025-12-31T10:10:10.779+0000] {logging_mixin.py:188} INFO - [2025-12-31T10:10:10.777+0000] {dagbag.py:545} INFO - Filling up the DagBag from /opt/airflow/dags/model_sample_dags.py
[2025-12-31T10:10:10.853+0000] {processor.py:840} INFO - DAG(s) 'train_model_sample' retrieved from /opt/airflow/dags/model_sample_dags.py
[2025-12-31T10:10:10.941+0000] {logging_mixin.py:188} INFO - [2025-12-31T10:10:10.940+0000] {dag.py:3089} INFO - Sync 1 DAGs
[2025-12-31T10:10:10.984+0000] {logging_mixin.py:188} INFO - [2025-12-31T10:10:10.983+0000] {dag.py:3947} INFO - Setting next_dagrun for train_model_sample to None, run_after=None
[2025-12-31T10:10:11.056+0000] {processor.py:183} INFO - Processing /opt/airflow/dags/model_sample_dags.py took 0.309 seconds
[2025-12-31T10:10:41.560+0000] {processor.py:161} INFO - Started process (PID=1261) to work on /opt/airflow/dags/model_sample_dags.py
[2025-12-31T10:10:41.564+0000] {processor.py:830} INFO - Processing file /opt/airflow/dags/model_sample_dags.py for tasks to queue
[2025-12-31T10:10:41.571+0000] {logging_mixin.py:188} INFO - [2025-12-31T10:10:41.570+0000] {dagbag.py:545} INFO - Filling up the DagBag from /opt/airflow/dags/model_sample_dags.py
[2025-12-31T10:10:41.654+0000] {processor.py:840} INFO - DAG(s) 'train_model_sample' retrieved from /opt/airflow/dags/model_sample_dags.py
[2025-12-31T10:10:41.763+0000] {logging_mixin.py:188} INFO - [2025-12-31T10:10:41.762+0000] {dag.py:3089} INFO - Sync 1 DAGs
[2025-12-31T10:10:41.818+0000] {logging_mixin.py:188} INFO - [2025-12-31T10:10:41.817+0000] {dag.py:3947} INFO - Setting next_dagrun for train_model_sample to None, run_after=None
[2025-12-31T10:10:41.944+0000] {processor.py:183} INFO - Processing /opt/airflow/dags/model_sample_dags.py took 0.408 seconds
[2025-12-31T10:11:12.539+0000] {processor.py:161} INFO - Started process (PID=1266) to work on /opt/airflow/dags/model_sample_dags.py
[2025-12-31T10:11:12.542+0000] {processor.py:830} INFO - Processing file /opt/airflow/dags/model_sample_dags.py for tasks to queue
[2025-12-31T10:11:12.547+0000] {logging_mixin.py:188} INFO - [2025-12-31T10:11:12.546+0000] {dagbag.py:545} INFO - Filling up the DagBag from /opt/airflow/dags/model_sample_dags.py
[2025-12-31T10:11:12.625+0000] {processor.py:840} INFO - DAG(s) 'train_model_sample' retrieved from /opt/airflow/dags/model_sample_dags.py
[2025-12-31T10:11:12.740+0000] {logging_mixin.py:188} INFO - [2025-12-31T10:11:12.739+0000] {dag.py:3089} INFO - Sync 1 DAGs
[2025-12-31T10:11:12.793+0000] {logging_mixin.py:188} INFO - [2025-12-31T10:11:12.792+0000] {dag.py:3947} INFO - Setting next_dagrun for train_model_sample to None, run_after=None
[2025-12-31T10:11:12.873+0000] {processor.py:183} INFO - Processing /opt/airflow/dags/model_sample_dags.py took 0.349 seconds
[2025-12-31T10:11:43.388+0000] {processor.py:161} INFO - Started process (PID=1271) to work on /opt/airflow/dags/model_sample_dags.py
[2025-12-31T10:11:43.392+0000] {processor.py:830} INFO - Processing file /opt/airflow/dags/model_sample_dags.py for tasks to queue
[2025-12-31T10:11:43.397+0000] {logging_mixin.py:188} INFO - [2025-12-31T10:11:43.397+0000] {dagbag.py:545} INFO - Filling up the DagBag from /opt/airflow/dags/model_sample_dags.py
[2025-12-31T10:11:43.468+0000] {processor.py:840} INFO - DAG(s) 'train_model_sample' retrieved from /opt/airflow/dags/model_sample_dags.py
[2025-12-31T10:11:43.549+0000] {logging_mixin.py:188} INFO - [2025-12-31T10:11:43.548+0000] {dag.py:3089} INFO - Sync 1 DAGs
[2025-12-31T10:11:43.578+0000] {logging_mixin.py:188} INFO - [2025-12-31T10:11:43.577+0000] {dag.py:3947} INFO - Setting next_dagrun for train_model_sample to None, run_after=None
[2025-12-31T10:11:43.635+0000] {processor.py:183} INFO - Processing /opt/airflow/dags/model_sample_dags.py took 0.264 seconds
[2025-12-31T10:12:13.857+0000] {processor.py:161} INFO - Started process (PID=1276) to work on /opt/airflow/dags/model_sample_dags.py
[2025-12-31T10:12:13.861+0000] {processor.py:830} INFO - Processing file /opt/airflow/dags/model_sample_dags.py for tasks to queue
[2025-12-31T10:12:13.866+0000] {logging_mixin.py:188} INFO - [2025-12-31T10:12:13.865+0000] {dagbag.py:545} INFO - Filling up the DagBag from /opt/airflow/dags/model_sample_dags.py
[2025-12-31T10:12:13.943+0000] {processor.py:840} INFO - DAG(s) 'train_model_sample' retrieved from /opt/airflow/dags/model_sample_dags.py
[2025-12-31T10:12:14.032+0000] {logging_mixin.py:188} INFO - [2025-12-31T10:12:14.031+0000] {dag.py:3089} INFO - Sync 1 DAGs
[2025-12-31T10:12:14.080+0000] {logging_mixin.py:188} INFO - [2025-12-31T10:12:14.079+0000] {dag.py:3947} INFO - Setting next_dagrun for train_model_sample to None, run_after=None
[2025-12-31T10:12:14.150+0000] {processor.py:183} INFO - Processing /opt/airflow/dags/model_sample_dags.py took 0.309 seconds
[2025-12-31T10:12:44.753+0000] {processor.py:161} INFO - Started process (PID=1281) to work on /opt/airflow/dags/model_sample_dags.py
[2025-12-31T10:12:44.758+0000] {processor.py:830} INFO - Processing file /opt/airflow/dags/model_sample_dags.py for tasks to queue
[2025-12-31T10:12:44.765+0000] {logging_mixin.py:188} INFO - [2025-12-31T10:12:44.764+0000] {dagbag.py:545} INFO - Filling up the DagBag from /opt/airflow/dags/model_sample_dags.py
[2025-12-31T10:12:44.840+0000] {processor.py:840} INFO - DAG(s) 'train_model_sample' retrieved from /opt/airflow/dags/model_sample_dags.py
[2025-12-31T10:12:44.911+0000] {logging_mixin.py:188} INFO - [2025-12-31T10:12:44.910+0000] {dag.py:3089} INFO - Sync 1 DAGs
[2025-12-31T10:12:44.944+0000] {logging_mixin.py:188} INFO - [2025-12-31T10:12:44.943+0000] {dag.py:3947} INFO - Setting next_dagrun for train_model_sample to None, run_after=None
[2025-12-31T10:12:45.011+0000] {processor.py:183} INFO - Processing /opt/airflow/dags/model_sample_dags.py took 0.281 seconds
[2025-12-31T10:13:15.191+0000] {processor.py:161} INFO - Started process (PID=1286) to work on /opt/airflow/dags/model_sample_dags.py
[2025-12-31T10:13:15.193+0000] {processor.py:830} INFO - Processing file /opt/airflow/dags/model_sample_dags.py for tasks to queue
[2025-12-31T10:13:15.199+0000] {logging_mixin.py:188} INFO - [2025-12-31T10:13:15.198+0000] {dagbag.py:545} INFO - Filling up the DagBag from /opt/airflow/dags/model_sample_dags.py
[2025-12-31T10:13:15.272+0000] {processor.py:840} INFO - DAG(s) 'train_model_sample' retrieved from /opt/airflow/dags/model_sample_dags.py
[2025-12-31T10:13:15.362+0000] {logging_mixin.py:188} INFO - [2025-12-31T10:13:15.362+0000] {dag.py:3089} INFO - Sync 1 DAGs
[2025-12-31T10:13:15.398+0000] {logging_mixin.py:188} INFO - [2025-12-31T10:13:15.397+0000] {dag.py:3947} INFO - Setting next_dagrun for train_model_sample to None, run_after=None
[2025-12-31T10:13:15.440+0000] {processor.py:183} INFO - Processing /opt/airflow/dags/model_sample_dags.py took 0.263 seconds
[2025-12-31T10:13:45.900+0000] {processor.py:161} INFO - Started process (PID=1291) to work on /opt/airflow/dags/model_sample_dags.py
[2025-12-31T10:13:45.903+0000] {processor.py:830} INFO - Processing file /opt/airflow/dags/model_sample_dags.py for tasks to queue
[2025-12-31T10:13:45.907+0000] {logging_mixin.py:188} INFO - [2025-12-31T10:13:45.907+0000] {dagbag.py:545} INFO - Filling up the DagBag from /opt/airflow/dags/model_sample_dags.py
[2025-12-31T10:13:45.971+0000] {processor.py:840} INFO - DAG(s) 'train_model_sample' retrieved from /opt/airflow/dags/model_sample_dags.py
[2025-12-31T10:13:46.037+0000] {logging_mixin.py:188} INFO - [2025-12-31T10:13:46.036+0000] {dag.py:3089} INFO - Sync 1 DAGs
[2025-12-31T10:13:46.074+0000] {logging_mixin.py:188} INFO - [2025-12-31T10:13:46.074+0000] {dag.py:3947} INFO - Setting next_dagrun for train_model_sample to None, run_after=None
[2025-12-31T10:13:46.137+0000] {processor.py:183} INFO - Processing /opt/airflow/dags/model_sample_dags.py took 0.251 seconds
[2025-12-31T10:14:16.348+0000] {processor.py:161} INFO - Started process (PID=1296) to work on /opt/airflow/dags/model_sample_dags.py
[2025-12-31T10:14:16.351+0000] {processor.py:830} INFO - Processing file /opt/airflow/dags/model_sample_dags.py for tasks to queue
[2025-12-31T10:14:16.358+0000] {logging_mixin.py:188} INFO - [2025-12-31T10:14:16.356+0000] {dagbag.py:545} INFO - Filling up the DagBag from /opt/airflow/dags/model_sample_dags.py
[2025-12-31T10:14:16.432+0000] {processor.py:840} INFO - DAG(s) 'train_model_sample' retrieved from /opt/airflow/dags/model_sample_dags.py
[2025-12-31T10:14:16.515+0000] {logging_mixin.py:188} INFO - [2025-12-31T10:14:16.514+0000] {dag.py:3089} INFO - Sync 1 DAGs
[2025-12-31T10:14:16.551+0000] {logging_mixin.py:188} INFO - [2025-12-31T10:14:16.551+0000] {dag.py:3947} INFO - Setting next_dagrun for train_model_sample to None, run_after=None
[2025-12-31T10:14:16.610+0000] {processor.py:183} INFO - Processing /opt/airflow/dags/model_sample_dags.py took 0.286 seconds
[2025-12-31T10:14:47.046+0000] {processor.py:161} INFO - Started process (PID=1301) to work on /opt/airflow/dags/model_sample_dags.py
[2025-12-31T10:14:47.049+0000] {processor.py:830} INFO - Processing file /opt/airflow/dags/model_sample_dags.py for tasks to queue
[2025-12-31T10:14:47.053+0000] {logging_mixin.py:188} INFO - [2025-12-31T10:14:47.053+0000] {dagbag.py:545} INFO - Filling up the DagBag from /opt/airflow/dags/model_sample_dags.py
[2025-12-31T10:14:47.132+0000] {processor.py:840} INFO - DAG(s) 'train_model_sample' retrieved from /opt/airflow/dags/model_sample_dags.py
[2025-12-31T10:14:47.202+0000] {logging_mixin.py:188} INFO - [2025-12-31T10:14:47.202+0000] {dag.py:3089} INFO - Sync 1 DAGs
[2025-12-31T10:14:47.239+0000] {logging_mixin.py:188} INFO - [2025-12-31T10:14:47.239+0000] {dag.py:3947} INFO - Setting next_dagrun for train_model_sample to None, run_after=None
[2025-12-31T10:14:47.299+0000] {processor.py:183} INFO - Processing /opt/airflow/dags/model_sample_dags.py took 0.268 seconds
[2025-12-31T10:15:17.538+0000] {processor.py:161} INFO - Started process (PID=1306) to work on /opt/airflow/dags/model_sample_dags.py
[2025-12-31T10:15:17.542+0000] {processor.py:830} INFO - Processing file /opt/airflow/dags/model_sample_dags.py for tasks to queue
[2025-12-31T10:15:17.547+0000] {logging_mixin.py:188} INFO - [2025-12-31T10:15:17.546+0000] {dagbag.py:545} INFO - Filling up the DagBag from /opt/airflow/dags/model_sample_dags.py
[2025-12-31T10:15:17.640+0000] {processor.py:840} INFO - DAG(s) 'train_model_sample' retrieved from /opt/airflow/dags/model_sample_dags.py
[2025-12-31T10:15:17.709+0000] {logging_mixin.py:188} INFO - [2025-12-31T10:15:17.708+0000] {dag.py:3089} INFO - Sync 1 DAGs
[2025-12-31T10:15:17.744+0000] {logging_mixin.py:188} INFO - [2025-12-31T10:15:17.744+0000] {dag.py:3947} INFO - Setting next_dagrun for train_model_sample to None, run_after=None
[2025-12-31T10:15:17.802+0000] {processor.py:183} INFO - Processing /opt/airflow/dags/model_sample_dags.py took 0.281 seconds
[2025-12-31T10:15:48.183+0000] {processor.py:161} INFO - Started process (PID=1311) to work on /opt/airflow/dags/model_sample_dags.py
[2025-12-31T10:15:48.185+0000] {processor.py:830} INFO - Processing file /opt/airflow/dags/model_sample_dags.py for tasks to queue
[2025-12-31T10:15:48.192+0000] {logging_mixin.py:188} INFO - [2025-12-31T10:15:48.191+0000] {dagbag.py:545} INFO - Filling up the DagBag from /opt/airflow/dags/model_sample_dags.py
[2025-12-31T10:15:48.255+0000] {processor.py:840} INFO - DAG(s) 'train_model_sample' retrieved from /opt/airflow/dags/model_sample_dags.py
[2025-12-31T10:15:48.352+0000] {logging_mixin.py:188} INFO - [2025-12-31T10:15:48.351+0000] {dag.py:3089} INFO - Sync 1 DAGs
[2025-12-31T10:15:48.399+0000] {logging_mixin.py:188} INFO - [2025-12-31T10:15:48.398+0000] {dag.py:3947} INFO - Setting next_dagrun for train_model_sample to None, run_after=None
[2025-12-31T10:15:48.461+0000] {processor.py:183} INFO - Processing /opt/airflow/dags/model_sample_dags.py took 0.296 seconds
[2025-12-31T10:16:18.690+0000] {processor.py:161} INFO - Started process (PID=1316) to work on /opt/airflow/dags/model_sample_dags.py
[2025-12-31T10:16:18.693+0000] {processor.py:830} INFO - Processing file /opt/airflow/dags/model_sample_dags.py for tasks to queue
[2025-12-31T10:16:18.697+0000] {logging_mixin.py:188} INFO - [2025-12-31T10:16:18.697+0000] {dagbag.py:545} INFO - Filling up the DagBag from /opt/airflow/dags/model_sample_dags.py
[2025-12-31T10:16:18.763+0000] {processor.py:840} INFO - DAG(s) 'train_model_sample' retrieved from /opt/airflow/dags/model_sample_dags.py
[2025-12-31T10:16:18.822+0000] {logging_mixin.py:188} INFO - [2025-12-31T10:16:18.821+0000] {dag.py:3089} INFO - Sync 1 DAGs
[2025-12-31T10:16:18.849+0000] {logging_mixin.py:188} INFO - [2025-12-31T10:16:18.848+0000] {dag.py:3947} INFO - Setting next_dagrun for train_model_sample to None, run_after=None
[2025-12-31T10:16:18.902+0000] {processor.py:183} INFO - Processing /opt/airflow/dags/model_sample_dags.py took 0.228 seconds
[2025-12-31T10:16:49.412+0000] {processor.py:161} INFO - Started process (PID=1321) to work on /opt/airflow/dags/model_sample_dags.py
[2025-12-31T10:16:49.415+0000] {processor.py:830} INFO - Processing file /opt/airflow/dags/model_sample_dags.py for tasks to queue
[2025-12-31T10:16:49.420+0000] {logging_mixin.py:188} INFO - [2025-12-31T10:16:49.419+0000] {dagbag.py:545} INFO - Filling up the DagBag from /opt/airflow/dags/model_sample_dags.py
[2025-12-31T10:16:49.483+0000] {processor.py:840} INFO - DAG(s) 'train_model_sample' retrieved from /opt/airflow/dags/model_sample_dags.py
[2025-12-31T10:16:49.538+0000] {logging_mixin.py:188} INFO - [2025-12-31T10:16:49.538+0000] {dag.py:3089} INFO - Sync 1 DAGs
[2025-12-31T10:16:49.564+0000] {logging_mixin.py:188} INFO - [2025-12-31T10:16:49.564+0000] {dag.py:3947} INFO - Setting next_dagrun for train_model_sample to None, run_after=None
[2025-12-31T10:16:49.614+0000] {processor.py:183} INFO - Processing /opt/airflow/dags/model_sample_dags.py took 0.218 seconds
[2025-12-31T10:17:19.898+0000] {processor.py:161} INFO - Started process (PID=1326) to work on /opt/airflow/dags/model_sample_dags.py
[2025-12-31T10:17:19.903+0000] {processor.py:830} INFO - Processing file /opt/airflow/dags/model_sample_dags.py for tasks to queue
[2025-12-31T10:17:19.911+0000] {logging_mixin.py:188} INFO - [2025-12-31T10:17:19.909+0000] {dagbag.py:545} INFO - Filling up the DagBag from /opt/airflow/dags/model_sample_dags.py
[2025-12-31T10:17:20.015+0000] {processor.py:840} INFO - DAG(s) 'train_model_sample' retrieved from /opt/airflow/dags/model_sample_dags.py
[2025-12-31T10:17:20.099+0000] {logging_mixin.py:188} INFO - [2025-12-31T10:17:20.099+0000] {dag.py:3089} INFO - Sync 1 DAGs
[2025-12-31T10:17:20.128+0000] {logging_mixin.py:188} INFO - [2025-12-31T10:17:20.128+0000] {dag.py:3947} INFO - Setting next_dagrun for train_model_sample to None, run_after=None
[2025-12-31T10:17:20.170+0000] {processor.py:183} INFO - Processing /opt/airflow/dags/model_sample_dags.py took 0.290 seconds
[2025-12-31T10:17:50.596+0000] {processor.py:161} INFO - Started process (PID=1331) to work on /opt/airflow/dags/model_sample_dags.py
[2025-12-31T10:17:50.598+0000] {processor.py:830} INFO - Processing file /opt/airflow/dags/model_sample_dags.py for tasks to queue
[2025-12-31T10:17:50.602+0000] {logging_mixin.py:188} INFO - [2025-12-31T10:17:50.602+0000] {dagbag.py:545} INFO - Filling up the DagBag from /opt/airflow/dags/model_sample_dags.py
[2025-12-31T10:17:50.661+0000] {processor.py:840} INFO - DAG(s) 'train_model_sample' retrieved from /opt/airflow/dags/model_sample_dags.py
[2025-12-31T10:17:50.720+0000] {logging_mixin.py:188} INFO - [2025-12-31T10:17:50.719+0000] {dag.py:3089} INFO - Sync 1 DAGs
[2025-12-31T10:17:50.747+0000] {logging_mixin.py:188} INFO - [2025-12-31T10:17:50.747+0000] {dag.py:3947} INFO - Setting next_dagrun for train_model_sample to None, run_after=None
[2025-12-31T10:17:50.801+0000] {processor.py:183} INFO - Processing /opt/airflow/dags/model_sample_dags.py took 0.220 seconds
[2025-12-31T10:18:21.079+0000] {processor.py:161} INFO - Started process (PID=1336) to work on /opt/airflow/dags/model_sample_dags.py
[2025-12-31T10:18:21.083+0000] {processor.py:830} INFO - Processing file /opt/airflow/dags/model_sample_dags.py for tasks to queue
[2025-12-31T10:18:21.089+0000] {logging_mixin.py:188} INFO - [2025-12-31T10:18:21.087+0000] {dagbag.py:545} INFO - Filling up the DagBag from /opt/airflow/dags/model_sample_dags.py
[2025-12-31T10:18:21.173+0000] {processor.py:840} INFO - DAG(s) 'train_model_sample' retrieved from /opt/airflow/dags/model_sample_dags.py
[2025-12-31T10:18:21.253+0000] {logging_mixin.py:188} INFO - [2025-12-31T10:18:21.253+0000] {dag.py:3089} INFO - Sync 1 DAGs
[2025-12-31T10:18:21.296+0000] {logging_mixin.py:188} INFO - [2025-12-31T10:18:21.295+0000] {dag.py:3947} INFO - Setting next_dagrun for train_model_sample to None, run_after=None
[2025-12-31T10:18:21.367+0000] {processor.py:183} INFO - Processing /opt/airflow/dags/model_sample_dags.py took 0.308 seconds
[2025-12-31T10:18:51.700+0000] {processor.py:161} INFO - Started process (PID=1341) to work on /opt/airflow/dags/model_sample_dags.py
[2025-12-31T10:18:51.702+0000] {processor.py:830} INFO - Processing file /opt/airflow/dags/model_sample_dags.py for tasks to queue
[2025-12-31T10:18:51.706+0000] {logging_mixin.py:188} INFO - [2025-12-31T10:18:51.706+0000] {dagbag.py:545} INFO - Filling up the DagBag from /opt/airflow/dags/model_sample_dags.py
[2025-12-31T10:18:51.756+0000] {processor.py:840} INFO - DAG(s) 'train_model_sample' retrieved from /opt/airflow/dags/model_sample_dags.py
[2025-12-31T10:18:51.816+0000] {logging_mixin.py:188} INFO - [2025-12-31T10:18:51.815+0000] {dag.py:3089} INFO - Sync 1 DAGs
[2025-12-31T10:18:51.839+0000] {logging_mixin.py:188} INFO - [2025-12-31T10:18:51.838+0000] {dag.py:3947} INFO - Setting next_dagrun for train_model_sample to None, run_after=None
[2025-12-31T10:18:51.881+0000] {processor.py:183} INFO - Processing /opt/airflow/dags/model_sample_dags.py took 0.196 seconds
[2025-12-31T10:19:22.319+0000] {processor.py:161} INFO - Started process (PID=1346) to work on /opt/airflow/dags/model_sample_dags.py
[2025-12-31T10:19:22.326+0000] {processor.py:830} INFO - Processing file /opt/airflow/dags/model_sample_dags.py for tasks to queue
[2025-12-31T10:19:22.335+0000] {logging_mixin.py:188} INFO - [2025-12-31T10:19:22.334+0000] {dagbag.py:545} INFO - Filling up the DagBag from /opt/airflow/dags/model_sample_dags.py
[2025-12-31T10:19:22.428+0000] {processor.py:840} INFO - DAG(s) 'train_model_sample' retrieved from /opt/airflow/dags/model_sample_dags.py
[2025-12-31T10:19:22.558+0000] {logging_mixin.py:188} INFO - [2025-12-31T10:19:22.557+0000] {dag.py:3089} INFO - Sync 1 DAGs
[2025-12-31T10:19:22.614+0000] {logging_mixin.py:188} INFO - [2025-12-31T10:19:22.613+0000] {dag.py:3947} INFO - Setting next_dagrun for train_model_sample to None, run_after=None
[2025-12-31T10:19:22.771+0000] {processor.py:183} INFO - Processing /opt/airflow/dags/model_sample_dags.py took 0.476 seconds
[2025-12-31T10:19:53.298+0000] {processor.py:161} INFO - Started process (PID=1351) to work on /opt/airflow/dags/model_sample_dags.py
[2025-12-31T10:19:53.301+0000] {processor.py:830} INFO - Processing file /opt/airflow/dags/model_sample_dags.py for tasks to queue
[2025-12-31T10:19:53.307+0000] {logging_mixin.py:188} INFO - [2025-12-31T10:19:53.306+0000] {dagbag.py:545} INFO - Filling up the DagBag from /opt/airflow/dags/model_sample_dags.py
[2025-12-31T10:19:53.361+0000] {processor.py:840} INFO - DAG(s) 'train_model_sample' retrieved from /opt/airflow/dags/model_sample_dags.py
[2025-12-31T10:19:53.440+0000] {logging_mixin.py:188} INFO - [2025-12-31T10:19:53.440+0000] {dag.py:3089} INFO - Sync 1 DAGs
[2025-12-31T10:19:53.482+0000] {logging_mixin.py:188} INFO - [2025-12-31T10:19:53.481+0000] {dag.py:3947} INFO - Setting next_dagrun for train_model_sample to None, run_after=None
[2025-12-31T10:19:53.556+0000] {processor.py:183} INFO - Processing /opt/airflow/dags/model_sample_dags.py took 0.275 seconds
[2025-12-31T10:20:23.783+0000] {processor.py:161} INFO - Started process (PID=1356) to work on /opt/airflow/dags/model_sample_dags.py
[2025-12-31T10:20:23.787+0000] {processor.py:830} INFO - Processing file /opt/airflow/dags/model_sample_dags.py for tasks to queue
[2025-12-31T10:20:23.792+0000] {logging_mixin.py:188} INFO - [2025-12-31T10:20:23.792+0000] {dagbag.py:545} INFO - Filling up the DagBag from /opt/airflow/dags/model_sample_dags.py
[2025-12-31T10:20:23.877+0000] {processor.py:840} INFO - DAG(s) 'train_model_sample' retrieved from /opt/airflow/dags/model_sample_dags.py
[2025-12-31T10:20:23.942+0000] {logging_mixin.py:188} INFO - [2025-12-31T10:20:23.941+0000] {dag.py:3089} INFO - Sync 1 DAGs
[2025-12-31T10:20:23.972+0000] {logging_mixin.py:188} INFO - [2025-12-31T10:20:23.971+0000] {dag.py:3947} INFO - Setting next_dagrun for train_model_sample to None, run_after=None
[2025-12-31T10:20:24.038+0000] {processor.py:183} INFO - Processing /opt/airflow/dags/model_sample_dags.py took 0.272 seconds
[2025-12-31T10:20:54.514+0000] {processor.py:161} INFO - Started process (PID=1361) to work on /opt/airflow/dags/model_sample_dags.py
[2025-12-31T10:20:54.517+0000] {processor.py:830} INFO - Processing file /opt/airflow/dags/model_sample_dags.py for tasks to queue
[2025-12-31T10:20:54.523+0000] {logging_mixin.py:188} INFO - [2025-12-31T10:20:54.522+0000] {dagbag.py:545} INFO - Filling up the DagBag from /opt/airflow/dags/model_sample_dags.py
[2025-12-31T10:20:54.606+0000] {processor.py:840} INFO - DAG(s) 'train_model_sample' retrieved from /opt/airflow/dags/model_sample_dags.py
[2025-12-31T10:20:54.679+0000] {logging_mixin.py:188} INFO - [2025-12-31T10:20:54.679+0000] {dag.py:3089} INFO - Sync 1 DAGs
[2025-12-31T10:20:54.721+0000] {logging_mixin.py:188} INFO - [2025-12-31T10:20:54.720+0000] {dag.py:3947} INFO - Setting next_dagrun for train_model_sample to None, run_after=None
[2025-12-31T10:20:54.796+0000] {processor.py:183} INFO - Processing /opt/airflow/dags/model_sample_dags.py took 0.300 seconds
[2025-12-31T10:21:25.036+0000] {processor.py:161} INFO - Started process (PID=1366) to work on /opt/airflow/dags/model_sample_dags.py
[2025-12-31T10:21:25.039+0000] {processor.py:830} INFO - Processing file /opt/airflow/dags/model_sample_dags.py for tasks to queue
[2025-12-31T10:21:25.046+0000] {logging_mixin.py:188} INFO - [2025-12-31T10:21:25.045+0000] {dagbag.py:545} INFO - Filling up the DagBag from /opt/airflow/dags/model_sample_dags.py
[2025-12-31T10:21:25.130+0000] {processor.py:840} INFO - DAG(s) 'train_model_sample' retrieved from /opt/airflow/dags/model_sample_dags.py
[2025-12-31T10:21:25.223+0000] {logging_mixin.py:188} INFO - [2025-12-31T10:21:25.222+0000] {dag.py:3089} INFO - Sync 1 DAGs
[2025-12-31T10:21:25.259+0000] {logging_mixin.py:188} INFO - [2025-12-31T10:21:25.259+0000] {dag.py:3947} INFO - Setting next_dagrun for train_model_sample to None, run_after=None
[2025-12-31T10:21:25.325+0000] {processor.py:183} INFO - Processing /opt/airflow/dags/model_sample_dags.py took 0.307 seconds
[2025-12-31T10:21:55.767+0000] {processor.py:161} INFO - Started process (PID=1371) to work on /opt/airflow/dags/model_sample_dags.py
[2025-12-31T10:21:55.771+0000] {processor.py:830} INFO - Processing file /opt/airflow/dags/model_sample_dags.py for tasks to queue
[2025-12-31T10:21:55.777+0000] {logging_mixin.py:188} INFO - [2025-12-31T10:21:55.776+0000] {dagbag.py:545} INFO - Filling up the DagBag from /opt/airflow/dags/model_sample_dags.py
[2025-12-31T10:21:55.862+0000] {processor.py:840} INFO - DAG(s) 'train_model_sample' retrieved from /opt/airflow/dags/model_sample_dags.py
[2025-12-31T10:21:55.954+0000] {logging_mixin.py:188} INFO - [2025-12-31T10:21:55.953+0000] {dag.py:3089} INFO - Sync 1 DAGs
[2025-12-31T10:21:55.999+0000] {logging_mixin.py:188} INFO - [2025-12-31T10:21:55.997+0000] {dag.py:3947} INFO - Setting next_dagrun for train_model_sample to None, run_after=None
[2025-12-31T10:21:56.083+0000] {processor.py:183} INFO - Processing /opt/airflow/dags/model_sample_dags.py took 0.344 seconds
[2025-12-31T10:22:26.346+0000] {processor.py:161} INFO - Started process (PID=1376) to work on /opt/airflow/dags/model_sample_dags.py
[2025-12-31T10:22:26.350+0000] {processor.py:830} INFO - Processing file /opt/airflow/dags/model_sample_dags.py for tasks to queue
[2025-12-31T10:22:26.355+0000] {logging_mixin.py:188} INFO - [2025-12-31T10:22:26.355+0000] {dagbag.py:545} INFO - Filling up the DagBag from /opt/airflow/dags/model_sample_dags.py
[2025-12-31T10:22:26.439+0000] {processor.py:840} INFO - DAG(s) 'train_model_sample' retrieved from /opt/airflow/dags/model_sample_dags.py
[2025-12-31T10:22:26.545+0000] {logging_mixin.py:188} INFO - [2025-12-31T10:22:26.544+0000] {dag.py:3089} INFO - Sync 1 DAGs
[2025-12-31T10:22:26.585+0000] {logging_mixin.py:188} INFO - [2025-12-31T10:22:26.585+0000] {dag.py:3947} INFO - Setting next_dagrun for train_model_sample to None, run_after=None
[2025-12-31T10:22:26.654+0000] {processor.py:183} INFO - Processing /opt/airflow/dags/model_sample_dags.py took 0.327 seconds
[2025-12-31T10:22:57.198+0000] {processor.py:161} INFO - Started process (PID=1381) to work on /opt/airflow/dags/model_sample_dags.py
[2025-12-31T10:22:57.201+0000] {processor.py:830} INFO - Processing file /opt/airflow/dags/model_sample_dags.py for tasks to queue
[2025-12-31T10:22:57.206+0000] {logging_mixin.py:188} INFO - [2025-12-31T10:22:57.205+0000] {dagbag.py:545} INFO - Filling up the DagBag from /opt/airflow/dags/model_sample_dags.py
[2025-12-31T10:22:57.269+0000] {processor.py:840} INFO - DAG(s) 'train_model_sample' retrieved from /opt/airflow/dags/model_sample_dags.py
[2025-12-31T10:22:57.338+0000] {logging_mixin.py:188} INFO - [2025-12-31T10:22:57.337+0000] {dag.py:3089} INFO - Sync 1 DAGs
[2025-12-31T10:22:57.377+0000] {logging_mixin.py:188} INFO - [2025-12-31T10:22:57.376+0000] {dag.py:3947} INFO - Setting next_dagrun for train_model_sample to None, run_after=None
[2025-12-31T10:22:57.434+0000] {processor.py:183} INFO - Processing /opt/airflow/dags/model_sample_dags.py took 0.251 seconds
[2025-12-31T10:23:27.606+0000] {processor.py:161} INFO - Started process (PID=1386) to work on /opt/airflow/dags/model_sample_dags.py
[2025-12-31T10:23:27.608+0000] {processor.py:830} INFO - Processing file /opt/airflow/dags/model_sample_dags.py for tasks to queue
[2025-12-31T10:23:27.612+0000] {logging_mixin.py:188} INFO - [2025-12-31T10:23:27.611+0000] {dagbag.py:545} INFO - Filling up the DagBag from /opt/airflow/dags/model_sample_dags.py
[2025-12-31T10:23:27.662+0000] {processor.py:840} INFO - DAG(s) 'train_model_sample' retrieved from /opt/airflow/dags/model_sample_dags.py
[2025-12-31T10:23:27.710+0000] {logging_mixin.py:188} INFO - [2025-12-31T10:23:27.710+0000] {dag.py:3089} INFO - Sync 1 DAGs
[2025-12-31T10:23:27.735+0000] {logging_mixin.py:188} INFO - [2025-12-31T10:23:27.735+0000] {dag.py:3947} INFO - Setting next_dagrun for train_model_sample to None, run_after=None
[2025-12-31T10:23:27.784+0000] {processor.py:183} INFO - Processing /opt/airflow/dags/model_sample_dags.py took 0.190 seconds
[2025-12-31T10:23:58.054+0000] {processor.py:161} INFO - Started process (PID=1391) to work on /opt/airflow/dags/model_sample_dags.py
[2025-12-31T10:23:58.056+0000] {processor.py:830} INFO - Processing file /opt/airflow/dags/model_sample_dags.py for tasks to queue
[2025-12-31T10:23:58.060+0000] {logging_mixin.py:188} INFO - [2025-12-31T10:23:58.059+0000] {dagbag.py:545} INFO - Filling up the DagBag from /opt/airflow/dags/model_sample_dags.py
[2025-12-31T10:23:58.115+0000] {processor.py:840} INFO - DAG(s) 'train_model_sample' retrieved from /opt/airflow/dags/model_sample_dags.py
[2025-12-31T10:23:58.171+0000] {logging_mixin.py:188} INFO - [2025-12-31T10:23:58.171+0000] {dag.py:3089} INFO - Sync 1 DAGs
[2025-12-31T10:23:58.197+0000] {logging_mixin.py:188} INFO - [2025-12-31T10:23:58.196+0000] {dag.py:3947} INFO - Setting next_dagrun for train_model_sample to None, run_after=None
[2025-12-31T10:23:58.249+0000] {processor.py:183} INFO - Processing /opt/airflow/dags/model_sample_dags.py took 0.209 seconds
[2025-12-31T10:24:28.668+0000] {processor.py:161} INFO - Started process (PID=1396) to work on /opt/airflow/dags/model_sample_dags.py
[2025-12-31T10:24:28.671+0000] {processor.py:830} INFO - Processing file /opt/airflow/dags/model_sample_dags.py for tasks to queue
[2025-12-31T10:24:28.675+0000] {logging_mixin.py:188} INFO - [2025-12-31T10:24:28.674+0000] {dagbag.py:545} INFO - Filling up the DagBag from /opt/airflow/dags/model_sample_dags.py
[2025-12-31T10:24:28.754+0000] {processor.py:840} INFO - DAG(s) 'train_model_sample' retrieved from /opt/airflow/dags/model_sample_dags.py
[2025-12-31T10:24:28.816+0000] {logging_mixin.py:188} INFO - [2025-12-31T10:24:28.815+0000] {dag.py:3089} INFO - Sync 1 DAGs
[2025-12-31T10:24:28.846+0000] {logging_mixin.py:188} INFO - [2025-12-31T10:24:28.845+0000] {dag.py:3947} INFO - Setting next_dagrun for train_model_sample to None, run_after=None
[2025-12-31T10:24:28.905+0000] {processor.py:183} INFO - Processing /opt/airflow/dags/model_sample_dags.py took 0.248 seconds
[2025-12-31T10:24:59.109+0000] {processor.py:161} INFO - Started process (PID=1401) to work on /opt/airflow/dags/model_sample_dags.py
[2025-12-31T10:24:59.112+0000] {processor.py:830} INFO - Processing file /opt/airflow/dags/model_sample_dags.py for tasks to queue
[2025-12-31T10:24:59.117+0000] {logging_mixin.py:188} INFO - [2025-12-31T10:24:59.116+0000] {dagbag.py:545} INFO - Filling up the DagBag from /opt/airflow/dags/model_sample_dags.py
[2025-12-31T10:24:59.179+0000] {processor.py:840} INFO - DAG(s) 'train_model_sample' retrieved from /opt/airflow/dags/model_sample_dags.py
[2025-12-31T10:24:59.247+0000] {logging_mixin.py:188} INFO - [2025-12-31T10:24:59.247+0000] {dag.py:3089} INFO - Sync 1 DAGs
[2025-12-31T10:24:59.283+0000] {logging_mixin.py:188} INFO - [2025-12-31T10:24:59.283+0000] {dag.py:3947} INFO - Setting next_dagrun for train_model_sample to None, run_after=None
[2025-12-31T10:24:59.334+0000] {processor.py:183} INFO - Processing /opt/airflow/dags/model_sample_dags.py took 0.238 seconds
[2025-12-31T10:25:29.843+0000] {processor.py:161} INFO - Started process (PID=1406) to work on /opt/airflow/dags/model_sample_dags.py
[2025-12-31T10:25:29.849+0000] {processor.py:830} INFO - Processing file /opt/airflow/dags/model_sample_dags.py for tasks to queue
[2025-12-31T10:25:29.857+0000] {logging_mixin.py:188} INFO - [2025-12-31T10:25:29.856+0000] {dagbag.py:545} INFO - Filling up the DagBag from /opt/airflow/dags/model_sample_dags.py
[2025-12-31T10:25:29.950+0000] {processor.py:840} INFO - DAG(s) 'train_model_sample' retrieved from /opt/airflow/dags/model_sample_dags.py
[2025-12-31T10:25:30.047+0000] {logging_mixin.py:188} INFO - [2025-12-31T10:25:30.046+0000] {dag.py:3089} INFO - Sync 1 DAGs
[2025-12-31T10:25:30.103+0000] {logging_mixin.py:188} INFO - [2025-12-31T10:25:30.102+0000] {dag.py:3947} INFO - Setting next_dagrun for train_model_sample to None, run_after=None
[2025-12-31T10:25:30.212+0000] {processor.py:183} INFO - Processing /opt/airflow/dags/model_sample_dags.py took 0.399 seconds
[2025-12-31T10:26:00.745+0000] {processor.py:161} INFO - Started process (PID=1411) to work on /opt/airflow/dags/model_sample_dags.py
[2025-12-31T10:26:00.748+0000] {processor.py:830} INFO - Processing file /opt/airflow/dags/model_sample_dags.py for tasks to queue
[2025-12-31T10:26:00.753+0000] {logging_mixin.py:188} INFO - [2025-12-31T10:26:00.752+0000] {dagbag.py:545} INFO - Filling up the DagBag from /opt/airflow/dags/model_sample_dags.py
[2025-12-31T10:26:00.814+0000] {processor.py:840} INFO - DAG(s) 'train_model_sample' retrieved from /opt/airflow/dags/model_sample_dags.py
[2025-12-31T10:26:00.874+0000] {logging_mixin.py:188} INFO - [2025-12-31T10:26:00.874+0000] {dag.py:3089} INFO - Sync 1 DAGs
[2025-12-31T10:26:00.901+0000] {logging_mixin.py:188} INFO - [2025-12-31T10:26:00.900+0000] {dag.py:3947} INFO - Setting next_dagrun for train_model_sample to None, run_after=None
[2025-12-31T10:26:00.964+0000] {processor.py:183} INFO - Processing /opt/airflow/dags/model_sample_dags.py took 0.234 seconds
[2025-12-31T10:26:31.173+0000] {processor.py:161} INFO - Started process (PID=1416) to work on /opt/airflow/dags/model_sample_dags.py
[2025-12-31T10:26:31.177+0000] {processor.py:830} INFO - Processing file /opt/airflow/dags/model_sample_dags.py for tasks to queue
[2025-12-31T10:26:31.183+0000] {logging_mixin.py:188} INFO - [2025-12-31T10:26:31.182+0000] {dagbag.py:545} INFO - Filling up the DagBag from /opt/airflow/dags/model_sample_dags.py
[2025-12-31T10:26:31.249+0000] {processor.py:840} INFO - DAG(s) 'train_model_sample' retrieved from /opt/airflow/dags/model_sample_dags.py
[2025-12-31T10:26:31.324+0000] {logging_mixin.py:188} INFO - [2025-12-31T10:26:31.323+0000] {dag.py:3089} INFO - Sync 1 DAGs
[2025-12-31T10:26:31.362+0000] {logging_mixin.py:188} INFO - [2025-12-31T10:26:31.361+0000] {dag.py:3947} INFO - Setting next_dagrun for train_model_sample to None, run_after=None
[2025-12-31T10:26:31.436+0000] {processor.py:183} INFO - Processing /opt/airflow/dags/model_sample_dags.py took 0.280 seconds
[2025-12-31T10:27:01.879+0000] {processor.py:161} INFO - Started process (PID=1421) to work on /opt/airflow/dags/model_sample_dags.py
[2025-12-31T10:27:01.883+0000] {processor.py:830} INFO - Processing file /opt/airflow/dags/model_sample_dags.py for tasks to queue
[2025-12-31T10:27:01.888+0000] {logging_mixin.py:188} INFO - [2025-12-31T10:27:01.887+0000] {dagbag.py:545} INFO - Filling up the DagBag from /opt/airflow/dags/model_sample_dags.py
[2025-12-31T10:27:01.955+0000] {processor.py:840} INFO - DAG(s) 'train_model_sample' retrieved from /opt/airflow/dags/model_sample_dags.py
[2025-12-31T10:27:02.045+0000] {logging_mixin.py:188} INFO - [2025-12-31T10:27:02.044+0000] {dag.py:3089} INFO - Sync 1 DAGs
[2025-12-31T10:27:02.080+0000] {logging_mixin.py:188} INFO - [2025-12-31T10:27:02.079+0000] {dag.py:3947} INFO - Setting next_dagrun for train_model_sample to None, run_after=None
[2025-12-31T10:27:02.150+0000] {processor.py:183} INFO - Processing /opt/airflow/dags/model_sample_dags.py took 0.286 seconds
[2025-12-31T10:27:32.374+0000] {processor.py:161} INFO - Started process (PID=1426) to work on /opt/airflow/dags/model_sample_dags.py
[2025-12-31T10:27:32.377+0000] {processor.py:830} INFO - Processing file /opt/airflow/dags/model_sample_dags.py for tasks to queue
[2025-12-31T10:27:32.383+0000] {logging_mixin.py:188} INFO - [2025-12-31T10:27:32.382+0000] {dagbag.py:545} INFO - Filling up the DagBag from /opt/airflow/dags/model_sample_dags.py
[2025-12-31T10:27:32.446+0000] {processor.py:840} INFO - DAG(s) 'train_model_sample' retrieved from /opt/airflow/dags/model_sample_dags.py
[2025-12-31T10:27:32.531+0000] {logging_mixin.py:188} INFO - [2025-12-31T10:27:32.530+0000] {dag.py:3089} INFO - Sync 1 DAGs
[2025-12-31T10:27:32.573+0000] {logging_mixin.py:188} INFO - [2025-12-31T10:27:32.572+0000] {dag.py:3947} INFO - Setting next_dagrun for train_model_sample to None, run_after=None
[2025-12-31T10:27:32.657+0000] {processor.py:183} INFO - Processing /opt/airflow/dags/model_sample_dags.py took 0.300 seconds
[2025-12-31T10:28:03.095+0000] {processor.py:161} INFO - Started process (PID=1431) to work on /opt/airflow/dags/model_sample_dags.py
[2025-12-31T10:28:03.100+0000] {processor.py:830} INFO - Processing file /opt/airflow/dags/model_sample_dags.py for tasks to queue
[2025-12-31T10:28:03.109+0000] {logging_mixin.py:188} INFO - [2025-12-31T10:28:03.108+0000] {dagbag.py:545} INFO - Filling up the DagBag from /opt/airflow/dags/model_sample_dags.py
[2025-12-31T10:28:03.211+0000] {processor.py:840} INFO - DAG(s) 'train_model_sample' retrieved from /opt/airflow/dags/model_sample_dags.py
[2025-12-31T10:28:03.280+0000] {logging_mixin.py:188} INFO - [2025-12-31T10:28:03.280+0000] {dag.py:3089} INFO - Sync 1 DAGs
[2025-12-31T10:28:03.320+0000] {logging_mixin.py:188} INFO - [2025-12-31T10:28:03.319+0000] {dag.py:3947} INFO - Setting next_dagrun for train_model_sample to None, run_after=None
[2025-12-31T10:28:03.367+0000] {processor.py:183} INFO - Processing /opt/airflow/dags/model_sample_dags.py took 0.296 seconds
[2025-12-31T10:28:33.703+0000] {processor.py:161} INFO - Started process (PID=1436) to work on /opt/airflow/dags/model_sample_dags.py
[2025-12-31T10:28:33.706+0000] {processor.py:830} INFO - Processing file /opt/airflow/dags/model_sample_dags.py for tasks to queue
[2025-12-31T10:28:33.711+0000] {logging_mixin.py:188} INFO - [2025-12-31T10:28:33.710+0000] {dagbag.py:545} INFO - Filling up the DagBag from /opt/airflow/dags/model_sample_dags.py
[2025-12-31T10:28:33.771+0000] {processor.py:840} INFO - DAG(s) 'train_model_sample' retrieved from /opt/airflow/dags/model_sample_dags.py
[2025-12-31T10:28:33.829+0000] {logging_mixin.py:188} INFO - [2025-12-31T10:28:33.828+0000] {dag.py:3089} INFO - Sync 1 DAGs
[2025-12-31T10:28:33.856+0000] {logging_mixin.py:188} INFO - [2025-12-31T10:28:33.855+0000] {dag.py:3947} INFO - Setting next_dagrun for train_model_sample to None, run_after=None
[2025-12-31T10:28:33.907+0000] {processor.py:183} INFO - Processing /opt/airflow/dags/model_sample_dags.py took 0.221 seconds
[2025-12-31T10:29:04.236+0000] {processor.py:161} INFO - Started process (PID=1441) to work on /opt/airflow/dags/model_sample_dags.py
[2025-12-31T10:29:04.238+0000] {processor.py:830} INFO - Processing file /opt/airflow/dags/model_sample_dags.py for tasks to queue
[2025-12-31T10:29:04.243+0000] {logging_mixin.py:188} INFO - [2025-12-31T10:29:04.242+0000] {dagbag.py:545} INFO - Filling up the DagBag from /opt/airflow/dags/model_sample_dags.py
[2025-12-31T10:29:04.315+0000] {processor.py:840} INFO - DAG(s) 'train_model_sample' retrieved from /opt/airflow/dags/model_sample_dags.py
[2025-12-31T10:29:04.386+0000] {logging_mixin.py:188} INFO - [2025-12-31T10:29:04.385+0000] {dag.py:3089} INFO - Sync 1 DAGs
[2025-12-31T10:29:04.417+0000] {logging_mixin.py:188} INFO - [2025-12-31T10:29:04.416+0000] {dag.py:3947} INFO - Setting next_dagrun for train_model_sample to None, run_after=None
[2025-12-31T10:29:04.503+0000] {processor.py:183} INFO - Processing /opt/airflow/dags/model_sample_dags.py took 0.281 seconds
[2025-12-31T10:29:34.773+0000] {processor.py:161} INFO - Started process (PID=1446) to work on /opt/airflow/dags/model_sample_dags.py
[2025-12-31T10:29:34.776+0000] {processor.py:830} INFO - Processing file /opt/airflow/dags/model_sample_dags.py for tasks to queue
[2025-12-31T10:29:34.782+0000] {logging_mixin.py:188} INFO - [2025-12-31T10:29:34.781+0000] {dagbag.py:545} INFO - Filling up the DagBag from /opt/airflow/dags/model_sample_dags.py
[2025-12-31T10:29:34.848+0000] {processor.py:840} INFO - DAG(s) 'train_model_sample' retrieved from /opt/airflow/dags/model_sample_dags.py
[2025-12-31T10:29:34.913+0000] {logging_mixin.py:188} INFO - [2025-12-31T10:29:34.912+0000] {dag.py:3089} INFO - Sync 1 DAGs
[2025-12-31T10:29:34.948+0000] {logging_mixin.py:188} INFO - [2025-12-31T10:29:34.947+0000] {dag.py:3947} INFO - Setting next_dagrun for train_model_sample to None, run_after=None
[2025-12-31T10:29:35.003+0000] {processor.py:183} INFO - Processing /opt/airflow/dags/model_sample_dags.py took 0.249 seconds
[2025-12-31T10:30:05.469+0000] {processor.py:161} INFO - Started process (PID=1451) to work on /opt/airflow/dags/model_sample_dags.py
[2025-12-31T10:30:05.473+0000] {processor.py:830} INFO - Processing file /opt/airflow/dags/model_sample_dags.py for tasks to queue
[2025-12-31T10:30:05.479+0000] {logging_mixin.py:188} INFO - [2025-12-31T10:30:05.478+0000] {dagbag.py:545} INFO - Filling up the DagBag from /opt/airflow/dags/model_sample_dags.py
[2025-12-31T10:30:05.562+0000] {processor.py:840} INFO - DAG(s) 'train_model_sample' retrieved from /opt/airflow/dags/model_sample_dags.py
[2025-12-31T10:30:05.647+0000] {logging_mixin.py:188} INFO - [2025-12-31T10:30:05.646+0000] {dag.py:3089} INFO - Sync 1 DAGs
[2025-12-31T10:30:05.704+0000] {logging_mixin.py:188} INFO - [2025-12-31T10:30:05.703+0000] {dag.py:3947} INFO - Setting next_dagrun for train_model_sample to None, run_after=None
[2025-12-31T10:30:05.794+0000] {processor.py:183} INFO - Processing /opt/airflow/dags/model_sample_dags.py took 0.340 seconds
[2025-12-31T10:30:35.958+0000] {processor.py:161} INFO - Started process (PID=1456) to work on /opt/airflow/dags/model_sample_dags.py
[2025-12-31T10:30:35.961+0000] {processor.py:830} INFO - Processing file /opt/airflow/dags/model_sample_dags.py for tasks to queue
[2025-12-31T10:30:35.967+0000] {logging_mixin.py:188} INFO - [2025-12-31T10:30:35.966+0000] {dagbag.py:545} INFO - Filling up the DagBag from /opt/airflow/dags/model_sample_dags.py
[2025-12-31T10:30:36.062+0000] {processor.py:840} INFO - DAG(s) 'train_model_sample' retrieved from /opt/airflow/dags/model_sample_dags.py
[2025-12-31T10:30:36.144+0000] {logging_mixin.py:188} INFO - [2025-12-31T10:30:36.143+0000] {dag.py:3089} INFO - Sync 1 DAGs
[2025-12-31T10:30:36.181+0000] {logging_mixin.py:188} INFO - [2025-12-31T10:30:36.181+0000] {dag.py:3947} INFO - Setting next_dagrun for train_model_sample to None, run_after=None
[2025-12-31T10:30:36.255+0000] {processor.py:183} INFO - Processing /opt/airflow/dags/model_sample_dags.py took 0.318 seconds
[2025-12-31T10:31:06.729+0000] {processor.py:161} INFO - Started process (PID=1461) to work on /opt/airflow/dags/model_sample_dags.py
[2025-12-31T10:31:06.732+0000] {processor.py:830} INFO - Processing file /opt/airflow/dags/model_sample_dags.py for tasks to queue
[2025-12-31T10:31:06.736+0000] {logging_mixin.py:188} INFO - [2025-12-31T10:31:06.735+0000] {dagbag.py:545} INFO - Filling up the DagBag from /opt/airflow/dags/model_sample_dags.py
[2025-12-31T10:31:06.787+0000] {processor.py:840} INFO - DAG(s) 'train_model_sample' retrieved from /opt/airflow/dags/model_sample_dags.py
[2025-12-31T10:31:06.844+0000] {logging_mixin.py:188} INFO - [2025-12-31T10:31:06.843+0000] {dag.py:3089} INFO - Sync 1 DAGs
[2025-12-31T10:31:06.873+0000] {logging_mixin.py:188} INFO - [2025-12-31T10:31:06.872+0000] {dag.py:3947} INFO - Setting next_dagrun for train_model_sample to None, run_after=None
[2025-12-31T10:31:06.918+0000] {processor.py:183} INFO - Processing /opt/airflow/dags/model_sample_dags.py took 0.202 seconds
[2025-12-31T10:31:37.262+0000] {processor.py:161} INFO - Started process (PID=1466) to work on /opt/airflow/dags/model_sample_dags.py
[2025-12-31T10:31:37.266+0000] {processor.py:830} INFO - Processing file /opt/airflow/dags/model_sample_dags.py for tasks to queue
[2025-12-31T10:31:37.273+0000] {logging_mixin.py:188} INFO - [2025-12-31T10:31:37.272+0000] {dagbag.py:545} INFO - Filling up the DagBag from /opt/airflow/dags/model_sample_dags.py
[2025-12-31T10:31:37.349+0000] {processor.py:840} INFO - DAG(s) 'train_model_sample' retrieved from /opt/airflow/dags/model_sample_dags.py
[2025-12-31T10:31:37.403+0000] {logging_mixin.py:188} INFO - [2025-12-31T10:31:37.403+0000] {dag.py:3089} INFO - Sync 1 DAGs
[2025-12-31T10:31:37.431+0000] {logging_mixin.py:188} INFO - [2025-12-31T10:31:37.431+0000] {dag.py:3947} INFO - Setting next_dagrun for train_model_sample to None, run_after=None
[2025-12-31T10:31:37.496+0000] {processor.py:183} INFO - Processing /opt/airflow/dags/model_sample_dags.py took 0.257 seconds
