[2026-01-01T17:52:04.966+0000] {processor.py:161} INFO - Started process (PID=168) to work on /opt/airflow/dags/model_sample_dags.py
[2026-01-01T17:52:04.969+0000] {processor.py:830} INFO - Processing file /opt/airflow/dags/model_sample_dags.py for tasks to queue
[2026-01-01T17:52:04.977+0000] {logging_mixin.py:188} INFO - [2026-01-01T17:52:04.976+0000] {dagbag.py:545} INFO - Filling up the DagBag from /opt/airflow/dags/model_sample_dags.py
[2026-01-01T17:52:05.058+0000] {processor.py:840} INFO - DAG(s) 'train_model_sample' retrieved from /opt/airflow/dags/model_sample_dags.py
[2026-01-01T17:52:05.519+0000] {logging_mixin.py:188} INFO - [2026-01-01T17:52:05.518+0000] {dag.py:3089} INFO - Sync 1 DAGs
[2026-01-01T17:52:05.552+0000] {logging_mixin.py:188} INFO - [2026-01-01T17:52:05.551+0000] {dag.py:3947} INFO - Setting next_dagrun for train_model_sample to None, run_after=None
[2026-01-01T17:52:05.611+0000] {processor.py:183} INFO - Processing /opt/airflow/dags/model_sample_dags.py took 0.664 seconds
[2026-01-01T17:52:36.417+0000] {processor.py:161} INFO - Started process (PID=173) to work on /opt/airflow/dags/model_sample_dags.py
[2026-01-01T17:52:36.425+0000] {processor.py:830} INFO - Processing file /opt/airflow/dags/model_sample_dags.py for tasks to queue
[2026-01-01T17:52:36.438+0000] {logging_mixin.py:188} INFO - [2026-01-01T17:52:36.436+0000] {dagbag.py:545} INFO - Filling up the DagBag from /opt/airflow/dags/model_sample_dags.py
[2026-01-01T17:52:36.567+0000] {processor.py:840} INFO - DAG(s) 'train_model_sample' retrieved from /opt/airflow/dags/model_sample_dags.py
[2026-01-01T17:52:36.743+0000] {logging_mixin.py:188} INFO - [2026-01-01T17:52:36.742+0000] {dag.py:3089} INFO - Sync 1 DAGs
[2026-01-01T17:52:36.803+0000] {logging_mixin.py:188} INFO - [2026-01-01T17:52:36.802+0000] {dag.py:3947} INFO - Setting next_dagrun for train_model_sample to None, run_after=None
[2026-01-01T17:52:36.947+0000] {processor.py:183} INFO - Processing /opt/airflow/dags/model_sample_dags.py took 0.583 seconds
[2026-01-01T17:53:07.940+0000] {processor.py:161} INFO - Started process (PID=178) to work on /opt/airflow/dags/model_sample_dags.py
[2026-01-01T17:53:07.946+0000] {processor.py:830} INFO - Processing file /opt/airflow/dags/model_sample_dags.py for tasks to queue
[2026-01-01T17:53:07.965+0000] {logging_mixin.py:188} INFO - [2026-01-01T17:53:07.963+0000] {dagbag.py:545} INFO - Filling up the DagBag from /opt/airflow/dags/model_sample_dags.py
[2026-01-01T17:53:08.108+0000] {processor.py:840} INFO - DAG(s) 'train_model_sample' retrieved from /opt/airflow/dags/model_sample_dags.py
[2026-01-01T17:53:08.277+0000] {logging_mixin.py:188} INFO - [2026-01-01T17:53:08.275+0000] {dag.py:3089} INFO - Sync 1 DAGs
[2026-01-01T17:53:08.381+0000] {logging_mixin.py:188} INFO - [2026-01-01T17:53:08.379+0000] {dag.py:3947} INFO - Setting next_dagrun for train_model_sample to None, run_after=None
[2026-01-01T17:53:08.505+0000] {processor.py:183} INFO - Processing /opt/airflow/dags/model_sample_dags.py took 0.595 seconds
[2026-01-01T17:53:38.927+0000] {processor.py:161} INFO - Started process (PID=183) to work on /opt/airflow/dags/model_sample_dags.py
[2026-01-01T17:53:38.931+0000] {processor.py:830} INFO - Processing file /opt/airflow/dags/model_sample_dags.py for tasks to queue
[2026-01-01T17:53:38.940+0000] {logging_mixin.py:188} INFO - [2026-01-01T17:53:38.939+0000] {dagbag.py:545} INFO - Filling up the DagBag from /opt/airflow/dags/model_sample_dags.py
[2026-01-01T17:53:39.017+0000] {processor.py:840} INFO - DAG(s) 'train_model_sample' retrieved from /opt/airflow/dags/model_sample_dags.py
[2026-01-01T17:53:39.069+0000] {logging_mixin.py:188} INFO - [2026-01-01T17:53:39.068+0000] {dag.py:3089} INFO - Sync 1 DAGs
[2026-01-01T17:53:39.138+0000] {logging_mixin.py:188} INFO - [2026-01-01T17:53:39.137+0000] {dag.py:3947} INFO - Setting next_dagrun for train_model_sample to None, run_after=None
[2026-01-01T17:53:39.231+0000] {processor.py:183} INFO - Processing /opt/airflow/dags/model_sample_dags.py took 0.321 seconds
[2026-01-01T17:54:09.511+0000] {processor.py:161} INFO - Started process (PID=188) to work on /opt/airflow/dags/model_sample_dags.py
[2026-01-01T17:54:09.515+0000] {processor.py:830} INFO - Processing file /opt/airflow/dags/model_sample_dags.py for tasks to queue
[2026-01-01T17:54:09.532+0000] {logging_mixin.py:188} INFO - [2026-01-01T17:54:09.529+0000] {dagbag.py:545} INFO - Filling up the DagBag from /opt/airflow/dags/model_sample_dags.py
[2026-01-01T17:54:09.693+0000] {processor.py:840} INFO - DAG(s) 'train_model_sample' retrieved from /opt/airflow/dags/model_sample_dags.py
[2026-01-01T17:54:10.387+0000] {logging_mixin.py:188} INFO - [2026-01-01T17:54:10.378+0000] {dag.py:3089} INFO - Sync 1 DAGs
[2026-01-01T17:54:10.433+0000] {logging_mixin.py:188} INFO - [2026-01-01T17:54:10.432+0000] {dag.py:3947} INFO - Setting next_dagrun for train_model_sample to None, run_after=None
[2026-01-01T17:54:10.517+0000] {processor.py:183} INFO - Processing /opt/airflow/dags/model_sample_dags.py took 1.040 seconds
[2026-01-01T17:54:40.676+0000] {processor.py:161} INFO - Started process (PID=193) to work on /opt/airflow/dags/model_sample_dags.py
[2026-01-01T17:54:40.678+0000] {processor.py:830} INFO - Processing file /opt/airflow/dags/model_sample_dags.py for tasks to queue
[2026-01-01T17:54:40.681+0000] {logging_mixin.py:188} INFO - [2026-01-01T17:54:40.681+0000] {dagbag.py:545} INFO - Filling up the DagBag from /opt/airflow/dags/model_sample_dags.py
[2026-01-01T17:54:40.738+0000] {processor.py:840} INFO - DAG(s) 'train_model_sample' retrieved from /opt/airflow/dags/model_sample_dags.py
[2026-01-01T17:54:40.783+0000] {logging_mixin.py:188} INFO - [2026-01-01T17:54:40.783+0000] {dag.py:3089} INFO - Sync 1 DAGs
[2026-01-01T17:54:40.799+0000] {logging_mixin.py:188} INFO - [2026-01-01T17:54:40.798+0000] {dag.py:3947} INFO - Setting next_dagrun for train_model_sample to None, run_after=None
[2026-01-01T17:54:40.826+0000] {processor.py:183} INFO - Processing /opt/airflow/dags/model_sample_dags.py took 0.159 seconds
[2026-01-01T17:55:10.999+0000] {processor.py:161} INFO - Started process (PID=198) to work on /opt/airflow/dags/model_sample_dags.py
[2026-01-01T17:55:11.001+0000] {processor.py:830} INFO - Processing file /opt/airflow/dags/model_sample_dags.py for tasks to queue
[2026-01-01T17:55:11.004+0000] {logging_mixin.py:188} INFO - [2026-01-01T17:55:11.003+0000] {dagbag.py:545} INFO - Filling up the DagBag from /opt/airflow/dags/model_sample_dags.py
[2026-01-01T17:55:11.079+0000] {processor.py:840} INFO - DAG(s) 'train_model_sample' retrieved from /opt/airflow/dags/model_sample_dags.py
[2026-01-01T17:55:11.138+0000] {logging_mixin.py:188} INFO - [2026-01-01T17:55:11.137+0000] {dag.py:3089} INFO - Sync 1 DAGs
[2026-01-01T17:55:11.159+0000] {logging_mixin.py:188} INFO - [2026-01-01T17:55:11.158+0000] {dag.py:3947} INFO - Setting next_dagrun for train_model_sample to None, run_after=None
[2026-01-01T17:55:11.194+0000] {processor.py:183} INFO - Processing /opt/airflow/dags/model_sample_dags.py took 0.208 seconds
[2026-01-01T17:55:41.350+0000] {processor.py:161} INFO - Started process (PID=203) to work on /opt/airflow/dags/model_sample_dags.py
[2026-01-01T17:55:41.351+0000] {processor.py:830} INFO - Processing file /opt/airflow/dags/model_sample_dags.py for tasks to queue
[2026-01-01T17:55:41.355+0000] {logging_mixin.py:188} INFO - [2026-01-01T17:55:41.355+0000] {dagbag.py:545} INFO - Filling up the DagBag from /opt/airflow/dags/model_sample_dags.py
[2026-01-01T17:55:41.397+0000] {processor.py:840} INFO - DAG(s) 'train_model_sample' retrieved from /opt/airflow/dags/model_sample_dags.py
[2026-01-01T17:55:41.434+0000] {logging_mixin.py:188} INFO - [2026-01-01T17:55:41.434+0000] {dag.py:3089} INFO - Sync 1 DAGs
[2026-01-01T17:55:41.452+0000] {logging_mixin.py:188} INFO - [2026-01-01T17:55:41.452+0000] {dag.py:3947} INFO - Setting next_dagrun for train_model_sample to None, run_after=None
[2026-01-01T17:55:41.493+0000] {processor.py:183} INFO - Processing /opt/airflow/dags/model_sample_dags.py took 0.153 seconds
[2026-01-01T17:56:11.725+0000] {processor.py:161} INFO - Started process (PID=208) to work on /opt/airflow/dags/model_sample_dags.py
[2026-01-01T17:56:11.728+0000] {processor.py:830} INFO - Processing file /opt/airflow/dags/model_sample_dags.py for tasks to queue
[2026-01-01T17:56:11.731+0000] {logging_mixin.py:188} INFO - [2026-01-01T17:56:11.730+0000] {dagbag.py:545} INFO - Filling up the DagBag from /opt/airflow/dags/model_sample_dags.py
[2026-01-01T17:56:11.787+0000] {processor.py:840} INFO - DAG(s) 'train_model_sample' retrieved from /opt/airflow/dags/model_sample_dags.py
[2026-01-01T17:56:11.819+0000] {logging_mixin.py:188} INFO - [2026-01-01T17:56:11.819+0000] {dag.py:3089} INFO - Sync 1 DAGs
[2026-01-01T17:56:11.836+0000] {logging_mixin.py:188} INFO - [2026-01-01T17:56:11.836+0000] {dag.py:3947} INFO - Setting next_dagrun for train_model_sample to None, run_after=None
[2026-01-01T17:56:11.882+0000] {processor.py:183} INFO - Processing /opt/airflow/dags/model_sample_dags.py took 0.167 seconds
[2026-01-01T17:56:42.087+0000] {processor.py:161} INFO - Started process (PID=213) to work on /opt/airflow/dags/model_sample_dags.py
[2026-01-01T17:56:42.090+0000] {processor.py:830} INFO - Processing file /opt/airflow/dags/model_sample_dags.py for tasks to queue
[2026-01-01T17:56:42.094+0000] {logging_mixin.py:188} INFO - [2026-01-01T17:56:42.094+0000] {dagbag.py:545} INFO - Filling up the DagBag from /opt/airflow/dags/model_sample_dags.py
[2026-01-01T17:56:42.163+0000] {processor.py:840} INFO - DAG(s) 'train_model_sample' retrieved from /opt/airflow/dags/model_sample_dags.py
[2026-01-01T17:56:42.198+0000] {logging_mixin.py:188} INFO - [2026-01-01T17:56:42.198+0000] {dag.py:3089} INFO - Sync 1 DAGs
[2026-01-01T17:56:42.213+0000] {logging_mixin.py:188} INFO - [2026-01-01T17:56:42.212+0000] {dag.py:3947} INFO - Setting next_dagrun for train_model_sample to None, run_after=None
[2026-01-01T17:56:42.239+0000] {processor.py:183} INFO - Processing /opt/airflow/dags/model_sample_dags.py took 0.161 seconds
[2026-01-01T17:57:12.339+0000] {processor.py:161} INFO - Started process (PID=218) to work on /opt/airflow/dags/model_sample_dags.py
[2026-01-01T17:57:12.341+0000] {processor.py:830} INFO - Processing file /opt/airflow/dags/model_sample_dags.py for tasks to queue
[2026-01-01T17:57:12.343+0000] {logging_mixin.py:188} INFO - [2026-01-01T17:57:12.343+0000] {dagbag.py:545} INFO - Filling up the DagBag from /opt/airflow/dags/model_sample_dags.py
[2026-01-01T17:57:12.381+0000] {processor.py:840} INFO - DAG(s) 'train_model_sample' retrieved from /opt/airflow/dags/model_sample_dags.py
[2026-01-01T17:57:12.411+0000] {logging_mixin.py:188} INFO - [2026-01-01T17:57:12.411+0000] {dag.py:3089} INFO - Sync 1 DAGs
[2026-01-01T17:57:12.425+0000] {logging_mixin.py:188} INFO - [2026-01-01T17:57:12.425+0000] {dag.py:3947} INFO - Setting next_dagrun for train_model_sample to None, run_after=None
[2026-01-01T17:57:12.452+0000] {processor.py:183} INFO - Processing /opt/airflow/dags/model_sample_dags.py took 0.120 seconds
[2026-01-01T17:57:42.550+0000] {processor.py:161} INFO - Started process (PID=223) to work on /opt/airflow/dags/model_sample_dags.py
[2026-01-01T17:57:42.552+0000] {processor.py:830} INFO - Processing file /opt/airflow/dags/model_sample_dags.py for tasks to queue
[2026-01-01T17:57:42.556+0000] {logging_mixin.py:188} INFO - [2026-01-01T17:57:42.555+0000] {dagbag.py:545} INFO - Filling up the DagBag from /opt/airflow/dags/model_sample_dags.py
[2026-01-01T17:57:42.602+0000] {processor.py:840} INFO - DAG(s) 'train_model_sample' retrieved from /opt/airflow/dags/model_sample_dags.py
[2026-01-01T17:57:42.633+0000] {logging_mixin.py:188} INFO - [2026-01-01T17:57:42.633+0000] {dag.py:3089} INFO - Sync 1 DAGs
[2026-01-01T17:57:42.647+0000] {logging_mixin.py:188} INFO - [2026-01-01T17:57:42.647+0000] {dag.py:3947} INFO - Setting next_dagrun for train_model_sample to None, run_after=None
[2026-01-01T17:57:42.676+0000] {processor.py:183} INFO - Processing /opt/airflow/dags/model_sample_dags.py took 0.132 seconds
[2026-01-01T17:58:12.861+0000] {processor.py:161} INFO - Started process (PID=228) to work on /opt/airflow/dags/model_sample_dags.py
[2026-01-01T17:58:12.863+0000] {processor.py:830} INFO - Processing file /opt/airflow/dags/model_sample_dags.py for tasks to queue
[2026-01-01T17:58:12.867+0000] {logging_mixin.py:188} INFO - [2026-01-01T17:58:12.866+0000] {dagbag.py:545} INFO - Filling up the DagBag from /opt/airflow/dags/model_sample_dags.py
[2026-01-01T17:58:12.918+0000] {processor.py:840} INFO - DAG(s) 'train_model_sample' retrieved from /opt/airflow/dags/model_sample_dags.py
[2026-01-01T17:58:12.956+0000] {logging_mixin.py:188} INFO - [2026-01-01T17:58:12.956+0000] {dag.py:3089} INFO - Sync 1 DAGs
[2026-01-01T17:58:12.969+0000] {logging_mixin.py:188} INFO - [2026-01-01T17:58:12.969+0000] {dag.py:3947} INFO - Setting next_dagrun for train_model_sample to None, run_after=None
[2026-01-01T17:58:12.994+0000] {processor.py:183} INFO - Processing /opt/airflow/dags/model_sample_dags.py took 0.144 seconds
[2026-01-01T17:58:43.164+0000] {processor.py:161} INFO - Started process (PID=233) to work on /opt/airflow/dags/model_sample_dags.py
[2026-01-01T17:58:43.165+0000] {processor.py:830} INFO - Processing file /opt/airflow/dags/model_sample_dags.py for tasks to queue
[2026-01-01T17:58:43.167+0000] {logging_mixin.py:188} INFO - [2026-01-01T17:58:43.167+0000] {dagbag.py:545} INFO - Filling up the DagBag from /opt/airflow/dags/model_sample_dags.py
[2026-01-01T17:58:43.191+0000] {processor.py:840} INFO - DAG(s) 'train_model_sample' retrieved from /opt/airflow/dags/model_sample_dags.py
[2026-01-01T17:58:43.221+0000] {logging_mixin.py:188} INFO - [2026-01-01T17:58:43.221+0000] {dag.py:3089} INFO - Sync 1 DAGs
[2026-01-01T17:58:43.237+0000] {logging_mixin.py:188} INFO - [2026-01-01T17:58:43.237+0000] {dag.py:3947} INFO - Setting next_dagrun for train_model_sample to None, run_after=None
[2026-01-01T17:58:43.269+0000] {processor.py:183} INFO - Processing /opt/airflow/dags/model_sample_dags.py took 0.115 seconds
[2026-01-01T17:59:13.548+0000] {processor.py:161} INFO - Started process (PID=238) to work on /opt/airflow/dags/model_sample_dags.py
[2026-01-01T17:59:13.550+0000] {processor.py:830} INFO - Processing file /opt/airflow/dags/model_sample_dags.py for tasks to queue
[2026-01-01T17:59:13.554+0000] {logging_mixin.py:188} INFO - [2026-01-01T17:59:13.553+0000] {dagbag.py:545} INFO - Filling up the DagBag from /opt/airflow/dags/model_sample_dags.py
[2026-01-01T17:59:13.610+0000] {processor.py:840} INFO - DAG(s) 'train_model_sample' retrieved from /opt/airflow/dags/model_sample_dags.py
[2026-01-01T17:59:13.671+0000] {logging_mixin.py:188} INFO - [2026-01-01T17:59:13.670+0000] {dag.py:3089} INFO - Sync 1 DAGs
[2026-01-01T17:59:13.691+0000] {logging_mixin.py:188} INFO - [2026-01-01T17:59:13.690+0000] {dag.py:3947} INFO - Setting next_dagrun for train_model_sample to None, run_after=None
[2026-01-01T17:59:13.720+0000] {processor.py:183} INFO - Processing /opt/airflow/dags/model_sample_dags.py took 0.186 seconds
[2026-01-01T17:59:43.909+0000] {processor.py:161} INFO - Started process (PID=243) to work on /opt/airflow/dags/model_sample_dags.py
[2026-01-01T17:59:43.911+0000] {processor.py:830} INFO - Processing file /opt/airflow/dags/model_sample_dags.py for tasks to queue
[2026-01-01T17:59:43.917+0000] {logging_mixin.py:188} INFO - [2026-01-01T17:59:43.916+0000] {dagbag.py:545} INFO - Filling up the DagBag from /opt/airflow/dags/model_sample_dags.py
[2026-01-01T17:59:43.963+0000] {processor.py:840} INFO - DAG(s) 'train_model_sample' retrieved from /opt/airflow/dags/model_sample_dags.py
[2026-01-01T17:59:44.006+0000] {logging_mixin.py:188} INFO - [2026-01-01T17:59:44.006+0000] {dag.py:3089} INFO - Sync 1 DAGs
[2026-01-01T17:59:44.028+0000] {logging_mixin.py:188} INFO - [2026-01-01T17:59:44.028+0000] {dag.py:3947} INFO - Setting next_dagrun for train_model_sample to None, run_after=None
[2026-01-01T17:59:44.056+0000] {processor.py:183} INFO - Processing /opt/airflow/dags/model_sample_dags.py took 0.161 seconds
[2026-01-01T18:00:14.362+0000] {processor.py:161} INFO - Started process (PID=248) to work on /opt/airflow/dags/model_sample_dags.py
[2026-01-01T18:00:14.365+0000] {processor.py:830} INFO - Processing file /opt/airflow/dags/model_sample_dags.py for tasks to queue
[2026-01-01T18:00:14.369+0000] {logging_mixin.py:188} INFO - [2026-01-01T18:00:14.369+0000] {dagbag.py:545} INFO - Filling up the DagBag from /opt/airflow/dags/model_sample_dags.py
[2026-01-01T18:00:14.473+0000] {processor.py:840} INFO - DAG(s) 'train_model_sample' retrieved from /opt/airflow/dags/model_sample_dags.py
[2026-01-01T18:00:14.538+0000] {logging_mixin.py:188} INFO - [2026-01-01T18:00:14.538+0000] {dag.py:3089} INFO - Sync 1 DAGs
[2026-01-01T18:00:14.565+0000] {logging_mixin.py:188} INFO - [2026-01-01T18:00:14.564+0000] {dag.py:3947} INFO - Setting next_dagrun for train_model_sample to None, run_after=None
[2026-01-01T18:00:14.607+0000] {processor.py:183} INFO - Processing /opt/airflow/dags/model_sample_dags.py took 0.255 seconds
[2026-01-01T18:00:44.787+0000] {processor.py:161} INFO - Started process (PID=253) to work on /opt/airflow/dags/model_sample_dags.py
[2026-01-01T18:00:44.791+0000] {processor.py:830} INFO - Processing file /opt/airflow/dags/model_sample_dags.py for tasks to queue
[2026-01-01T18:00:44.795+0000] {logging_mixin.py:188} INFO - [2026-01-01T18:00:44.794+0000] {dagbag.py:545} INFO - Filling up the DagBag from /opt/airflow/dags/model_sample_dags.py
[2026-01-01T18:00:44.844+0000] {processor.py:840} INFO - DAG(s) 'train_model_sample' retrieved from /opt/airflow/dags/model_sample_dags.py
[2026-01-01T18:00:44.891+0000] {logging_mixin.py:188} INFO - [2026-01-01T18:00:44.890+0000] {dag.py:3089} INFO - Sync 1 DAGs
[2026-01-01T18:00:44.908+0000] {logging_mixin.py:188} INFO - [2026-01-01T18:00:44.908+0000] {dag.py:3947} INFO - Setting next_dagrun for train_model_sample to None, run_after=None
[2026-01-01T18:00:44.934+0000] {processor.py:183} INFO - Processing /opt/airflow/dags/model_sample_dags.py took 0.157 seconds
[2026-01-01T18:01:15.068+0000] {processor.py:161} INFO - Started process (PID=258) to work on /opt/airflow/dags/model_sample_dags.py
[2026-01-01T18:01:15.069+0000] {processor.py:830} INFO - Processing file /opt/airflow/dags/model_sample_dags.py for tasks to queue
[2026-01-01T18:01:15.072+0000] {logging_mixin.py:188} INFO - [2026-01-01T18:01:15.071+0000] {dagbag.py:545} INFO - Filling up the DagBag from /opt/airflow/dags/model_sample_dags.py
[2026-01-01T18:01:15.106+0000] {processor.py:840} INFO - DAG(s) 'train_model_sample' retrieved from /opt/airflow/dags/model_sample_dags.py
[2026-01-01T18:01:15.141+0000] {logging_mixin.py:188} INFO - [2026-01-01T18:01:15.141+0000] {dag.py:3089} INFO - Sync 1 DAGs
[2026-01-01T18:01:15.155+0000] {logging_mixin.py:188} INFO - [2026-01-01T18:01:15.154+0000] {dag.py:3947} INFO - Setting next_dagrun for train_model_sample to None, run_after=None
[2026-01-01T18:01:15.182+0000] {processor.py:183} INFO - Processing /opt/airflow/dags/model_sample_dags.py took 0.123 seconds
[2026-01-01T18:01:45.397+0000] {processor.py:161} INFO - Started process (PID=263) to work on /opt/airflow/dags/model_sample_dags.py
[2026-01-01T18:01:45.398+0000] {processor.py:830} INFO - Processing file /opt/airflow/dags/model_sample_dags.py for tasks to queue
[2026-01-01T18:01:45.403+0000] {logging_mixin.py:188} INFO - [2026-01-01T18:01:45.403+0000] {dagbag.py:545} INFO - Filling up the DagBag from /opt/airflow/dags/model_sample_dags.py
[2026-01-01T18:01:45.444+0000] {processor.py:840} INFO - DAG(s) 'train_model_sample' retrieved from /opt/airflow/dags/model_sample_dags.py
[2026-01-01T18:01:45.476+0000] {logging_mixin.py:188} INFO - [2026-01-01T18:01:45.476+0000] {dag.py:3089} INFO - Sync 1 DAGs
[2026-01-01T18:01:45.492+0000] {logging_mixin.py:188} INFO - [2026-01-01T18:01:45.491+0000] {dag.py:3947} INFO - Setting next_dagrun for train_model_sample to None, run_after=None
[2026-01-01T18:01:45.517+0000] {processor.py:183} INFO - Processing /opt/airflow/dags/model_sample_dags.py took 0.127 seconds
[2026-01-01T18:02:15.992+0000] {processor.py:161} INFO - Started process (PID=268) to work on /opt/airflow/dags/model_sample_dags.py
[2026-01-01T18:02:15.994+0000] {processor.py:830} INFO - Processing file /opt/airflow/dags/model_sample_dags.py for tasks to queue
[2026-01-01T18:02:15.998+0000] {logging_mixin.py:188} INFO - [2026-01-01T18:02:15.998+0000] {dagbag.py:545} INFO - Filling up the DagBag from /opt/airflow/dags/model_sample_dags.py
[2026-01-01T18:02:16.060+0000] {processor.py:840} INFO - DAG(s) 'train_model_sample' retrieved from /opt/airflow/dags/model_sample_dags.py
[2026-01-01T18:02:16.092+0000] {logging_mixin.py:188} INFO - [2026-01-01T18:02:16.092+0000] {dag.py:3089} INFO - Sync 1 DAGs
[2026-01-01T18:02:16.109+0000] {logging_mixin.py:188} INFO - [2026-01-01T18:02:16.109+0000] {dag.py:3947} INFO - Setting next_dagrun for train_model_sample to None, run_after=None
[2026-01-01T18:02:16.136+0000] {processor.py:183} INFO - Processing /opt/airflow/dags/model_sample_dags.py took 0.156 seconds
[2026-01-01T18:02:46.431+0000] {processor.py:161} INFO - Started process (PID=273) to work on /opt/airflow/dags/model_sample_dags.py
[2026-01-01T18:02:46.434+0000] {processor.py:830} INFO - Processing file /opt/airflow/dags/model_sample_dags.py for tasks to queue
[2026-01-01T18:02:46.437+0000] {logging_mixin.py:188} INFO - [2026-01-01T18:02:46.436+0000] {dagbag.py:545} INFO - Filling up the DagBag from /opt/airflow/dags/model_sample_dags.py
[2026-01-01T18:02:46.470+0000] {processor.py:840} INFO - DAG(s) 'train_model_sample' retrieved from /opt/airflow/dags/model_sample_dags.py
[2026-01-01T18:02:46.507+0000] {logging_mixin.py:188} INFO - [2026-01-01T18:02:46.506+0000] {dag.py:3089} INFO - Sync 1 DAGs
[2026-01-01T18:02:46.524+0000] {logging_mixin.py:188} INFO - [2026-01-01T18:02:46.523+0000] {dag.py:3947} INFO - Setting next_dagrun for train_model_sample to None, run_after=None
[2026-01-01T18:02:46.553+0000] {processor.py:183} INFO - Processing /opt/airflow/dags/model_sample_dags.py took 0.129 seconds
[2026-01-01T18:03:16.659+0000] {processor.py:161} INFO - Started process (PID=278) to work on /opt/airflow/dags/model_sample_dags.py
[2026-01-01T18:03:16.661+0000] {processor.py:830} INFO - Processing file /opt/airflow/dags/model_sample_dags.py for tasks to queue
[2026-01-01T18:03:16.663+0000] {logging_mixin.py:188} INFO - [2026-01-01T18:03:16.663+0000] {dagbag.py:545} INFO - Filling up the DagBag from /opt/airflow/dags/model_sample_dags.py
[2026-01-01T18:03:16.728+0000] {processor.py:840} INFO - DAG(s) 'train_model_sample' retrieved from /opt/airflow/dags/model_sample_dags.py
[2026-01-01T18:03:16.763+0000] {logging_mixin.py:188} INFO - [2026-01-01T18:03:16.762+0000] {dag.py:3089} INFO - Sync 1 DAGs
[2026-01-01T18:03:16.778+0000] {logging_mixin.py:188} INFO - [2026-01-01T18:03:16.778+0000] {dag.py:3947} INFO - Setting next_dagrun for train_model_sample to None, run_after=None
[2026-01-01T18:03:16.831+0000] {processor.py:183} INFO - Processing /opt/airflow/dags/model_sample_dags.py took 0.185 seconds
[2026-01-01T18:03:46.974+0000] {processor.py:161} INFO - Started process (PID=283) to work on /opt/airflow/dags/model_sample_dags.py
[2026-01-01T18:03:46.977+0000] {processor.py:830} INFO - Processing file /opt/airflow/dags/model_sample_dags.py for tasks to queue
[2026-01-01T18:03:46.980+0000] {logging_mixin.py:188} INFO - [2026-01-01T18:03:46.980+0000] {dagbag.py:545} INFO - Filling up the DagBag from /opt/airflow/dags/model_sample_dags.py
[2026-01-01T18:03:47.021+0000] {processor.py:840} INFO - DAG(s) 'train_model_sample' retrieved from /opt/airflow/dags/model_sample_dags.py
[2026-01-01T18:03:47.052+0000] {logging_mixin.py:188} INFO - [2026-01-01T18:03:47.052+0000] {dag.py:3089} INFO - Sync 1 DAGs
[2026-01-01T18:03:47.070+0000] {logging_mixin.py:188} INFO - [2026-01-01T18:03:47.070+0000] {dag.py:3947} INFO - Setting next_dagrun for train_model_sample to None, run_after=None
[2026-01-01T18:03:47.099+0000] {processor.py:183} INFO - Processing /opt/airflow/dags/model_sample_dags.py took 0.133 seconds
[2026-01-01T18:04:17.323+0000] {processor.py:161} INFO - Started process (PID=288) to work on /opt/airflow/dags/model_sample_dags.py
[2026-01-01T18:04:17.326+0000] {processor.py:830} INFO - Processing file /opt/airflow/dags/model_sample_dags.py for tasks to queue
[2026-01-01T18:04:17.330+0000] {logging_mixin.py:188} INFO - [2026-01-01T18:04:17.329+0000] {dagbag.py:545} INFO - Filling up the DagBag from /opt/airflow/dags/model_sample_dags.py
[2026-01-01T18:04:17.392+0000] {processor.py:840} INFO - DAG(s) 'train_model_sample' retrieved from /opt/airflow/dags/model_sample_dags.py
[2026-01-01T18:04:17.434+0000] {logging_mixin.py:188} INFO - [2026-01-01T18:04:17.434+0000] {dag.py:3089} INFO - Sync 1 DAGs
[2026-01-01T18:04:17.456+0000] {logging_mixin.py:188} INFO - [2026-01-01T18:04:17.456+0000] {dag.py:3947} INFO - Setting next_dagrun for train_model_sample to None, run_after=None
[2026-01-01T18:04:17.500+0000] {processor.py:183} INFO - Processing /opt/airflow/dags/model_sample_dags.py took 0.190 seconds
[2026-01-01T18:04:46.747+0000] {processor.py:161} INFO - Started process (PID=293) to work on /opt/airflow/dags/model_sample_dags.py
[2026-01-01T18:04:46.749+0000] {processor.py:830} INFO - Processing file /opt/airflow/dags/model_sample_dags.py for tasks to queue
[2026-01-01T18:04:46.752+0000] {logging_mixin.py:188} INFO - [2026-01-01T18:04:46.751+0000] {dagbag.py:545} INFO - Filling up the DagBag from /opt/airflow/dags/model_sample_dags.py
[2026-01-01T18:04:46.813+0000] {processor.py:840} INFO - DAG(s) 'train_model_sample' retrieved from /opt/airflow/dags/model_sample_dags.py
[2026-01-01T18:04:46.851+0000] {logging_mixin.py:188} INFO - [2026-01-01T18:04:46.850+0000] {dag.py:3089} INFO - Sync 1 DAGs
[2026-01-01T18:04:46.867+0000] {logging_mixin.py:188} INFO - [2026-01-01T18:04:46.867+0000] {dag.py:3947} INFO - Setting next_dagrun for train_model_sample to None, run_after=None
[2026-01-01T18:04:46.916+0000] {processor.py:183} INFO - Processing /opt/airflow/dags/model_sample_dags.py took 0.176 seconds
[2026-01-01T18:05:17.195+0000] {processor.py:161} INFO - Started process (PID=298) to work on /opt/airflow/dags/model_sample_dags.py
[2026-01-01T18:05:17.197+0000] {processor.py:830} INFO - Processing file /opt/airflow/dags/model_sample_dags.py for tasks to queue
[2026-01-01T18:05:17.202+0000] {logging_mixin.py:188} INFO - [2026-01-01T18:05:17.201+0000] {dagbag.py:545} INFO - Filling up the DagBag from /opt/airflow/dags/model_sample_dags.py
[2026-01-01T18:05:17.270+0000] {processor.py:840} INFO - DAG(s) 'train_model_sample' retrieved from /opt/airflow/dags/model_sample_dags.py
[2026-01-01T18:05:17.320+0000] {logging_mixin.py:188} INFO - [2026-01-01T18:05:17.320+0000] {dag.py:3089} INFO - Sync 1 DAGs
[2026-01-01T18:05:17.338+0000] {logging_mixin.py:188} INFO - [2026-01-01T18:05:17.337+0000] {dag.py:3947} INFO - Setting next_dagrun for train_model_sample to None, run_after=None
[2026-01-01T18:05:17.378+0000] {processor.py:183} INFO - Processing /opt/airflow/dags/model_sample_dags.py took 0.195 seconds
[2026-01-01T18:05:47.573+0000] {processor.py:161} INFO - Started process (PID=306) to work on /opt/airflow/dags/model_sample_dags.py
[2026-01-01T18:05:47.575+0000] {processor.py:830} INFO - Processing file /opt/airflow/dags/model_sample_dags.py for tasks to queue
[2026-01-01T18:05:47.578+0000] {logging_mixin.py:188} INFO - [2026-01-01T18:05:47.578+0000] {dagbag.py:545} INFO - Filling up the DagBag from /opt/airflow/dags/model_sample_dags.py
[2026-01-01T18:05:47.616+0000] {processor.py:840} INFO - DAG(s) 'train_model_sample' retrieved from /opt/airflow/dags/model_sample_dags.py
[2026-01-01T18:05:47.657+0000] {logging_mixin.py:188} INFO - [2026-01-01T18:05:47.656+0000] {dag.py:3089} INFO - Sync 1 DAGs
[2026-01-01T18:05:47.678+0000] {logging_mixin.py:188} INFO - [2026-01-01T18:05:47.677+0000] {dag.py:3947} INFO - Setting next_dagrun for train_model_sample to None, run_after=None
[2026-01-01T18:05:47.711+0000] {processor.py:183} INFO - Processing /opt/airflow/dags/model_sample_dags.py took 0.152 seconds
[2026-01-01T18:06:17.845+0000] {processor.py:161} INFO - Started process (PID=335) to work on /opt/airflow/dags/model_sample_dags.py
[2026-01-01T18:06:17.848+0000] {processor.py:830} INFO - Processing file /opt/airflow/dags/model_sample_dags.py for tasks to queue
[2026-01-01T18:06:17.855+0000] {logging_mixin.py:188} INFO - [2026-01-01T18:06:17.854+0000] {dagbag.py:545} INFO - Filling up the DagBag from /opt/airflow/dags/model_sample_dags.py
[2026-01-01T18:06:17.909+0000] {processor.py:840} INFO - DAG(s) 'train_model_sample' retrieved from /opt/airflow/dags/model_sample_dags.py
[2026-01-01T18:06:17.957+0000] {logging_mixin.py:188} INFO - [2026-01-01T18:06:17.956+0000] {dag.py:3089} INFO - Sync 1 DAGs
[2026-01-01T18:06:17.979+0000] {logging_mixin.py:188} INFO - [2026-01-01T18:06:17.978+0000] {dag.py:3947} INFO - Setting next_dagrun for train_model_sample to None, run_after=None
[2026-01-01T18:06:18.010+0000] {processor.py:183} INFO - Processing /opt/airflow/dags/model_sample_dags.py took 0.185 seconds
[2026-01-01T18:06:48.220+0000] {processor.py:161} INFO - Started process (PID=341) to work on /opt/airflow/dags/model_sample_dags.py
[2026-01-01T18:06:48.222+0000] {processor.py:830} INFO - Processing file /opt/airflow/dags/model_sample_dags.py for tasks to queue
[2026-01-01T18:06:48.225+0000] {logging_mixin.py:188} INFO - [2026-01-01T18:06:48.224+0000] {dagbag.py:545} INFO - Filling up the DagBag from /opt/airflow/dags/model_sample_dags.py
[2026-01-01T18:06:48.272+0000] {processor.py:840} INFO - DAG(s) 'train_model_sample' retrieved from /opt/airflow/dags/model_sample_dags.py
[2026-01-01T18:06:48.307+0000] {logging_mixin.py:188} INFO - [2026-01-01T18:06:48.306+0000] {dag.py:3089} INFO - Sync 1 DAGs
[2026-01-01T18:06:48.322+0000] {logging_mixin.py:188} INFO - [2026-01-01T18:06:48.321+0000] {dag.py:3947} INFO - Setting next_dagrun for train_model_sample to None, run_after=None
[2026-01-01T18:06:48.355+0000] {processor.py:183} INFO - Processing /opt/airflow/dags/model_sample_dags.py took 0.143 seconds
[2026-01-01T18:07:18.743+0000] {processor.py:161} INFO - Started process (PID=346) to work on /opt/airflow/dags/model_sample_dags.py
[2026-01-01T18:07:18.751+0000] {processor.py:830} INFO - Processing file /opt/airflow/dags/model_sample_dags.py for tasks to queue
[2026-01-01T18:07:18.755+0000] {logging_mixin.py:188} INFO - [2026-01-01T18:07:18.755+0000] {dagbag.py:545} INFO - Filling up the DagBag from /opt/airflow/dags/model_sample_dags.py
[2026-01-01T18:07:18.836+0000] {processor.py:840} INFO - DAG(s) 'train_model_sample' retrieved from /opt/airflow/dags/model_sample_dags.py
[2026-01-01T18:07:18.885+0000] {logging_mixin.py:188} INFO - [2026-01-01T18:07:18.884+0000] {dag.py:3089} INFO - Sync 1 DAGs
[2026-01-01T18:07:18.901+0000] {logging_mixin.py:188} INFO - [2026-01-01T18:07:18.900+0000] {dag.py:3947} INFO - Setting next_dagrun for train_model_sample to None, run_after=None
[2026-01-01T18:07:18.927+0000] {processor.py:183} INFO - Processing /opt/airflow/dags/model_sample_dags.py took 0.201 seconds
[2026-01-01T18:07:49.295+0000] {processor.py:161} INFO - Started process (PID=351) to work on /opt/airflow/dags/model_sample_dags.py
[2026-01-01T18:07:49.297+0000] {processor.py:830} INFO - Processing file /opt/airflow/dags/model_sample_dags.py for tasks to queue
[2026-01-01T18:07:49.300+0000] {logging_mixin.py:188} INFO - [2026-01-01T18:07:49.300+0000] {dagbag.py:545} INFO - Filling up the DagBag from /opt/airflow/dags/model_sample_dags.py
[2026-01-01T18:07:49.358+0000] {processor.py:840} INFO - DAG(s) 'train_model_sample' retrieved from /opt/airflow/dags/model_sample_dags.py
[2026-01-01T18:07:49.396+0000] {logging_mixin.py:188} INFO - [2026-01-01T18:07:49.395+0000] {dag.py:3089} INFO - Sync 1 DAGs
[2026-01-01T18:07:49.412+0000] {logging_mixin.py:188} INFO - [2026-01-01T18:07:49.412+0000] {dag.py:3947} INFO - Setting next_dagrun for train_model_sample to None, run_after=None
[2026-01-01T18:07:49.435+0000] {processor.py:183} INFO - Processing /opt/airflow/dags/model_sample_dags.py took 0.149 seconds
[2026-01-01T18:08:19.879+0000] {processor.py:161} INFO - Started process (PID=356) to work on /opt/airflow/dags/model_sample_dags.py
[2026-01-01T18:08:19.881+0000] {processor.py:830} INFO - Processing file /opt/airflow/dags/model_sample_dags.py for tasks to queue
[2026-01-01T18:08:19.884+0000] {logging_mixin.py:188} INFO - [2026-01-01T18:08:19.884+0000] {dagbag.py:545} INFO - Filling up the DagBag from /opt/airflow/dags/model_sample_dags.py
[2026-01-01T18:08:19.935+0000] {processor.py:840} INFO - DAG(s) 'train_model_sample' retrieved from /opt/airflow/dags/model_sample_dags.py
[2026-01-01T18:08:19.992+0000] {logging_mixin.py:188} INFO - [2026-01-01T18:08:19.991+0000] {dag.py:3089} INFO - Sync 1 DAGs
[2026-01-01T18:08:20.008+0000] {logging_mixin.py:188} INFO - [2026-01-01T18:08:20.008+0000] {dag.py:3947} INFO - Setting next_dagrun for train_model_sample to None, run_after=None
[2026-01-01T18:08:20.041+0000] {processor.py:183} INFO - Processing /opt/airflow/dags/model_sample_dags.py took 0.174 seconds
[2026-01-01T18:08:50.159+0000] {processor.py:161} INFO - Started process (PID=361) to work on /opt/airflow/dags/model_sample_dags.py
[2026-01-01T18:08:50.161+0000] {processor.py:830} INFO - Processing file /opt/airflow/dags/model_sample_dags.py for tasks to queue
[2026-01-01T18:08:50.164+0000] {logging_mixin.py:188} INFO - [2026-01-01T18:08:50.164+0000] {dagbag.py:545} INFO - Filling up the DagBag from /opt/airflow/dags/model_sample_dags.py
[2026-01-01T18:08:50.202+0000] {processor.py:840} INFO - DAG(s) 'train_model_sample' retrieved from /opt/airflow/dags/model_sample_dags.py
[2026-01-01T18:08:50.248+0000] {logging_mixin.py:188} INFO - [2026-01-01T18:08:50.247+0000] {dag.py:3089} INFO - Sync 1 DAGs
[2026-01-01T18:08:50.275+0000] {logging_mixin.py:188} INFO - [2026-01-01T18:08:50.274+0000] {dag.py:3947} INFO - Setting next_dagrun for train_model_sample to None, run_after=None
[2026-01-01T18:08:50.316+0000] {processor.py:183} INFO - Processing /opt/airflow/dags/model_sample_dags.py took 0.165 seconds
[2026-01-01T18:09:20.521+0000] {processor.py:161} INFO - Started process (PID=366) to work on /opt/airflow/dags/model_sample_dags.py
[2026-01-01T18:09:20.523+0000] {processor.py:830} INFO - Processing file /opt/airflow/dags/model_sample_dags.py for tasks to queue
[2026-01-01T18:09:20.525+0000] {logging_mixin.py:188} INFO - [2026-01-01T18:09:20.525+0000] {dagbag.py:545} INFO - Filling up the DagBag from /opt/airflow/dags/model_sample_dags.py
[2026-01-01T18:09:20.562+0000] {processor.py:840} INFO - DAG(s) 'train_model_sample' retrieved from /opt/airflow/dags/model_sample_dags.py
[2026-01-01T18:09:20.595+0000] {logging_mixin.py:188} INFO - [2026-01-01T18:09:20.595+0000] {dag.py:3089} INFO - Sync 1 DAGs
[2026-01-01T18:09:20.609+0000] {logging_mixin.py:188} INFO - [2026-01-01T18:09:20.609+0000] {dag.py:3947} INFO - Setting next_dagrun for train_model_sample to None, run_after=None
[2026-01-01T18:09:20.632+0000] {processor.py:183} INFO - Processing /opt/airflow/dags/model_sample_dags.py took 0.118 seconds
[2026-01-01T18:09:51.029+0000] {processor.py:161} INFO - Started process (PID=371) to work on /opt/airflow/dags/model_sample_dags.py
[2026-01-01T18:09:51.031+0000] {processor.py:830} INFO - Processing file /opt/airflow/dags/model_sample_dags.py for tasks to queue
[2026-01-01T18:09:51.034+0000] {logging_mixin.py:188} INFO - [2026-01-01T18:09:51.034+0000] {dagbag.py:545} INFO - Filling up the DagBag from /opt/airflow/dags/model_sample_dags.py
[2026-01-01T18:09:51.083+0000] {processor.py:840} INFO - DAG(s) 'train_model_sample' retrieved from /opt/airflow/dags/model_sample_dags.py
[2026-01-01T18:09:51.120+0000] {logging_mixin.py:188} INFO - [2026-01-01T18:09:51.120+0000] {dag.py:3089} INFO - Sync 1 DAGs
[2026-01-01T18:09:51.138+0000] {logging_mixin.py:188} INFO - [2026-01-01T18:09:51.138+0000] {dag.py:3947} INFO - Setting next_dagrun for train_model_sample to None, run_after=None
[2026-01-01T18:09:51.177+0000] {processor.py:183} INFO - Processing /opt/airflow/dags/model_sample_dags.py took 0.155 seconds
[2026-01-01T18:10:21.546+0000] {processor.py:161} INFO - Started process (PID=376) to work on /opt/airflow/dags/model_sample_dags.py
[2026-01-01T18:10:21.547+0000] {processor.py:830} INFO - Processing file /opt/airflow/dags/model_sample_dags.py for tasks to queue
[2026-01-01T18:10:21.550+0000] {logging_mixin.py:188} INFO - [2026-01-01T18:10:21.550+0000] {dagbag.py:545} INFO - Filling up the DagBag from /opt/airflow/dags/model_sample_dags.py
[2026-01-01T18:10:21.597+0000] {processor.py:840} INFO - DAG(s) 'train_model_sample' retrieved from /opt/airflow/dags/model_sample_dags.py
[2026-01-01T18:10:21.629+0000] {logging_mixin.py:188} INFO - [2026-01-01T18:10:21.628+0000] {dag.py:3089} INFO - Sync 1 DAGs
[2026-01-01T18:10:21.643+0000] {logging_mixin.py:188} INFO - [2026-01-01T18:10:21.643+0000] {dag.py:3947} INFO - Setting next_dagrun for train_model_sample to None, run_after=None
[2026-01-01T18:10:21.678+0000] {processor.py:183} INFO - Processing /opt/airflow/dags/model_sample_dags.py took 0.145 seconds
[2026-01-01T18:10:51.972+0000] {processor.py:161} INFO - Started process (PID=381) to work on /opt/airflow/dags/model_sample_dags.py
[2026-01-01T18:10:51.974+0000] {processor.py:830} INFO - Processing file /opt/airflow/dags/model_sample_dags.py for tasks to queue
[2026-01-01T18:10:51.976+0000] {logging_mixin.py:188} INFO - [2026-01-01T18:10:51.976+0000] {dagbag.py:545} INFO - Filling up the DagBag from /opt/airflow/dags/model_sample_dags.py
[2026-01-01T18:10:52.025+0000] {processor.py:840} INFO - DAG(s) 'train_model_sample' retrieved from /opt/airflow/dags/model_sample_dags.py
[2026-01-01T18:10:52.059+0000] {logging_mixin.py:188} INFO - [2026-01-01T18:10:52.059+0000] {dag.py:3089} INFO - Sync 1 DAGs
[2026-01-01T18:10:52.074+0000] {logging_mixin.py:188} INFO - [2026-01-01T18:10:52.074+0000] {dag.py:3947} INFO - Setting next_dagrun for train_model_sample to None, run_after=None
[2026-01-01T18:10:52.101+0000] {processor.py:183} INFO - Processing /opt/airflow/dags/model_sample_dags.py took 0.136 seconds
[2026-01-01T18:11:22.435+0000] {processor.py:161} INFO - Started process (PID=386) to work on /opt/airflow/dags/model_sample_dags.py
[2026-01-01T18:11:22.437+0000] {processor.py:830} INFO - Processing file /opt/airflow/dags/model_sample_dags.py for tasks to queue
[2026-01-01T18:11:22.440+0000] {logging_mixin.py:188} INFO - [2026-01-01T18:11:22.440+0000] {dagbag.py:545} INFO - Filling up the DagBag from /opt/airflow/dags/model_sample_dags.py
[2026-01-01T18:11:22.490+0000] {processor.py:840} INFO - DAG(s) 'train_model_sample' retrieved from /opt/airflow/dags/model_sample_dags.py
[2026-01-01T18:11:22.548+0000] {logging_mixin.py:188} INFO - [2026-01-01T18:11:22.547+0000] {dag.py:3089} INFO - Sync 1 DAGs
[2026-01-01T18:11:22.564+0000] {logging_mixin.py:188} INFO - [2026-01-01T18:11:22.563+0000] {dag.py:3947} INFO - Setting next_dagrun for train_model_sample to None, run_after=None
[2026-01-01T18:11:22.593+0000] {processor.py:183} INFO - Processing /opt/airflow/dags/model_sample_dags.py took 0.169 seconds
[2026-01-01T18:11:52.869+0000] {processor.py:161} INFO - Started process (PID=391) to work on /opt/airflow/dags/model_sample_dags.py
[2026-01-01T18:11:52.871+0000] {processor.py:830} INFO - Processing file /opt/airflow/dags/model_sample_dags.py for tasks to queue
[2026-01-01T18:11:52.875+0000] {logging_mixin.py:188} INFO - [2026-01-01T18:11:52.874+0000] {dagbag.py:545} INFO - Filling up the DagBag from /opt/airflow/dags/model_sample_dags.py
[2026-01-01T18:11:52.927+0000] {processor.py:840} INFO - DAG(s) 'train_model_sample' retrieved from /opt/airflow/dags/model_sample_dags.py
[2026-01-01T18:11:52.964+0000] {logging_mixin.py:188} INFO - [2026-01-01T18:11:52.963+0000] {dag.py:3089} INFO - Sync 1 DAGs
[2026-01-01T18:11:52.981+0000] {logging_mixin.py:188} INFO - [2026-01-01T18:11:52.980+0000] {dag.py:3947} INFO - Setting next_dagrun for train_model_sample to None, run_after=None
[2026-01-01T18:11:53.008+0000] {processor.py:183} INFO - Processing /opt/airflow/dags/model_sample_dags.py took 0.148 seconds
[2026-01-01T18:12:23.493+0000] {processor.py:161} INFO - Started process (PID=396) to work on /opt/airflow/dags/model_sample_dags.py
[2026-01-01T18:12:23.495+0000] {processor.py:830} INFO - Processing file /opt/airflow/dags/model_sample_dags.py for tasks to queue
[2026-01-01T18:12:23.499+0000] {logging_mixin.py:188} INFO - [2026-01-01T18:12:23.499+0000] {dagbag.py:545} INFO - Filling up the DagBag from /opt/airflow/dags/model_sample_dags.py
[2026-01-01T18:12:23.544+0000] {processor.py:840} INFO - DAG(s) 'train_model_sample' retrieved from /opt/airflow/dags/model_sample_dags.py
[2026-01-01T18:12:23.576+0000] {logging_mixin.py:188} INFO - [2026-01-01T18:12:23.576+0000] {dag.py:3089} INFO - Sync 1 DAGs
[2026-01-01T18:12:23.596+0000] {logging_mixin.py:188} INFO - [2026-01-01T18:12:23.595+0000] {dag.py:3947} INFO - Setting next_dagrun for train_model_sample to None, run_after=None
[2026-01-01T18:12:23.623+0000] {processor.py:183} INFO - Processing /opt/airflow/dags/model_sample_dags.py took 0.138 seconds
[2026-01-01T18:12:53.841+0000] {processor.py:161} INFO - Started process (PID=401) to work on /opt/airflow/dags/model_sample_dags.py
[2026-01-01T18:12:53.842+0000] {processor.py:830} INFO - Processing file /opt/airflow/dags/model_sample_dags.py for tasks to queue
[2026-01-01T18:12:53.845+0000] {logging_mixin.py:188} INFO - [2026-01-01T18:12:53.845+0000] {dagbag.py:545} INFO - Filling up the DagBag from /opt/airflow/dags/model_sample_dags.py
[2026-01-01T18:12:53.895+0000] {processor.py:840} INFO - DAG(s) 'train_model_sample' retrieved from /opt/airflow/dags/model_sample_dags.py
[2026-01-01T18:12:53.930+0000] {logging_mixin.py:188} INFO - [2026-01-01T18:12:53.930+0000] {dag.py:3089} INFO - Sync 1 DAGs
[2026-01-01T18:12:53.944+0000] {logging_mixin.py:188} INFO - [2026-01-01T18:12:53.944+0000] {dag.py:3947} INFO - Setting next_dagrun for train_model_sample to None, run_after=None
[2026-01-01T18:12:53.983+0000] {processor.py:183} INFO - Processing /opt/airflow/dags/model_sample_dags.py took 0.150 seconds
[2026-01-01T18:13:24.341+0000] {processor.py:161} INFO - Started process (PID=406) to work on /opt/airflow/dags/model_sample_dags.py
[2026-01-01T18:13:24.343+0000] {processor.py:830} INFO - Processing file /opt/airflow/dags/model_sample_dags.py for tasks to queue
[2026-01-01T18:13:24.346+0000] {logging_mixin.py:188} INFO - [2026-01-01T18:13:24.346+0000] {dagbag.py:545} INFO - Filling up the DagBag from /opt/airflow/dags/model_sample_dags.py
[2026-01-01T18:13:24.389+0000] {processor.py:840} INFO - DAG(s) 'train_model_sample' retrieved from /opt/airflow/dags/model_sample_dags.py
[2026-01-01T18:13:24.423+0000] {logging_mixin.py:188} INFO - [2026-01-01T18:13:24.423+0000] {dag.py:3089} INFO - Sync 1 DAGs
[2026-01-01T18:13:24.445+0000] {logging_mixin.py:188} INFO - [2026-01-01T18:13:24.444+0000] {dag.py:3947} INFO - Setting next_dagrun for train_model_sample to None, run_after=None
[2026-01-01T18:13:24.479+0000] {processor.py:183} INFO - Processing /opt/airflow/dags/model_sample_dags.py took 0.149 seconds
[2026-01-01T18:13:54.770+0000] {processor.py:161} INFO - Started process (PID=411) to work on /opt/airflow/dags/model_sample_dags.py
[2026-01-01T18:13:54.773+0000] {processor.py:830} INFO - Processing file /opt/airflow/dags/model_sample_dags.py for tasks to queue
[2026-01-01T18:13:54.777+0000] {logging_mixin.py:188} INFO - [2026-01-01T18:13:54.777+0000] {dagbag.py:545} INFO - Filling up the DagBag from /opt/airflow/dags/model_sample_dags.py
[2026-01-01T18:13:54.823+0000] {processor.py:840} INFO - DAG(s) 'train_model_sample' retrieved from /opt/airflow/dags/model_sample_dags.py
[2026-01-01T18:13:54.864+0000] {logging_mixin.py:188} INFO - [2026-01-01T18:13:54.863+0000] {dag.py:3089} INFO - Sync 1 DAGs
[2026-01-01T18:13:54.886+0000] {logging_mixin.py:188} INFO - [2026-01-01T18:13:54.886+0000] {dag.py:3947} INFO - Setting next_dagrun for train_model_sample to None, run_after=None
[2026-01-01T18:13:54.914+0000] {processor.py:183} INFO - Processing /opt/airflow/dags/model_sample_dags.py took 0.156 seconds
[2026-01-01T18:14:25.292+0000] {processor.py:161} INFO - Started process (PID=416) to work on /opt/airflow/dags/model_sample_dags.py
[2026-01-01T18:14:25.294+0000] {processor.py:830} INFO - Processing file /opt/airflow/dags/model_sample_dags.py for tasks to queue
[2026-01-01T18:14:25.297+0000] {logging_mixin.py:188} INFO - [2026-01-01T18:14:25.296+0000] {dagbag.py:545} INFO - Filling up the DagBag from /opt/airflow/dags/model_sample_dags.py
[2026-01-01T18:14:25.345+0000] {processor.py:840} INFO - DAG(s) 'train_model_sample' retrieved from /opt/airflow/dags/model_sample_dags.py
[2026-01-01T18:14:25.382+0000] {logging_mixin.py:188} INFO - [2026-01-01T18:14:25.381+0000] {dag.py:3089} INFO - Sync 1 DAGs
[2026-01-01T18:14:25.397+0000] {logging_mixin.py:188} INFO - [2026-01-01T18:14:25.396+0000] {dag.py:3947} INFO - Setting next_dagrun for train_model_sample to None, run_after=None
[2026-01-01T18:14:25.431+0000] {processor.py:183} INFO - Processing /opt/airflow/dags/model_sample_dags.py took 0.145 seconds
[2026-01-01T18:14:55.724+0000] {processor.py:161} INFO - Started process (PID=421) to work on /opt/airflow/dags/model_sample_dags.py
[2026-01-01T18:14:55.726+0000] {processor.py:830} INFO - Processing file /opt/airflow/dags/model_sample_dags.py for tasks to queue
[2026-01-01T18:14:55.728+0000] {logging_mixin.py:188} INFO - [2026-01-01T18:14:55.728+0000] {dagbag.py:545} INFO - Filling up the DagBag from /opt/airflow/dags/model_sample_dags.py
[2026-01-01T18:14:55.768+0000] {processor.py:840} INFO - DAG(s) 'train_model_sample' retrieved from /opt/airflow/dags/model_sample_dags.py
[2026-01-01T18:14:55.811+0000] {logging_mixin.py:188} INFO - [2026-01-01T18:14:55.810+0000] {dag.py:3089} INFO - Sync 1 DAGs
[2026-01-01T18:14:55.826+0000] {logging_mixin.py:188} INFO - [2026-01-01T18:14:55.826+0000] {dag.py:3947} INFO - Setting next_dagrun for train_model_sample to None, run_after=None
[2026-01-01T18:14:55.862+0000] {processor.py:183} INFO - Processing /opt/airflow/dags/model_sample_dags.py took 0.146 seconds
[2026-01-01T18:15:26.243+0000] {processor.py:161} INFO - Started process (PID=426) to work on /opt/airflow/dags/model_sample_dags.py
[2026-01-01T18:15:26.247+0000] {processor.py:830} INFO - Processing file /opt/airflow/dags/model_sample_dags.py for tasks to queue
[2026-01-01T18:15:26.253+0000] {logging_mixin.py:188} INFO - [2026-01-01T18:15:26.252+0000] {dagbag.py:545} INFO - Filling up the DagBag from /opt/airflow/dags/model_sample_dags.py
[2026-01-01T18:15:26.308+0000] {processor.py:840} INFO - DAG(s) 'train_model_sample' retrieved from /opt/airflow/dags/model_sample_dags.py
[2026-01-01T18:15:26.341+0000] {logging_mixin.py:188} INFO - [2026-01-01T18:15:26.341+0000] {dag.py:3089} INFO - Sync 1 DAGs
[2026-01-01T18:15:26.358+0000] {logging_mixin.py:188} INFO - [2026-01-01T18:15:26.358+0000] {dag.py:3947} INFO - Setting next_dagrun for train_model_sample to None, run_after=None
[2026-01-01T18:15:26.389+0000] {processor.py:183} INFO - Processing /opt/airflow/dags/model_sample_dags.py took 0.158 seconds
[2026-01-01T18:15:56.631+0000] {processor.py:161} INFO - Started process (PID=431) to work on /opt/airflow/dags/model_sample_dags.py
[2026-01-01T18:15:56.634+0000] {processor.py:830} INFO - Processing file /opt/airflow/dags/model_sample_dags.py for tasks to queue
[2026-01-01T18:15:56.638+0000] {logging_mixin.py:188} INFO - [2026-01-01T18:15:56.638+0000] {dagbag.py:545} INFO - Filling up the DagBag from /opt/airflow/dags/model_sample_dags.py
[2026-01-01T18:15:56.680+0000] {processor.py:840} INFO - DAG(s) 'train_model_sample' retrieved from /opt/airflow/dags/model_sample_dags.py
[2026-01-01T18:15:56.725+0000] {logging_mixin.py:188} INFO - [2026-01-01T18:15:56.724+0000] {dag.py:3089} INFO - Sync 1 DAGs
[2026-01-01T18:15:56.742+0000] {logging_mixin.py:188} INFO - [2026-01-01T18:15:56.742+0000] {dag.py:3947} INFO - Setting next_dagrun for train_model_sample to None, run_after=None
[2026-01-01T18:15:56.773+0000] {processor.py:183} INFO - Processing /opt/airflow/dags/model_sample_dags.py took 0.151 seconds
[2026-01-01T18:16:27.204+0000] {processor.py:161} INFO - Started process (PID=436) to work on /opt/airflow/dags/model_sample_dags.py
[2026-01-01T18:16:27.206+0000] {processor.py:830} INFO - Processing file /opt/airflow/dags/model_sample_dags.py for tasks to queue
[2026-01-01T18:16:27.209+0000] {logging_mixin.py:188} INFO - [2026-01-01T18:16:27.208+0000] {dagbag.py:545} INFO - Filling up the DagBag from /opt/airflow/dags/model_sample_dags.py
[2026-01-01T18:16:27.255+0000] {processor.py:840} INFO - DAG(s) 'train_model_sample' retrieved from /opt/airflow/dags/model_sample_dags.py
[2026-01-01T18:16:27.293+0000] {logging_mixin.py:188} INFO - [2026-01-01T18:16:27.293+0000] {dag.py:3089} INFO - Sync 1 DAGs
[2026-01-01T18:16:27.308+0000] {logging_mixin.py:188} INFO - [2026-01-01T18:16:27.307+0000] {dag.py:3947} INFO - Setting next_dagrun for train_model_sample to None, run_after=None
[2026-01-01T18:16:27.347+0000] {processor.py:183} INFO - Processing /opt/airflow/dags/model_sample_dags.py took 0.151 seconds
[2026-01-01T18:16:57.604+0000] {processor.py:161} INFO - Started process (PID=441) to work on /opt/airflow/dags/model_sample_dags.py
[2026-01-01T18:16:57.606+0000] {processor.py:830} INFO - Processing file /opt/airflow/dags/model_sample_dags.py for tasks to queue
[2026-01-01T18:16:57.610+0000] {logging_mixin.py:188} INFO - [2026-01-01T18:16:57.608+0000] {dagbag.py:545} INFO - Filling up the DagBag from /opt/airflow/dags/model_sample_dags.py
[2026-01-01T18:16:57.667+0000] {processor.py:840} INFO - DAG(s) 'train_model_sample' retrieved from /opt/airflow/dags/model_sample_dags.py
[2026-01-01T18:16:57.714+0000] {logging_mixin.py:188} INFO - [2026-01-01T18:16:57.713+0000] {dag.py:3089} INFO - Sync 1 DAGs
[2026-01-01T18:16:57.730+0000] {logging_mixin.py:188} INFO - [2026-01-01T18:16:57.730+0000] {dag.py:3947} INFO - Setting next_dagrun for train_model_sample to None, run_after=None
[2026-01-01T18:16:57.770+0000] {processor.py:183} INFO - Processing /opt/airflow/dags/model_sample_dags.py took 0.174 seconds
[2026-01-01T18:17:28.225+0000] {processor.py:161} INFO - Started process (PID=446) to work on /opt/airflow/dags/model_sample_dags.py
[2026-01-01T18:17:28.227+0000] {processor.py:830} INFO - Processing file /opt/airflow/dags/model_sample_dags.py for tasks to queue
[2026-01-01T18:17:28.229+0000] {logging_mixin.py:188} INFO - [2026-01-01T18:17:28.229+0000] {dagbag.py:545} INFO - Filling up the DagBag from /opt/airflow/dags/model_sample_dags.py
[2026-01-01T18:17:28.268+0000] {processor.py:840} INFO - DAG(s) 'train_model_sample' retrieved from /opt/airflow/dags/model_sample_dags.py
[2026-01-01T18:17:28.310+0000] {logging_mixin.py:188} INFO - [2026-01-01T18:17:28.309+0000] {dag.py:3089} INFO - Sync 1 DAGs
[2026-01-01T18:17:28.325+0000] {logging_mixin.py:188} INFO - [2026-01-01T18:17:28.325+0000] {dag.py:3947} INFO - Setting next_dagrun for train_model_sample to None, run_after=None
[2026-01-01T18:17:28.351+0000] {processor.py:183} INFO - Processing /opt/airflow/dags/model_sample_dags.py took 0.132 seconds
[2026-01-01T18:17:58.632+0000] {processor.py:161} INFO - Started process (PID=451) to work on /opt/airflow/dags/model_sample_dags.py
[2026-01-01T18:17:58.634+0000] {processor.py:830} INFO - Processing file /opt/airflow/dags/model_sample_dags.py for tasks to queue
[2026-01-01T18:17:58.636+0000] {logging_mixin.py:188} INFO - [2026-01-01T18:17:58.636+0000] {dagbag.py:545} INFO - Filling up the DagBag from /opt/airflow/dags/model_sample_dags.py
[2026-01-01T18:17:58.696+0000] {processor.py:840} INFO - DAG(s) 'train_model_sample' retrieved from /opt/airflow/dags/model_sample_dags.py
[2026-01-01T18:17:58.755+0000] {logging_mixin.py:188} INFO - [2026-01-01T18:17:58.755+0000] {dag.py:3089} INFO - Sync 1 DAGs
[2026-01-01T18:17:58.775+0000] {logging_mixin.py:188} INFO - [2026-01-01T18:17:58.775+0000] {dag.py:3947} INFO - Setting next_dagrun for train_model_sample to None, run_after=None
[2026-01-01T18:17:58.812+0000] {processor.py:183} INFO - Processing /opt/airflow/dags/model_sample_dags.py took 0.189 seconds
[2026-01-01T18:18:29.166+0000] {processor.py:161} INFO - Started process (PID=456) to work on /opt/airflow/dags/model_sample_dags.py
[2026-01-01T18:18:29.169+0000] {processor.py:830} INFO - Processing file /opt/airflow/dags/model_sample_dags.py for tasks to queue
[2026-01-01T18:18:29.172+0000] {logging_mixin.py:188} INFO - [2026-01-01T18:18:29.172+0000] {dagbag.py:545} INFO - Filling up the DagBag from /opt/airflow/dags/model_sample_dags.py
[2026-01-01T18:18:29.210+0000] {processor.py:840} INFO - DAG(s) 'train_model_sample' retrieved from /opt/airflow/dags/model_sample_dags.py
[2026-01-01T18:18:29.259+0000] {logging_mixin.py:188} INFO - [2026-01-01T18:18:29.259+0000] {dag.py:3089} INFO - Sync 1 DAGs
[2026-01-01T18:18:29.276+0000] {logging_mixin.py:188} INFO - [2026-01-01T18:18:29.276+0000] {dag.py:3947} INFO - Setting next_dagrun for train_model_sample to None, run_after=None
[2026-01-01T18:18:29.306+0000] {processor.py:183} INFO - Processing /opt/airflow/dags/model_sample_dags.py took 0.154 seconds
[2026-01-01T18:19:00.631+0000] {processor.py:161} INFO - Started process (PID=461) to work on /opt/airflow/dags/model_sample_dags.py
[2026-01-01T18:19:00.634+0000] {processor.py:830} INFO - Processing file /opt/airflow/dags/model_sample_dags.py for tasks to queue
[2026-01-01T18:19:00.637+0000] {logging_mixin.py:188} INFO - [2026-01-01T18:19:00.637+0000] {dagbag.py:545} INFO - Filling up the DagBag from /opt/airflow/dags/model_sample_dags.py
[2026-01-01T18:19:00.688+0000] {processor.py:840} INFO - DAG(s) 'train_model_sample' retrieved from /opt/airflow/dags/model_sample_dags.py
[2026-01-01T18:19:00.727+0000] {logging_mixin.py:188} INFO - [2026-01-01T18:19:00.727+0000] {dag.py:3089} INFO - Sync 1 DAGs
[2026-01-01T18:19:00.747+0000] {logging_mixin.py:188} INFO - [2026-01-01T18:19:00.746+0000] {dag.py:3947} INFO - Setting next_dagrun for train_model_sample to None, run_after=None
[2026-01-01T18:19:00.772+0000] {processor.py:183} INFO - Processing /opt/airflow/dags/model_sample_dags.py took 0.156 seconds
[2026-01-01T18:19:31.121+0000] {processor.py:161} INFO - Started process (PID=466) to work on /opt/airflow/dags/model_sample_dags.py
[2026-01-01T18:19:31.123+0000] {processor.py:830} INFO - Processing file /opt/airflow/dags/model_sample_dags.py for tasks to queue
[2026-01-01T18:19:31.126+0000] {logging_mixin.py:188} INFO - [2026-01-01T18:19:31.126+0000] {dagbag.py:545} INFO - Filling up the DagBag from /opt/airflow/dags/model_sample_dags.py
[2026-01-01T18:19:31.176+0000] {processor.py:840} INFO - DAG(s) 'train_model_sample' retrieved from /opt/airflow/dags/model_sample_dags.py
[2026-01-01T18:19:31.216+0000] {logging_mixin.py:188} INFO - [2026-01-01T18:19:31.216+0000] {dag.py:3089} INFO - Sync 1 DAGs
[2026-01-01T18:19:31.239+0000] {logging_mixin.py:188} INFO - [2026-01-01T18:19:31.239+0000] {dag.py:3947} INFO - Setting next_dagrun for train_model_sample to None, run_after=None
[2026-01-01T18:19:31.281+0000] {processor.py:183} INFO - Processing /opt/airflow/dags/model_sample_dags.py took 0.172 seconds
[2026-01-01T18:20:02.585+0000] {processor.py:161} INFO - Started process (PID=471) to work on /opt/airflow/dags/model_sample_dags.py
[2026-01-01T18:20:02.587+0000] {processor.py:830} INFO - Processing file /opt/airflow/dags/model_sample_dags.py for tasks to queue
[2026-01-01T18:20:02.590+0000] {logging_mixin.py:188} INFO - [2026-01-01T18:20:02.590+0000] {dagbag.py:545} INFO - Filling up the DagBag from /opt/airflow/dags/model_sample_dags.py
[2026-01-01T18:20:02.644+0000] {processor.py:840} INFO - DAG(s) 'train_model_sample' retrieved from /opt/airflow/dags/model_sample_dags.py
[2026-01-01T18:20:02.681+0000] {logging_mixin.py:188} INFO - [2026-01-01T18:20:02.681+0000] {dag.py:3089} INFO - Sync 1 DAGs
[2026-01-01T18:20:02.697+0000] {logging_mixin.py:188} INFO - [2026-01-01T18:20:02.696+0000] {dag.py:3947} INFO - Setting next_dagrun for train_model_sample to None, run_after=None
[2026-01-01T18:20:02.736+0000] {processor.py:183} INFO - Processing /opt/airflow/dags/model_sample_dags.py took 0.159 seconds
[2026-01-01T18:20:34.090+0000] {processor.py:161} INFO - Started process (PID=476) to work on /opt/airflow/dags/model_sample_dags.py
[2026-01-01T18:20:34.092+0000] {processor.py:830} INFO - Processing file /opt/airflow/dags/model_sample_dags.py for tasks to queue
[2026-01-01T18:20:34.095+0000] {logging_mixin.py:188} INFO - [2026-01-01T18:20:34.094+0000] {dagbag.py:545} INFO - Filling up the DagBag from /opt/airflow/dags/model_sample_dags.py
[2026-01-01T18:20:34.151+0000] {processor.py:840} INFO - DAG(s) 'train_model_sample' retrieved from /opt/airflow/dags/model_sample_dags.py
[2026-01-01T18:20:34.189+0000] {logging_mixin.py:188} INFO - [2026-01-01T18:20:34.189+0000] {dag.py:3089} INFO - Sync 1 DAGs
[2026-01-01T18:20:34.209+0000] {logging_mixin.py:188} INFO - [2026-01-01T18:20:34.209+0000] {dag.py:3947} INFO - Setting next_dagrun for train_model_sample to None, run_after=None
[2026-01-01T18:20:34.239+0000] {processor.py:183} INFO - Processing /opt/airflow/dags/model_sample_dags.py took 0.161 seconds
[2026-01-01T18:21:04.494+0000] {processor.py:161} INFO - Started process (PID=481) to work on /opt/airflow/dags/model_sample_dags.py
[2026-01-01T18:21:04.496+0000] {processor.py:830} INFO - Processing file /opt/airflow/dags/model_sample_dags.py for tasks to queue
[2026-01-01T18:21:04.498+0000] {logging_mixin.py:188} INFO - [2026-01-01T18:21:04.498+0000] {dagbag.py:545} INFO - Filling up the DagBag from /opt/airflow/dags/model_sample_dags.py
[2026-01-01T18:21:04.551+0000] {processor.py:840} INFO - DAG(s) 'train_model_sample' retrieved from /opt/airflow/dags/model_sample_dags.py
[2026-01-01T18:21:04.585+0000] {logging_mixin.py:188} INFO - [2026-01-01T18:21:04.584+0000] {dag.py:3089} INFO - Sync 1 DAGs
[2026-01-01T18:21:04.599+0000] {logging_mixin.py:188} INFO - [2026-01-01T18:21:04.599+0000] {dag.py:3947} INFO - Setting next_dagrun for train_model_sample to None, run_after=None
[2026-01-01T18:21:04.625+0000] {processor.py:183} INFO - Processing /opt/airflow/dags/model_sample_dags.py took 0.140 seconds
[2026-01-01T18:21:35.989+0000] {processor.py:161} INFO - Started process (PID=486) to work on /opt/airflow/dags/model_sample_dags.py
[2026-01-01T18:21:35.991+0000] {processor.py:830} INFO - Processing file /opt/airflow/dags/model_sample_dags.py for tasks to queue
[2026-01-01T18:21:35.995+0000] {logging_mixin.py:188} INFO - [2026-01-01T18:21:35.994+0000] {dagbag.py:545} INFO - Filling up the DagBag from /opt/airflow/dags/model_sample_dags.py
[2026-01-01T18:21:36.043+0000] {processor.py:840} INFO - DAG(s) 'train_model_sample' retrieved from /opt/airflow/dags/model_sample_dags.py
[2026-01-01T18:21:36.075+0000] {logging_mixin.py:188} INFO - [2026-01-01T18:21:36.075+0000] {dag.py:3089} INFO - Sync 1 DAGs
[2026-01-01T18:21:36.088+0000] {logging_mixin.py:188} INFO - [2026-01-01T18:21:36.088+0000] {dag.py:3947} INFO - Setting next_dagrun for train_model_sample to None, run_after=None
[2026-01-01T18:21:36.126+0000] {processor.py:183} INFO - Processing /opt/airflow/dags/model_sample_dags.py took 0.147 seconds
[2026-01-01T18:22:06.542+0000] {processor.py:161} INFO - Started process (PID=491) to work on /opt/airflow/dags/model_sample_dags.py
[2026-01-01T18:22:06.548+0000] {processor.py:830} INFO - Processing file /opt/airflow/dags/model_sample_dags.py for tasks to queue
[2026-01-01T18:22:06.552+0000] {logging_mixin.py:188} INFO - [2026-01-01T18:22:06.551+0000] {dagbag.py:545} INFO - Filling up the DagBag from /opt/airflow/dags/model_sample_dags.py
[2026-01-01T18:22:06.590+0000] {processor.py:840} INFO - DAG(s) 'train_model_sample' retrieved from /opt/airflow/dags/model_sample_dags.py
[2026-01-01T18:22:06.625+0000] {logging_mixin.py:188} INFO - [2026-01-01T18:22:06.624+0000] {dag.py:3089} INFO - Sync 1 DAGs
[2026-01-01T18:22:06.645+0000] {logging_mixin.py:188} INFO - [2026-01-01T18:22:06.644+0000] {dag.py:3947} INFO - Setting next_dagrun for train_model_sample to None, run_after=None
[2026-01-01T18:22:06.681+0000] {processor.py:183} INFO - Processing /opt/airflow/dags/model_sample_dags.py took 0.147 seconds
[2026-01-01T18:22:38.058+0000] {processor.py:161} INFO - Started process (PID=496) to work on /opt/airflow/dags/model_sample_dags.py
[2026-01-01T18:22:38.060+0000] {processor.py:830} INFO - Processing file /opt/airflow/dags/model_sample_dags.py for tasks to queue
[2026-01-01T18:22:38.063+0000] {logging_mixin.py:188} INFO - [2026-01-01T18:22:38.062+0000] {dagbag.py:545} INFO - Filling up the DagBag from /opt/airflow/dags/model_sample_dags.py
[2026-01-01T18:22:38.104+0000] {processor.py:840} INFO - DAG(s) 'train_model_sample' retrieved from /opt/airflow/dags/model_sample_dags.py
[2026-01-01T18:22:38.135+0000] {logging_mixin.py:188} INFO - [2026-01-01T18:22:38.135+0000] {dag.py:3089} INFO - Sync 1 DAGs
[2026-01-01T18:22:38.153+0000] {logging_mixin.py:188} INFO - [2026-01-01T18:22:38.153+0000] {dag.py:3947} INFO - Setting next_dagrun for train_model_sample to None, run_after=None
[2026-01-01T18:22:38.180+0000] {processor.py:183} INFO - Processing /opt/airflow/dags/model_sample_dags.py took 0.132 seconds
[2026-01-01T18:23:09.493+0000] {processor.py:161} INFO - Started process (PID=501) to work on /opt/airflow/dags/model_sample_dags.py
[2026-01-01T18:23:09.495+0000] {processor.py:830} INFO - Processing file /opt/airflow/dags/model_sample_dags.py for tasks to queue
[2026-01-01T18:23:09.499+0000] {logging_mixin.py:188} INFO - [2026-01-01T18:23:09.498+0000] {dagbag.py:545} INFO - Filling up the DagBag from /opt/airflow/dags/model_sample_dags.py
[2026-01-01T18:23:09.544+0000] {processor.py:840} INFO - DAG(s) 'train_model_sample' retrieved from /opt/airflow/dags/model_sample_dags.py
[2026-01-01T18:23:09.579+0000] {logging_mixin.py:188} INFO - [2026-01-01T18:23:09.579+0000] {dag.py:3089} INFO - Sync 1 DAGs
[2026-01-01T18:23:09.595+0000] {logging_mixin.py:188} INFO - [2026-01-01T18:23:09.595+0000] {dag.py:3947} INFO - Setting next_dagrun for train_model_sample to None, run_after=None
[2026-01-01T18:23:09.634+0000] {processor.py:183} INFO - Processing /opt/airflow/dags/model_sample_dags.py took 0.153 seconds
[2026-01-01T18:23:39.998+0000] {processor.py:161} INFO - Started process (PID=506) to work on /opt/airflow/dags/model_sample_dags.py
[2026-01-01T18:23:40.000+0000] {processor.py:830} INFO - Processing file /opt/airflow/dags/model_sample_dags.py for tasks to queue
[2026-01-01T18:23:40.003+0000] {logging_mixin.py:188} INFO - [2026-01-01T18:23:40.003+0000] {dagbag.py:545} INFO - Filling up the DagBag from /opt/airflow/dags/model_sample_dags.py
[2026-01-01T18:23:40.045+0000] {processor.py:840} INFO - DAG(s) 'train_model_sample' retrieved from /opt/airflow/dags/model_sample_dags.py
[2026-01-01T18:23:40.075+0000] {logging_mixin.py:188} INFO - [2026-01-01T18:23:40.075+0000] {dag.py:3089} INFO - Sync 1 DAGs
[2026-01-01T18:23:40.091+0000] {logging_mixin.py:188} INFO - [2026-01-01T18:23:40.090+0000] {dag.py:3947} INFO - Setting next_dagrun for train_model_sample to None, run_after=None
[2026-01-01T18:23:40.120+0000] {processor.py:183} INFO - Processing /opt/airflow/dags/model_sample_dags.py took 0.132 seconds
[2026-01-01T18:24:11.485+0000] {processor.py:161} INFO - Started process (PID=511) to work on /opt/airflow/dags/model_sample_dags.py
[2026-01-01T18:24:11.488+0000] {processor.py:830} INFO - Processing file /opt/airflow/dags/model_sample_dags.py for tasks to queue
[2026-01-01T18:24:11.494+0000] {logging_mixin.py:188} INFO - [2026-01-01T18:24:11.493+0000] {dagbag.py:545} INFO - Filling up the DagBag from /opt/airflow/dags/model_sample_dags.py
[2026-01-01T18:24:11.560+0000] {processor.py:840} INFO - DAG(s) 'train_model_sample' retrieved from /opt/airflow/dags/model_sample_dags.py
[2026-01-01T18:24:11.607+0000] {logging_mixin.py:188} INFO - [2026-01-01T18:24:11.606+0000] {dag.py:3089} INFO - Sync 1 DAGs
[2026-01-01T18:24:11.628+0000] {logging_mixin.py:188} INFO - [2026-01-01T18:24:11.627+0000] {dag.py:3947} INFO - Setting next_dagrun for train_model_sample to None, run_after=None
[2026-01-01T18:24:11.667+0000] {processor.py:183} INFO - Processing /opt/airflow/dags/model_sample_dags.py took 0.199 seconds
[2026-01-01T18:24:41.990+0000] {processor.py:161} INFO - Started process (PID=516) to work on /opt/airflow/dags/model_sample_dags.py
[2026-01-01T18:24:41.992+0000] {processor.py:830} INFO - Processing file /opt/airflow/dags/model_sample_dags.py for tasks to queue
[2026-01-01T18:24:41.995+0000] {logging_mixin.py:188} INFO - [2026-01-01T18:24:41.994+0000] {dagbag.py:545} INFO - Filling up the DagBag from /opt/airflow/dags/model_sample_dags.py
[2026-01-01T18:24:42.058+0000] {processor.py:840} INFO - DAG(s) 'train_model_sample' retrieved from /opt/airflow/dags/model_sample_dags.py
[2026-01-01T18:24:42.098+0000] {logging_mixin.py:188} INFO - [2026-01-01T18:24:42.098+0000] {dag.py:3089} INFO - Sync 1 DAGs
[2026-01-01T18:24:42.113+0000] {logging_mixin.py:188} INFO - [2026-01-01T18:24:42.113+0000] {dag.py:3947} INFO - Setting next_dagrun for train_model_sample to None, run_after=None
[2026-01-01T18:24:42.154+0000] {processor.py:183} INFO - Processing /opt/airflow/dags/model_sample_dags.py took 0.173 seconds
[2026-01-01T18:25:13.531+0000] {processor.py:161} INFO - Started process (PID=521) to work on /opt/airflow/dags/model_sample_dags.py
[2026-01-01T18:25:13.535+0000] {processor.py:830} INFO - Processing file /opt/airflow/dags/model_sample_dags.py for tasks to queue
[2026-01-01T18:25:13.541+0000] {logging_mixin.py:188} INFO - [2026-01-01T18:25:13.540+0000] {dagbag.py:545} INFO - Filling up the DagBag from /opt/airflow/dags/model_sample_dags.py
[2026-01-01T18:25:13.590+0000] {processor.py:840} INFO - DAG(s) 'train_model_sample' retrieved from /opt/airflow/dags/model_sample_dags.py
[2026-01-01T18:25:13.621+0000] {logging_mixin.py:188} INFO - [2026-01-01T18:25:13.621+0000] {dag.py:3089} INFO - Sync 1 DAGs
[2026-01-01T18:25:13.639+0000] {logging_mixin.py:188} INFO - [2026-01-01T18:25:13.639+0000] {dag.py:3947} INFO - Setting next_dagrun for train_model_sample to None, run_after=None
[2026-01-01T18:25:13.666+0000] {processor.py:183} INFO - Processing /opt/airflow/dags/model_sample_dags.py took 0.149 seconds
[2026-01-01T18:25:44.056+0000] {processor.py:161} INFO - Started process (PID=526) to work on /opt/airflow/dags/model_sample_dags.py
[2026-01-01T18:25:44.059+0000] {processor.py:830} INFO - Processing file /opt/airflow/dags/model_sample_dags.py for tasks to queue
[2026-01-01T18:25:44.062+0000] {logging_mixin.py:188} INFO - [2026-01-01T18:25:44.062+0000] {dagbag.py:545} INFO - Filling up the DagBag from /opt/airflow/dags/model_sample_dags.py
[2026-01-01T18:25:44.108+0000] {processor.py:840} INFO - DAG(s) 'train_model_sample' retrieved from /opt/airflow/dags/model_sample_dags.py
[2026-01-01T18:25:44.150+0000] {logging_mixin.py:188} INFO - [2026-01-01T18:25:44.150+0000] {dag.py:3089} INFO - Sync 1 DAGs
[2026-01-01T18:25:44.173+0000] {logging_mixin.py:188} INFO - [2026-01-01T18:25:44.172+0000] {dag.py:3947} INFO - Setting next_dagrun for train_model_sample to None, run_after=None
[2026-01-01T18:25:44.206+0000] {processor.py:183} INFO - Processing /opt/airflow/dags/model_sample_dags.py took 0.165 seconds
[2026-01-01T18:26:15.461+0000] {processor.py:161} INFO - Started process (PID=531) to work on /opt/airflow/dags/model_sample_dags.py
[2026-01-01T18:26:15.464+0000] {processor.py:830} INFO - Processing file /opt/airflow/dags/model_sample_dags.py for tasks to queue
[2026-01-01T18:26:15.467+0000] {logging_mixin.py:188} INFO - [2026-01-01T18:26:15.466+0000] {dagbag.py:545} INFO - Filling up the DagBag from /opt/airflow/dags/model_sample_dags.py
[2026-01-01T18:26:15.517+0000] {processor.py:840} INFO - DAG(s) 'train_model_sample' retrieved from /opt/airflow/dags/model_sample_dags.py
[2026-01-01T18:26:15.554+0000] {logging_mixin.py:188} INFO - [2026-01-01T18:26:15.554+0000] {dag.py:3089} INFO - Sync 1 DAGs
[2026-01-01T18:26:15.569+0000] {logging_mixin.py:188} INFO - [2026-01-01T18:26:15.569+0000] {dag.py:3947} INFO - Setting next_dagrun for train_model_sample to None, run_after=None
[2026-01-01T18:26:15.594+0000] {processor.py:183} INFO - Processing /opt/airflow/dags/model_sample_dags.py took 0.146 seconds
[2026-01-01T18:26:47.006+0000] {processor.py:161} INFO - Started process (PID=536) to work on /opt/airflow/dags/model_sample_dags.py
[2026-01-01T18:26:47.007+0000] {processor.py:830} INFO - Processing file /opt/airflow/dags/model_sample_dags.py for tasks to queue
[2026-01-01T18:26:47.011+0000] {logging_mixin.py:188} INFO - [2026-01-01T18:26:47.010+0000] {dagbag.py:545} INFO - Filling up the DagBag from /opt/airflow/dags/model_sample_dags.py
[2026-01-01T18:26:47.061+0000] {processor.py:840} INFO - DAG(s) 'train_model_sample' retrieved from /opt/airflow/dags/model_sample_dags.py
[2026-01-01T18:26:47.092+0000] {logging_mixin.py:188} INFO - [2026-01-01T18:26:47.092+0000] {dag.py:3089} INFO - Sync 1 DAGs
[2026-01-01T18:26:47.107+0000] {logging_mixin.py:188} INFO - [2026-01-01T18:26:47.107+0000] {dag.py:3947} INFO - Setting next_dagrun for train_model_sample to None, run_after=None
[2026-01-01T18:26:47.144+0000] {processor.py:183} INFO - Processing /opt/airflow/dags/model_sample_dags.py took 0.145 seconds
[2026-01-01T18:27:17.520+0000] {processor.py:161} INFO - Started process (PID=541) to work on /opt/airflow/dags/model_sample_dags.py
[2026-01-01T18:27:17.522+0000] {processor.py:830} INFO - Processing file /opt/airflow/dags/model_sample_dags.py for tasks to queue
[2026-01-01T18:27:17.526+0000] {logging_mixin.py:188} INFO - [2026-01-01T18:27:17.525+0000] {dagbag.py:545} INFO - Filling up the DagBag from /opt/airflow/dags/model_sample_dags.py
[2026-01-01T18:27:17.574+0000] {processor.py:840} INFO - DAG(s) 'train_model_sample' retrieved from /opt/airflow/dags/model_sample_dags.py
[2026-01-01T18:27:17.604+0000] {logging_mixin.py:188} INFO - [2026-01-01T18:27:17.604+0000] {dag.py:3089} INFO - Sync 1 DAGs
[2026-01-01T18:27:17.620+0000] {logging_mixin.py:188} INFO - [2026-01-01T18:27:17.620+0000] {dag.py:3947} INFO - Setting next_dagrun for train_model_sample to None, run_after=None
[2026-01-01T18:27:17.659+0000] {processor.py:183} INFO - Processing /opt/airflow/dags/model_sample_dags.py took 0.148 seconds
[2026-01-01T18:27:48.924+0000] {processor.py:161} INFO - Started process (PID=546) to work on /opt/airflow/dags/model_sample_dags.py
[2026-01-01T18:27:48.926+0000] {processor.py:830} INFO - Processing file /opt/airflow/dags/model_sample_dags.py for tasks to queue
[2026-01-01T18:27:48.930+0000] {logging_mixin.py:188} INFO - [2026-01-01T18:27:48.929+0000] {dagbag.py:545} INFO - Filling up the DagBag from /opt/airflow/dags/model_sample_dags.py
[2026-01-01T18:27:48.973+0000] {processor.py:840} INFO - DAG(s) 'train_model_sample' retrieved from /opt/airflow/dags/model_sample_dags.py
[2026-01-01T18:27:49.004+0000] {logging_mixin.py:188} INFO - [2026-01-01T18:27:49.004+0000] {dag.py:3089} INFO - Sync 1 DAGs
[2026-01-01T18:27:49.018+0000] {logging_mixin.py:188} INFO - [2026-01-01T18:27:49.017+0000] {dag.py:3947} INFO - Setting next_dagrun for train_model_sample to None, run_after=None
[2026-01-01T18:27:49.054+0000] {processor.py:183} INFO - Processing /opt/airflow/dags/model_sample_dags.py took 0.137 seconds
[2026-01-01T18:28:19.411+0000] {processor.py:161} INFO - Started process (PID=551) to work on /opt/airflow/dags/model_sample_dags.py
[2026-01-01T18:28:19.422+0000] {processor.py:830} INFO - Processing file /opt/airflow/dags/model_sample_dags.py for tasks to queue
[2026-01-01T18:28:19.428+0000] {logging_mixin.py:188} INFO - [2026-01-01T18:28:19.427+0000] {dagbag.py:545} INFO - Filling up the DagBag from /opt/airflow/dags/model_sample_dags.py
[2026-01-01T18:28:19.488+0000] {processor.py:840} INFO - DAG(s) 'train_model_sample' retrieved from /opt/airflow/dags/model_sample_dags.py
[2026-01-01T18:28:19.527+0000] {logging_mixin.py:188} INFO - [2026-01-01T18:28:19.526+0000] {dag.py:3089} INFO - Sync 1 DAGs
[2026-01-01T18:28:19.550+0000] {logging_mixin.py:188} INFO - [2026-01-01T18:28:19.549+0000] {dag.py:3947} INFO - Setting next_dagrun for train_model_sample to None, run_after=None
[2026-01-01T18:28:19.585+0000] {processor.py:183} INFO - Processing /opt/airflow/dags/model_sample_dags.py took 0.185 seconds
[2026-01-01T18:28:50.851+0000] {processor.py:161} INFO - Started process (PID=556) to work on /opt/airflow/dags/model_sample_dags.py
[2026-01-01T18:28:50.853+0000] {processor.py:830} INFO - Processing file /opt/airflow/dags/model_sample_dags.py for tasks to queue
[2026-01-01T18:28:50.856+0000] {logging_mixin.py:188} INFO - [2026-01-01T18:28:50.856+0000] {dagbag.py:545} INFO - Filling up the DagBag from /opt/airflow/dags/model_sample_dags.py
[2026-01-01T18:28:50.908+0000] {processor.py:840} INFO - DAG(s) 'train_model_sample' retrieved from /opt/airflow/dags/model_sample_dags.py
[2026-01-01T18:28:50.945+0000] {logging_mixin.py:188} INFO - [2026-01-01T18:28:50.945+0000] {dag.py:3089} INFO - Sync 1 DAGs
[2026-01-01T18:28:50.967+0000] {logging_mixin.py:188} INFO - [2026-01-01T18:28:50.966+0000] {dag.py:3947} INFO - Setting next_dagrun for train_model_sample to None, run_after=None
[2026-01-01T18:28:50.997+0000] {processor.py:183} INFO - Processing /opt/airflow/dags/model_sample_dags.py took 0.160 seconds
[2026-01-01T18:29:22.367+0000] {processor.py:161} INFO - Started process (PID=561) to work on /opt/airflow/dags/model_sample_dags.py
[2026-01-01T18:29:22.369+0000] {processor.py:830} INFO - Processing file /opt/airflow/dags/model_sample_dags.py for tasks to queue
[2026-01-01T18:29:22.372+0000] {logging_mixin.py:188} INFO - [2026-01-01T18:29:22.371+0000] {dagbag.py:545} INFO - Filling up the DagBag from /opt/airflow/dags/model_sample_dags.py
[2026-01-01T18:29:22.419+0000] {processor.py:840} INFO - DAG(s) 'train_model_sample' retrieved from /opt/airflow/dags/model_sample_dags.py
[2026-01-01T18:29:22.451+0000] {logging_mixin.py:188} INFO - [2026-01-01T18:29:22.450+0000] {dag.py:3089} INFO - Sync 1 DAGs
[2026-01-01T18:29:22.465+0000] {logging_mixin.py:188} INFO - [2026-01-01T18:29:22.465+0000] {dag.py:3947} INFO - Setting next_dagrun for train_model_sample to None, run_after=None
[2026-01-01T18:29:22.495+0000] {processor.py:183} INFO - Processing /opt/airflow/dags/model_sample_dags.py took 0.136 seconds
[2026-01-01T18:29:52.767+0000] {processor.py:161} INFO - Started process (PID=566) to work on /opt/airflow/dags/model_sample_dags.py
[2026-01-01T18:29:52.770+0000] {processor.py:830} INFO - Processing file /opt/airflow/dags/model_sample_dags.py for tasks to queue
[2026-01-01T18:29:52.773+0000] {logging_mixin.py:188} INFO - [2026-01-01T18:29:52.773+0000] {dagbag.py:545} INFO - Filling up the DagBag from /opt/airflow/dags/model_sample_dags.py
[2026-01-01T18:29:52.829+0000] {processor.py:840} INFO - DAG(s) 'train_model_sample' retrieved from /opt/airflow/dags/model_sample_dags.py
[2026-01-01T18:29:52.869+0000] {logging_mixin.py:188} INFO - [2026-01-01T18:29:52.869+0000] {dag.py:3089} INFO - Sync 1 DAGs
[2026-01-01T18:29:52.884+0000] {logging_mixin.py:188} INFO - [2026-01-01T18:29:52.884+0000] {dag.py:3947} INFO - Setting next_dagrun for train_model_sample to None, run_after=None
[2026-01-01T18:29:52.914+0000] {processor.py:183} INFO - Processing /opt/airflow/dags/model_sample_dags.py took 0.159 seconds
[2026-01-01T18:30:24.260+0000] {processor.py:161} INFO - Started process (PID=571) to work on /opt/airflow/dags/model_sample_dags.py
[2026-01-01T18:30:24.264+0000] {processor.py:830} INFO - Processing file /opt/airflow/dags/model_sample_dags.py for tasks to queue
[2026-01-01T18:30:24.268+0000] {logging_mixin.py:188} INFO - [2026-01-01T18:30:24.267+0000] {dagbag.py:545} INFO - Filling up the DagBag from /opt/airflow/dags/model_sample_dags.py
[2026-01-01T18:30:24.325+0000] {processor.py:840} INFO - DAG(s) 'train_model_sample' retrieved from /opt/airflow/dags/model_sample_dags.py
[2026-01-01T18:30:24.367+0000] {logging_mixin.py:188} INFO - [2026-01-01T18:30:24.367+0000] {dag.py:3089} INFO - Sync 1 DAGs
[2026-01-01T18:30:24.381+0000] {logging_mixin.py:188} INFO - [2026-01-01T18:30:24.381+0000] {dag.py:3947} INFO - Setting next_dagrun for train_model_sample to None, run_after=None
[2026-01-01T18:30:24.418+0000] {processor.py:183} INFO - Processing /opt/airflow/dags/model_sample_dags.py took 0.173 seconds
[2026-01-01T18:30:54.840+0000] {processor.py:161} INFO - Started process (PID=576) to work on /opt/airflow/dags/model_sample_dags.py
[2026-01-01T18:30:54.843+0000] {processor.py:830} INFO - Processing file /opt/airflow/dags/model_sample_dags.py for tasks to queue
[2026-01-01T18:30:54.846+0000] {logging_mixin.py:188} INFO - [2026-01-01T18:30:54.846+0000] {dagbag.py:545} INFO - Filling up the DagBag from /opt/airflow/dags/model_sample_dags.py
[2026-01-01T18:30:54.892+0000] {processor.py:840} INFO - DAG(s) 'train_model_sample' retrieved from /opt/airflow/dags/model_sample_dags.py
[2026-01-01T18:30:54.923+0000] {logging_mixin.py:188} INFO - [2026-01-01T18:30:54.923+0000] {dag.py:3089} INFO - Sync 1 DAGs
[2026-01-01T18:30:54.943+0000] {logging_mixin.py:188} INFO - [2026-01-01T18:30:54.942+0000] {dag.py:3947} INFO - Setting next_dagrun for train_model_sample to None, run_after=None
[2026-01-01T18:30:54.979+0000] {processor.py:183} INFO - Processing /opt/airflow/dags/model_sample_dags.py took 0.150 seconds
[2026-01-01T18:31:26.219+0000] {processor.py:161} INFO - Started process (PID=581) to work on /opt/airflow/dags/model_sample_dags.py
[2026-01-01T18:31:26.221+0000] {processor.py:830} INFO - Processing file /opt/airflow/dags/model_sample_dags.py for tasks to queue
[2026-01-01T18:31:26.224+0000] {logging_mixin.py:188} INFO - [2026-01-01T18:31:26.224+0000] {dagbag.py:545} INFO - Filling up the DagBag from /opt/airflow/dags/model_sample_dags.py
[2026-01-01T18:31:26.282+0000] {processor.py:840} INFO - DAG(s) 'train_model_sample' retrieved from /opt/airflow/dags/model_sample_dags.py
[2026-01-01T18:31:26.311+0000] {logging_mixin.py:188} INFO - [2026-01-01T18:31:26.310+0000] {dag.py:3089} INFO - Sync 1 DAGs
[2026-01-01T18:31:26.327+0000] {logging_mixin.py:188} INFO - [2026-01-01T18:31:26.327+0000] {dag.py:3947} INFO - Setting next_dagrun for train_model_sample to None, run_after=None
[2026-01-01T18:31:26.363+0000] {processor.py:183} INFO - Processing /opt/airflow/dags/model_sample_dags.py took 0.155 seconds
[2026-01-01T18:31:57.725+0000] {processor.py:161} INFO - Started process (PID=586) to work on /opt/airflow/dags/model_sample_dags.py
[2026-01-01T18:31:57.727+0000] {processor.py:830} INFO - Processing file /opt/airflow/dags/model_sample_dags.py for tasks to queue
[2026-01-01T18:31:57.731+0000] {logging_mixin.py:188} INFO - [2026-01-01T18:31:57.731+0000] {dagbag.py:545} INFO - Filling up the DagBag from /opt/airflow/dags/model_sample_dags.py
[2026-01-01T18:31:57.780+0000] {processor.py:840} INFO - DAG(s) 'train_model_sample' retrieved from /opt/airflow/dags/model_sample_dags.py
[2026-01-01T18:31:57.809+0000] {logging_mixin.py:188} INFO - [2026-01-01T18:31:57.809+0000] {dag.py:3089} INFO - Sync 1 DAGs
[2026-01-01T18:31:57.825+0000] {logging_mixin.py:188} INFO - [2026-01-01T18:31:57.825+0000] {dag.py:3947} INFO - Setting next_dagrun for train_model_sample to None, run_after=None
[2026-01-01T18:31:57.858+0000] {processor.py:183} INFO - Processing /opt/airflow/dags/model_sample_dags.py took 0.144 seconds
[2026-01-01T18:32:28.210+0000] {processor.py:161} INFO - Started process (PID=591) to work on /opt/airflow/dags/model_sample_dags.py
[2026-01-01T18:32:28.212+0000] {processor.py:830} INFO - Processing file /opt/airflow/dags/model_sample_dags.py for tasks to queue
[2026-01-01T18:32:28.216+0000] {logging_mixin.py:188} INFO - [2026-01-01T18:32:28.215+0000] {dagbag.py:545} INFO - Filling up the DagBag from /opt/airflow/dags/model_sample_dags.py
[2026-01-01T18:32:28.291+0000] {processor.py:840} INFO - DAG(s) 'train_model_sample' retrieved from /opt/airflow/dags/model_sample_dags.py
[2026-01-01T18:32:28.322+0000] {logging_mixin.py:188} INFO - [2026-01-01T18:32:28.321+0000] {dag.py:3089} INFO - Sync 1 DAGs
[2026-01-01T18:32:28.340+0000] {logging_mixin.py:188} INFO - [2026-01-01T18:32:28.339+0000] {dag.py:3947} INFO - Setting next_dagrun for train_model_sample to None, run_after=None
[2026-01-01T18:32:28.372+0000] {processor.py:183} INFO - Processing /opt/airflow/dags/model_sample_dags.py took 0.171 seconds
[2026-01-01T18:32:59.616+0000] {processor.py:161} INFO - Started process (PID=596) to work on /opt/airflow/dags/model_sample_dags.py
[2026-01-01T18:32:59.618+0000] {processor.py:830} INFO - Processing file /opt/airflow/dags/model_sample_dags.py for tasks to queue
[2026-01-01T18:32:59.621+0000] {logging_mixin.py:188} INFO - [2026-01-01T18:32:59.621+0000] {dagbag.py:545} INFO - Filling up the DagBag from /opt/airflow/dags/model_sample_dags.py
[2026-01-01T18:32:59.670+0000] {processor.py:840} INFO - DAG(s) 'train_model_sample' retrieved from /opt/airflow/dags/model_sample_dags.py
[2026-01-01T18:32:59.700+0000] {logging_mixin.py:188} INFO - [2026-01-01T18:32:59.700+0000] {dag.py:3089} INFO - Sync 1 DAGs
[2026-01-01T18:32:59.715+0000] {logging_mixin.py:188} INFO - [2026-01-01T18:32:59.715+0000] {dag.py:3947} INFO - Setting next_dagrun for train_model_sample to None, run_after=None
[2026-01-01T18:32:59.757+0000] {processor.py:183} INFO - Processing /opt/airflow/dags/model_sample_dags.py took 0.152 seconds
[2026-01-01T18:33:30.129+0000] {processor.py:161} INFO - Started process (PID=601) to work on /opt/airflow/dags/model_sample_dags.py
[2026-01-01T18:33:30.131+0000] {processor.py:830} INFO - Processing file /opt/airflow/dags/model_sample_dags.py for tasks to queue
[2026-01-01T18:33:30.133+0000] {logging_mixin.py:188} INFO - [2026-01-01T18:33:30.133+0000] {dagbag.py:545} INFO - Filling up the DagBag from /opt/airflow/dags/model_sample_dags.py
[2026-01-01T18:33:30.182+0000] {processor.py:840} INFO - DAG(s) 'train_model_sample' retrieved from /opt/airflow/dags/model_sample_dags.py
[2026-01-01T18:33:30.212+0000] {logging_mixin.py:188} INFO - [2026-01-01T18:33:30.212+0000] {dag.py:3089} INFO - Sync 1 DAGs
[2026-01-01T18:33:30.227+0000] {logging_mixin.py:188} INFO - [2026-01-01T18:33:30.226+0000] {dag.py:3947} INFO - Setting next_dagrun for train_model_sample to None, run_after=None
[2026-01-01T18:33:30.261+0000] {processor.py:183} INFO - Processing /opt/airflow/dags/model_sample_dags.py took 0.139 seconds
[2026-01-01T18:34:01.491+0000] {processor.py:161} INFO - Started process (PID=606) to work on /opt/airflow/dags/model_sample_dags.py
[2026-01-01T18:34:01.493+0000] {processor.py:830} INFO - Processing file /opt/airflow/dags/model_sample_dags.py for tasks to queue
[2026-01-01T18:34:01.495+0000] {logging_mixin.py:188} INFO - [2026-01-01T18:34:01.495+0000] {dagbag.py:545} INFO - Filling up the DagBag from /opt/airflow/dags/model_sample_dags.py
[2026-01-01T18:34:01.542+0000] {processor.py:840} INFO - DAG(s) 'train_model_sample' retrieved from /opt/airflow/dags/model_sample_dags.py
[2026-01-01T18:34:01.579+0000] {logging_mixin.py:188} INFO - [2026-01-01T18:34:01.579+0000] {dag.py:3089} INFO - Sync 1 DAGs
[2026-01-01T18:34:01.593+0000] {logging_mixin.py:188} INFO - [2026-01-01T18:34:01.592+0000] {dag.py:3947} INFO - Setting next_dagrun for train_model_sample to None, run_after=None
[2026-01-01T18:34:01.621+0000] {processor.py:183} INFO - Processing /opt/airflow/dags/model_sample_dags.py took 0.137 seconds
[2026-01-01T18:34:32.989+0000] {processor.py:161} INFO - Started process (PID=611) to work on /opt/airflow/dags/model_sample_dags.py
[2026-01-01T18:34:32.991+0000] {processor.py:830} INFO - Processing file /opt/airflow/dags/model_sample_dags.py for tasks to queue
[2026-01-01T18:34:32.994+0000] {logging_mixin.py:188} INFO - [2026-01-01T18:34:32.994+0000] {dagbag.py:545} INFO - Filling up the DagBag from /opt/airflow/dags/model_sample_dags.py
[2026-01-01T18:34:33.032+0000] {processor.py:840} INFO - DAG(s) 'train_model_sample' retrieved from /opt/airflow/dags/model_sample_dags.py
[2026-01-01T18:34:33.062+0000] {logging_mixin.py:188} INFO - [2026-01-01T18:34:33.062+0000] {dag.py:3089} INFO - Sync 1 DAGs
[2026-01-01T18:34:33.077+0000] {logging_mixin.py:188} INFO - [2026-01-01T18:34:33.077+0000] {dag.py:3947} INFO - Setting next_dagrun for train_model_sample to None, run_after=None
[2026-01-01T18:34:33.109+0000] {processor.py:183} INFO - Processing /opt/airflow/dags/model_sample_dags.py took 0.128 seconds
[2026-01-01T18:35:03.345+0000] {processor.py:161} INFO - Started process (PID=616) to work on /opt/airflow/dags/model_sample_dags.py
[2026-01-01T18:35:03.347+0000] {processor.py:830} INFO - Processing file /opt/airflow/dags/model_sample_dags.py for tasks to queue
[2026-01-01T18:35:03.351+0000] {logging_mixin.py:188} INFO - [2026-01-01T18:35:03.350+0000] {dagbag.py:545} INFO - Filling up the DagBag from /opt/airflow/dags/model_sample_dags.py
[2026-01-01T18:35:03.393+0000] {processor.py:840} INFO - DAG(s) 'train_model_sample' retrieved from /opt/airflow/dags/model_sample_dags.py
[2026-01-01T18:35:03.431+0000] {logging_mixin.py:188} INFO - [2026-01-01T18:35:03.431+0000] {dag.py:3089} INFO - Sync 1 DAGs
[2026-01-01T18:35:03.448+0000] {logging_mixin.py:188} INFO - [2026-01-01T18:35:03.447+0000] {dag.py:3947} INFO - Setting next_dagrun for train_model_sample to None, run_after=None
[2026-01-01T18:35:03.481+0000] {processor.py:183} INFO - Processing /opt/airflow/dags/model_sample_dags.py took 0.146 seconds
[2026-01-01T18:35:34.846+0000] {processor.py:161} INFO - Started process (PID=621) to work on /opt/airflow/dags/model_sample_dags.py
[2026-01-01T18:35:34.850+0000] {processor.py:830} INFO - Processing file /opt/airflow/dags/model_sample_dags.py for tasks to queue
[2026-01-01T18:35:34.853+0000] {logging_mixin.py:188} INFO - [2026-01-01T18:35:34.852+0000] {dagbag.py:545} INFO - Filling up the DagBag from /opt/airflow/dags/model_sample_dags.py
[2026-01-01T18:35:34.899+0000] {processor.py:840} INFO - DAG(s) 'train_model_sample' retrieved from /opt/airflow/dags/model_sample_dags.py
[2026-01-01T18:35:34.929+0000] {logging_mixin.py:188} INFO - [2026-01-01T18:35:34.928+0000] {dag.py:3089} INFO - Sync 1 DAGs
[2026-01-01T18:35:34.944+0000] {logging_mixin.py:188} INFO - [2026-01-01T18:35:34.943+0000] {dag.py:3947} INFO - Setting next_dagrun for train_model_sample to None, run_after=None
[2026-01-01T18:35:34.977+0000] {processor.py:183} INFO - Processing /opt/airflow/dags/model_sample_dags.py took 0.143 seconds
[2026-01-01T18:36:05.203+0000] {processor.py:161} INFO - Started process (PID=626) to work on /opt/airflow/dags/model_sample_dags.py
[2026-01-01T18:36:05.206+0000] {processor.py:830} INFO - Processing file /opt/airflow/dags/model_sample_dags.py for tasks to queue
[2026-01-01T18:36:05.209+0000] {logging_mixin.py:188} INFO - [2026-01-01T18:36:05.208+0000] {dagbag.py:545} INFO - Filling up the DagBag from /opt/airflow/dags/model_sample_dags.py
[2026-01-01T18:36:05.261+0000] {processor.py:840} INFO - DAG(s) 'train_model_sample' retrieved from /opt/airflow/dags/model_sample_dags.py
[2026-01-01T18:36:05.301+0000] {logging_mixin.py:188} INFO - [2026-01-01T18:36:05.301+0000] {dag.py:3089} INFO - Sync 1 DAGs
[2026-01-01T18:36:05.315+0000] {logging_mixin.py:188} INFO - [2026-01-01T18:36:05.315+0000] {dag.py:3947} INFO - Setting next_dagrun for train_model_sample to None, run_after=None
[2026-01-01T18:36:05.346+0000] {processor.py:183} INFO - Processing /opt/airflow/dags/model_sample_dags.py took 0.152 seconds
[2026-01-01T18:36:36.660+0000] {processor.py:161} INFO - Started process (PID=631) to work on /opt/airflow/dags/model_sample_dags.py
[2026-01-01T18:36:36.662+0000] {processor.py:830} INFO - Processing file /opt/airflow/dags/model_sample_dags.py for tasks to queue
[2026-01-01T18:36:36.665+0000] {logging_mixin.py:188} INFO - [2026-01-01T18:36:36.664+0000] {dagbag.py:545} INFO - Filling up the DagBag from /opt/airflow/dags/model_sample_dags.py
[2026-01-01T18:36:36.716+0000] {processor.py:840} INFO - DAG(s) 'train_model_sample' retrieved from /opt/airflow/dags/model_sample_dags.py
[2026-01-01T18:36:36.753+0000] {logging_mixin.py:188} INFO - [2026-01-01T18:36:36.752+0000] {dag.py:3089} INFO - Sync 1 DAGs
[2026-01-01T18:36:36.774+0000] {logging_mixin.py:188} INFO - [2026-01-01T18:36:36.774+0000] {dag.py:3947} INFO - Setting next_dagrun for train_model_sample to None, run_after=None
[2026-01-01T18:36:36.806+0000] {processor.py:183} INFO - Processing /opt/airflow/dags/model_sample_dags.py took 0.163 seconds
[2026-01-01T18:37:07.183+0000] {processor.py:161} INFO - Started process (PID=636) to work on /opt/airflow/dags/model_sample_dags.py
[2026-01-01T18:37:07.186+0000] {processor.py:830} INFO - Processing file /opt/airflow/dags/model_sample_dags.py for tasks to queue
[2026-01-01T18:37:07.190+0000] {logging_mixin.py:188} INFO - [2026-01-01T18:37:07.189+0000] {dagbag.py:545} INFO - Filling up the DagBag from /opt/airflow/dags/model_sample_dags.py
[2026-01-01T18:37:07.229+0000] {processor.py:840} INFO - DAG(s) 'train_model_sample' retrieved from /opt/airflow/dags/model_sample_dags.py
[2026-01-01T18:37:07.265+0000] {logging_mixin.py:188} INFO - [2026-01-01T18:37:07.265+0000] {dag.py:3089} INFO - Sync 1 DAGs
[2026-01-01T18:37:07.281+0000] {logging_mixin.py:188} INFO - [2026-01-01T18:37:07.281+0000] {dag.py:3947} INFO - Setting next_dagrun for train_model_sample to None, run_after=None
[2026-01-01T18:37:07.314+0000] {processor.py:183} INFO - Processing /opt/airflow/dags/model_sample_dags.py took 0.140 seconds
[2026-01-01T18:37:38.632+0000] {processor.py:161} INFO - Started process (PID=641) to work on /opt/airflow/dags/model_sample_dags.py
[2026-01-01T18:37:38.634+0000] {processor.py:830} INFO - Processing file /opt/airflow/dags/model_sample_dags.py for tasks to queue
[2026-01-01T18:37:38.637+0000] {logging_mixin.py:188} INFO - [2026-01-01T18:37:38.637+0000] {dagbag.py:545} INFO - Filling up the DagBag from /opt/airflow/dags/model_sample_dags.py
[2026-01-01T18:37:38.689+0000] {processor.py:840} INFO - DAG(s) 'train_model_sample' retrieved from /opt/airflow/dags/model_sample_dags.py
[2026-01-01T18:37:38.725+0000] {logging_mixin.py:188} INFO - [2026-01-01T18:37:38.724+0000] {dag.py:3089} INFO - Sync 1 DAGs
[2026-01-01T18:37:38.746+0000] {logging_mixin.py:188} INFO - [2026-01-01T18:37:38.745+0000] {dag.py:3947} INFO - Setting next_dagrun for train_model_sample to None, run_after=None
[2026-01-01T18:37:38.778+0000] {processor.py:183} INFO - Processing /opt/airflow/dags/model_sample_dags.py took 0.156 seconds
[2026-01-01T18:38:10.015+0000] {processor.py:161} INFO - Started process (PID=646) to work on /opt/airflow/dags/model_sample_dags.py
[2026-01-01T18:38:10.017+0000] {processor.py:830} INFO - Processing file /opt/airflow/dags/model_sample_dags.py for tasks to queue
[2026-01-01T18:38:10.020+0000] {logging_mixin.py:188} INFO - [2026-01-01T18:38:10.019+0000] {dagbag.py:545} INFO - Filling up the DagBag from /opt/airflow/dags/model_sample_dags.py
[2026-01-01T18:38:10.074+0000] {processor.py:840} INFO - DAG(s) 'train_model_sample' retrieved from /opt/airflow/dags/model_sample_dags.py
[2026-01-01T18:38:10.106+0000] {logging_mixin.py:188} INFO - [2026-01-01T18:38:10.105+0000] {dag.py:3089} INFO - Sync 1 DAGs
[2026-01-01T18:38:10.120+0000] {logging_mixin.py:188} INFO - [2026-01-01T18:38:10.120+0000] {dag.py:3947} INFO - Setting next_dagrun for train_model_sample to None, run_after=None
[2026-01-01T18:38:10.155+0000] {processor.py:183} INFO - Processing /opt/airflow/dags/model_sample_dags.py took 0.149 seconds
[2026-01-01T18:38:40.417+0000] {processor.py:161} INFO - Started process (PID=651) to work on /opt/airflow/dags/model_sample_dags.py
[2026-01-01T18:38:40.419+0000] {processor.py:830} INFO - Processing file /opt/airflow/dags/model_sample_dags.py for tasks to queue
[2026-01-01T18:38:40.422+0000] {logging_mixin.py:188} INFO - [2026-01-01T18:38:40.421+0000] {dagbag.py:545} INFO - Filling up the DagBag from /opt/airflow/dags/model_sample_dags.py
[2026-01-01T18:38:40.470+0000] {processor.py:840} INFO - DAG(s) 'train_model_sample' retrieved from /opt/airflow/dags/model_sample_dags.py
[2026-01-01T18:38:40.506+0000] {logging_mixin.py:188} INFO - [2026-01-01T18:38:40.506+0000] {dag.py:3089} INFO - Sync 1 DAGs
[2026-01-01T18:38:40.521+0000] {logging_mixin.py:188} INFO - [2026-01-01T18:38:40.520+0000] {dag.py:3947} INFO - Setting next_dagrun for train_model_sample to None, run_after=None
[2026-01-01T18:38:40.556+0000] {processor.py:183} INFO - Processing /opt/airflow/dags/model_sample_dags.py took 0.148 seconds
[2026-01-01T18:39:11.822+0000] {processor.py:161} INFO - Started process (PID=656) to work on /opt/airflow/dags/model_sample_dags.py
[2026-01-01T18:39:11.824+0000] {processor.py:830} INFO - Processing file /opt/airflow/dags/model_sample_dags.py for tasks to queue
[2026-01-01T18:39:11.828+0000] {logging_mixin.py:188} INFO - [2026-01-01T18:39:11.828+0000] {dagbag.py:545} INFO - Filling up the DagBag from /opt/airflow/dags/model_sample_dags.py
[2026-01-01T18:39:11.873+0000] {processor.py:840} INFO - DAG(s) 'train_model_sample' retrieved from /opt/airflow/dags/model_sample_dags.py
[2026-01-01T18:39:11.902+0000] {logging_mixin.py:188} INFO - [2026-01-01T18:39:11.902+0000] {dag.py:3089} INFO - Sync 1 DAGs
[2026-01-01T18:39:11.915+0000] {logging_mixin.py:188} INFO - [2026-01-01T18:39:11.915+0000] {dag.py:3947} INFO - Setting next_dagrun for train_model_sample to None, run_after=None
[2026-01-01T18:39:11.946+0000] {processor.py:183} INFO - Processing /opt/airflow/dags/model_sample_dags.py took 0.135 seconds
[2026-01-01T18:39:42.323+0000] {processor.py:161} INFO - Started process (PID=661) to work on /opt/airflow/dags/model_sample_dags.py
[2026-01-01T18:39:42.325+0000] {processor.py:830} INFO - Processing file /opt/airflow/dags/model_sample_dags.py for tasks to queue
[2026-01-01T18:39:42.328+0000] {logging_mixin.py:188} INFO - [2026-01-01T18:39:42.327+0000] {dagbag.py:545} INFO - Filling up the DagBag from /opt/airflow/dags/model_sample_dags.py
[2026-01-01T18:39:42.370+0000] {processor.py:840} INFO - DAG(s) 'train_model_sample' retrieved from /opt/airflow/dags/model_sample_dags.py
[2026-01-01T18:39:42.421+0000] {logging_mixin.py:188} INFO - [2026-01-01T18:39:42.421+0000] {dag.py:3089} INFO - Sync 1 DAGs
[2026-01-01T18:39:42.440+0000] {logging_mixin.py:188} INFO - [2026-01-01T18:39:42.439+0000] {dag.py:3947} INFO - Setting next_dagrun for train_model_sample to None, run_after=None
[2026-01-01T18:39:42.479+0000] {processor.py:183} INFO - Processing /opt/airflow/dags/model_sample_dags.py took 0.165 seconds
[2026-01-01T18:40:13.630+0000] {processor.py:161} INFO - Started process (PID=666) to work on /opt/airflow/dags/model_sample_dags.py
[2026-01-01T18:40:13.632+0000] {processor.py:830} INFO - Processing file /opt/airflow/dags/model_sample_dags.py for tasks to queue
[2026-01-01T18:40:13.634+0000] {logging_mixin.py:188} INFO - [2026-01-01T18:40:13.634+0000] {dagbag.py:545} INFO - Filling up the DagBag from /opt/airflow/dags/model_sample_dags.py
[2026-01-01T18:40:13.682+0000] {processor.py:840} INFO - DAG(s) 'train_model_sample' retrieved from /opt/airflow/dags/model_sample_dags.py
[2026-01-01T18:40:13.714+0000] {logging_mixin.py:188} INFO - [2026-01-01T18:40:13.714+0000] {dag.py:3089} INFO - Sync 1 DAGs
[2026-01-01T18:40:13.731+0000] {logging_mixin.py:188} INFO - [2026-01-01T18:40:13.731+0000] {dag.py:3947} INFO - Setting next_dagrun for train_model_sample to None, run_after=None
[2026-01-01T18:40:13.766+0000] {processor.py:183} INFO - Processing /opt/airflow/dags/model_sample_dags.py took 0.144 seconds
[2026-01-01T18:40:44.966+0000] {processor.py:161} INFO - Started process (PID=671) to work on /opt/airflow/dags/model_sample_dags.py
[2026-01-01T18:40:44.970+0000] {processor.py:830} INFO - Processing file /opt/airflow/dags/model_sample_dags.py for tasks to queue
[2026-01-01T18:40:44.976+0000] {logging_mixin.py:188} INFO - [2026-01-01T18:40:44.975+0000] {dagbag.py:545} INFO - Filling up the DagBag from /opt/airflow/dags/model_sample_dags.py
[2026-01-01T18:40:45.015+0000] {processor.py:840} INFO - DAG(s) 'train_model_sample' retrieved from /opt/airflow/dags/model_sample_dags.py
[2026-01-01T18:40:45.055+0000] {logging_mixin.py:188} INFO - [2026-01-01T18:40:45.055+0000] {dag.py:3089} INFO - Sync 1 DAGs
[2026-01-01T18:40:45.077+0000] {logging_mixin.py:188} INFO - [2026-01-01T18:40:45.077+0000] {dag.py:3947} INFO - Setting next_dagrun for train_model_sample to None, run_after=None
[2026-01-01T18:40:45.107+0000] {processor.py:183} INFO - Processing /opt/airflow/dags/model_sample_dags.py took 0.152 seconds
[2026-01-01T18:41:15.385+0000] {processor.py:161} INFO - Started process (PID=676) to work on /opt/airflow/dags/model_sample_dags.py
[2026-01-01T18:41:15.387+0000] {processor.py:830} INFO - Processing file /opt/airflow/dags/model_sample_dags.py for tasks to queue
[2026-01-01T18:41:15.391+0000] {logging_mixin.py:188} INFO - [2026-01-01T18:41:15.391+0000] {dagbag.py:545} INFO - Filling up the DagBag from /opt/airflow/dags/model_sample_dags.py
[2026-01-01T18:41:15.440+0000] {processor.py:840} INFO - DAG(s) 'train_model_sample' retrieved from /opt/airflow/dags/model_sample_dags.py
[2026-01-01T18:41:15.472+0000] {logging_mixin.py:188} INFO - [2026-01-01T18:41:15.471+0000] {dag.py:3089} INFO - Sync 1 DAGs
[2026-01-01T18:41:15.491+0000] {logging_mixin.py:188} INFO - [2026-01-01T18:41:15.491+0000] {dag.py:3947} INFO - Setting next_dagrun for train_model_sample to None, run_after=None
[2026-01-01T18:41:15.525+0000] {processor.py:183} INFO - Processing /opt/airflow/dags/model_sample_dags.py took 0.146 seconds
[2026-01-01T18:41:46.765+0000] {processor.py:161} INFO - Started process (PID=681) to work on /opt/airflow/dags/model_sample_dags.py
[2026-01-01T18:41:46.767+0000] {processor.py:830} INFO - Processing file /opt/airflow/dags/model_sample_dags.py for tasks to queue
[2026-01-01T18:41:46.771+0000] {logging_mixin.py:188} INFO - [2026-01-01T18:41:46.770+0000] {dagbag.py:545} INFO - Filling up the DagBag from /opt/airflow/dags/model_sample_dags.py
[2026-01-01T18:41:46.817+0000] {processor.py:840} INFO - DAG(s) 'train_model_sample' retrieved from /opt/airflow/dags/model_sample_dags.py
[2026-01-01T18:41:46.852+0000] {logging_mixin.py:188} INFO - [2026-01-01T18:41:46.851+0000] {dag.py:3089} INFO - Sync 1 DAGs
[2026-01-01T18:41:46.875+0000] {logging_mixin.py:188} INFO - [2026-01-01T18:41:46.875+0000] {dag.py:3947} INFO - Setting next_dagrun for train_model_sample to None, run_after=None
[2026-01-01T18:41:46.910+0000] {processor.py:183} INFO - Processing /opt/airflow/dags/model_sample_dags.py took 0.163 seconds
[2026-01-01T18:42:17.291+0000] {processor.py:161} INFO - Started process (PID=686) to work on /opt/airflow/dags/model_sample_dags.py
[2026-01-01T18:42:17.297+0000] {processor.py:830} INFO - Processing file /opt/airflow/dags/model_sample_dags.py for tasks to queue
[2026-01-01T18:42:17.301+0000] {logging_mixin.py:188} INFO - [2026-01-01T18:42:17.300+0000] {dagbag.py:545} INFO - Filling up the DagBag from /opt/airflow/dags/model_sample_dags.py
[2026-01-01T18:42:17.353+0000] {processor.py:840} INFO - DAG(s) 'train_model_sample' retrieved from /opt/airflow/dags/model_sample_dags.py
[2026-01-01T18:42:17.392+0000] {logging_mixin.py:188} INFO - [2026-01-01T18:42:17.392+0000] {dag.py:3089} INFO - Sync 1 DAGs
[2026-01-01T18:42:17.406+0000] {logging_mixin.py:188} INFO - [2026-01-01T18:42:17.406+0000] {dag.py:3947} INFO - Setting next_dagrun for train_model_sample to None, run_after=None
[2026-01-01T18:42:17.441+0000] {processor.py:183} INFO - Processing /opt/airflow/dags/model_sample_dags.py took 0.160 seconds
[2026-01-01T18:42:48.565+0000] {processor.py:161} INFO - Started process (PID=691) to work on /opt/airflow/dags/model_sample_dags.py
[2026-01-01T18:42:48.567+0000] {processor.py:830} INFO - Processing file /opt/airflow/dags/model_sample_dags.py for tasks to queue
[2026-01-01T18:42:48.575+0000] {logging_mixin.py:188} INFO - [2026-01-01T18:42:48.572+0000] {dagbag.py:545} INFO - Filling up the DagBag from /opt/airflow/dags/model_sample_dags.py
[2026-01-01T18:42:48.617+0000] {processor.py:840} INFO - DAG(s) 'train_model_sample' retrieved from /opt/airflow/dags/model_sample_dags.py
[2026-01-01T18:42:48.653+0000] {logging_mixin.py:188} INFO - [2026-01-01T18:42:48.653+0000] {dag.py:3089} INFO - Sync 1 DAGs
[2026-01-01T18:42:48.670+0000] {logging_mixin.py:188} INFO - [2026-01-01T18:42:48.669+0000] {dag.py:3947} INFO - Setting next_dagrun for train_model_sample to None, run_after=None
[2026-01-01T18:42:48.701+0000] {processor.py:183} INFO - Processing /opt/airflow/dags/model_sample_dags.py took 0.144 seconds
[2026-01-01T18:43:20.100+0000] {processor.py:161} INFO - Started process (PID=696) to work on /opt/airflow/dags/model_sample_dags.py
[2026-01-01T18:43:20.102+0000] {processor.py:830} INFO - Processing file /opt/airflow/dags/model_sample_dags.py for tasks to queue
[2026-01-01T18:43:20.105+0000] {logging_mixin.py:188} INFO - [2026-01-01T18:43:20.104+0000] {dagbag.py:545} INFO - Filling up the DagBag from /opt/airflow/dags/model_sample_dags.py
[2026-01-01T18:43:20.150+0000] {processor.py:840} INFO - DAG(s) 'train_model_sample' retrieved from /opt/airflow/dags/model_sample_dags.py
[2026-01-01T18:43:20.184+0000] {logging_mixin.py:188} INFO - [2026-01-01T18:43:20.183+0000] {dag.py:3089} INFO - Sync 1 DAGs
[2026-01-01T18:43:20.200+0000] {logging_mixin.py:188} INFO - [2026-01-01T18:43:20.199+0000] {dag.py:3947} INFO - Setting next_dagrun for train_model_sample to None, run_after=None
[2026-01-01T18:43:20.235+0000] {processor.py:183} INFO - Processing /opt/airflow/dags/model_sample_dags.py took 0.141 seconds
[2026-01-01T18:43:50.450+0000] {processor.py:161} INFO - Started process (PID=701) to work on /opt/airflow/dags/model_sample_dags.py
[2026-01-01T18:43:50.453+0000] {processor.py:830} INFO - Processing file /opt/airflow/dags/model_sample_dags.py for tasks to queue
[2026-01-01T18:43:50.457+0000] {logging_mixin.py:188} INFO - [2026-01-01T18:43:50.456+0000] {dagbag.py:545} INFO - Filling up the DagBag from /opt/airflow/dags/model_sample_dags.py
[2026-01-01T18:43:50.510+0000] {processor.py:840} INFO - DAG(s) 'train_model_sample' retrieved from /opt/airflow/dags/model_sample_dags.py
[2026-01-01T18:43:50.546+0000] {logging_mixin.py:188} INFO - [2026-01-01T18:43:50.546+0000] {dag.py:3089} INFO - Sync 1 DAGs
[2026-01-01T18:43:50.564+0000] {logging_mixin.py:188} INFO - [2026-01-01T18:43:50.564+0000] {dag.py:3947} INFO - Setting next_dagrun for train_model_sample to None, run_after=None
[2026-01-01T18:43:50.600+0000] {processor.py:183} INFO - Processing /opt/airflow/dags/model_sample_dags.py took 0.160 seconds
[2026-01-01T18:44:21.891+0000] {processor.py:161} INFO - Started process (PID=706) to work on /opt/airflow/dags/model_sample_dags.py
[2026-01-01T18:44:21.893+0000] {processor.py:830} INFO - Processing file /opt/airflow/dags/model_sample_dags.py for tasks to queue
[2026-01-01T18:44:21.895+0000] {logging_mixin.py:188} INFO - [2026-01-01T18:44:21.895+0000] {dagbag.py:545} INFO - Filling up the DagBag from /opt/airflow/dags/model_sample_dags.py
[2026-01-01T18:44:21.937+0000] {processor.py:840} INFO - DAG(s) 'train_model_sample' retrieved from /opt/airflow/dags/model_sample_dags.py
[2026-01-01T18:44:21.985+0000] {logging_mixin.py:188} INFO - [2026-01-01T18:44:21.984+0000] {dag.py:3089} INFO - Sync 1 DAGs
[2026-01-01T18:44:21.998+0000] {logging_mixin.py:188} INFO - [2026-01-01T18:44:21.998+0000] {dag.py:3947} INFO - Setting next_dagrun for train_model_sample to None, run_after=None
[2026-01-01T18:44:22.030+0000] {processor.py:183} INFO - Processing /opt/airflow/dags/model_sample_dags.py took 0.146 seconds
[2026-01-01T18:44:52.156+0000] {processor.py:161} INFO - Started process (PID=711) to work on /opt/airflow/dags/model_sample_dags.py
[2026-01-01T18:44:52.159+0000] {processor.py:830} INFO - Processing file /opt/airflow/dags/model_sample_dags.py for tasks to queue
[2026-01-01T18:44:52.162+0000] {logging_mixin.py:188} INFO - [2026-01-01T18:44:52.161+0000] {dagbag.py:545} INFO - Filling up the DagBag from /opt/airflow/dags/model_sample_dags.py
[2026-01-01T18:44:52.205+0000] {processor.py:840} INFO - DAG(s) 'train_model_sample' retrieved from /opt/airflow/dags/model_sample_dags.py
[2026-01-01T18:44:52.237+0000] {logging_mixin.py:188} INFO - [2026-01-01T18:44:52.237+0000] {dag.py:3089} INFO - Sync 1 DAGs
[2026-01-01T18:44:52.254+0000] {logging_mixin.py:188} INFO - [2026-01-01T18:44:52.254+0000] {dag.py:3947} INFO - Setting next_dagrun for train_model_sample to None, run_after=None
[2026-01-01T18:44:52.288+0000] {processor.py:183} INFO - Processing /opt/airflow/dags/model_sample_dags.py took 0.140 seconds
[2026-01-01T18:45:23.597+0000] {processor.py:161} INFO - Started process (PID=716) to work on /opt/airflow/dags/model_sample_dags.py
[2026-01-01T18:45:23.598+0000] {processor.py:830} INFO - Processing file /opt/airflow/dags/model_sample_dags.py for tasks to queue
[2026-01-01T18:45:23.602+0000] {logging_mixin.py:188} INFO - [2026-01-01T18:45:23.601+0000] {dagbag.py:545} INFO - Filling up the DagBag from /opt/airflow/dags/model_sample_dags.py
[2026-01-01T18:45:23.650+0000] {processor.py:840} INFO - DAG(s) 'train_model_sample' retrieved from /opt/airflow/dags/model_sample_dags.py
[2026-01-01T18:45:23.687+0000] {logging_mixin.py:188} INFO - [2026-01-01T18:45:23.687+0000] {dag.py:3089} INFO - Sync 1 DAGs
[2026-01-01T18:45:23.701+0000] {logging_mixin.py:188} INFO - [2026-01-01T18:45:23.701+0000] {dag.py:3947} INFO - Setting next_dagrun for train_model_sample to None, run_after=None
[2026-01-01T18:45:23.733+0000] {processor.py:183} INFO - Processing /opt/airflow/dags/model_sample_dags.py took 0.144 seconds
[2026-01-01T18:45:54.936+0000] {processor.py:161} INFO - Started process (PID=721) to work on /opt/airflow/dags/model_sample_dags.py
[2026-01-01T18:45:54.940+0000] {processor.py:830} INFO - Processing file /opt/airflow/dags/model_sample_dags.py for tasks to queue
[2026-01-01T18:45:54.944+0000] {logging_mixin.py:188} INFO - [2026-01-01T18:45:54.943+0000] {dagbag.py:545} INFO - Filling up the DagBag from /opt/airflow/dags/model_sample_dags.py
[2026-01-01T18:45:55.004+0000] {processor.py:840} INFO - DAG(s) 'train_model_sample' retrieved from /opt/airflow/dags/model_sample_dags.py
[2026-01-01T18:45:55.035+0000] {logging_mixin.py:188} INFO - [2026-01-01T18:45:55.034+0000] {dag.py:3089} INFO - Sync 1 DAGs
[2026-01-01T18:45:55.050+0000] {logging_mixin.py:188} INFO - [2026-01-01T18:45:55.050+0000] {dag.py:3947} INFO - Setting next_dagrun for train_model_sample to None, run_after=None
[2026-01-01T18:45:55.080+0000] {processor.py:183} INFO - Processing /opt/airflow/dags/model_sample_dags.py took 0.154 seconds
[2026-01-01T18:46:25.351+0000] {processor.py:161} INFO - Started process (PID=726) to work on /opt/airflow/dags/model_sample_dags.py
[2026-01-01T18:46:25.353+0000] {processor.py:830} INFO - Processing file /opt/airflow/dags/model_sample_dags.py for tasks to queue
[2026-01-01T18:46:25.356+0000] {logging_mixin.py:188} INFO - [2026-01-01T18:46:25.356+0000] {dagbag.py:545} INFO - Filling up the DagBag from /opt/airflow/dags/model_sample_dags.py
[2026-01-01T18:46:25.413+0000] {processor.py:840} INFO - DAG(s) 'train_model_sample' retrieved from /opt/airflow/dags/model_sample_dags.py
[2026-01-01T18:46:25.444+0000] {logging_mixin.py:188} INFO - [2026-01-01T18:46:25.444+0000] {dag.py:3089} INFO - Sync 1 DAGs
[2026-01-01T18:46:25.462+0000] {logging_mixin.py:188} INFO - [2026-01-01T18:46:25.461+0000] {dag.py:3947} INFO - Setting next_dagrun for train_model_sample to None, run_after=None
[2026-01-01T18:46:25.500+0000] {processor.py:183} INFO - Processing /opt/airflow/dags/model_sample_dags.py took 0.155 seconds
[2026-01-01T18:46:56.607+0000] {processor.py:161} INFO - Started process (PID=731) to work on /opt/airflow/dags/model_sample_dags.py
[2026-01-01T18:46:56.609+0000] {processor.py:830} INFO - Processing file /opt/airflow/dags/model_sample_dags.py for tasks to queue
[2026-01-01T18:46:56.613+0000] {logging_mixin.py:188} INFO - [2026-01-01T18:46:56.612+0000] {dagbag.py:545} INFO - Filling up the DagBag from /opt/airflow/dags/model_sample_dags.py
[2026-01-01T18:46:56.666+0000] {processor.py:840} INFO - DAG(s) 'train_model_sample' retrieved from /opt/airflow/dags/model_sample_dags.py
[2026-01-01T18:46:56.703+0000] {logging_mixin.py:188} INFO - [2026-01-01T18:46:56.703+0000] {dag.py:3089} INFO - Sync 1 DAGs
[2026-01-01T18:46:56.721+0000] {logging_mixin.py:188} INFO - [2026-01-01T18:46:56.721+0000] {dag.py:3947} INFO - Setting next_dagrun for train_model_sample to None, run_after=None
[2026-01-01T18:46:56.761+0000] {processor.py:183} INFO - Processing /opt/airflow/dags/model_sample_dags.py took 0.163 seconds
[2026-01-01T18:47:27.736+0000] {processor.py:161} INFO - Started process (PID=736) to work on /opt/airflow/dags/model_sample_dags.py
[2026-01-01T18:47:27.738+0000] {processor.py:830} INFO - Processing file /opt/airflow/dags/model_sample_dags.py for tasks to queue
[2026-01-01T18:47:27.740+0000] {logging_mixin.py:188} INFO - [2026-01-01T18:47:27.740+0000] {dagbag.py:545} INFO - Filling up the DagBag from /opt/airflow/dags/model_sample_dags.py
[2026-01-01T18:47:27.794+0000] {processor.py:840} INFO - DAG(s) 'train_model_sample' retrieved from /opt/airflow/dags/model_sample_dags.py
[2026-01-01T18:47:27.833+0000] {logging_mixin.py:188} INFO - [2026-01-01T18:47:27.833+0000] {dag.py:3089} INFO - Sync 1 DAGs
[2026-01-01T18:47:27.849+0000] {logging_mixin.py:188} INFO - [2026-01-01T18:47:27.848+0000] {dag.py:3947} INFO - Setting next_dagrun for train_model_sample to None, run_after=None
[2026-01-01T18:47:27.884+0000] {processor.py:183} INFO - Processing /opt/airflow/dags/model_sample_dags.py took 0.157 seconds
[2026-01-01T18:47:58.017+0000] {processor.py:161} INFO - Started process (PID=741) to work on /opt/airflow/dags/model_sample_dags.py
[2026-01-01T18:47:58.019+0000] {processor.py:830} INFO - Processing file /opt/airflow/dags/model_sample_dags.py for tasks to queue
[2026-01-01T18:47:58.022+0000] {logging_mixin.py:188} INFO - [2026-01-01T18:47:58.021+0000] {dagbag.py:545} INFO - Filling up the DagBag from /opt/airflow/dags/model_sample_dags.py
[2026-01-01T18:47:58.062+0000] {processor.py:840} INFO - DAG(s) 'train_model_sample' retrieved from /opt/airflow/dags/model_sample_dags.py
[2026-01-01T18:47:58.101+0000] {logging_mixin.py:188} INFO - [2026-01-01T18:47:58.101+0000] {dag.py:3089} INFO - Sync 1 DAGs
[2026-01-01T18:47:58.116+0000] {logging_mixin.py:188} INFO - [2026-01-01T18:47:58.115+0000] {dag.py:3947} INFO - Setting next_dagrun for train_model_sample to None, run_after=None
[2026-01-01T18:47:58.144+0000] {processor.py:183} INFO - Processing /opt/airflow/dags/model_sample_dags.py took 0.134 seconds
[2026-01-01T18:48:29.004+0000] {processor.py:161} INFO - Started process (PID=746) to work on /opt/airflow/dags/model_sample_dags.py
[2026-01-01T18:48:29.006+0000] {processor.py:830} INFO - Processing file /opt/airflow/dags/model_sample_dags.py for tasks to queue
[2026-01-01T18:48:29.010+0000] {logging_mixin.py:188} INFO - [2026-01-01T18:48:29.009+0000] {dagbag.py:545} INFO - Filling up the DagBag from /opt/airflow/dags/model_sample_dags.py
[2026-01-01T18:48:29.058+0000] {processor.py:840} INFO - DAG(s) 'train_model_sample' retrieved from /opt/airflow/dags/model_sample_dags.py
[2026-01-01T18:48:29.092+0000] {logging_mixin.py:188} INFO - [2026-01-01T18:48:29.092+0000] {dag.py:3089} INFO - Sync 1 DAGs
[2026-01-01T18:48:29.109+0000] {logging_mixin.py:188} INFO - [2026-01-01T18:48:29.109+0000] {dag.py:3947} INFO - Setting next_dagrun for train_model_sample to None, run_after=None
[2026-01-01T18:48:29.147+0000] {processor.py:183} INFO - Processing /opt/airflow/dags/model_sample_dags.py took 0.152 seconds
[2026-01-01T18:48:59.785+0000] {processor.py:161} INFO - Started process (PID=751) to work on /opt/airflow/dags/model_sample_dags.py
[2026-01-01T18:48:59.788+0000] {processor.py:830} INFO - Processing file /opt/airflow/dags/model_sample_dags.py for tasks to queue
[2026-01-01T18:48:59.791+0000] {logging_mixin.py:188} INFO - [2026-01-01T18:48:59.791+0000] {dagbag.py:545} INFO - Filling up the DagBag from /opt/airflow/dags/model_sample_dags.py
[2026-01-01T18:48:59.844+0000] {processor.py:840} INFO - DAG(s) 'train_model_sample' retrieved from /opt/airflow/dags/model_sample_dags.py
[2026-01-01T18:48:59.876+0000] {logging_mixin.py:188} INFO - [2026-01-01T18:48:59.876+0000] {dag.py:3089} INFO - Sync 1 DAGs
[2026-01-01T18:48:59.891+0000] {logging_mixin.py:188} INFO - [2026-01-01T18:48:59.891+0000] {dag.py:3947} INFO - Setting next_dagrun for train_model_sample to None, run_after=None
[2026-01-01T18:48:59.935+0000] {processor.py:183} INFO - Processing /opt/airflow/dags/model_sample_dags.py took 0.159 seconds
[2026-01-01T18:49:30.639+0000] {processor.py:161} INFO - Started process (PID=756) to work on /opt/airflow/dags/model_sample_dags.py
[2026-01-01T18:49:30.641+0000] {processor.py:830} INFO - Processing file /opt/airflow/dags/model_sample_dags.py for tasks to queue
[2026-01-01T18:49:30.645+0000] {logging_mixin.py:188} INFO - [2026-01-01T18:49:30.644+0000] {dagbag.py:545} INFO - Filling up the DagBag from /opt/airflow/dags/model_sample_dags.py
[2026-01-01T18:49:30.693+0000] {processor.py:840} INFO - DAG(s) 'train_model_sample' retrieved from /opt/airflow/dags/model_sample_dags.py
[2026-01-01T18:49:30.724+0000] {logging_mixin.py:188} INFO - [2026-01-01T18:49:30.723+0000] {dag.py:3089} INFO - Sync 1 DAGs
[2026-01-01T18:49:30.740+0000] {logging_mixin.py:188} INFO - [2026-01-01T18:49:30.739+0000] {dag.py:3947} INFO - Setting next_dagrun for train_model_sample to None, run_after=None
[2026-01-01T18:49:30.774+0000] {processor.py:183} INFO - Processing /opt/airflow/dags/model_sample_dags.py took 0.143 seconds
[2026-01-01T18:50:01.411+0000] {processor.py:161} INFO - Started process (PID=761) to work on /opt/airflow/dags/model_sample_dags.py
[2026-01-01T18:50:01.415+0000] {processor.py:830} INFO - Processing file /opt/airflow/dags/model_sample_dags.py for tasks to queue
[2026-01-01T18:50:01.420+0000] {logging_mixin.py:188} INFO - [2026-01-01T18:50:01.419+0000] {dagbag.py:545} INFO - Filling up the DagBag from /opt/airflow/dags/model_sample_dags.py
[2026-01-01T18:50:01.471+0000] {processor.py:840} INFO - DAG(s) 'train_model_sample' retrieved from /opt/airflow/dags/model_sample_dags.py
[2026-01-01T18:50:01.506+0000] {logging_mixin.py:188} INFO - [2026-01-01T18:50:01.506+0000] {dag.py:3089} INFO - Sync 1 DAGs
[2026-01-01T18:50:01.524+0000] {logging_mixin.py:188} INFO - [2026-01-01T18:50:01.524+0000] {dag.py:3947} INFO - Setting next_dagrun for train_model_sample to None, run_after=None
[2026-01-01T18:50:01.558+0000] {processor.py:183} INFO - Processing /opt/airflow/dags/model_sample_dags.py took 0.159 seconds
[2026-01-01T18:50:32.211+0000] {processor.py:161} INFO - Started process (PID=766) to work on /opt/airflow/dags/model_sample_dags.py
[2026-01-01T18:50:32.213+0000] {processor.py:830} INFO - Processing file /opt/airflow/dags/model_sample_dags.py for tasks to queue
[2026-01-01T18:50:32.217+0000] {logging_mixin.py:188} INFO - [2026-01-01T18:50:32.216+0000] {dagbag.py:545} INFO - Filling up the DagBag from /opt/airflow/dags/model_sample_dags.py
[2026-01-01T18:50:32.267+0000] {processor.py:840} INFO - DAG(s) 'train_model_sample' retrieved from /opt/airflow/dags/model_sample_dags.py
[2026-01-01T18:50:32.304+0000] {logging_mixin.py:188} INFO - [2026-01-01T18:50:32.303+0000] {dag.py:3089} INFO - Sync 1 DAGs
[2026-01-01T18:50:32.322+0000] {logging_mixin.py:188} INFO - [2026-01-01T18:50:32.322+0000] {dag.py:3947} INFO - Setting next_dagrun for train_model_sample to None, run_after=None
[2026-01-01T18:50:32.361+0000] {processor.py:183} INFO - Processing /opt/airflow/dags/model_sample_dags.py took 0.158 seconds
[2026-01-01T18:51:02.950+0000] {processor.py:161} INFO - Started process (PID=771) to work on /opt/airflow/dags/model_sample_dags.py
[2026-01-01T18:51:02.953+0000] {processor.py:830} INFO - Processing file /opt/airflow/dags/model_sample_dags.py for tasks to queue
[2026-01-01T18:51:02.962+0000] {logging_mixin.py:188} INFO - [2026-01-01T18:51:02.961+0000] {dagbag.py:545} INFO - Filling up the DagBag from /opt/airflow/dags/model_sample_dags.py
[2026-01-01T18:51:03.004+0000] {processor.py:840} INFO - DAG(s) 'train_model_sample' retrieved from /opt/airflow/dags/model_sample_dags.py
[2026-01-01T18:51:03.040+0000] {logging_mixin.py:188} INFO - [2026-01-01T18:51:03.040+0000] {dag.py:3089} INFO - Sync 1 DAGs
[2026-01-01T18:51:03.057+0000] {logging_mixin.py:188} INFO - [2026-01-01T18:51:03.057+0000] {dag.py:3947} INFO - Setting next_dagrun for train_model_sample to None, run_after=None
[2026-01-01T18:51:03.091+0000] {processor.py:183} INFO - Processing /opt/airflow/dags/model_sample_dags.py took 0.149 seconds
[2026-01-01T18:51:33.812+0000] {processor.py:161} INFO - Started process (PID=776) to work on /opt/airflow/dags/model_sample_dags.py
[2026-01-01T18:51:33.814+0000] {processor.py:830} INFO - Processing file /opt/airflow/dags/model_sample_dags.py for tasks to queue
[2026-01-01T18:51:33.817+0000] {logging_mixin.py:188} INFO - [2026-01-01T18:51:33.817+0000] {dagbag.py:545} INFO - Filling up the DagBag from /opt/airflow/dags/model_sample_dags.py
[2026-01-01T18:51:33.869+0000] {processor.py:840} INFO - DAG(s) 'train_model_sample' retrieved from /opt/airflow/dags/model_sample_dags.py
[2026-01-01T18:51:33.902+0000] {logging_mixin.py:188} INFO - [2026-01-01T18:51:33.901+0000] {dag.py:3089} INFO - Sync 1 DAGs
[2026-01-01T18:51:33.917+0000] {logging_mixin.py:188} INFO - [2026-01-01T18:51:33.917+0000] {dag.py:3947} INFO - Setting next_dagrun for train_model_sample to None, run_after=None
[2026-01-01T18:51:33.949+0000] {processor.py:183} INFO - Processing /opt/airflow/dags/model_sample_dags.py took 0.146 seconds
[2026-01-01T18:52:04.542+0000] {processor.py:161} INFO - Started process (PID=781) to work on /opt/airflow/dags/model_sample_dags.py
[2026-01-01T18:52:04.544+0000] {processor.py:830} INFO - Processing file /opt/airflow/dags/model_sample_dags.py for tasks to queue
[2026-01-01T18:52:04.548+0000] {logging_mixin.py:188} INFO - [2026-01-01T18:52:04.548+0000] {dagbag.py:545} INFO - Filling up the DagBag from /opt/airflow/dags/model_sample_dags.py
[2026-01-01T18:52:04.599+0000] {processor.py:840} INFO - DAG(s) 'train_model_sample' retrieved from /opt/airflow/dags/model_sample_dags.py
[2026-01-01T18:52:04.634+0000] {logging_mixin.py:188} INFO - [2026-01-01T18:52:04.633+0000] {dag.py:3089} INFO - Sync 1 DAGs
[2026-01-01T18:52:04.662+0000] {logging_mixin.py:188} INFO - [2026-01-01T18:52:04.662+0000] {dag.py:3947} INFO - Setting next_dagrun for train_model_sample to None, run_after=None
[2026-01-01T18:52:04.698+0000] {processor.py:183} INFO - Processing /opt/airflow/dags/model_sample_dags.py took 0.165 seconds
[2026-01-01T18:52:35.492+0000] {processor.py:161} INFO - Started process (PID=786) to work on /opt/airflow/dags/model_sample_dags.py
[2026-01-01T18:52:35.495+0000] {processor.py:830} INFO - Processing file /opt/airflow/dags/model_sample_dags.py for tasks to queue
[2026-01-01T18:52:35.497+0000] {logging_mixin.py:188} INFO - [2026-01-01T18:52:35.497+0000] {dagbag.py:545} INFO - Filling up the DagBag from /opt/airflow/dags/model_sample_dags.py
[2026-01-01T18:52:35.550+0000] {processor.py:840} INFO - DAG(s) 'train_model_sample' retrieved from /opt/airflow/dags/model_sample_dags.py
[2026-01-01T18:52:35.588+0000] {logging_mixin.py:188} INFO - [2026-01-01T18:52:35.588+0000] {dag.py:3089} INFO - Sync 1 DAGs
[2026-01-01T18:52:35.603+0000] {logging_mixin.py:188} INFO - [2026-01-01T18:52:35.603+0000] {dag.py:3947} INFO - Setting next_dagrun for train_model_sample to None, run_after=None
[2026-01-01T18:52:35.637+0000] {processor.py:183} INFO - Processing /opt/airflow/dags/model_sample_dags.py took 0.151 seconds
[2026-01-01T18:53:06.237+0000] {processor.py:161} INFO - Started process (PID=791) to work on /opt/airflow/dags/model_sample_dags.py
[2026-01-01T18:53:06.239+0000] {processor.py:830} INFO - Processing file /opt/airflow/dags/model_sample_dags.py for tasks to queue
[2026-01-01T18:53:06.242+0000] {logging_mixin.py:188} INFO - [2026-01-01T18:53:06.241+0000] {dagbag.py:545} INFO - Filling up the DagBag from /opt/airflow/dags/model_sample_dags.py
[2026-01-01T18:53:06.296+0000] {processor.py:840} INFO - DAG(s) 'train_model_sample' retrieved from /opt/airflow/dags/model_sample_dags.py
[2026-01-01T18:53:06.332+0000] {logging_mixin.py:188} INFO - [2026-01-01T18:53:06.331+0000] {dag.py:3089} INFO - Sync 1 DAGs
[2026-01-01T18:53:06.349+0000] {logging_mixin.py:188} INFO - [2026-01-01T18:53:06.349+0000] {dag.py:3947} INFO - Setting next_dagrun for train_model_sample to None, run_after=None
[2026-01-01T18:53:06.391+0000] {processor.py:183} INFO - Processing /opt/airflow/dags/model_sample_dags.py took 0.164 seconds
[2026-01-01T18:53:37.061+0000] {processor.py:161} INFO - Started process (PID=796) to work on /opt/airflow/dags/model_sample_dags.py
[2026-01-01T18:53:37.063+0000] {processor.py:830} INFO - Processing file /opt/airflow/dags/model_sample_dags.py for tasks to queue
[2026-01-01T18:53:37.067+0000] {logging_mixin.py:188} INFO - [2026-01-01T18:53:37.066+0000] {dagbag.py:545} INFO - Filling up the DagBag from /opt/airflow/dags/model_sample_dags.py
[2026-01-01T18:53:37.111+0000] {processor.py:840} INFO - DAG(s) 'train_model_sample' retrieved from /opt/airflow/dags/model_sample_dags.py
[2026-01-01T18:53:37.143+0000] {logging_mixin.py:188} INFO - [2026-01-01T18:53:37.142+0000] {dag.py:3089} INFO - Sync 1 DAGs
[2026-01-01T18:53:37.157+0000] {logging_mixin.py:188} INFO - [2026-01-01T18:53:37.157+0000] {dag.py:3947} INFO - Setting next_dagrun for train_model_sample to None, run_after=None
[2026-01-01T18:53:37.188+0000] {processor.py:183} INFO - Processing /opt/airflow/dags/model_sample_dags.py took 0.138 seconds
[2026-01-01T18:54:07.842+0000] {processor.py:161} INFO - Started process (PID=801) to work on /opt/airflow/dags/model_sample_dags.py
[2026-01-01T18:54:07.845+0000] {processor.py:830} INFO - Processing file /opt/airflow/dags/model_sample_dags.py for tasks to queue
[2026-01-01T18:54:07.849+0000] {logging_mixin.py:188} INFO - [2026-01-01T18:54:07.849+0000] {dagbag.py:545} INFO - Filling up the DagBag from /opt/airflow/dags/model_sample_dags.py
[2026-01-01T18:54:07.903+0000] {processor.py:840} INFO - DAG(s) 'train_model_sample' retrieved from /opt/airflow/dags/model_sample_dags.py
[2026-01-01T18:54:07.937+0000] {logging_mixin.py:188} INFO - [2026-01-01T18:54:07.937+0000] {dag.py:3089} INFO - Sync 1 DAGs
[2026-01-01T18:54:07.954+0000] {logging_mixin.py:188} INFO - [2026-01-01T18:54:07.953+0000] {dag.py:3947} INFO - Setting next_dagrun for train_model_sample to None, run_after=None
[2026-01-01T18:54:07.994+0000] {processor.py:183} INFO - Processing /opt/airflow/dags/model_sample_dags.py took 0.161 seconds
[2026-01-01T18:54:38.573+0000] {processor.py:161} INFO - Started process (PID=806) to work on /opt/airflow/dags/model_sample_dags.py
[2026-01-01T18:54:38.575+0000] {processor.py:830} INFO - Processing file /opt/airflow/dags/model_sample_dags.py for tasks to queue
[2026-01-01T18:54:38.579+0000] {logging_mixin.py:188} INFO - [2026-01-01T18:54:38.579+0000] {dagbag.py:545} INFO - Filling up the DagBag from /opt/airflow/dags/model_sample_dags.py
[2026-01-01T18:54:38.625+0000] {processor.py:840} INFO - DAG(s) 'train_model_sample' retrieved from /opt/airflow/dags/model_sample_dags.py
[2026-01-01T18:54:38.659+0000] {logging_mixin.py:188} INFO - [2026-01-01T18:54:38.659+0000] {dag.py:3089} INFO - Sync 1 DAGs
[2026-01-01T18:54:38.678+0000] {logging_mixin.py:188} INFO - [2026-01-01T18:54:38.678+0000] {dag.py:3947} INFO - Setting next_dagrun for train_model_sample to None, run_after=None
[2026-01-01T18:54:38.708+0000] {processor.py:183} INFO - Processing /opt/airflow/dags/model_sample_dags.py took 0.145 seconds
[2026-01-01T18:55:09.405+0000] {processor.py:161} INFO - Started process (PID=811) to work on /opt/airflow/dags/model_sample_dags.py
[2026-01-01T18:55:09.407+0000] {processor.py:830} INFO - Processing file /opt/airflow/dags/model_sample_dags.py for tasks to queue
[2026-01-01T18:55:09.410+0000] {logging_mixin.py:188} INFO - [2026-01-01T18:55:09.409+0000] {dagbag.py:545} INFO - Filling up the DagBag from /opt/airflow/dags/model_sample_dags.py
[2026-01-01T18:55:09.473+0000] {processor.py:840} INFO - DAG(s) 'train_model_sample' retrieved from /opt/airflow/dags/model_sample_dags.py
[2026-01-01T18:55:09.513+0000] {logging_mixin.py:188} INFO - [2026-01-01T18:55:09.513+0000] {dag.py:3089} INFO - Sync 1 DAGs
[2026-01-01T18:55:09.529+0000] {logging_mixin.py:188} INFO - [2026-01-01T18:55:09.529+0000] {dag.py:3947} INFO - Setting next_dagrun for train_model_sample to None, run_after=None
[2026-01-01T18:55:09.561+0000] {processor.py:183} INFO - Processing /opt/airflow/dags/model_sample_dags.py took 0.172 seconds
[2026-01-01T18:55:40.157+0000] {processor.py:161} INFO - Started process (PID=816) to work on /opt/airflow/dags/model_sample_dags.py
[2026-01-01T18:55:40.161+0000] {processor.py:830} INFO - Processing file /opt/airflow/dags/model_sample_dags.py for tasks to queue
[2026-01-01T18:55:40.168+0000] {logging_mixin.py:188} INFO - [2026-01-01T18:55:40.166+0000] {dagbag.py:545} INFO - Filling up the DagBag from /opt/airflow/dags/model_sample_dags.py
[2026-01-01T18:55:40.222+0000] {processor.py:840} INFO - DAG(s) 'train_model_sample' retrieved from /opt/airflow/dags/model_sample_dags.py
[2026-01-01T18:55:40.265+0000] {logging_mixin.py:188} INFO - [2026-01-01T18:55:40.265+0000] {dag.py:3089} INFO - Sync 1 DAGs
[2026-01-01T18:55:40.292+0000] {logging_mixin.py:188} INFO - [2026-01-01T18:55:40.292+0000] {dag.py:3947} INFO - Setting next_dagrun for train_model_sample to None, run_after=None
[2026-01-01T18:55:40.326+0000] {processor.py:183} INFO - Processing /opt/airflow/dags/model_sample_dags.py took 0.183 seconds
[2026-01-01T18:56:10.983+0000] {processor.py:161} INFO - Started process (PID=821) to work on /opt/airflow/dags/model_sample_dags.py
[2026-01-01T18:56:10.985+0000] {processor.py:830} INFO - Processing file /opt/airflow/dags/model_sample_dags.py for tasks to queue
[2026-01-01T18:56:10.992+0000] {logging_mixin.py:188} INFO - [2026-01-01T18:56:10.992+0000] {dagbag.py:545} INFO - Filling up the DagBag from /opt/airflow/dags/model_sample_dags.py
[2026-01-01T18:56:11.046+0000] {processor.py:840} INFO - DAG(s) 'train_model_sample' retrieved from /opt/airflow/dags/model_sample_dags.py
[2026-01-01T18:56:11.089+0000] {logging_mixin.py:188} INFO - [2026-01-01T18:56:11.088+0000] {dag.py:3089} INFO - Sync 1 DAGs
[2026-01-01T18:56:11.109+0000] {logging_mixin.py:188} INFO - [2026-01-01T18:56:11.108+0000] {dag.py:3947} INFO - Setting next_dagrun for train_model_sample to None, run_after=None
[2026-01-01T18:56:11.144+0000] {processor.py:183} INFO - Processing /opt/airflow/dags/model_sample_dags.py took 0.171 seconds
[2026-01-01T18:56:41.767+0000] {processor.py:161} INFO - Started process (PID=826) to work on /opt/airflow/dags/model_sample_dags.py
[2026-01-01T18:56:41.770+0000] {processor.py:830} INFO - Processing file /opt/airflow/dags/model_sample_dags.py for tasks to queue
[2026-01-01T18:56:41.773+0000] {logging_mixin.py:188} INFO - [2026-01-01T18:56:41.773+0000] {dagbag.py:545} INFO - Filling up the DagBag from /opt/airflow/dags/model_sample_dags.py
[2026-01-01T18:56:41.829+0000] {processor.py:840} INFO - DAG(s) 'train_model_sample' retrieved from /opt/airflow/dags/model_sample_dags.py
[2026-01-01T18:56:41.870+0000] {logging_mixin.py:188} INFO - [2026-01-01T18:56:41.869+0000] {dag.py:3089} INFO - Sync 1 DAGs
[2026-01-01T18:56:41.897+0000] {logging_mixin.py:188} INFO - [2026-01-01T18:56:41.896+0000] {dag.py:3947} INFO - Setting next_dagrun for train_model_sample to None, run_after=None
[2026-01-01T18:56:41.936+0000] {processor.py:183} INFO - Processing /opt/airflow/dags/model_sample_dags.py took 0.180 seconds
[2026-01-01T18:57:12.635+0000] {processor.py:161} INFO - Started process (PID=831) to work on /opt/airflow/dags/model_sample_dags.py
[2026-01-01T18:57:12.638+0000] {processor.py:830} INFO - Processing file /opt/airflow/dags/model_sample_dags.py for tasks to queue
[2026-01-01T18:57:12.642+0000] {logging_mixin.py:188} INFO - [2026-01-01T18:57:12.641+0000] {dagbag.py:545} INFO - Filling up the DagBag from /opt/airflow/dags/model_sample_dags.py
[2026-01-01T18:57:12.696+0000] {processor.py:840} INFO - DAG(s) 'train_model_sample' retrieved from /opt/airflow/dags/model_sample_dags.py
[2026-01-01T18:57:12.747+0000] {logging_mixin.py:188} INFO - [2026-01-01T18:57:12.747+0000] {dag.py:3089} INFO - Sync 1 DAGs
[2026-01-01T18:57:12.773+0000] {logging_mixin.py:188} INFO - [2026-01-01T18:57:12.773+0000] {dag.py:3947} INFO - Setting next_dagrun for train_model_sample to None, run_after=None
[2026-01-01T18:57:12.812+0000] {processor.py:183} INFO - Processing /opt/airflow/dags/model_sample_dags.py took 0.185 seconds
[2026-01-01T18:57:43.439+0000] {processor.py:161} INFO - Started process (PID=836) to work on /opt/airflow/dags/model_sample_dags.py
[2026-01-01T18:57:43.441+0000] {processor.py:830} INFO - Processing file /opt/airflow/dags/model_sample_dags.py for tasks to queue
[2026-01-01T18:57:43.444+0000] {logging_mixin.py:188} INFO - [2026-01-01T18:57:43.444+0000] {dagbag.py:545} INFO - Filling up the DagBag from /opt/airflow/dags/model_sample_dags.py
[2026-01-01T18:57:43.483+0000] {processor.py:840} INFO - DAG(s) 'train_model_sample' retrieved from /opt/airflow/dags/model_sample_dags.py
[2026-01-01T18:57:43.531+0000] {logging_mixin.py:188} INFO - [2026-01-01T18:57:43.530+0000] {dag.py:3089} INFO - Sync 1 DAGs
[2026-01-01T18:57:43.551+0000] {logging_mixin.py:188} INFO - [2026-01-01T18:57:43.551+0000] {dag.py:3947} INFO - Setting next_dagrun for train_model_sample to None, run_after=None
[2026-01-01T18:57:43.586+0000] {processor.py:183} INFO - Processing /opt/airflow/dags/model_sample_dags.py took 0.155 seconds
[2026-01-01T18:58:14.401+0000] {processor.py:161} INFO - Started process (PID=841) to work on /opt/airflow/dags/model_sample_dags.py
[2026-01-01T18:58:14.403+0000] {processor.py:830} INFO - Processing file /opt/airflow/dags/model_sample_dags.py for tasks to queue
[2026-01-01T18:58:14.407+0000] {logging_mixin.py:188} INFO - [2026-01-01T18:58:14.407+0000] {dagbag.py:545} INFO - Filling up the DagBag from /opt/airflow/dags/model_sample_dags.py
[2026-01-01T18:58:14.455+0000] {processor.py:840} INFO - DAG(s) 'train_model_sample' retrieved from /opt/airflow/dags/model_sample_dags.py
[2026-01-01T18:58:14.496+0000] {logging_mixin.py:188} INFO - [2026-01-01T18:58:14.495+0000] {dag.py:3089} INFO - Sync 1 DAGs
[2026-01-01T18:58:14.515+0000] {logging_mixin.py:188} INFO - [2026-01-01T18:58:14.515+0000] {dag.py:3947} INFO - Setting next_dagrun for train_model_sample to None, run_after=None
[2026-01-01T18:58:14.552+0000] {processor.py:183} INFO - Processing /opt/airflow/dags/model_sample_dags.py took 0.160 seconds
[2026-01-01T18:58:45.118+0000] {processor.py:161} INFO - Started process (PID=846) to work on /opt/airflow/dags/model_sample_dags.py
[2026-01-01T18:58:45.120+0000] {processor.py:830} INFO - Processing file /opt/airflow/dags/model_sample_dags.py for tasks to queue
[2026-01-01T18:58:45.123+0000] {logging_mixin.py:188} INFO - [2026-01-01T18:58:45.123+0000] {dagbag.py:545} INFO - Filling up the DagBag from /opt/airflow/dags/model_sample_dags.py
[2026-01-01T18:58:45.197+0000] {processor.py:840} INFO - DAG(s) 'train_model_sample' retrieved from /opt/airflow/dags/model_sample_dags.py
[2026-01-01T18:58:45.239+0000] {logging_mixin.py:188} INFO - [2026-01-01T18:58:45.238+0000] {dag.py:3089} INFO - Sync 1 DAGs
[2026-01-01T18:58:45.258+0000] {logging_mixin.py:188} INFO - [2026-01-01T18:58:45.258+0000] {dag.py:3947} INFO - Setting next_dagrun for train_model_sample to None, run_after=None
[2026-01-01T18:58:45.299+0000] {processor.py:183} INFO - Processing /opt/airflow/dags/model_sample_dags.py took 0.191 seconds
[2026-01-01T18:59:15.937+0000] {processor.py:161} INFO - Started process (PID=851) to work on /opt/airflow/dags/model_sample_dags.py
[2026-01-01T18:59:15.939+0000] {processor.py:830} INFO - Processing file /opt/airflow/dags/model_sample_dags.py for tasks to queue
[2026-01-01T18:59:15.942+0000] {logging_mixin.py:188} INFO - [2026-01-01T18:59:15.941+0000] {dagbag.py:545} INFO - Filling up the DagBag from /opt/airflow/dags/model_sample_dags.py
[2026-01-01T18:59:16.004+0000] {processor.py:840} INFO - DAG(s) 'train_model_sample' retrieved from /opt/airflow/dags/model_sample_dags.py
[2026-01-01T18:59:16.038+0000] {logging_mixin.py:188} INFO - [2026-01-01T18:59:16.037+0000] {dag.py:3089} INFO - Sync 1 DAGs
[2026-01-01T18:59:16.052+0000] {logging_mixin.py:188} INFO - [2026-01-01T18:59:16.051+0000] {dag.py:3947} INFO - Setting next_dagrun for train_model_sample to None, run_after=None
[2026-01-01T18:59:16.081+0000] {processor.py:183} INFO - Processing /opt/airflow/dags/model_sample_dags.py took 0.153 seconds
[2026-01-01T18:59:46.776+0000] {processor.py:161} INFO - Started process (PID=856) to work on /opt/airflow/dags/model_sample_dags.py
[2026-01-01T18:59:46.778+0000] {processor.py:830} INFO - Processing file /opt/airflow/dags/model_sample_dags.py for tasks to queue
[2026-01-01T18:59:46.781+0000] {logging_mixin.py:188} INFO - [2026-01-01T18:59:46.781+0000] {dagbag.py:545} INFO - Filling up the DagBag from /opt/airflow/dags/model_sample_dags.py
[2026-01-01T18:59:46.832+0000] {processor.py:840} INFO - DAG(s) 'train_model_sample' retrieved from /opt/airflow/dags/model_sample_dags.py
[2026-01-01T18:59:46.864+0000] {logging_mixin.py:188} INFO - [2026-01-01T18:59:46.864+0000] {dag.py:3089} INFO - Sync 1 DAGs
[2026-01-01T18:59:46.880+0000] {logging_mixin.py:188} INFO - [2026-01-01T18:59:46.880+0000] {dag.py:3947} INFO - Setting next_dagrun for train_model_sample to None, run_after=None
[2026-01-01T18:59:46.918+0000] {processor.py:183} INFO - Processing /opt/airflow/dags/model_sample_dags.py took 0.151 seconds
[2026-01-01T19:00:17.829+0000] {processor.py:161} INFO - Started process (PID=861) to work on /opt/airflow/dags/model_sample_dags.py
[2026-01-01T19:00:17.835+0000] {processor.py:830} INFO - Processing file /opt/airflow/dags/model_sample_dags.py for tasks to queue
[2026-01-01T19:00:17.845+0000] {logging_mixin.py:188} INFO - [2026-01-01T19:00:17.844+0000] {dagbag.py:545} INFO - Filling up the DagBag from /opt/airflow/dags/model_sample_dags.py
[2026-01-01T19:00:17.958+0000] {processor.py:840} INFO - DAG(s) 'train_model_sample' retrieved from /opt/airflow/dags/model_sample_dags.py
[2026-01-01T19:00:18.072+0000] {logging_mixin.py:188} INFO - [2026-01-01T19:00:18.070+0000] {dag.py:3089} INFO - Sync 1 DAGs
[2026-01-01T19:00:18.120+0000] {logging_mixin.py:188} INFO - [2026-01-01T19:00:18.119+0000] {dag.py:3947} INFO - Setting next_dagrun for train_model_sample to None, run_after=None
[2026-01-01T19:00:18.204+0000] {processor.py:183} INFO - Processing /opt/airflow/dags/model_sample_dags.py took 0.406 seconds
[2026-01-01T19:00:48.608+0000] {processor.py:161} INFO - Started process (PID=866) to work on /opt/airflow/dags/model_sample_dags.py
[2026-01-01T19:00:48.614+0000] {processor.py:830} INFO - Processing file /opt/airflow/dags/model_sample_dags.py for tasks to queue
[2026-01-01T19:00:48.624+0000] {logging_mixin.py:188} INFO - [2026-01-01T19:00:48.622+0000] {dagbag.py:545} INFO - Filling up the DagBag from /opt/airflow/dags/model_sample_dags.py
[2026-01-01T19:00:48.732+0000] {processor.py:840} INFO - DAG(s) 'train_model_sample' retrieved from /opt/airflow/dags/model_sample_dags.py
[2026-01-01T19:00:48.836+0000] {logging_mixin.py:188} INFO - [2026-01-01T19:00:48.835+0000] {dag.py:3089} INFO - Sync 1 DAGs
[2026-01-01T19:00:48.881+0000] {logging_mixin.py:188} INFO - [2026-01-01T19:00:48.880+0000] {dag.py:3947} INFO - Setting next_dagrun for train_model_sample to None, run_after=None
[2026-01-01T19:00:48.966+0000] {processor.py:183} INFO - Processing /opt/airflow/dags/model_sample_dags.py took 0.379 seconds
[2026-01-01T19:01:19.937+0000] {processor.py:161} INFO - Started process (PID=871) to work on /opt/airflow/dags/model_sample_dags.py
[2026-01-01T19:01:19.941+0000] {processor.py:830} INFO - Processing file /opt/airflow/dags/model_sample_dags.py for tasks to queue
[2026-01-01T19:01:19.948+0000] {logging_mixin.py:188} INFO - [2026-01-01T19:01:19.947+0000] {dagbag.py:545} INFO - Filling up the DagBag from /opt/airflow/dags/model_sample_dags.py
[2026-01-01T19:01:20.049+0000] {processor.py:840} INFO - DAG(s) 'train_model_sample' retrieved from /opt/airflow/dags/model_sample_dags.py
[2026-01-01T19:01:20.152+0000] {logging_mixin.py:188} INFO - [2026-01-01T19:01:20.151+0000] {dag.py:3089} INFO - Sync 1 DAGs
[2026-01-01T19:01:20.210+0000] {logging_mixin.py:188} INFO - [2026-01-01T19:01:20.209+0000] {dag.py:3947} INFO - Setting next_dagrun for train_model_sample to None, run_after=None
[2026-01-01T19:01:20.295+0000] {processor.py:183} INFO - Processing /opt/airflow/dags/model_sample_dags.py took 0.380 seconds
[2026-01-01T19:01:50.812+0000] {processor.py:161} INFO - Started process (PID=876) to work on /opt/airflow/dags/model_sample_dags.py
[2026-01-01T19:01:50.818+0000] {processor.py:830} INFO - Processing file /opt/airflow/dags/model_sample_dags.py for tasks to queue
[2026-01-01T19:01:50.826+0000] {logging_mixin.py:188} INFO - [2026-01-01T19:01:50.825+0000] {dagbag.py:545} INFO - Filling up the DagBag from /opt/airflow/dags/model_sample_dags.py
[2026-01-01T19:01:50.930+0000] {processor.py:840} INFO - DAG(s) 'train_model_sample' retrieved from /opt/airflow/dags/model_sample_dags.py
[2026-01-01T19:01:51.042+0000] {logging_mixin.py:188} INFO - [2026-01-01T19:01:51.041+0000] {dag.py:3089} INFO - Sync 1 DAGs
[2026-01-01T19:01:51.087+0000] {logging_mixin.py:188} INFO - [2026-01-01T19:01:51.086+0000] {dag.py:3947} INFO - Setting next_dagrun for train_model_sample to None, run_after=None
[2026-01-01T19:01:51.164+0000] {processor.py:183} INFO - Processing /opt/airflow/dags/model_sample_dags.py took 0.377 seconds
[2026-01-01T19:02:22.230+0000] {processor.py:161} INFO - Started process (PID=881) to work on /opt/airflow/dags/model_sample_dags.py
[2026-01-01T19:02:22.235+0000] {processor.py:830} INFO - Processing file /opt/airflow/dags/model_sample_dags.py for tasks to queue
[2026-01-01T19:02:22.248+0000] {logging_mixin.py:188} INFO - [2026-01-01T19:02:22.247+0000] {dagbag.py:545} INFO - Filling up the DagBag from /opt/airflow/dags/model_sample_dags.py
[2026-01-01T19:02:22.360+0000] {processor.py:840} INFO - DAG(s) 'train_model_sample' retrieved from /opt/airflow/dags/model_sample_dags.py
[2026-01-01T19:02:22.475+0000] {logging_mixin.py:188} INFO - [2026-01-01T19:02:22.473+0000] {dag.py:3089} INFO - Sync 1 DAGs
[2026-01-01T19:02:22.538+0000] {logging_mixin.py:188} INFO - [2026-01-01T19:02:22.536+0000] {dag.py:3947} INFO - Setting next_dagrun for train_model_sample to None, run_after=None
[2026-01-01T19:02:22.639+0000] {processor.py:183} INFO - Processing /opt/airflow/dags/model_sample_dags.py took 0.428 seconds
[2026-01-01T19:02:53.040+0000] {processor.py:161} INFO - Started process (PID=886) to work on /opt/airflow/dags/model_sample_dags.py
[2026-01-01T19:02:53.046+0000] {processor.py:830} INFO - Processing file /opt/airflow/dags/model_sample_dags.py for tasks to queue
[2026-01-01T19:02:53.055+0000] {logging_mixin.py:188} INFO - [2026-01-01T19:02:53.054+0000] {dagbag.py:545} INFO - Filling up the DagBag from /opt/airflow/dags/model_sample_dags.py
[2026-01-01T19:02:53.214+0000] {processor.py:840} INFO - DAG(s) 'train_model_sample' retrieved from /opt/airflow/dags/model_sample_dags.py
[2026-01-01T19:02:53.441+0000] {logging_mixin.py:188} INFO - [2026-01-01T19:02:53.440+0000] {dag.py:3089} INFO - Sync 1 DAGs
[2026-01-01T19:02:53.537+0000] {logging_mixin.py:188} INFO - [2026-01-01T19:02:53.535+0000] {dag.py:3947} INFO - Setting next_dagrun for train_model_sample to None, run_after=None
[2026-01-01T19:02:53.681+0000] {processor.py:183} INFO - Processing /opt/airflow/dags/model_sample_dags.py took 0.670 seconds
[2026-01-01T19:03:24.331+0000] {processor.py:161} INFO - Started process (PID=891) to work on /opt/airflow/dags/model_sample_dags.py
[2026-01-01T19:03:24.336+0000] {processor.py:830} INFO - Processing file /opt/airflow/dags/model_sample_dags.py for tasks to queue
[2026-01-01T19:03:24.345+0000] {logging_mixin.py:188} INFO - [2026-01-01T19:03:24.344+0000] {dagbag.py:545} INFO - Filling up the DagBag from /opt/airflow/dags/model_sample_dags.py
[2026-01-01T19:03:24.450+0000] {processor.py:840} INFO - DAG(s) 'train_model_sample' retrieved from /opt/airflow/dags/model_sample_dags.py
[2026-01-01T19:03:24.554+0000] {logging_mixin.py:188} INFO - [2026-01-01T19:03:24.553+0000] {dag.py:3089} INFO - Sync 1 DAGs
[2026-01-01T19:03:24.616+0000] {logging_mixin.py:188} INFO - [2026-01-01T19:03:24.615+0000] {dag.py:3947} INFO - Setting next_dagrun for train_model_sample to None, run_after=None
[2026-01-01T19:03:24.706+0000] {processor.py:183} INFO - Processing /opt/airflow/dags/model_sample_dags.py took 0.399 seconds
[2026-01-01T19:03:55.431+0000] {processor.py:161} INFO - Started process (PID=896) to work on /opt/airflow/dags/model_sample_dags.py
[2026-01-01T19:03:55.436+0000] {processor.py:830} INFO - Processing file /opt/airflow/dags/model_sample_dags.py for tasks to queue
[2026-01-01T19:03:55.445+0000] {logging_mixin.py:188} INFO - [2026-01-01T19:03:55.443+0000] {dagbag.py:545} INFO - Filling up the DagBag from /opt/airflow/dags/model_sample_dags.py
[2026-01-01T19:03:55.552+0000] {processor.py:840} INFO - DAG(s) 'train_model_sample' retrieved from /opt/airflow/dags/model_sample_dags.py
[2026-01-01T19:03:55.652+0000] {logging_mixin.py:188} INFO - [2026-01-01T19:03:55.651+0000] {dag.py:3089} INFO - Sync 1 DAGs
[2026-01-01T19:03:55.722+0000] {logging_mixin.py:188} INFO - [2026-01-01T19:03:55.721+0000] {dag.py:3947} INFO - Setting next_dagrun for train_model_sample to None, run_after=None
[2026-01-01T19:03:55.827+0000] {processor.py:183} INFO - Processing /opt/airflow/dags/model_sample_dags.py took 0.419 seconds
[2026-01-01T19:04:26.436+0000] {processor.py:161} INFO - Started process (PID=901) to work on /opt/airflow/dags/model_sample_dags.py
[2026-01-01T19:04:26.441+0000] {processor.py:830} INFO - Processing file /opt/airflow/dags/model_sample_dags.py for tasks to queue
[2026-01-01T19:04:26.458+0000] {logging_mixin.py:188} INFO - [2026-01-01T19:04:26.457+0000] {dagbag.py:545} INFO - Filling up the DagBag from /opt/airflow/dags/model_sample_dags.py
[2026-01-01T19:04:26.560+0000] {processor.py:840} INFO - DAG(s) 'train_model_sample' retrieved from /opt/airflow/dags/model_sample_dags.py
[2026-01-01T19:04:26.651+0000] {logging_mixin.py:188} INFO - [2026-01-01T19:04:26.651+0000] {dag.py:3089} INFO - Sync 1 DAGs
[2026-01-01T19:04:26.693+0000] {logging_mixin.py:188} INFO - [2026-01-01T19:04:26.692+0000] {dag.py:3947} INFO - Setting next_dagrun for train_model_sample to None, run_after=None
[2026-01-01T19:04:26.779+0000] {processor.py:183} INFO - Processing /opt/airflow/dags/model_sample_dags.py took 0.370 seconds
[2026-01-01T19:04:57.547+0000] {processor.py:161} INFO - Started process (PID=906) to work on /opt/airflow/dags/model_sample_dags.py
[2026-01-01T19:04:57.552+0000] {processor.py:830} INFO - Processing file /opt/airflow/dags/model_sample_dags.py for tasks to queue
[2026-01-01T19:04:57.562+0000] {logging_mixin.py:188} INFO - [2026-01-01T19:04:57.560+0000] {dagbag.py:545} INFO - Filling up the DagBag from /opt/airflow/dags/model_sample_dags.py
[2026-01-01T19:04:57.665+0000] {processor.py:840} INFO - DAG(s) 'train_model_sample' retrieved from /opt/airflow/dags/model_sample_dags.py
[2026-01-01T19:04:57.767+0000] {logging_mixin.py:188} INFO - [2026-01-01T19:04:57.767+0000] {dag.py:3089} INFO - Sync 1 DAGs
[2026-01-01T19:04:57.808+0000] {logging_mixin.py:188} INFO - [2026-01-01T19:04:57.807+0000] {dag.py:3947} INFO - Setting next_dagrun for train_model_sample to None, run_after=None
[2026-01-01T19:04:57.893+0000] {processor.py:183} INFO - Processing /opt/airflow/dags/model_sample_dags.py took 0.369 seconds
[2026-01-01T19:05:28.515+0000] {processor.py:161} INFO - Started process (PID=911) to work on /opt/airflow/dags/model_sample_dags.py
[2026-01-01T19:05:28.521+0000] {processor.py:830} INFO - Processing file /opt/airflow/dags/model_sample_dags.py for tasks to queue
[2026-01-01T19:05:28.532+0000] {logging_mixin.py:188} INFO - [2026-01-01T19:05:28.531+0000] {dagbag.py:545} INFO - Filling up the DagBag from /opt/airflow/dags/model_sample_dags.py
[2026-01-01T19:05:28.670+0000] {processor.py:840} INFO - DAG(s) 'train_model_sample' retrieved from /opt/airflow/dags/model_sample_dags.py
[2026-01-01T19:05:28.792+0000] {logging_mixin.py:188} INFO - [2026-01-01T19:05:28.791+0000] {dag.py:3089} INFO - Sync 1 DAGs
[2026-01-01T19:05:28.848+0000] {logging_mixin.py:188} INFO - [2026-01-01T19:05:28.847+0000] {dag.py:3947} INFO - Setting next_dagrun for train_model_sample to None, run_after=None
[2026-01-01T19:05:28.931+0000] {processor.py:183} INFO - Processing /opt/airflow/dags/model_sample_dags.py took 0.436 seconds
[2026-01-01T19:05:59.623+0000] {processor.py:161} INFO - Started process (PID=916) to work on /opt/airflow/dags/model_sample_dags.py
[2026-01-01T19:05:59.628+0000] {processor.py:830} INFO - Processing file /opt/airflow/dags/model_sample_dags.py for tasks to queue
[2026-01-01T19:05:59.635+0000] {logging_mixin.py:188} INFO - [2026-01-01T19:05:59.635+0000] {dagbag.py:545} INFO - Filling up the DagBag from /opt/airflow/dags/model_sample_dags.py
[2026-01-01T19:05:59.732+0000] {processor.py:840} INFO - DAG(s) 'train_model_sample' retrieved from /opt/airflow/dags/model_sample_dags.py
[2026-01-01T19:05:59.829+0000] {logging_mixin.py:188} INFO - [2026-01-01T19:05:59.828+0000] {dag.py:3089} INFO - Sync 1 DAGs
[2026-01-01T19:05:59.871+0000] {logging_mixin.py:188} INFO - [2026-01-01T19:05:59.870+0000] {dag.py:3947} INFO - Setting next_dagrun for train_model_sample to None, run_after=None
[2026-01-01T19:05:59.963+0000] {processor.py:183} INFO - Processing /opt/airflow/dags/model_sample_dags.py took 0.365 seconds
[2026-01-01T19:06:30.647+0000] {processor.py:161} INFO - Started process (PID=921) to work on /opt/airflow/dags/model_sample_dags.py
[2026-01-01T19:06:30.651+0000] {processor.py:830} INFO - Processing file /opt/airflow/dags/model_sample_dags.py for tasks to queue
[2026-01-01T19:06:30.660+0000] {logging_mixin.py:188} INFO - [2026-01-01T19:06:30.659+0000] {dagbag.py:545} INFO - Filling up the DagBag from /opt/airflow/dags/model_sample_dags.py
[2026-01-01T19:06:30.751+0000] {processor.py:840} INFO - DAG(s) 'train_model_sample' retrieved from /opt/airflow/dags/model_sample_dags.py
[2026-01-01T19:06:30.839+0000] {logging_mixin.py:188} INFO - [2026-01-01T19:06:30.838+0000] {dag.py:3089} INFO - Sync 1 DAGs
[2026-01-01T19:06:30.875+0000] {logging_mixin.py:188} INFO - [2026-01-01T19:06:30.874+0000] {dag.py:3947} INFO - Setting next_dagrun for train_model_sample to None, run_after=None
[2026-01-01T19:06:30.962+0000] {processor.py:183} INFO - Processing /opt/airflow/dags/model_sample_dags.py took 0.334 seconds
[2026-01-01T19:07:01.769+0000] {processor.py:161} INFO - Started process (PID=926) to work on /opt/airflow/dags/model_sample_dags.py
[2026-01-01T19:07:01.778+0000] {processor.py:830} INFO - Processing file /opt/airflow/dags/model_sample_dags.py for tasks to queue
[2026-01-01T19:07:01.787+0000] {logging_mixin.py:188} INFO - [2026-01-01T19:07:01.785+0000] {dagbag.py:545} INFO - Filling up the DagBag from /opt/airflow/dags/model_sample_dags.py
[2026-01-01T19:07:01.891+0000] {processor.py:840} INFO - DAG(s) 'train_model_sample' retrieved from /opt/airflow/dags/model_sample_dags.py
[2026-01-01T19:07:01.981+0000] {logging_mixin.py:188} INFO - [2026-01-01T19:07:01.980+0000] {dag.py:3089} INFO - Sync 1 DAGs
[2026-01-01T19:07:02.020+0000] {logging_mixin.py:188} INFO - [2026-01-01T19:07:02.019+0000] {dag.py:3947} INFO - Setting next_dagrun for train_model_sample to None, run_after=None
[2026-01-01T19:07:02.095+0000] {processor.py:183} INFO - Processing /opt/airflow/dags/model_sample_dags.py took 0.356 seconds
[2026-01-01T19:07:32.826+0000] {processor.py:161} INFO - Started process (PID=931) to work on /opt/airflow/dags/model_sample_dags.py
[2026-01-01T19:07:32.833+0000] {processor.py:830} INFO - Processing file /opt/airflow/dags/model_sample_dags.py for tasks to queue
[2026-01-01T19:07:32.840+0000] {logging_mixin.py:188} INFO - [2026-01-01T19:07:32.839+0000] {dagbag.py:545} INFO - Filling up the DagBag from /opt/airflow/dags/model_sample_dags.py
[2026-01-01T19:07:32.944+0000] {processor.py:840} INFO - DAG(s) 'train_model_sample' retrieved from /opt/airflow/dags/model_sample_dags.py
[2026-01-01T19:07:33.057+0000] {logging_mixin.py:188} INFO - [2026-01-01T19:07:33.056+0000] {dag.py:3089} INFO - Sync 1 DAGs
[2026-01-01T19:07:33.110+0000] {logging_mixin.py:188} INFO - [2026-01-01T19:07:33.109+0000] {dag.py:3947} INFO - Setting next_dagrun for train_model_sample to None, run_after=None
[2026-01-01T19:07:33.205+0000] {processor.py:183} INFO - Processing /opt/airflow/dags/model_sample_dags.py took 0.398 seconds
[2026-01-01T19:08:03.823+0000] {processor.py:161} INFO - Started process (PID=936) to work on /opt/airflow/dags/model_sample_dags.py
[2026-01-01T19:08:03.845+0000] {processor.py:830} INFO - Processing file /opt/airflow/dags/model_sample_dags.py for tasks to queue
[2026-01-01T19:08:03.857+0000] {logging_mixin.py:188} INFO - [2026-01-01T19:08:03.856+0000] {dagbag.py:545} INFO - Filling up the DagBag from /opt/airflow/dags/model_sample_dags.py
[2026-01-01T19:08:03.999+0000] {processor.py:840} INFO - DAG(s) 'train_model_sample' retrieved from /opt/airflow/dags/model_sample_dags.py
[2026-01-01T19:08:04.129+0000] {logging_mixin.py:188} INFO - [2026-01-01T19:08:04.128+0000] {dag.py:3089} INFO - Sync 1 DAGs
[2026-01-01T19:08:04.174+0000] {logging_mixin.py:188} INFO - [2026-01-01T19:08:04.173+0000] {dag.py:3947} INFO - Setting next_dagrun for train_model_sample to None, run_after=None
[2026-01-01T19:08:04.272+0000] {processor.py:183} INFO - Processing /opt/airflow/dags/model_sample_dags.py took 0.485 seconds
[2026-01-01T19:08:34.942+0000] {processor.py:161} INFO - Started process (PID=941) to work on /opt/airflow/dags/model_sample_dags.py
[2026-01-01T19:08:34.953+0000] {processor.py:830} INFO - Processing file /opt/airflow/dags/model_sample_dags.py for tasks to queue
[2026-01-01T19:08:34.970+0000] {logging_mixin.py:188} INFO - [2026-01-01T19:08:34.969+0000] {dagbag.py:545} INFO - Filling up the DagBag from /opt/airflow/dags/model_sample_dags.py
[2026-01-01T19:08:35.078+0000] {processor.py:840} INFO - DAG(s) 'train_model_sample' retrieved from /opt/airflow/dags/model_sample_dags.py
[2026-01-01T19:08:35.169+0000] {logging_mixin.py:188} INFO - [2026-01-01T19:08:35.168+0000] {dag.py:3089} INFO - Sync 1 DAGs
[2026-01-01T19:08:35.204+0000] {logging_mixin.py:188} INFO - [2026-01-01T19:08:35.203+0000] {dag.py:3947} INFO - Setting next_dagrun for train_model_sample to None, run_after=None
[2026-01-01T19:08:35.286+0000] {processor.py:183} INFO - Processing /opt/airflow/dags/model_sample_dags.py took 0.372 seconds
[2026-01-01T19:09:06.004+0000] {processor.py:161} INFO - Started process (PID=946) to work on /opt/airflow/dags/model_sample_dags.py
[2026-01-01T19:09:06.010+0000] {processor.py:830} INFO - Processing file /opt/airflow/dags/model_sample_dags.py for tasks to queue
[2026-01-01T19:09:06.020+0000] {logging_mixin.py:188} INFO - [2026-01-01T19:09:06.019+0000] {dagbag.py:545} INFO - Filling up the DagBag from /opt/airflow/dags/model_sample_dags.py
[2026-01-01T19:09:06.121+0000] {processor.py:840} INFO - DAG(s) 'train_model_sample' retrieved from /opt/airflow/dags/model_sample_dags.py
[2026-01-01T19:09:06.224+0000] {logging_mixin.py:188} INFO - [2026-01-01T19:09:06.223+0000] {dag.py:3089} INFO - Sync 1 DAGs
[2026-01-01T19:09:06.283+0000] {logging_mixin.py:188} INFO - [2026-01-01T19:09:06.281+0000] {dag.py:3947} INFO - Setting next_dagrun for train_model_sample to None, run_after=None
[2026-01-01T19:09:06.373+0000] {processor.py:183} INFO - Processing /opt/airflow/dags/model_sample_dags.py took 0.392 seconds
[2026-01-01T19:09:37.025+0000] {processor.py:161} INFO - Started process (PID=951) to work on /opt/airflow/dags/model_sample_dags.py
[2026-01-01T19:09:37.031+0000] {processor.py:830} INFO - Processing file /opt/airflow/dags/model_sample_dags.py for tasks to queue
[2026-01-01T19:09:37.041+0000] {logging_mixin.py:188} INFO - [2026-01-01T19:09:37.039+0000] {dagbag.py:545} INFO - Filling up the DagBag from /opt/airflow/dags/model_sample_dags.py
[2026-01-01T19:09:37.143+0000] {processor.py:840} INFO - DAG(s) 'train_model_sample' retrieved from /opt/airflow/dags/model_sample_dags.py
[2026-01-01T19:09:37.241+0000] {logging_mixin.py:188} INFO - [2026-01-01T19:09:37.240+0000] {dag.py:3089} INFO - Sync 1 DAGs
[2026-01-01T19:09:37.278+0000] {logging_mixin.py:188} INFO - [2026-01-01T19:09:37.277+0000] {dag.py:3947} INFO - Setting next_dagrun for train_model_sample to None, run_after=None
[2026-01-01T19:09:37.367+0000] {processor.py:183} INFO - Processing /opt/airflow/dags/model_sample_dags.py took 0.362 seconds
[2026-01-01T19:10:08.086+0000] {processor.py:161} INFO - Started process (PID=956) to work on /opt/airflow/dags/model_sample_dags.py
[2026-01-01T19:10:08.090+0000] {processor.py:830} INFO - Processing file /opt/airflow/dags/model_sample_dags.py for tasks to queue
[2026-01-01T19:10:08.097+0000] {logging_mixin.py:188} INFO - [2026-01-01T19:10:08.096+0000] {dagbag.py:545} INFO - Filling up the DagBag from /opt/airflow/dags/model_sample_dags.py
[2026-01-01T19:10:08.175+0000] {processor.py:840} INFO - DAG(s) 'train_model_sample' retrieved from /opt/airflow/dags/model_sample_dags.py
[2026-01-01T19:10:08.265+0000] {logging_mixin.py:188} INFO - [2026-01-01T19:10:08.264+0000] {dag.py:3089} INFO - Sync 1 DAGs
[2026-01-01T19:10:08.309+0000] {logging_mixin.py:188} INFO - [2026-01-01T19:10:08.309+0000] {dag.py:3947} INFO - Setting next_dagrun for train_model_sample to None, run_after=None
[2026-01-01T19:10:08.387+0000] {processor.py:183} INFO - Processing /opt/airflow/dags/model_sample_dags.py took 0.320 seconds
[2026-01-01T19:10:39.332+0000] {processor.py:161} INFO - Started process (PID=961) to work on /opt/airflow/dags/model_sample_dags.py
[2026-01-01T19:10:39.347+0000] {processor.py:830} INFO - Processing file /opt/airflow/dags/model_sample_dags.py for tasks to queue
[2026-01-01T19:10:39.361+0000] {logging_mixin.py:188} INFO - [2026-01-01T19:10:39.359+0000] {dagbag.py:545} INFO - Filling up the DagBag from /opt/airflow/dags/model_sample_dags.py
[2026-01-01T19:10:39.511+0000] {processor.py:840} INFO - DAG(s) 'train_model_sample' retrieved from /opt/airflow/dags/model_sample_dags.py
[2026-01-01T19:10:39.674+0000] {logging_mixin.py:188} INFO - [2026-01-01T19:10:39.673+0000] {dag.py:3089} INFO - Sync 1 DAGs
[2026-01-01T19:10:39.723+0000] {logging_mixin.py:188} INFO - [2026-01-01T19:10:39.722+0000] {dag.py:3947} INFO - Setting next_dagrun for train_model_sample to None, run_after=None
[2026-01-01T19:10:39.829+0000] {processor.py:183} INFO - Processing /opt/airflow/dags/model_sample_dags.py took 0.534 seconds
[2026-01-01T19:11:10.246+0000] {processor.py:161} INFO - Started process (PID=966) to work on /opt/airflow/dags/model_sample_dags.py
[2026-01-01T19:11:10.251+0000] {processor.py:830} INFO - Processing file /opt/airflow/dags/model_sample_dags.py for tasks to queue
[2026-01-01T19:11:10.262+0000] {logging_mixin.py:188} INFO - [2026-01-01T19:11:10.260+0000] {dagbag.py:545} INFO - Filling up the DagBag from /opt/airflow/dags/model_sample_dags.py
[2026-01-01T19:11:10.344+0000] {processor.py:840} INFO - DAG(s) 'train_model_sample' retrieved from /opt/airflow/dags/model_sample_dags.py
[2026-01-01T19:11:10.438+0000] {logging_mixin.py:188} INFO - [2026-01-01T19:11:10.437+0000] {dag.py:3089} INFO - Sync 1 DAGs
[2026-01-01T19:11:10.485+0000] {logging_mixin.py:188} INFO - [2026-01-01T19:11:10.484+0000] {dag.py:3947} INFO - Setting next_dagrun for train_model_sample to None, run_after=None
[2026-01-01T19:11:10.575+0000] {processor.py:183} INFO - Processing /opt/airflow/dags/model_sample_dags.py took 0.361 seconds
[2026-01-01T19:11:41.042+0000] {processor.py:161} INFO - Started process (PID=971) to work on /opt/airflow/dags/model_sample_dags.py
[2026-01-01T19:11:41.046+0000] {processor.py:830} INFO - Processing file /opt/airflow/dags/model_sample_dags.py for tasks to queue
[2026-01-01T19:11:41.053+0000] {logging_mixin.py:188} INFO - [2026-01-01T19:11:41.052+0000] {dagbag.py:545} INFO - Filling up the DagBag from /opt/airflow/dags/model_sample_dags.py
[2026-01-01T19:11:41.155+0000] {processor.py:840} INFO - DAG(s) 'train_model_sample' retrieved from /opt/airflow/dags/model_sample_dags.py
[2026-01-01T19:11:41.251+0000] {logging_mixin.py:188} INFO - [2026-01-01T19:11:41.251+0000] {dag.py:3089} INFO - Sync 1 DAGs
[2026-01-01T19:11:41.291+0000] {logging_mixin.py:188} INFO - [2026-01-01T19:11:41.290+0000] {dag.py:3947} INFO - Setting next_dagrun for train_model_sample to None, run_after=None
[2026-01-01T19:11:41.374+0000] {processor.py:183} INFO - Processing /opt/airflow/dags/model_sample_dags.py took 0.355 seconds
[2026-01-01T19:12:12.266+0000] {processor.py:161} INFO - Started process (PID=976) to work on /opt/airflow/dags/model_sample_dags.py
[2026-01-01T19:12:12.270+0000] {processor.py:830} INFO - Processing file /opt/airflow/dags/model_sample_dags.py for tasks to queue
[2026-01-01T19:12:12.277+0000] {logging_mixin.py:188} INFO - [2026-01-01T19:12:12.276+0000] {dagbag.py:545} INFO - Filling up the DagBag from /opt/airflow/dags/model_sample_dags.py
[2026-01-01T19:12:12.372+0000] {processor.py:840} INFO - DAG(s) 'train_model_sample' retrieved from /opt/airflow/dags/model_sample_dags.py
[2026-01-01T19:12:12.471+0000] {logging_mixin.py:188} INFO - [2026-01-01T19:12:12.470+0000] {dag.py:3089} INFO - Sync 1 DAGs
[2026-01-01T19:12:12.517+0000] {logging_mixin.py:188} INFO - [2026-01-01T19:12:12.516+0000] {dag.py:3947} INFO - Setting next_dagrun for train_model_sample to None, run_after=None
[2026-01-01T19:12:12.601+0000] {processor.py:183} INFO - Processing /opt/airflow/dags/model_sample_dags.py took 0.353 seconds
[2026-01-01T19:12:43.067+0000] {processor.py:161} INFO - Started process (PID=981) to work on /opt/airflow/dags/model_sample_dags.py
[2026-01-01T19:12:43.070+0000] {processor.py:830} INFO - Processing file /opt/airflow/dags/model_sample_dags.py for tasks to queue
[2026-01-01T19:12:43.076+0000] {logging_mixin.py:188} INFO - [2026-01-01T19:12:43.075+0000] {dagbag.py:545} INFO - Filling up the DagBag from /opt/airflow/dags/model_sample_dags.py
[2026-01-01T19:12:43.160+0000] {processor.py:840} INFO - DAG(s) 'train_model_sample' retrieved from /opt/airflow/dags/model_sample_dags.py
[2026-01-01T19:12:43.250+0000] {logging_mixin.py:188} INFO - [2026-01-01T19:12:43.249+0000] {dag.py:3089} INFO - Sync 1 DAGs
[2026-01-01T19:12:43.300+0000] {logging_mixin.py:188} INFO - [2026-01-01T19:12:43.299+0000] {dag.py:3947} INFO - Setting next_dagrun for train_model_sample to None, run_after=None
[2026-01-01T19:12:43.390+0000] {processor.py:183} INFO - Processing /opt/airflow/dags/model_sample_dags.py took 0.343 seconds
[2026-01-01T19:13:14.247+0000] {processor.py:161} INFO - Started process (PID=986) to work on /opt/airflow/dags/model_sample_dags.py
[2026-01-01T19:13:14.252+0000] {processor.py:830} INFO - Processing file /opt/airflow/dags/model_sample_dags.py for tasks to queue
[2026-01-01T19:13:14.264+0000] {logging_mixin.py:188} INFO - [2026-01-01T19:13:14.262+0000] {dagbag.py:545} INFO - Filling up the DagBag from /opt/airflow/dags/model_sample_dags.py
[2026-01-01T19:13:14.649+0000] {processor.py:840} INFO - DAG(s) 'train_model_sample' retrieved from /opt/airflow/dags/model_sample_dags.py
[2026-01-01T19:13:14.760+0000] {logging_mixin.py:188} INFO - [2026-01-01T19:13:14.759+0000] {dag.py:3089} INFO - Sync 1 DAGs
[2026-01-01T19:13:14.809+0000] {logging_mixin.py:188} INFO - [2026-01-01T19:13:14.808+0000] {dag.py:3947} INFO - Setting next_dagrun for train_model_sample to None, run_after=None
[2026-01-01T19:13:14.891+0000] {processor.py:183} INFO - Processing /opt/airflow/dags/model_sample_dags.py took 0.403 seconds
[2026-01-01T19:13:45.460+0000] {processor.py:161} INFO - Started process (PID=991) to work on /opt/airflow/dags/model_sample_dags.py
[2026-01-01T19:13:45.468+0000] {processor.py:830} INFO - Processing file /opt/airflow/dags/model_sample_dags.py for tasks to queue
[2026-01-01T19:13:45.480+0000] {logging_mixin.py:188} INFO - [2026-01-01T19:13:45.479+0000] {dagbag.py:545} INFO - Filling up the DagBag from /opt/airflow/dags/model_sample_dags.py
[2026-01-01T19:13:45.643+0000] {processor.py:840} INFO - DAG(s) 'train_model_sample' retrieved from /opt/airflow/dags/model_sample_dags.py
[2026-01-01T19:13:45.816+0000] {logging_mixin.py:188} INFO - [2026-01-01T19:13:45.815+0000] {dag.py:3089} INFO - Sync 1 DAGs
[2026-01-01T19:13:45.877+0000] {logging_mixin.py:188} INFO - [2026-01-01T19:13:45.876+0000] {dag.py:3947} INFO - Setting next_dagrun for train_model_sample to None, run_after=None
[2026-01-01T19:13:45.965+0000] {processor.py:183} INFO - Processing /opt/airflow/dags/model_sample_dags.py took 0.549 seconds
[2026-01-01T19:14:16.479+0000] {processor.py:161} INFO - Started process (PID=996) to work on /opt/airflow/dags/model_sample_dags.py
[2026-01-01T19:14:16.483+0000] {processor.py:830} INFO - Processing file /opt/airflow/dags/model_sample_dags.py for tasks to queue
[2026-01-01T19:14:16.491+0000] {logging_mixin.py:188} INFO - [2026-01-01T19:14:16.490+0000] {dagbag.py:545} INFO - Filling up the DagBag from /opt/airflow/dags/model_sample_dags.py
[2026-01-01T19:14:16.599+0000] {processor.py:840} INFO - DAG(s) 'train_model_sample' retrieved from /opt/airflow/dags/model_sample_dags.py
[2026-01-01T19:14:16.715+0000] {logging_mixin.py:188} INFO - [2026-01-01T19:14:16.714+0000] {dag.py:3089} INFO - Sync 1 DAGs
[2026-01-01T19:14:16.770+0000] {logging_mixin.py:188} INFO - [2026-01-01T19:14:16.769+0000] {dag.py:3947} INFO - Setting next_dagrun for train_model_sample to None, run_after=None
[2026-01-01T19:14:16.873+0000] {processor.py:183} INFO - Processing /opt/airflow/dags/model_sample_dags.py took 0.419 seconds
[2026-01-01T19:14:33.120+0000] {processor.py:161} INFO - Started process (PID=1001) to work on /opt/airflow/dags/model_sample_dags.py
[2026-01-01T19:14:33.124+0000] {processor.py:830} INFO - Processing file /opt/airflow/dags/model_sample_dags.py for tasks to queue
[2026-01-01T19:14:33.133+0000] {logging_mixin.py:188} INFO - [2026-01-01T19:14:33.131+0000] {dagbag.py:545} INFO - Filling up the DagBag from /opt/airflow/dags/model_sample_dags.py
[2026-01-01T19:14:33.288+0000] {processor.py:840} INFO - DAG(s) 'train_model_sample' retrieved from /opt/airflow/dags/model_sample_dags.py
[2026-01-01T19:14:33.375+0000] {logging_mixin.py:188} INFO - [2026-01-01T19:14:33.374+0000] {dag.py:3089} INFO - Sync 1 DAGs
[2026-01-01T19:14:33.420+0000] {logging_mixin.py:188} INFO - [2026-01-01T19:14:33.420+0000] {dag.py:3947} INFO - Setting next_dagrun for train_model_sample to None, run_after=None
[2026-01-01T19:14:33.513+0000] {processor.py:183} INFO - Processing /opt/airflow/dags/model_sample_dags.py took 0.417 seconds
[2026-01-01T19:15:04.145+0000] {processor.py:161} INFO - Started process (PID=1032) to work on /opt/airflow/dags/model_sample_dags.py
[2026-01-01T19:15:04.156+0000] {processor.py:830} INFO - Processing file /opt/airflow/dags/model_sample_dags.py for tasks to queue
[2026-01-01T19:15:04.169+0000] {logging_mixin.py:188} INFO - [2026-01-01T19:15:04.167+0000] {dagbag.py:545} INFO - Filling up the DagBag from /opt/airflow/dags/model_sample_dags.py
[2026-01-01T19:15:04.326+0000] {processor.py:840} INFO - DAG(s) 'train_model_sample' retrieved from /opt/airflow/dags/model_sample_dags.py
[2026-01-01T19:15:04.487+0000] {logging_mixin.py:188} INFO - [2026-01-01T19:15:04.486+0000] {dag.py:3089} INFO - Sync 1 DAGs
[2026-01-01T19:15:04.540+0000] {logging_mixin.py:188} INFO - [2026-01-01T19:15:04.539+0000] {dag.py:3947} INFO - Setting next_dagrun for train_model_sample to None, run_after=None
[2026-01-01T19:15:04.634+0000] {processor.py:183} INFO - Processing /opt/airflow/dags/model_sample_dags.py took 0.542 seconds
[2026-01-01T19:15:35.225+0000] {processor.py:161} INFO - Started process (PID=1038) to work on /opt/airflow/dags/model_sample_dags.py
[2026-01-01T19:15:35.229+0000] {processor.py:830} INFO - Processing file /opt/airflow/dags/model_sample_dags.py for tasks to queue
[2026-01-01T19:15:35.237+0000] {logging_mixin.py:188} INFO - [2026-01-01T19:15:35.236+0000] {dagbag.py:545} INFO - Filling up the DagBag from /opt/airflow/dags/model_sample_dags.py
[2026-01-01T19:15:35.343+0000] {processor.py:840} INFO - DAG(s) 'train_model_sample' retrieved from /opt/airflow/dags/model_sample_dags.py
[2026-01-01T19:15:35.455+0000] {logging_mixin.py:188} INFO - [2026-01-01T19:15:35.455+0000] {dag.py:3089} INFO - Sync 1 DAGs
[2026-01-01T19:15:35.515+0000] {logging_mixin.py:188} INFO - [2026-01-01T19:15:35.514+0000] {dag.py:3947} INFO - Setting next_dagrun for train_model_sample to None, run_after=None
[2026-01-01T19:15:35.607+0000] {processor.py:183} INFO - Processing /opt/airflow/dags/model_sample_dags.py took 0.408 seconds
[2026-01-01T19:16:06.272+0000] {processor.py:161} INFO - Started process (PID=1043) to work on /opt/airflow/dags/model_sample_dags.py
[2026-01-01T19:16:06.284+0000] {processor.py:830} INFO - Processing file /opt/airflow/dags/model_sample_dags.py for tasks to queue
[2026-01-01T19:16:06.300+0000] {logging_mixin.py:188} INFO - [2026-01-01T19:16:06.298+0000] {dagbag.py:545} INFO - Filling up the DagBag from /opt/airflow/dags/model_sample_dags.py
[2026-01-01T19:16:06.461+0000] {processor.py:840} INFO - DAG(s) 'train_model_sample' retrieved from /opt/airflow/dags/model_sample_dags.py
[2026-01-01T19:16:06.618+0000] {logging_mixin.py:188} INFO - [2026-01-01T19:16:06.617+0000] {dag.py:3089} INFO - Sync 1 DAGs
[2026-01-01T19:16:06.681+0000] {logging_mixin.py:188} INFO - [2026-01-01T19:16:06.680+0000] {dag.py:3947} INFO - Setting next_dagrun for train_model_sample to None, run_after=None
[2026-01-01T19:16:06.788+0000] {processor.py:183} INFO - Processing /opt/airflow/dags/model_sample_dags.py took 0.543 seconds
[2026-01-01T19:16:37.309+0000] {processor.py:161} INFO - Started process (PID=1049) to work on /opt/airflow/dags/model_sample_dags.py
[2026-01-01T19:16:37.312+0000] {processor.py:830} INFO - Processing file /opt/airflow/dags/model_sample_dags.py for tasks to queue
[2026-01-01T19:16:37.320+0000] {logging_mixin.py:188} INFO - [2026-01-01T19:16:37.318+0000] {dagbag.py:545} INFO - Filling up the DagBag from /opt/airflow/dags/model_sample_dags.py
[2026-01-01T19:16:37.424+0000] {processor.py:840} INFO - DAG(s) 'train_model_sample' retrieved from /opt/airflow/dags/model_sample_dags.py
[2026-01-01T19:16:37.532+0000] {logging_mixin.py:188} INFO - [2026-01-01T19:16:37.531+0000] {dag.py:3089} INFO - Sync 1 DAGs
[2026-01-01T19:16:37.579+0000] {logging_mixin.py:188} INFO - [2026-01-01T19:16:37.578+0000] {dag.py:3947} INFO - Setting next_dagrun for train_model_sample to None, run_after=None
[2026-01-01T19:16:37.664+0000] {processor.py:183} INFO - Processing /opt/airflow/dags/model_sample_dags.py took 0.375 seconds
[2026-01-01T19:17:08.430+0000] {processor.py:161} INFO - Started process (PID=1054) to work on /opt/airflow/dags/model_sample_dags.py
[2026-01-01T19:17:08.434+0000] {processor.py:830} INFO - Processing file /opt/airflow/dags/model_sample_dags.py for tasks to queue
[2026-01-01T19:17:08.440+0000] {logging_mixin.py:188} INFO - [2026-01-01T19:17:08.439+0000] {dagbag.py:545} INFO - Filling up the DagBag from /opt/airflow/dags/model_sample_dags.py
[2026-01-01T19:17:08.540+0000] {processor.py:840} INFO - DAG(s) 'train_model_sample' retrieved from /opt/airflow/dags/model_sample_dags.py
[2026-01-01T19:17:08.636+0000] {logging_mixin.py:188} INFO - [2026-01-01T19:17:08.635+0000] {dag.py:3089} INFO - Sync 1 DAGs
[2026-01-01T19:17:08.680+0000] {logging_mixin.py:188} INFO - [2026-01-01T19:17:08.679+0000] {dag.py:3947} INFO - Setting next_dagrun for train_model_sample to None, run_after=None
[2026-01-01T19:17:08.746+0000] {processor.py:183} INFO - Processing /opt/airflow/dags/model_sample_dags.py took 0.336 seconds
[2026-01-01T19:17:27.401+0000] {processor.py:161} INFO - Started process (PID=1059) to work on /opt/airflow/dags/model_sample_dags.py
[2026-01-01T19:17:27.405+0000] {processor.py:830} INFO - Processing file /opt/airflow/dags/model_sample_dags.py for tasks to queue
[2026-01-01T19:17:27.411+0000] {logging_mixin.py:188} INFO - [2026-01-01T19:17:27.410+0000] {dagbag.py:545} INFO - Filling up the DagBag from /opt/airflow/dags/model_sample_dags.py
[2026-01-01T19:17:27.566+0000] {processor.py:840} INFO - DAG(s) 'train_model_sample' retrieved from /opt/airflow/dags/model_sample_dags.py
[2026-01-01T19:17:28.078+0000] {logging_mixin.py:188} INFO - [2026-01-01T19:17:28.077+0000] {dag.py:3089} INFO - Sync 1 DAGs
[2026-01-01T19:17:28.111+0000] {logging_mixin.py:188} INFO - [2026-01-01T19:17:28.110+0000] {dag.py:3947} INFO - Setting next_dagrun for train_model_sample to None, run_after=None
[2026-01-01T19:17:28.227+0000] {processor.py:183} INFO - Processing /opt/airflow/dags/model_sample_dags.py took 0.845 seconds
[2026-01-01T19:17:59.172+0000] {processor.py:161} INFO - Started process (PID=1090) to work on /opt/airflow/dags/model_sample_dags.py
[2026-01-01T19:17:59.177+0000] {processor.py:830} INFO - Processing file /opt/airflow/dags/model_sample_dags.py for tasks to queue
[2026-01-01T19:17:59.184+0000] {logging_mixin.py:188} INFO - [2026-01-01T19:17:59.183+0000] {dagbag.py:545} INFO - Filling up the DagBag from /opt/airflow/dags/model_sample_dags.py
[2026-01-01T19:17:59.267+0000] {processor.py:840} INFO - DAG(s) 'train_model_sample' retrieved from /opt/airflow/dags/model_sample_dags.py
[2026-01-01T19:17:59.360+0000] {logging_mixin.py:188} INFO - [2026-01-01T19:17:59.359+0000] {dag.py:3089} INFO - Sync 1 DAGs
[2026-01-01T19:17:59.399+0000] {logging_mixin.py:188} INFO - [2026-01-01T19:17:59.398+0000] {dag.py:3947} INFO - Setting next_dagrun for train_model_sample to None, run_after=None
[2026-01-01T19:17:59.501+0000] {processor.py:183} INFO - Processing /opt/airflow/dags/model_sample_dags.py took 0.350 seconds
[2026-01-01T19:18:29.973+0000] {processor.py:161} INFO - Started process (PID=1095) to work on /opt/airflow/dags/model_sample_dags.py
[2026-01-01T19:18:29.977+0000] {processor.py:830} INFO - Processing file /opt/airflow/dags/model_sample_dags.py for tasks to queue
[2026-01-01T19:18:29.985+0000] {logging_mixin.py:188} INFO - [2026-01-01T19:18:29.984+0000] {dagbag.py:545} INFO - Filling up the DagBag from /opt/airflow/dags/model_sample_dags.py
[2026-01-01T19:18:30.089+0000] {processor.py:840} INFO - DAG(s) 'train_model_sample' retrieved from /opt/airflow/dags/model_sample_dags.py
[2026-01-01T19:18:30.174+0000] {logging_mixin.py:188} INFO - [2026-01-01T19:18:30.174+0000] {dag.py:3089} INFO - Sync 1 DAGs
[2026-01-01T19:18:30.202+0000] {logging_mixin.py:188} INFO - [2026-01-01T19:18:30.202+0000] {dag.py:3947} INFO - Setting next_dagrun for train_model_sample to None, run_after=None
[2026-01-01T19:18:30.307+0000] {processor.py:183} INFO - Processing /opt/airflow/dags/model_sample_dags.py took 0.355 seconds
[2026-01-01T19:19:01.134+0000] {processor.py:161} INFO - Started process (PID=1100) to work on /opt/airflow/dags/model_sample_dags.py
[2026-01-01T19:19:01.140+0000] {processor.py:830} INFO - Processing file /opt/airflow/dags/model_sample_dags.py for tasks to queue
[2026-01-01T19:19:01.151+0000] {logging_mixin.py:188} INFO - [2026-01-01T19:19:01.149+0000] {dagbag.py:545} INFO - Filling up the DagBag from /opt/airflow/dags/model_sample_dags.py
[2026-01-01T19:19:01.258+0000] {processor.py:840} INFO - DAG(s) 'train_model_sample' retrieved from /opt/airflow/dags/model_sample_dags.py
[2026-01-01T19:19:01.367+0000] {logging_mixin.py:188} INFO - [2026-01-01T19:19:01.366+0000] {dag.py:3089} INFO - Sync 1 DAGs
[2026-01-01T19:19:01.421+0000] {logging_mixin.py:188} INFO - [2026-01-01T19:19:01.419+0000] {dag.py:3947} INFO - Setting next_dagrun for train_model_sample to None, run_after=None
[2026-01-01T19:19:01.531+0000] {processor.py:183} INFO - Processing /opt/airflow/dags/model_sample_dags.py took 0.427 seconds
[2026-01-01T19:19:32.046+0000] {processor.py:161} INFO - Started process (PID=1105) to work on /opt/airflow/dags/model_sample_dags.py
[2026-01-01T19:19:32.052+0000] {processor.py:830} INFO - Processing file /opt/airflow/dags/model_sample_dags.py for tasks to queue
[2026-01-01T19:19:32.063+0000] {logging_mixin.py:188} INFO - [2026-01-01T19:19:32.062+0000] {dagbag.py:545} INFO - Filling up the DagBag from /opt/airflow/dags/model_sample_dags.py
[2026-01-01T19:19:32.157+0000] {processor.py:840} INFO - DAG(s) 'train_model_sample' retrieved from /opt/airflow/dags/model_sample_dags.py
[2026-01-01T19:19:32.273+0000] {logging_mixin.py:188} INFO - [2026-01-01T19:19:32.272+0000] {dag.py:3089} INFO - Sync 1 DAGs
[2026-01-01T19:19:32.313+0000] {logging_mixin.py:188} INFO - [2026-01-01T19:19:32.313+0000] {dag.py:3947} INFO - Setting next_dagrun for train_model_sample to None, run_after=None
[2026-01-01T19:19:32.407+0000] {processor.py:183} INFO - Processing /opt/airflow/dags/model_sample_dags.py took 0.386 seconds
[2026-01-01T19:19:57.337+0000] {processor.py:161} INFO - Started process (PID=1110) to work on /opt/airflow/dags/model_sample_dags.py
[2026-01-01T19:19:57.347+0000] {processor.py:830} INFO - Processing file /opt/airflow/dags/model_sample_dags.py for tasks to queue
[2026-01-01T19:19:57.353+0000] {logging_mixin.py:188} INFO - [2026-01-01T19:19:57.352+0000] {dagbag.py:545} INFO - Filling up the DagBag from /opt/airflow/dags/model_sample_dags.py
[2026-01-01T19:19:57.536+0000] {processor.py:840} INFO - DAG(s) 'train_model_sample' retrieved from /opt/airflow/dags/model_sample_dags.py
[2026-01-01T19:19:57.642+0000] {logging_mixin.py:188} INFO - [2026-01-01T19:19:57.641+0000] {dag.py:3089} INFO - Sync 1 DAGs
[2026-01-01T19:19:57.686+0000] {logging_mixin.py:188} INFO - [2026-01-01T19:19:57.685+0000] {dag.py:3947} INFO - Setting next_dagrun for train_model_sample to None, run_after=None
[2026-01-01T19:19:57.831+0000] {processor.py:183} INFO - Processing /opt/airflow/dags/model_sample_dags.py took 0.526 seconds
[2026-01-01T19:20:28.216+0000] {processor.py:161} INFO - Started process (PID=1115) to work on /opt/airflow/dags/model_sample_dags.py
[2026-01-01T19:20:28.227+0000] {processor.py:830} INFO - Processing file /opt/airflow/dags/model_sample_dags.py for tasks to queue
[2026-01-01T19:20:28.236+0000] {logging_mixin.py:188} INFO - [2026-01-01T19:20:28.234+0000] {dagbag.py:545} INFO - Filling up the DagBag from /opt/airflow/dags/model_sample_dags.py
[2026-01-01T19:20:28.353+0000] {processor.py:840} INFO - DAG(s) 'train_model_sample' retrieved from /opt/airflow/dags/model_sample_dags.py
[2026-01-01T19:20:28.501+0000] {logging_mixin.py:188} INFO - [2026-01-01T19:20:28.500+0000] {dag.py:3089} INFO - Sync 1 DAGs
[2026-01-01T19:20:28.570+0000] {logging_mixin.py:188} INFO - [2026-01-01T19:20:28.569+0000] {dag.py:3947} INFO - Setting next_dagrun for train_model_sample to None, run_after=None
[2026-01-01T19:20:28.691+0000] {processor.py:183} INFO - Processing /opt/airflow/dags/model_sample_dags.py took 0.506 seconds
[2026-01-01T19:20:59.658+0000] {processor.py:161} INFO - Started process (PID=1120) to work on /opt/airflow/dags/model_sample_dags.py
[2026-01-01T19:20:59.662+0000] {processor.py:830} INFO - Processing file /opt/airflow/dags/model_sample_dags.py for tasks to queue
[2026-01-01T19:20:59.671+0000] {logging_mixin.py:188} INFO - [2026-01-01T19:20:59.669+0000] {dagbag.py:545} INFO - Filling up the DagBag from /opt/airflow/dags/model_sample_dags.py
[2026-01-01T19:20:59.771+0000] {processor.py:840} INFO - DAG(s) 'train_model_sample' retrieved from /opt/airflow/dags/model_sample_dags.py
[2026-01-01T19:20:59.876+0000] {logging_mixin.py:188} INFO - [2026-01-01T19:20:59.875+0000] {dag.py:3089} INFO - Sync 1 DAGs
[2026-01-01T19:20:59.931+0000] {logging_mixin.py:188} INFO - [2026-01-01T19:20:59.929+0000] {dag.py:3947} INFO - Setting next_dagrun for train_model_sample to None, run_after=None
[2026-01-01T19:21:00.019+0000] {processor.py:183} INFO - Processing /opt/airflow/dags/model_sample_dags.py took 0.390 seconds
[2026-01-01T19:21:04.972+0000] {processor.py:161} INFO - Started process (PID=1125) to work on /opt/airflow/dags/model_sample_dags.py
[2026-01-01T19:21:04.976+0000] {processor.py:830} INFO - Processing file /opt/airflow/dags/model_sample_dags.py for tasks to queue
[2026-01-01T19:21:04.985+0000] {logging_mixin.py:188} INFO - [2026-01-01T19:21:04.983+0000] {dagbag.py:545} INFO - Filling up the DagBag from /opt/airflow/dags/model_sample_dags.py
[2026-01-01T19:21:05.135+0000] {processor.py:840} INFO - DAG(s) 'train_model_sample' retrieved from /opt/airflow/dags/model_sample_dags.py
[2026-01-01T19:21:05.604+0000] {logging_mixin.py:188} INFO - [2026-01-01T19:21:05.604+0000] {dag.py:3089} INFO - Sync 1 DAGs
[2026-01-01T19:21:05.652+0000] {logging_mixin.py:188} INFO - [2026-01-01T19:21:05.651+0000] {dag.py:3947} INFO - Setting next_dagrun for train_model_sample to None, run_after=None
[2026-01-01T19:21:05.798+0000] {processor.py:183} INFO - Processing /opt/airflow/dags/model_sample_dags.py took 0.846 seconds
[2026-01-01T19:27:14.841+0000] {processor.py:161} INFO - Started process (PID=168) to work on /opt/airflow/dags/model_sample_dags.py
[2026-01-01T19:27:14.844+0000] {processor.py:830} INFO - Processing file /opt/airflow/dags/model_sample_dags.py for tasks to queue
[2026-01-01T19:27:14.850+0000] {logging_mixin.py:188} INFO - [2026-01-01T19:27:14.849+0000] {dagbag.py:545} INFO - Filling up the DagBag from /opt/airflow/dags/model_sample_dags.py
[2026-01-01T19:27:15.052+0000] {processor.py:840} INFO - DAG(s) 'train_model_sample' retrieved from /opt/airflow/dags/model_sample_dags.py
[2026-01-01T19:27:16.023+0000] {logging_mixin.py:188} INFO - [2026-01-01T19:27:16.021+0000] {override.py:1858} INFO - Created Permission View: can delete on DAG:train_model_sample
[2026-01-01T19:27:16.074+0000] {logging_mixin.py:188} INFO - [2026-01-01T19:27:16.073+0000] {override.py:1858} INFO - Created Permission View: can edit on DAG:train_model_sample
[2026-01-01T19:27:16.104+0000] {logging_mixin.py:188} INFO - [2026-01-01T19:27:16.103+0000] {override.py:1858} INFO - Created Permission View: can read on DAG:train_model_sample
[2026-01-01T19:27:16.107+0000] {logging_mixin.py:188} INFO - [2026-01-01T19:27:16.106+0000] {dag.py:3089} INFO - Sync 1 DAGs
[2026-01-01T19:27:16.145+0000] {logging_mixin.py:188} INFO - [2026-01-01T19:27:16.144+0000] {dag.py:3111} INFO - Creating ORM DAG for train_model_sample
[2026-01-01T19:27:16.148+0000] {logging_mixin.py:188} INFO - [2026-01-01T19:27:16.147+0000] {dag.py:3947} INFO - Setting next_dagrun for train_model_sample to None, run_after=None
[2026-01-01T19:27:16.238+0000] {processor.py:183} INFO - Processing /opt/airflow/dags/model_sample_dags.py took 1.415 seconds
[2026-01-01T19:27:46.692+0000] {processor.py:161} INFO - Started process (PID=173) to work on /opt/airflow/dags/model_sample_dags.py
[2026-01-01T19:27:46.696+0000] {processor.py:830} INFO - Processing file /opt/airflow/dags/model_sample_dags.py for tasks to queue
[2026-01-01T19:27:46.702+0000] {logging_mixin.py:188} INFO - [2026-01-01T19:27:46.701+0000] {dagbag.py:545} INFO - Filling up the DagBag from /opt/airflow/dags/model_sample_dags.py
[2026-01-01T19:27:46.803+0000] {processor.py:840} INFO - DAG(s) 'train_model_sample' retrieved from /opt/airflow/dags/model_sample_dags.py
[2026-01-01T19:27:46.975+0000] {logging_mixin.py:188} INFO - [2026-01-01T19:27:46.974+0000] {dag.py:3089} INFO - Sync 1 DAGs
[2026-01-01T19:27:47.020+0000] {logging_mixin.py:188} INFO - [2026-01-01T19:27:47.019+0000] {dag.py:3947} INFO - Setting next_dagrun for train_model_sample to None, run_after=None
[2026-01-01T19:27:47.097+0000] {processor.py:183} INFO - Processing /opt/airflow/dags/model_sample_dags.py took 0.425 seconds
[2026-01-01T19:28:17.824+0000] {processor.py:161} INFO - Started process (PID=178) to work on /opt/airflow/dags/model_sample_dags.py
[2026-01-01T19:28:17.831+0000] {processor.py:830} INFO - Processing file /opt/airflow/dags/model_sample_dags.py for tasks to queue
[2026-01-01T19:28:17.840+0000] {logging_mixin.py:188} INFO - [2026-01-01T19:28:17.839+0000] {dagbag.py:545} INFO - Filling up the DagBag from /opt/airflow/dags/model_sample_dags.py
[2026-01-01T19:28:17.952+0000] {processor.py:840} INFO - DAG(s) 'train_model_sample' retrieved from /opt/airflow/dags/model_sample_dags.py
[2026-01-01T19:28:18.078+0000] {logging_mixin.py:188} INFO - [2026-01-01T19:28:18.077+0000] {dag.py:3089} INFO - Sync 1 DAGs
[2026-01-01T19:28:18.129+0000] {logging_mixin.py:188} INFO - [2026-01-01T19:28:18.128+0000] {dag.py:3947} INFO - Setting next_dagrun for train_model_sample to None, run_after=None
[2026-01-01T19:28:18.206+0000] {processor.py:183} INFO - Processing /opt/airflow/dags/model_sample_dags.py took 0.408 seconds
[2026-01-01T19:28:48.775+0000] {processor.py:161} INFO - Started process (PID=183) to work on /opt/airflow/dags/model_sample_dags.py
[2026-01-01T19:28:48.781+0000] {processor.py:830} INFO - Processing file /opt/airflow/dags/model_sample_dags.py for tasks to queue
[2026-01-01T19:28:48.808+0000] {logging_mixin.py:188} INFO - [2026-01-01T19:28:48.806+0000] {dagbag.py:545} INFO - Filling up the DagBag from /opt/airflow/dags/model_sample_dags.py
[2026-01-01T19:28:48.926+0000] {processor.py:840} INFO - DAG(s) 'train_model_sample' retrieved from /opt/airflow/dags/model_sample_dags.py
[2026-01-01T19:28:49.098+0000] {logging_mixin.py:188} INFO - [2026-01-01T19:28:49.097+0000] {dag.py:3089} INFO - Sync 1 DAGs
[2026-01-01T19:28:49.153+0000] {logging_mixin.py:188} INFO - [2026-01-01T19:28:49.153+0000] {dag.py:3947} INFO - Setting next_dagrun for train_model_sample to None, run_after=None
[2026-01-01T19:28:49.253+0000] {processor.py:183} INFO - Processing /opt/airflow/dags/model_sample_dags.py took 0.504 seconds
[2026-01-01T19:29:19.893+0000] {processor.py:161} INFO - Started process (PID=270) to work on /opt/airflow/dags/model_sample_dags.py
[2026-01-01T19:29:19.901+0000] {processor.py:830} INFO - Processing file /opt/airflow/dags/model_sample_dags.py for tasks to queue
[2026-01-01T19:29:19.923+0000] {logging_mixin.py:188} INFO - [2026-01-01T19:29:19.912+0000] {dagbag.py:545} INFO - Filling up the DagBag from /opt/airflow/dags/model_sample_dags.py
[2026-01-01T19:29:20.082+0000] {processor.py:840} INFO - DAG(s) 'train_model_sample' retrieved from /opt/airflow/dags/model_sample_dags.py
[2026-01-01T19:29:20.261+0000] {logging_mixin.py:188} INFO - [2026-01-01T19:29:20.260+0000] {dag.py:3089} INFO - Sync 1 DAGs
[2026-01-01T19:29:20.335+0000] {logging_mixin.py:188} INFO - [2026-01-01T19:29:20.334+0000] {dag.py:3947} INFO - Setting next_dagrun for train_model_sample to None, run_after=None
[2026-01-01T19:29:20.422+0000] {processor.py:183} INFO - Processing /opt/airflow/dags/model_sample_dags.py took 0.563 seconds
[2026-01-01T19:29:50.935+0000] {processor.py:161} INFO - Started process (PID=296) to work on /opt/airflow/dags/model_sample_dags.py
[2026-01-01T19:29:50.943+0000] {processor.py:830} INFO - Processing file /opt/airflow/dags/model_sample_dags.py for tasks to queue
[2026-01-01T19:29:50.957+0000] {logging_mixin.py:188} INFO - [2026-01-01T19:29:50.955+0000] {dagbag.py:545} INFO - Filling up the DagBag from /opt/airflow/dags/model_sample_dags.py
[2026-01-01T19:29:51.084+0000] {processor.py:840} INFO - DAG(s) 'train_model_sample' retrieved from /opt/airflow/dags/model_sample_dags.py
[2026-01-01T19:29:51.239+0000] {logging_mixin.py:188} INFO - [2026-01-01T19:29:51.238+0000] {dag.py:3089} INFO - Sync 1 DAGs
[2026-01-01T19:29:51.298+0000] {logging_mixin.py:188} INFO - [2026-01-01T19:29:51.298+0000] {dag.py:3947} INFO - Setting next_dagrun for train_model_sample to None, run_after=None
[2026-01-01T19:29:51.411+0000] {processor.py:183} INFO - Processing /opt/airflow/dags/model_sample_dags.py took 0.543 seconds
[2026-01-01T19:30:21.897+0000] {processor.py:161} INFO - Started process (PID=323) to work on /opt/airflow/dags/model_sample_dags.py
[2026-01-01T19:30:21.907+0000] {processor.py:830} INFO - Processing file /opt/airflow/dags/model_sample_dags.py for tasks to queue
[2026-01-01T19:30:21.920+0000] {logging_mixin.py:188} INFO - [2026-01-01T19:30:21.918+0000] {dagbag.py:545} INFO - Filling up the DagBag from /opt/airflow/dags/model_sample_dags.py
[2026-01-01T19:30:22.030+0000] {processor.py:840} INFO - DAG(s) 'train_model_sample' retrieved from /opt/airflow/dags/model_sample_dags.py
[2026-01-01T19:30:22.188+0000] {logging_mixin.py:188} INFO - [2026-01-01T19:30:22.187+0000] {dag.py:3089} INFO - Sync 1 DAGs
[2026-01-01T19:30:22.274+0000] {logging_mixin.py:188} INFO - [2026-01-01T19:30:22.272+0000] {dag.py:3947} INFO - Setting next_dagrun for train_model_sample to None, run_after=None
[2026-01-01T19:30:22.382+0000] {processor.py:183} INFO - Processing /opt/airflow/dags/model_sample_dags.py took 0.524 seconds
[2026-01-01T19:30:52.887+0000] {processor.py:161} INFO - Started process (PID=328) to work on /opt/airflow/dags/model_sample_dags.py
[2026-01-01T19:30:52.891+0000] {processor.py:830} INFO - Processing file /opt/airflow/dags/model_sample_dags.py for tasks to queue
[2026-01-01T19:30:52.898+0000] {logging_mixin.py:188} INFO - [2026-01-01T19:30:52.897+0000] {dagbag.py:545} INFO - Filling up the DagBag from /opt/airflow/dags/model_sample_dags.py
[2026-01-01T19:30:53.268+0000] {processor.py:840} INFO - DAG(s) 'train_model_sample' retrieved from /opt/airflow/dags/model_sample_dags.py
[2026-01-01T19:30:53.442+0000] {logging_mixin.py:188} INFO - [2026-01-01T19:30:53.440+0000] {dag.py:3089} INFO - Sync 1 DAGs
[2026-01-01T19:30:53.505+0000] {logging_mixin.py:188} INFO - [2026-01-01T19:30:53.504+0000] {dag.py:3947} INFO - Setting next_dagrun for train_model_sample to None, run_after=None
[2026-01-01T19:30:53.621+0000] {processor.py:183} INFO - Processing /opt/airflow/dags/model_sample_dags.py took 0.562 seconds
[2026-01-01T19:31:24.074+0000] {processor.py:161} INFO - Started process (PID=334) to work on /opt/airflow/dags/model_sample_dags.py
[2026-01-01T19:31:24.080+0000] {processor.py:830} INFO - Processing file /opt/airflow/dags/model_sample_dags.py for tasks to queue
[2026-01-01T19:31:24.099+0000] {logging_mixin.py:188} INFO - [2026-01-01T19:31:24.095+0000] {dagbag.py:545} INFO - Filling up the DagBag from /opt/airflow/dags/model_sample_dags.py
[2026-01-01T19:31:24.269+0000] {processor.py:840} INFO - DAG(s) 'train_model_sample' retrieved from /opt/airflow/dags/model_sample_dags.py
[2026-01-01T19:31:24.467+0000] {logging_mixin.py:188} INFO - [2026-01-01T19:31:24.465+0000] {dag.py:3089} INFO - Sync 1 DAGs
[2026-01-01T19:31:24.561+0000] {logging_mixin.py:188} INFO - [2026-01-01T19:31:24.559+0000] {dag.py:3947} INFO - Setting next_dagrun for train_model_sample to None, run_after=None
[2026-01-01T19:31:24.698+0000] {processor.py:183} INFO - Processing /opt/airflow/dags/model_sample_dags.py took 0.664 seconds
[2026-01-01T19:31:55.237+0000] {processor.py:161} INFO - Started process (PID=339) to work on /opt/airflow/dags/model_sample_dags.py
[2026-01-01T19:31:55.243+0000] {processor.py:830} INFO - Processing file /opt/airflow/dags/model_sample_dags.py for tasks to queue
[2026-01-01T19:31:55.255+0000] {logging_mixin.py:188} INFO - [2026-01-01T19:31:55.253+0000] {dagbag.py:545} INFO - Filling up the DagBag from /opt/airflow/dags/model_sample_dags.py
[2026-01-01T19:31:55.357+0000] {processor.py:840} INFO - DAG(s) 'train_model_sample' retrieved from /opt/airflow/dags/model_sample_dags.py
[2026-01-01T19:31:55.478+0000] {logging_mixin.py:188} INFO - [2026-01-01T19:31:55.477+0000] {dag.py:3089} INFO - Sync 1 DAGs
[2026-01-01T19:31:55.545+0000] {logging_mixin.py:188} INFO - [2026-01-01T19:31:55.544+0000] {dag.py:3947} INFO - Setting next_dagrun for train_model_sample to None, run_after=None
[2026-01-01T19:31:55.627+0000] {processor.py:183} INFO - Processing /opt/airflow/dags/model_sample_dags.py took 0.418 seconds
[2026-01-01T19:32:26.590+0000] {processor.py:161} INFO - Started process (PID=344) to work on /opt/airflow/dags/model_sample_dags.py
[2026-01-01T19:32:26.595+0000] {processor.py:830} INFO - Processing file /opt/airflow/dags/model_sample_dags.py for tasks to queue
[2026-01-01T19:32:26.603+0000] {logging_mixin.py:188} INFO - [2026-01-01T19:32:26.601+0000] {dagbag.py:545} INFO - Filling up the DagBag from /opt/airflow/dags/model_sample_dags.py
[2026-01-01T19:32:26.715+0000] {processor.py:840} INFO - DAG(s) 'train_model_sample' retrieved from /opt/airflow/dags/model_sample_dags.py
[2026-01-01T19:32:26.828+0000] {logging_mixin.py:188} INFO - [2026-01-01T19:32:26.827+0000] {dag.py:3089} INFO - Sync 1 DAGs
[2026-01-01T19:32:26.875+0000] {logging_mixin.py:188} INFO - [2026-01-01T19:32:26.874+0000] {dag.py:3947} INFO - Setting next_dagrun for train_model_sample to None, run_after=None
[2026-01-01T19:32:26.957+0000] {processor.py:183} INFO - Processing /opt/airflow/dags/model_sample_dags.py took 0.388 seconds
[2026-01-01T19:32:57.429+0000] {processor.py:161} INFO - Started process (PID=349) to work on /opt/airflow/dags/model_sample_dags.py
[2026-01-01T19:32:57.435+0000] {processor.py:830} INFO - Processing file /opt/airflow/dags/model_sample_dags.py for tasks to queue
[2026-01-01T19:32:57.444+0000] {logging_mixin.py:188} INFO - [2026-01-01T19:32:57.442+0000] {dagbag.py:545} INFO - Filling up the DagBag from /opt/airflow/dags/model_sample_dags.py
[2026-01-01T19:32:57.563+0000] {processor.py:840} INFO - DAG(s) 'train_model_sample' retrieved from /opt/airflow/dags/model_sample_dags.py
[2026-01-01T19:32:57.675+0000] {logging_mixin.py:188} INFO - [2026-01-01T19:32:57.674+0000] {dag.py:3089} INFO - Sync 1 DAGs
[2026-01-01T19:32:57.736+0000] {logging_mixin.py:188} INFO - [2026-01-01T19:32:57.735+0000] {dag.py:3947} INFO - Setting next_dagrun for train_model_sample to None, run_after=None
[2026-01-01T19:32:57.823+0000] {processor.py:183} INFO - Processing /opt/airflow/dags/model_sample_dags.py took 0.415 seconds
[2026-01-01T19:33:28.414+0000] {processor.py:161} INFO - Started process (PID=354) to work on /opt/airflow/dags/model_sample_dags.py
[2026-01-01T19:33:28.418+0000] {processor.py:830} INFO - Processing file /opt/airflow/dags/model_sample_dags.py for tasks to queue
[2026-01-01T19:33:28.424+0000] {logging_mixin.py:188} INFO - [2026-01-01T19:33:28.423+0000] {dagbag.py:545} INFO - Filling up the DagBag from /opt/airflow/dags/model_sample_dags.py
[2026-01-01T19:33:28.493+0000] {processor.py:840} INFO - DAG(s) 'train_model_sample' retrieved from /opt/airflow/dags/model_sample_dags.py
[2026-01-01T19:33:28.560+0000] {logging_mixin.py:188} INFO - [2026-01-01T19:33:28.560+0000] {dag.py:3089} INFO - Sync 1 DAGs
[2026-01-01T19:33:28.592+0000] {logging_mixin.py:188} INFO - [2026-01-01T19:33:28.591+0000] {dag.py:3947} INFO - Setting next_dagrun for train_model_sample to None, run_after=None
[2026-01-01T19:33:28.645+0000] {processor.py:183} INFO - Processing /opt/airflow/dags/model_sample_dags.py took 0.250 seconds
[2026-01-01T19:33:59.013+0000] {processor.py:161} INFO - Started process (PID=359) to work on /opt/airflow/dags/model_sample_dags.py
[2026-01-01T19:33:59.016+0000] {processor.py:830} INFO - Processing file /opt/airflow/dags/model_sample_dags.py for tasks to queue
[2026-01-01T19:33:59.020+0000] {logging_mixin.py:188} INFO - [2026-01-01T19:33:59.020+0000] {dagbag.py:545} INFO - Filling up the DagBag from /opt/airflow/dags/model_sample_dags.py
[2026-01-01T19:33:59.076+0000] {processor.py:840} INFO - DAG(s) 'train_model_sample' retrieved from /opt/airflow/dags/model_sample_dags.py
[2026-01-01T19:33:59.135+0000] {logging_mixin.py:188} INFO - [2026-01-01T19:33:59.134+0000] {dag.py:3089} INFO - Sync 1 DAGs
[2026-01-01T19:33:59.160+0000] {logging_mixin.py:188} INFO - [2026-01-01T19:33:59.159+0000] {dag.py:3947} INFO - Setting next_dagrun for train_model_sample to None, run_after=None
[2026-01-01T19:33:59.208+0000] {processor.py:183} INFO - Processing /opt/airflow/dags/model_sample_dags.py took 0.209 seconds
[2026-01-01T21:18:43.136+0000] {processor.py:161} INFO - Started process (PID=364) to work on /opt/airflow/dags/model_sample_dags.py
[2026-01-01T21:18:43.162+0000] {processor.py:830} INFO - Processing file /opt/airflow/dags/model_sample_dags.py for tasks to queue
[2026-01-01T21:18:43.197+0000] {logging_mixin.py:188} INFO - [2026-01-01T21:18:43.195+0000] {dagbag.py:545} INFO - Filling up the DagBag from /opt/airflow/dags/model_sample_dags.py
[2026-01-01T21:18:44.091+0000] {processor.py:840} INFO - DAG(s) 'train_model_sample' retrieved from /opt/airflow/dags/model_sample_dags.py
[2026-01-01T21:18:44.437+0000] {logging_mixin.py:188} INFO - [2026-01-01T21:18:44.435+0000] {dag.py:3089} INFO - Sync 1 DAGs
[2026-01-01T21:18:44.700+0000] {logging_mixin.py:188} INFO - [2026-01-01T21:18:44.699+0000] {dag.py:3947} INFO - Setting next_dagrun for train_model_sample to None, run_after=None
[2026-01-01T21:18:44.993+0000] {processor.py:183} INFO - Processing /opt/airflow/dags/model_sample_dags.py took 1.980 seconds
[2026-01-01T21:19:15.708+0000] {processor.py:161} INFO - Started process (PID=369) to work on /opt/airflow/dags/model_sample_dags.py
[2026-01-01T21:19:15.745+0000] {processor.py:830} INFO - Processing file /opt/airflow/dags/model_sample_dags.py for tasks to queue
[2026-01-01T21:19:16.078+0000] {logging_mixin.py:188} INFO - [2026-01-01T21:19:16.076+0000] {dagbag.py:545} INFO - Filling up the DagBag from /opt/airflow/dags/model_sample_dags.py
[2026-01-01T21:19:16.748+0000] {processor.py:840} INFO - DAG(s) 'train_model_sample' retrieved from /opt/airflow/dags/model_sample_dags.py
[2026-01-01T21:19:17.079+0000] {logging_mixin.py:188} INFO - [2026-01-01T21:19:17.077+0000] {dag.py:3089} INFO - Sync 1 DAGs
[2026-01-01T21:19:17.306+0000] {logging_mixin.py:188} INFO - [2026-01-01T21:19:17.298+0000] {dag.py:3947} INFO - Setting next_dagrun for train_model_sample to None, run_after=None
[2026-01-01T21:19:17.625+0000] {processor.py:183} INFO - Processing /opt/airflow/dags/model_sample_dags.py took 1.909 seconds
[2026-01-01T21:19:48.340+0000] {processor.py:161} INFO - Started process (PID=374) to work on /opt/airflow/dags/model_sample_dags.py
[2026-01-01T21:19:48.348+0000] {processor.py:830} INFO - Processing file /opt/airflow/dags/model_sample_dags.py for tasks to queue
[2026-01-01T21:19:48.356+0000] {logging_mixin.py:188} INFO - [2026-01-01T21:19:48.355+0000] {dagbag.py:545} INFO - Filling up the DagBag from /opt/airflow/dags/model_sample_dags.py
[2026-01-01T21:19:48.465+0000] {processor.py:840} INFO - DAG(s) 'train_model_sample' retrieved from /opt/airflow/dags/model_sample_dags.py
[2026-01-01T21:19:48.591+0000] {logging_mixin.py:188} INFO - [2026-01-01T21:19:48.589+0000] {dag.py:3089} INFO - Sync 1 DAGs
[2026-01-01T21:19:48.643+0000] {logging_mixin.py:188} INFO - [2026-01-01T21:19:48.642+0000] {dag.py:3947} INFO - Setting next_dagrun for train_model_sample to None, run_after=None
[2026-01-01T21:19:48.713+0000] {processor.py:183} INFO - Processing /opt/airflow/dags/model_sample_dags.py took 0.400 seconds
[2026-01-01T21:20:19.437+0000] {processor.py:161} INFO - Started process (PID=379) to work on /opt/airflow/dags/model_sample_dags.py
[2026-01-01T21:20:19.442+0000] {processor.py:830} INFO - Processing file /opt/airflow/dags/model_sample_dags.py for tasks to queue
[2026-01-01T21:20:19.450+0000] {logging_mixin.py:188} INFO - [2026-01-01T21:20:19.448+0000] {dagbag.py:545} INFO - Filling up the DagBag from /opt/airflow/dags/model_sample_dags.py
[2026-01-01T21:20:19.549+0000] {processor.py:840} INFO - DAG(s) 'train_model_sample' retrieved from /opt/airflow/dags/model_sample_dags.py
[2026-01-01T21:20:19.667+0000] {logging_mixin.py:188} INFO - [2026-01-01T21:20:19.666+0000] {dag.py:3089} INFO - Sync 1 DAGs
[2026-01-01T21:20:19.722+0000] {logging_mixin.py:188} INFO - [2026-01-01T21:20:19.721+0000] {dag.py:3947} INFO - Setting next_dagrun for train_model_sample to None, run_after=None
[2026-01-01T21:20:19.810+0000] {processor.py:183} INFO - Processing /opt/airflow/dags/model_sample_dags.py took 0.399 seconds
[2026-01-01T21:20:50.375+0000] {processor.py:161} INFO - Started process (PID=384) to work on /opt/airflow/dags/model_sample_dags.py
[2026-01-01T21:20:50.380+0000] {processor.py:830} INFO - Processing file /opt/airflow/dags/model_sample_dags.py for tasks to queue
[2026-01-01T21:20:50.389+0000] {logging_mixin.py:188} INFO - [2026-01-01T21:20:50.388+0000] {dagbag.py:545} INFO - Filling up the DagBag from /opt/airflow/dags/model_sample_dags.py
[2026-01-01T21:20:50.481+0000] {processor.py:840} INFO - DAG(s) 'train_model_sample' retrieved from /opt/airflow/dags/model_sample_dags.py
[2026-01-01T21:20:50.570+0000] {logging_mixin.py:188} INFO - [2026-01-01T21:20:50.569+0000] {dag.py:3089} INFO - Sync 1 DAGs
[2026-01-01T21:20:50.614+0000] {logging_mixin.py:188} INFO - [2026-01-01T21:20:50.613+0000] {dag.py:3947} INFO - Setting next_dagrun for train_model_sample to None, run_after=None
[2026-01-01T21:20:50.707+0000] {processor.py:183} INFO - Processing /opt/airflow/dags/model_sample_dags.py took 0.362 seconds
[2026-01-01T21:21:21.027+0000] {processor.py:161} INFO - Started process (PID=389) to work on /opt/airflow/dags/model_sample_dags.py
[2026-01-01T21:21:21.033+0000] {processor.py:830} INFO - Processing file /opt/airflow/dags/model_sample_dags.py for tasks to queue
[2026-01-01T21:21:21.041+0000] {logging_mixin.py:188} INFO - [2026-01-01T21:21:21.039+0000] {dagbag.py:545} INFO - Filling up the DagBag from /opt/airflow/dags/model_sample_dags.py
[2026-01-01T21:21:21.134+0000] {processor.py:840} INFO - DAG(s) 'train_model_sample' retrieved from /opt/airflow/dags/model_sample_dags.py
[2026-01-01T21:21:21.226+0000] {logging_mixin.py:188} INFO - [2026-01-01T21:21:21.225+0000] {dag.py:3089} INFO - Sync 1 DAGs
[2026-01-01T21:21:21.265+0000] {logging_mixin.py:188} INFO - [2026-01-01T21:21:21.265+0000] {dag.py:3947} INFO - Setting next_dagrun for train_model_sample to None, run_after=None
[2026-01-01T21:21:21.339+0000] {processor.py:183} INFO - Processing /opt/airflow/dags/model_sample_dags.py took 0.333 seconds
[2026-01-01T21:21:51.882+0000] {processor.py:161} INFO - Started process (PID=394) to work on /opt/airflow/dags/model_sample_dags.py
[2026-01-01T21:21:51.885+0000] {processor.py:830} INFO - Processing file /opt/airflow/dags/model_sample_dags.py for tasks to queue
[2026-01-01T21:21:51.894+0000] {logging_mixin.py:188} INFO - [2026-01-01T21:21:51.893+0000] {dagbag.py:545} INFO - Filling up the DagBag from /opt/airflow/dags/model_sample_dags.py
[2026-01-01T21:21:51.983+0000] {processor.py:840} INFO - DAG(s) 'train_model_sample' retrieved from /opt/airflow/dags/model_sample_dags.py
[2026-01-01T21:21:52.070+0000] {logging_mixin.py:188} INFO - [2026-01-01T21:21:52.069+0000] {dag.py:3089} INFO - Sync 1 DAGs
[2026-01-01T21:21:52.117+0000] {logging_mixin.py:188} INFO - [2026-01-01T21:21:52.117+0000] {dag.py:3947} INFO - Setting next_dagrun for train_model_sample to None, run_after=None
[2026-01-01T21:21:52.180+0000] {processor.py:183} INFO - Processing /opt/airflow/dags/model_sample_dags.py took 0.316 seconds
[2026-01-01T21:22:22.484+0000] {processor.py:161} INFO - Started process (PID=399) to work on /opt/airflow/dags/model_sample_dags.py
[2026-01-01T21:22:22.488+0000] {processor.py:830} INFO - Processing file /opt/airflow/dags/model_sample_dags.py for tasks to queue
[2026-01-01T21:22:22.500+0000] {logging_mixin.py:188} INFO - [2026-01-01T21:22:22.499+0000] {dagbag.py:545} INFO - Filling up the DagBag from /opt/airflow/dags/model_sample_dags.py
[2026-01-01T21:22:22.624+0000] {processor.py:840} INFO - DAG(s) 'train_model_sample' retrieved from /opt/airflow/dags/model_sample_dags.py
[2026-01-01T21:22:22.724+0000] {logging_mixin.py:188} INFO - [2026-01-01T21:22:22.724+0000] {dag.py:3089} INFO - Sync 1 DAGs
[2026-01-01T21:22:22.774+0000] {logging_mixin.py:188} INFO - [2026-01-01T21:22:22.773+0000] {dag.py:3947} INFO - Setting next_dagrun for train_model_sample to None, run_after=None
[2026-01-01T21:22:22.849+0000] {processor.py:183} INFO - Processing /opt/airflow/dags/model_sample_dags.py took 0.389 seconds
[2026-01-01T21:22:53.327+0000] {processor.py:161} INFO - Started process (PID=404) to work on /opt/airflow/dags/model_sample_dags.py
[2026-01-01T21:22:53.331+0000] {processor.py:830} INFO - Processing file /opt/airflow/dags/model_sample_dags.py for tasks to queue
[2026-01-01T21:22:53.370+0000] {logging_mixin.py:188} INFO - [2026-01-01T21:22:53.368+0000] {dagbag.py:545} INFO - Filling up the DagBag from /opt/airflow/dags/model_sample_dags.py
[2026-01-01T21:22:53.480+0000] {processor.py:840} INFO - DAG(s) 'train_model_sample' retrieved from /opt/airflow/dags/model_sample_dags.py
[2026-01-01T21:22:53.568+0000] {logging_mixin.py:188} INFO - [2026-01-01T21:22:53.567+0000] {dag.py:3089} INFO - Sync 1 DAGs
[2026-01-01T21:22:53.596+0000] {logging_mixin.py:188} INFO - [2026-01-01T21:22:53.596+0000] {dag.py:3947} INFO - Setting next_dagrun for train_model_sample to None, run_after=None
[2026-01-01T21:22:53.662+0000] {processor.py:183} INFO - Processing /opt/airflow/dags/model_sample_dags.py took 0.358 seconds
[2026-01-01T21:23:24.085+0000] {processor.py:161} INFO - Started process (PID=409) to work on /opt/airflow/dags/model_sample_dags.py
[2026-01-01T21:23:24.090+0000] {processor.py:830} INFO - Processing file /opt/airflow/dags/model_sample_dags.py for tasks to queue
[2026-01-01T21:23:24.113+0000] {logging_mixin.py:188} INFO - [2026-01-01T21:23:24.104+0000] {dagbag.py:545} INFO - Filling up the DagBag from /opt/airflow/dags/model_sample_dags.py
[2026-01-01T21:23:24.328+0000] {processor.py:840} INFO - DAG(s) 'train_model_sample' retrieved from /opt/airflow/dags/model_sample_dags.py
[2026-01-01T21:23:24.448+0000] {logging_mixin.py:188} INFO - [2026-01-01T21:23:24.447+0000] {dag.py:3089} INFO - Sync 1 DAGs
[2026-01-01T21:23:24.504+0000] {logging_mixin.py:188} INFO - [2026-01-01T21:23:24.503+0000] {dag.py:3947} INFO - Setting next_dagrun for train_model_sample to None, run_after=None
[2026-01-01T21:23:24.609+0000] {processor.py:183} INFO - Processing /opt/airflow/dags/model_sample_dags.py took 0.569 seconds
[2026-01-01T21:23:55.035+0000] {processor.py:161} INFO - Started process (PID=414) to work on /opt/airflow/dags/model_sample_dags.py
[2026-01-01T21:23:55.038+0000] {processor.py:830} INFO - Processing file /opt/airflow/dags/model_sample_dags.py for tasks to queue
[2026-01-01T21:23:55.043+0000] {logging_mixin.py:188} INFO - [2026-01-01T21:23:55.042+0000] {dagbag.py:545} INFO - Filling up the DagBag from /opt/airflow/dags/model_sample_dags.py
[2026-01-01T21:23:55.113+0000] {processor.py:840} INFO - DAG(s) 'train_model_sample' retrieved from /opt/airflow/dags/model_sample_dags.py
[2026-01-01T21:23:55.185+0000] {logging_mixin.py:188} INFO - [2026-01-01T21:23:55.185+0000] {dag.py:3089} INFO - Sync 1 DAGs
[2026-01-01T21:23:55.214+0000] {logging_mixin.py:188} INFO - [2026-01-01T21:23:55.214+0000] {dag.py:3947} INFO - Setting next_dagrun for train_model_sample to None, run_after=None
[2026-01-01T21:23:55.269+0000] {processor.py:183} INFO - Processing /opt/airflow/dags/model_sample_dags.py took 0.252 seconds
[2026-01-01T21:24:25.835+0000] {processor.py:161} INFO - Started process (PID=419) to work on /opt/airflow/dags/model_sample_dags.py
[2026-01-01T21:24:25.840+0000] {processor.py:830} INFO - Processing file /opt/airflow/dags/model_sample_dags.py for tasks to queue
[2026-01-01T21:24:25.847+0000] {logging_mixin.py:188} INFO - [2026-01-01T21:24:25.846+0000] {dagbag.py:545} INFO - Filling up the DagBag from /opt/airflow/dags/model_sample_dags.py
[2026-01-01T21:24:25.920+0000] {processor.py:840} INFO - DAG(s) 'train_model_sample' retrieved from /opt/airflow/dags/model_sample_dags.py
[2026-01-01T21:24:25.996+0000] {logging_mixin.py:188} INFO - [2026-01-01T21:24:25.995+0000] {dag.py:3089} INFO - Sync 1 DAGs
[2026-01-01T21:24:26.021+0000] {logging_mixin.py:188} INFO - [2026-01-01T21:24:26.021+0000] {dag.py:3947} INFO - Setting next_dagrun for train_model_sample to None, run_after=None
[2026-01-01T21:24:26.078+0000] {processor.py:183} INFO - Processing /opt/airflow/dags/model_sample_dags.py took 0.265 seconds
[2026-01-01T21:24:56.419+0000] {processor.py:161} INFO - Started process (PID=424) to work on /opt/airflow/dags/model_sample_dags.py
[2026-01-01T21:24:56.423+0000] {processor.py:830} INFO - Processing file /opt/airflow/dags/model_sample_dags.py for tasks to queue
[2026-01-01T21:24:56.430+0000] {logging_mixin.py:188} INFO - [2026-01-01T21:24:56.429+0000] {dagbag.py:545} INFO - Filling up the DagBag from /opt/airflow/dags/model_sample_dags.py
[2026-01-01T21:24:56.487+0000] {processor.py:840} INFO - DAG(s) 'train_model_sample' retrieved from /opt/airflow/dags/model_sample_dags.py
[2026-01-01T21:24:56.552+0000] {logging_mixin.py:188} INFO - [2026-01-01T21:24:56.551+0000] {dag.py:3089} INFO - Sync 1 DAGs
[2026-01-01T21:24:56.578+0000] {logging_mixin.py:188} INFO - [2026-01-01T21:24:56.577+0000] {dag.py:3947} INFO - Setting next_dagrun for train_model_sample to None, run_after=None
[2026-01-01T21:24:56.620+0000] {processor.py:183} INFO - Processing /opt/airflow/dags/model_sample_dags.py took 0.221 seconds
[2026-01-01T21:25:27.312+0000] {processor.py:161} INFO - Started process (PID=429) to work on /opt/airflow/dags/model_sample_dags.py
[2026-01-01T21:25:27.317+0000] {processor.py:830} INFO - Processing file /opt/airflow/dags/model_sample_dags.py for tasks to queue
[2026-01-01T21:25:27.323+0000] {logging_mixin.py:188} INFO - [2026-01-01T21:25:27.322+0000] {dagbag.py:545} INFO - Filling up the DagBag from /opt/airflow/dags/model_sample_dags.py
[2026-01-01T21:25:27.406+0000] {processor.py:840} INFO - DAG(s) 'train_model_sample' retrieved from /opt/airflow/dags/model_sample_dags.py
[2026-01-01T21:25:27.480+0000] {logging_mixin.py:188} INFO - [2026-01-01T21:25:27.479+0000] {dag.py:3089} INFO - Sync 1 DAGs
[2026-01-01T21:25:27.510+0000] {logging_mixin.py:188} INFO - [2026-01-01T21:25:27.509+0000] {dag.py:3947} INFO - Setting next_dagrun for train_model_sample to None, run_after=None
[2026-01-01T21:25:27.583+0000] {processor.py:183} INFO - Processing /opt/airflow/dags/model_sample_dags.py took 0.287 seconds
[2026-01-01T21:25:57.983+0000] {processor.py:161} INFO - Started process (PID=434) to work on /opt/airflow/dags/model_sample_dags.py
[2026-01-01T21:25:57.988+0000] {processor.py:830} INFO - Processing file /opt/airflow/dags/model_sample_dags.py for tasks to queue
[2026-01-01T21:25:57.993+0000] {logging_mixin.py:188} INFO - [2026-01-01T21:25:57.993+0000] {dagbag.py:545} INFO - Filling up the DagBag from /opt/airflow/dags/model_sample_dags.py
[2026-01-01T21:25:58.060+0000] {processor.py:840} INFO - DAG(s) 'train_model_sample' retrieved from /opt/airflow/dags/model_sample_dags.py
[2026-01-01T21:25:58.123+0000] {logging_mixin.py:188} INFO - [2026-01-01T21:25:58.122+0000] {dag.py:3089} INFO - Sync 1 DAGs
[2026-01-01T21:25:58.155+0000] {logging_mixin.py:188} INFO - [2026-01-01T21:25:58.155+0000] {dag.py:3947} INFO - Setting next_dagrun for train_model_sample to None, run_after=None
[2026-01-01T21:25:58.211+0000] {processor.py:183} INFO - Processing /opt/airflow/dags/model_sample_dags.py took 0.249 seconds
[2026-01-01T21:26:28.833+0000] {processor.py:161} INFO - Started process (PID=439) to work on /opt/airflow/dags/model_sample_dags.py
[2026-01-01T21:26:28.837+0000] {processor.py:830} INFO - Processing file /opt/airflow/dags/model_sample_dags.py for tasks to queue
[2026-01-01T21:26:28.849+0000] {logging_mixin.py:188} INFO - [2026-01-01T21:26:28.846+0000] {dagbag.py:545} INFO - Filling up the DagBag from /opt/airflow/dags/model_sample_dags.py
[2026-01-01T21:26:28.939+0000] {processor.py:840} INFO - DAG(s) 'train_model_sample' retrieved from /opt/airflow/dags/model_sample_dags.py
[2026-01-01T21:26:29.087+0000] {logging_mixin.py:188} INFO - [2026-01-01T21:26:29.085+0000] {dag.py:3089} INFO - Sync 1 DAGs
[2026-01-01T21:26:29.138+0000] {logging_mixin.py:188} INFO - [2026-01-01T21:26:29.137+0000] {dag.py:3947} INFO - Setting next_dagrun for train_model_sample to None, run_after=None
[2026-01-01T21:26:29.225+0000] {processor.py:183} INFO - Processing /opt/airflow/dags/model_sample_dags.py took 0.410 seconds
[2026-01-01T21:26:59.498+0000] {processor.py:161} INFO - Started process (PID=444) to work on /opt/airflow/dags/model_sample_dags.py
[2026-01-01T21:26:59.501+0000] {processor.py:830} INFO - Processing file /opt/airflow/dags/model_sample_dags.py for tasks to queue
[2026-01-01T21:26:59.509+0000] {logging_mixin.py:188} INFO - [2026-01-01T21:26:59.507+0000] {dagbag.py:545} INFO - Filling up the DagBag from /opt/airflow/dags/model_sample_dags.py
[2026-01-01T21:26:59.588+0000] {processor.py:840} INFO - DAG(s) 'train_model_sample' retrieved from /opt/airflow/dags/model_sample_dags.py
[2026-01-01T21:26:59.674+0000] {logging_mixin.py:188} INFO - [2026-01-01T21:26:59.673+0000] {dag.py:3089} INFO - Sync 1 DAGs
[2026-01-01T21:26:59.709+0000] {logging_mixin.py:188} INFO - [2026-01-01T21:26:59.709+0000] {dag.py:3947} INFO - Setting next_dagrun for train_model_sample to None, run_after=None
[2026-01-01T21:26:59.771+0000] {processor.py:183} INFO - Processing /opt/airflow/dags/model_sample_dags.py took 0.288 seconds
[2026-01-01T21:27:30.385+0000] {processor.py:161} INFO - Started process (PID=449) to work on /opt/airflow/dags/model_sample_dags.py
[2026-01-01T21:27:30.388+0000] {processor.py:830} INFO - Processing file /opt/airflow/dags/model_sample_dags.py for tasks to queue
[2026-01-01T21:27:30.392+0000] {logging_mixin.py:188} INFO - [2026-01-01T21:27:30.392+0000] {dagbag.py:545} INFO - Filling up the DagBag from /opt/airflow/dags/model_sample_dags.py
[2026-01-01T21:27:30.456+0000] {processor.py:840} INFO - DAG(s) 'train_model_sample' retrieved from /opt/airflow/dags/model_sample_dags.py
[2026-01-01T21:27:30.515+0000] {logging_mixin.py:188} INFO - [2026-01-01T21:27:30.514+0000] {dag.py:3089} INFO - Sync 1 DAGs
[2026-01-01T21:27:30.540+0000] {logging_mixin.py:188} INFO - [2026-01-01T21:27:30.540+0000] {dag.py:3947} INFO - Setting next_dagrun for train_model_sample to None, run_after=None
[2026-01-01T21:27:30.598+0000] {processor.py:183} INFO - Processing /opt/airflow/dags/model_sample_dags.py took 0.227 seconds
[2026-01-01T21:28:00.984+0000] {processor.py:161} INFO - Started process (PID=454) to work on /opt/airflow/dags/model_sample_dags.py
[2026-01-01T21:28:00.988+0000] {processor.py:830} INFO - Processing file /opt/airflow/dags/model_sample_dags.py for tasks to queue
[2026-01-01T21:28:00.993+0000] {logging_mixin.py:188} INFO - [2026-01-01T21:28:00.992+0000] {dagbag.py:545} INFO - Filling up the DagBag from /opt/airflow/dags/model_sample_dags.py
[2026-01-01T21:28:01.049+0000] {processor.py:840} INFO - DAG(s) 'train_model_sample' retrieved from /opt/airflow/dags/model_sample_dags.py
[2026-01-01T21:28:01.108+0000] {logging_mixin.py:188} INFO - [2026-01-01T21:28:01.107+0000] {dag.py:3089} INFO - Sync 1 DAGs
[2026-01-01T21:28:01.142+0000] {logging_mixin.py:188} INFO - [2026-01-01T21:28:01.141+0000] {dag.py:3947} INFO - Setting next_dagrun for train_model_sample to None, run_after=None
[2026-01-01T21:28:01.189+0000] {processor.py:183} INFO - Processing /opt/airflow/dags/model_sample_dags.py took 0.221 seconds
[2026-01-01T21:28:31.756+0000] {processor.py:161} INFO - Started process (PID=459) to work on /opt/airflow/dags/model_sample_dags.py
[2026-01-01T21:28:31.760+0000] {processor.py:830} INFO - Processing file /opt/airflow/dags/model_sample_dags.py for tasks to queue
[2026-01-01T21:28:31.767+0000] {logging_mixin.py:188} INFO - [2026-01-01T21:28:31.766+0000] {dagbag.py:545} INFO - Filling up the DagBag from /opt/airflow/dags/model_sample_dags.py
[2026-01-01T21:28:31.844+0000] {processor.py:840} INFO - DAG(s) 'train_model_sample' retrieved from /opt/airflow/dags/model_sample_dags.py
[2026-01-01T21:28:31.927+0000] {logging_mixin.py:188} INFO - [2026-01-01T21:28:31.926+0000] {dag.py:3089} INFO - Sync 1 DAGs
[2026-01-01T21:28:31.960+0000] {logging_mixin.py:188} INFO - [2026-01-01T21:28:31.960+0000] {dag.py:3947} INFO - Setting next_dagrun for train_model_sample to None, run_after=None
[2026-01-01T21:28:32.025+0000] {processor.py:183} INFO - Processing /opt/airflow/dags/model_sample_dags.py took 0.287 seconds
[2026-01-01T21:29:02.497+0000] {processor.py:161} INFO - Started process (PID=464) to work on /opt/airflow/dags/model_sample_dags.py
[2026-01-01T21:29:02.502+0000] {processor.py:830} INFO - Processing file /opt/airflow/dags/model_sample_dags.py for tasks to queue
[2026-01-01T21:29:02.509+0000] {logging_mixin.py:188} INFO - [2026-01-01T21:29:02.507+0000] {dagbag.py:545} INFO - Filling up the DagBag from /opt/airflow/dags/model_sample_dags.py
[2026-01-01T21:29:02.609+0000] {processor.py:840} INFO - DAG(s) 'train_model_sample' retrieved from /opt/airflow/dags/model_sample_dags.py
[2026-01-01T21:29:02.697+0000] {logging_mixin.py:188} INFO - [2026-01-01T21:29:02.696+0000] {dag.py:3089} INFO - Sync 1 DAGs
[2026-01-01T21:29:02.734+0000] {logging_mixin.py:188} INFO - [2026-01-01T21:29:02.733+0000] {dag.py:3947} INFO - Setting next_dagrun for train_model_sample to None, run_after=None
[2026-01-01T21:29:02.804+0000] {processor.py:183} INFO - Processing /opt/airflow/dags/model_sample_dags.py took 0.332 seconds
[2026-01-01T21:29:33.193+0000] {processor.py:161} INFO - Started process (PID=469) to work on /opt/airflow/dags/model_sample_dags.py
[2026-01-01T21:29:33.196+0000] {processor.py:830} INFO - Processing file /opt/airflow/dags/model_sample_dags.py for tasks to queue
[2026-01-01T21:29:33.200+0000] {logging_mixin.py:188} INFO - [2026-01-01T21:29:33.199+0000] {dagbag.py:545} INFO - Filling up the DagBag from /opt/airflow/dags/model_sample_dags.py
[2026-01-01T21:29:33.268+0000] {processor.py:840} INFO - DAG(s) 'train_model_sample' retrieved from /opt/airflow/dags/model_sample_dags.py
[2026-01-01T21:29:33.331+0000] {logging_mixin.py:188} INFO - [2026-01-01T21:29:33.330+0000] {dag.py:3089} INFO - Sync 1 DAGs
[2026-01-01T21:29:33.368+0000] {logging_mixin.py:188} INFO - [2026-01-01T21:29:33.367+0000] {dag.py:3947} INFO - Setting next_dagrun for train_model_sample to None, run_after=None
[2026-01-01T21:29:33.417+0000] {processor.py:183} INFO - Processing /opt/airflow/dags/model_sample_dags.py took 0.239 seconds
[2026-01-01T21:30:03.972+0000] {processor.py:161} INFO - Started process (PID=474) to work on /opt/airflow/dags/model_sample_dags.py
[2026-01-01T21:30:03.976+0000] {processor.py:830} INFO - Processing file /opt/airflow/dags/model_sample_dags.py for tasks to queue
[2026-01-01T21:30:03.983+0000] {logging_mixin.py:188} INFO - [2026-01-01T21:30:03.982+0000] {dagbag.py:545} INFO - Filling up the DagBag from /opt/airflow/dags/model_sample_dags.py
[2026-01-01T21:30:04.062+0000] {processor.py:840} INFO - DAG(s) 'train_model_sample' retrieved from /opt/airflow/dags/model_sample_dags.py
[2026-01-01T21:30:04.162+0000] {logging_mixin.py:188} INFO - [2026-01-01T21:30:04.161+0000] {dag.py:3089} INFO - Sync 1 DAGs
[2026-01-01T21:30:04.201+0000] {logging_mixin.py:188} INFO - [2026-01-01T21:30:04.200+0000] {dag.py:3947} INFO - Setting next_dagrun for train_model_sample to None, run_after=None
[2026-01-01T21:30:04.272+0000] {processor.py:183} INFO - Processing /opt/airflow/dags/model_sample_dags.py took 0.322 seconds
[2026-01-01T21:30:34.551+0000] {processor.py:161} INFO - Started process (PID=479) to work on /opt/airflow/dags/model_sample_dags.py
[2026-01-01T21:30:34.554+0000] {processor.py:830} INFO - Processing file /opt/airflow/dags/model_sample_dags.py for tasks to queue
[2026-01-01T21:30:34.559+0000] {logging_mixin.py:188} INFO - [2026-01-01T21:30:34.558+0000] {dagbag.py:545} INFO - Filling up the DagBag from /opt/airflow/dags/model_sample_dags.py
[2026-01-01T21:30:34.623+0000] {processor.py:840} INFO - DAG(s) 'train_model_sample' retrieved from /opt/airflow/dags/model_sample_dags.py
[2026-01-01T21:30:34.688+0000] {logging_mixin.py:188} INFO - [2026-01-01T21:30:34.687+0000] {dag.py:3089} INFO - Sync 1 DAGs
[2026-01-01T21:30:34.724+0000] {logging_mixin.py:188} INFO - [2026-01-01T21:30:34.723+0000] {dag.py:3947} INFO - Setting next_dagrun for train_model_sample to None, run_after=None
[2026-01-01T21:30:34.798+0000] {processor.py:183} INFO - Processing /opt/airflow/dags/model_sample_dags.py took 0.261 seconds
[2026-01-01T21:31:05.149+0000] {processor.py:161} INFO - Started process (PID=484) to work on /opt/airflow/dags/model_sample_dags.py
[2026-01-01T21:31:05.154+0000] {processor.py:830} INFO - Processing file /opt/airflow/dags/model_sample_dags.py for tasks to queue
[2026-01-01T21:31:05.159+0000] {logging_mixin.py:188} INFO - [2026-01-01T21:31:05.158+0000] {dagbag.py:545} INFO - Filling up the DagBag from /opt/airflow/dags/model_sample_dags.py
[2026-01-01T21:31:05.219+0000] {processor.py:840} INFO - DAG(s) 'train_model_sample' retrieved from /opt/airflow/dags/model_sample_dags.py
[2026-01-01T21:31:05.286+0000] {logging_mixin.py:188} INFO - [2026-01-01T21:31:05.286+0000] {dag.py:3089} INFO - Sync 1 DAGs
[2026-01-01T21:31:05.314+0000] {logging_mixin.py:188} INFO - [2026-01-01T21:31:05.313+0000] {dag.py:3947} INFO - Setting next_dagrun for train_model_sample to None, run_after=None
[2026-01-01T21:31:05.364+0000] {processor.py:183} INFO - Processing /opt/airflow/dags/model_sample_dags.py took 0.233 seconds
[2026-01-01T21:31:36.015+0000] {processor.py:161} INFO - Started process (PID=489) to work on /opt/airflow/dags/model_sample_dags.py
[2026-01-01T21:31:36.020+0000] {processor.py:830} INFO - Processing file /opt/airflow/dags/model_sample_dags.py for tasks to queue
[2026-01-01T21:31:36.030+0000] {logging_mixin.py:188} INFO - [2026-01-01T21:31:36.029+0000] {dagbag.py:545} INFO - Filling up the DagBag from /opt/airflow/dags/model_sample_dags.py
[2026-01-01T21:31:36.126+0000] {processor.py:840} INFO - DAG(s) 'train_model_sample' retrieved from /opt/airflow/dags/model_sample_dags.py
[2026-01-01T21:31:36.211+0000] {logging_mixin.py:188} INFO - [2026-01-01T21:31:36.211+0000] {dag.py:3089} INFO - Sync 1 DAGs
[2026-01-01T21:31:36.239+0000] {logging_mixin.py:188} INFO - [2026-01-01T21:31:36.239+0000] {dag.py:3947} INFO - Setting next_dagrun for train_model_sample to None, run_after=None
[2026-01-01T21:31:36.296+0000] {processor.py:183} INFO - Processing /opt/airflow/dags/model_sample_dags.py took 0.299 seconds
[2026-01-01T21:32:06.602+0000] {processor.py:161} INFO - Started process (PID=494) to work on /opt/airflow/dags/model_sample_dags.py
[2026-01-01T21:32:06.606+0000] {processor.py:830} INFO - Processing file /opt/airflow/dags/model_sample_dags.py for tasks to queue
[2026-01-01T21:32:06.612+0000] {logging_mixin.py:188} INFO - [2026-01-01T21:32:06.610+0000] {dagbag.py:545} INFO - Filling up the DagBag from /opt/airflow/dags/model_sample_dags.py
[2026-01-01T21:32:06.684+0000] {processor.py:840} INFO - DAG(s) 'train_model_sample' retrieved from /opt/airflow/dags/model_sample_dags.py
[2026-01-01T21:32:06.756+0000] {logging_mixin.py:188} INFO - [2026-01-01T21:32:06.754+0000] {dag.py:3089} INFO - Sync 1 DAGs
[2026-01-01T21:32:06.791+0000] {logging_mixin.py:188} INFO - [2026-01-01T21:32:06.790+0000] {dag.py:3947} INFO - Setting next_dagrun for train_model_sample to None, run_after=None
[2026-01-01T21:32:06.847+0000] {processor.py:183} INFO - Processing /opt/airflow/dags/model_sample_dags.py took 0.261 seconds
[2026-01-01T21:32:37.492+0000] {processor.py:161} INFO - Started process (PID=499) to work on /opt/airflow/dags/model_sample_dags.py
[2026-01-01T21:32:37.495+0000] {processor.py:830} INFO - Processing file /opt/airflow/dags/model_sample_dags.py for tasks to queue
[2026-01-01T21:32:37.500+0000] {logging_mixin.py:188} INFO - [2026-01-01T21:32:37.499+0000] {dagbag.py:545} INFO - Filling up the DagBag from /opt/airflow/dags/model_sample_dags.py
[2026-01-01T21:32:37.566+0000] {processor.py:840} INFO - DAG(s) 'train_model_sample' retrieved from /opt/airflow/dags/model_sample_dags.py
[2026-01-01T21:32:37.630+0000] {logging_mixin.py:188} INFO - [2026-01-01T21:32:37.629+0000] {dag.py:3089} INFO - Sync 1 DAGs
[2026-01-01T21:32:37.657+0000] {logging_mixin.py:188} INFO - [2026-01-01T21:32:37.657+0000] {dag.py:3947} INFO - Setting next_dagrun for train_model_sample to None, run_after=None
[2026-01-01T21:32:37.709+0000] {processor.py:183} INFO - Processing /opt/airflow/dags/model_sample_dags.py took 0.231 seconds
[2026-01-01T21:33:08.092+0000] {processor.py:161} INFO - Started process (PID=504) to work on /opt/airflow/dags/model_sample_dags.py
[2026-01-01T21:33:08.095+0000] {processor.py:830} INFO - Processing file /opt/airflow/dags/model_sample_dags.py for tasks to queue
[2026-01-01T21:33:08.099+0000] {logging_mixin.py:188} INFO - [2026-01-01T21:33:08.099+0000] {dagbag.py:545} INFO - Filling up the DagBag from /opt/airflow/dags/model_sample_dags.py
[2026-01-01T21:33:08.160+0000] {processor.py:840} INFO - DAG(s) 'train_model_sample' retrieved from /opt/airflow/dags/model_sample_dags.py
[2026-01-01T21:33:08.247+0000] {logging_mixin.py:188} INFO - [2026-01-01T21:33:08.245+0000] {dag.py:3089} INFO - Sync 1 DAGs
[2026-01-01T21:33:08.282+0000] {logging_mixin.py:188} INFO - [2026-01-01T21:33:08.281+0000] {dag.py:3947} INFO - Setting next_dagrun for train_model_sample to None, run_after=None
[2026-01-01T21:33:08.340+0000] {processor.py:183} INFO - Processing /opt/airflow/dags/model_sample_dags.py took 0.263 seconds
[2026-01-01T21:33:38.957+0000] {processor.py:161} INFO - Started process (PID=509) to work on /opt/airflow/dags/model_sample_dags.py
[2026-01-01T21:33:38.961+0000] {processor.py:830} INFO - Processing file /opt/airflow/dags/model_sample_dags.py for tasks to queue
[2026-01-01T21:33:38.969+0000] {logging_mixin.py:188} INFO - [2026-01-01T21:33:38.968+0000] {dagbag.py:545} INFO - Filling up the DagBag from /opt/airflow/dags/model_sample_dags.py
[2026-01-01T21:33:39.045+0000] {processor.py:840} INFO - DAG(s) 'train_model_sample' retrieved from /opt/airflow/dags/model_sample_dags.py
[2026-01-01T21:33:39.160+0000] {logging_mixin.py:188} INFO - [2026-01-01T21:33:39.159+0000] {dag.py:3089} INFO - Sync 1 DAGs
[2026-01-01T21:33:39.209+0000] {logging_mixin.py:188} INFO - [2026-01-01T21:33:39.208+0000] {dag.py:3947} INFO - Setting next_dagrun for train_model_sample to None, run_after=None
[2026-01-01T21:33:39.291+0000] {processor.py:183} INFO - Processing /opt/airflow/dags/model_sample_dags.py took 0.353 seconds
[2026-01-01T21:34:09.676+0000] {processor.py:161} INFO - Started process (PID=514) to work on /opt/airflow/dags/model_sample_dags.py
[2026-01-01T21:34:09.681+0000] {processor.py:830} INFO - Processing file /opt/airflow/dags/model_sample_dags.py for tasks to queue
[2026-01-01T21:34:09.688+0000] {logging_mixin.py:188} INFO - [2026-01-01T21:34:09.688+0000] {dagbag.py:545} INFO - Filling up the DagBag from /opt/airflow/dags/model_sample_dags.py
[2026-01-01T21:34:09.766+0000] {processor.py:840} INFO - DAG(s) 'train_model_sample' retrieved from /opt/airflow/dags/model_sample_dags.py
[2026-01-01T21:34:09.872+0000] {logging_mixin.py:188} INFO - [2026-01-01T21:34:09.872+0000] {dag.py:3089} INFO - Sync 1 DAGs
[2026-01-01T21:34:09.907+0000] {logging_mixin.py:188} INFO - [2026-01-01T21:34:09.906+0000] {dag.py:3947} INFO - Setting next_dagrun for train_model_sample to None, run_after=None
[2026-01-01T21:34:09.955+0000] {processor.py:183} INFO - Processing /opt/airflow/dags/model_sample_dags.py took 0.303 seconds
[2026-01-01T21:34:40.505+0000] {processor.py:161} INFO - Started process (PID=519) to work on /opt/airflow/dags/model_sample_dags.py
[2026-01-01T21:34:40.509+0000] {processor.py:830} INFO - Processing file /opt/airflow/dags/model_sample_dags.py for tasks to queue
[2026-01-01T21:34:40.516+0000] {logging_mixin.py:188} INFO - [2026-01-01T21:34:40.515+0000] {dagbag.py:545} INFO - Filling up the DagBag from /opt/airflow/dags/model_sample_dags.py
[2026-01-01T21:34:40.587+0000] {processor.py:840} INFO - DAG(s) 'train_model_sample' retrieved from /opt/airflow/dags/model_sample_dags.py
[2026-01-01T21:34:40.658+0000] {logging_mixin.py:188} INFO - [2026-01-01T21:34:40.657+0000] {dag.py:3089} INFO - Sync 1 DAGs
[2026-01-01T21:34:40.687+0000] {logging_mixin.py:188} INFO - [2026-01-01T21:34:40.687+0000] {dag.py:3947} INFO - Setting next_dagrun for train_model_sample to None, run_after=None
[2026-01-01T21:34:40.741+0000] {processor.py:183} INFO - Processing /opt/airflow/dags/model_sample_dags.py took 0.250 seconds
[2026-01-01T21:35:11.168+0000] {processor.py:161} INFO - Started process (PID=524) to work on /opt/airflow/dags/model_sample_dags.py
[2026-01-01T21:35:11.171+0000] {processor.py:830} INFO - Processing file /opt/airflow/dags/model_sample_dags.py for tasks to queue
[2026-01-01T21:35:11.178+0000] {logging_mixin.py:188} INFO - [2026-01-01T21:35:11.177+0000] {dagbag.py:545} INFO - Filling up the DagBag from /opt/airflow/dags/model_sample_dags.py
[2026-01-01T21:35:11.239+0000] {processor.py:840} INFO - DAG(s) 'train_model_sample' retrieved from /opt/airflow/dags/model_sample_dags.py
[2026-01-01T21:35:11.366+0000] {logging_mixin.py:188} INFO - [2026-01-01T21:35:11.366+0000] {dag.py:3089} INFO - Sync 1 DAGs
[2026-01-01T21:35:11.409+0000] {logging_mixin.py:188} INFO - [2026-01-01T21:35:11.408+0000] {dag.py:3947} INFO - Setting next_dagrun for train_model_sample to None, run_after=None
[2026-01-01T21:35:11.484+0000] {processor.py:183} INFO - Processing /opt/airflow/dags/model_sample_dags.py took 0.333 seconds
[2026-01-01T21:35:41.969+0000] {processor.py:161} INFO - Started process (PID=529) to work on /opt/airflow/dags/model_sample_dags.py
[2026-01-01T21:35:41.973+0000] {processor.py:830} INFO - Processing file /opt/airflow/dags/model_sample_dags.py for tasks to queue
[2026-01-01T21:35:41.980+0000] {logging_mixin.py:188} INFO - [2026-01-01T21:35:41.979+0000] {dagbag.py:545} INFO - Filling up the DagBag from /opt/airflow/dags/model_sample_dags.py
[2026-01-01T21:35:42.045+0000] {processor.py:840} INFO - DAG(s) 'train_model_sample' retrieved from /opt/airflow/dags/model_sample_dags.py
[2026-01-01T21:35:42.123+0000] {logging_mixin.py:188} INFO - [2026-01-01T21:35:42.122+0000] {dag.py:3089} INFO - Sync 1 DAGs
[2026-01-01T21:35:42.160+0000] {logging_mixin.py:188} INFO - [2026-01-01T21:35:42.158+0000] {dag.py:3947} INFO - Setting next_dagrun for train_model_sample to None, run_after=None
[2026-01-01T21:35:42.229+0000] {processor.py:183} INFO - Processing /opt/airflow/dags/model_sample_dags.py took 0.279 seconds
[2026-01-01T21:36:12.605+0000] {processor.py:161} INFO - Started process (PID=534) to work on /opt/airflow/dags/model_sample_dags.py
[2026-01-01T21:36:12.608+0000] {processor.py:830} INFO - Processing file /opt/airflow/dags/model_sample_dags.py for tasks to queue
[2026-01-01T21:36:12.612+0000] {logging_mixin.py:188} INFO - [2026-01-01T21:36:12.611+0000] {dagbag.py:545} INFO - Filling up the DagBag from /opt/airflow/dags/model_sample_dags.py
[2026-01-01T21:36:12.682+0000] {processor.py:840} INFO - DAG(s) 'train_model_sample' retrieved from /opt/airflow/dags/model_sample_dags.py
[2026-01-01T21:36:12.753+0000] {logging_mixin.py:188} INFO - [2026-01-01T21:36:12.752+0000] {dag.py:3089} INFO - Sync 1 DAGs
[2026-01-01T21:36:12.784+0000] {logging_mixin.py:188} INFO - [2026-01-01T21:36:12.784+0000] {dag.py:3947} INFO - Setting next_dagrun for train_model_sample to None, run_after=None
[2026-01-01T21:36:12.838+0000] {processor.py:183} INFO - Processing /opt/airflow/dags/model_sample_dags.py took 0.248 seconds
[2026-01-01T21:36:43.426+0000] {processor.py:161} INFO - Started process (PID=539) to work on /opt/airflow/dags/model_sample_dags.py
[2026-01-01T21:36:43.430+0000] {processor.py:830} INFO - Processing file /opt/airflow/dags/model_sample_dags.py for tasks to queue
[2026-01-01T21:36:43.436+0000] {logging_mixin.py:188} INFO - [2026-01-01T21:36:43.435+0000] {dagbag.py:545} INFO - Filling up the DagBag from /opt/airflow/dags/model_sample_dags.py
[2026-01-01T21:36:43.517+0000] {processor.py:840} INFO - DAG(s) 'train_model_sample' retrieved from /opt/airflow/dags/model_sample_dags.py
[2026-01-01T21:36:43.587+0000] {logging_mixin.py:188} INFO - [2026-01-01T21:36:43.586+0000] {dag.py:3089} INFO - Sync 1 DAGs
[2026-01-01T21:36:43.615+0000] {logging_mixin.py:188} INFO - [2026-01-01T21:36:43.614+0000] {dag.py:3947} INFO - Setting next_dagrun for train_model_sample to None, run_after=None
[2026-01-01T21:36:43.659+0000] {processor.py:183} INFO - Processing /opt/airflow/dags/model_sample_dags.py took 0.253 seconds
[2026-01-01T21:37:14.058+0000] {processor.py:161} INFO - Started process (PID=544) to work on /opt/airflow/dags/model_sample_dags.py
[2026-01-01T21:37:14.063+0000] {processor.py:830} INFO - Processing file /opt/airflow/dags/model_sample_dags.py for tasks to queue
[2026-01-01T21:37:14.071+0000] {logging_mixin.py:188} INFO - [2026-01-01T21:37:14.069+0000] {dagbag.py:545} INFO - Filling up the DagBag from /opt/airflow/dags/model_sample_dags.py
[2026-01-01T21:37:14.158+0000] {processor.py:840} INFO - DAG(s) 'train_model_sample' retrieved from /opt/airflow/dags/model_sample_dags.py
[2026-01-01T21:37:14.264+0000] {logging_mixin.py:188} INFO - [2026-01-01T21:37:14.264+0000] {dag.py:3089} INFO - Sync 1 DAGs
[2026-01-01T21:37:14.300+0000] {logging_mixin.py:188} INFO - [2026-01-01T21:37:14.300+0000] {dag.py:3947} INFO - Setting next_dagrun for train_model_sample to None, run_after=None
[2026-01-01T21:37:14.364+0000] {processor.py:183} INFO - Processing /opt/airflow/dags/model_sample_dags.py took 0.327 seconds
[2026-01-01T21:37:44.833+0000] {processor.py:161} INFO - Started process (PID=549) to work on /opt/airflow/dags/model_sample_dags.py
[2026-01-01T21:37:44.836+0000] {processor.py:830} INFO - Processing file /opt/airflow/dags/model_sample_dags.py for tasks to queue
[2026-01-01T21:37:44.840+0000] {logging_mixin.py:188} INFO - [2026-01-01T21:37:44.840+0000] {dagbag.py:545} INFO - Filling up the DagBag from /opt/airflow/dags/model_sample_dags.py
[2026-01-01T21:37:44.923+0000] {processor.py:840} INFO - DAG(s) 'train_model_sample' retrieved from /opt/airflow/dags/model_sample_dags.py
[2026-01-01T21:37:44.990+0000] {logging_mixin.py:188} INFO - [2026-01-01T21:37:44.989+0000] {dag.py:3089} INFO - Sync 1 DAGs
[2026-01-01T21:37:45.063+0000] {logging_mixin.py:188} INFO - [2026-01-01T21:37:45.062+0000] {dag.py:3947} INFO - Setting next_dagrun for train_model_sample to None, run_after=None
[2026-01-01T21:37:45.164+0000] {processor.py:183} INFO - Processing /opt/airflow/dags/model_sample_dags.py took 0.346 seconds
[2026-01-01T21:38:15.545+0000] {processor.py:161} INFO - Started process (PID=554) to work on /opt/airflow/dags/model_sample_dags.py
[2026-01-01T21:38:15.549+0000] {processor.py:830} INFO - Processing file /opt/airflow/dags/model_sample_dags.py for tasks to queue
[2026-01-01T21:38:15.557+0000] {logging_mixin.py:188} INFO - [2026-01-01T21:38:15.556+0000] {dagbag.py:545} INFO - Filling up the DagBag from /opt/airflow/dags/model_sample_dags.py
[2026-01-01T21:38:15.645+0000] {processor.py:840} INFO - DAG(s) 'train_model_sample' retrieved from /opt/airflow/dags/model_sample_dags.py
[2026-01-01T21:38:15.722+0000] {logging_mixin.py:188} INFO - [2026-01-01T21:38:15.721+0000] {dag.py:3089} INFO - Sync 1 DAGs
[2026-01-01T21:38:15.759+0000] {logging_mixin.py:188} INFO - [2026-01-01T21:38:15.758+0000] {dag.py:3947} INFO - Setting next_dagrun for train_model_sample to None, run_after=None
[2026-01-01T21:38:15.812+0000] {processor.py:183} INFO - Processing /opt/airflow/dags/model_sample_dags.py took 0.290 seconds
[2026-01-01T21:38:46.483+0000] {processor.py:161} INFO - Started process (PID=559) to work on /opt/airflow/dags/model_sample_dags.py
[2026-01-01T21:38:46.486+0000] {processor.py:830} INFO - Processing file /opt/airflow/dags/model_sample_dags.py for tasks to queue
[2026-01-01T21:38:46.491+0000] {logging_mixin.py:188} INFO - [2026-01-01T21:38:46.490+0000] {dagbag.py:545} INFO - Filling up the DagBag from /opt/airflow/dags/model_sample_dags.py
[2026-01-01T21:38:46.561+0000] {processor.py:840} INFO - DAG(s) 'train_model_sample' retrieved from /opt/airflow/dags/model_sample_dags.py
[2026-01-01T21:38:46.637+0000] {logging_mixin.py:188} INFO - [2026-01-01T21:38:46.636+0000] {dag.py:3089} INFO - Sync 1 DAGs
[2026-01-01T21:38:46.669+0000] {logging_mixin.py:188} INFO - [2026-01-01T21:38:46.668+0000] {dag.py:3947} INFO - Setting next_dagrun for train_model_sample to None, run_after=None
[2026-01-01T21:38:46.730+0000] {processor.py:183} INFO - Processing /opt/airflow/dags/model_sample_dags.py took 0.263 seconds
[2026-01-01T21:39:17.041+0000] {processor.py:161} INFO - Started process (PID=564) to work on /opt/airflow/dags/model_sample_dags.py
[2026-01-01T21:39:17.045+0000] {processor.py:830} INFO - Processing file /opt/airflow/dags/model_sample_dags.py for tasks to queue
[2026-01-01T21:39:17.051+0000] {logging_mixin.py:188} INFO - [2026-01-01T21:39:17.050+0000] {dagbag.py:545} INFO - Filling up the DagBag from /opt/airflow/dags/model_sample_dags.py
[2026-01-01T21:39:17.116+0000] {processor.py:840} INFO - DAG(s) 'train_model_sample' retrieved from /opt/airflow/dags/model_sample_dags.py
[2026-01-01T21:39:17.185+0000] {logging_mixin.py:188} INFO - [2026-01-01T21:39:17.185+0000] {dag.py:3089} INFO - Sync 1 DAGs
[2026-01-01T21:39:17.212+0000] {logging_mixin.py:188} INFO - [2026-01-01T21:39:17.211+0000] {dag.py:3947} INFO - Setting next_dagrun for train_model_sample to None, run_after=None
[2026-01-01T21:39:17.260+0000] {processor.py:183} INFO - Processing /opt/airflow/dags/model_sample_dags.py took 0.233 seconds
[2026-01-01T21:39:47.895+0000] {processor.py:161} INFO - Started process (PID=569) to work on /opt/airflow/dags/model_sample_dags.py
[2026-01-01T21:39:47.898+0000] {processor.py:830} INFO - Processing file /opt/airflow/dags/model_sample_dags.py for tasks to queue
[2026-01-01T21:39:47.902+0000] {logging_mixin.py:188} INFO - [2026-01-01T21:39:47.902+0000] {dagbag.py:545} INFO - Filling up the DagBag from /opt/airflow/dags/model_sample_dags.py
[2026-01-01T21:39:47.967+0000] {processor.py:840} INFO - DAG(s) 'train_model_sample' retrieved from /opt/airflow/dags/model_sample_dags.py
[2026-01-01T21:39:48.040+0000] {logging_mixin.py:188} INFO - [2026-01-01T21:39:48.039+0000] {dag.py:3089} INFO - Sync 1 DAGs
[2026-01-01T21:39:48.074+0000] {logging_mixin.py:188} INFO - [2026-01-01T21:39:48.074+0000] {dag.py:3947} INFO - Setting next_dagrun for train_model_sample to None, run_after=None
[2026-01-01T21:39:48.138+0000] {processor.py:183} INFO - Processing /opt/airflow/dags/model_sample_dags.py took 0.256 seconds
[2026-01-01T21:40:18.517+0000] {processor.py:161} INFO - Started process (PID=574) to work on /opt/airflow/dags/model_sample_dags.py
[2026-01-01T21:40:18.521+0000] {processor.py:830} INFO - Processing file /opt/airflow/dags/model_sample_dags.py for tasks to queue
[2026-01-01T21:40:18.526+0000] {logging_mixin.py:188} INFO - [2026-01-01T21:40:18.525+0000] {dagbag.py:545} INFO - Filling up the DagBag from /opt/airflow/dags/model_sample_dags.py
[2026-01-01T21:40:18.594+0000] {processor.py:840} INFO - DAG(s) 'train_model_sample' retrieved from /opt/airflow/dags/model_sample_dags.py
[2026-01-01T21:40:18.655+0000] {logging_mixin.py:188} INFO - [2026-01-01T21:40:18.654+0000] {dag.py:3089} INFO - Sync 1 DAGs
[2026-01-01T21:40:18.681+0000] {logging_mixin.py:188} INFO - [2026-01-01T21:40:18.681+0000] {dag.py:3947} INFO - Setting next_dagrun for train_model_sample to None, run_after=None
[2026-01-01T21:40:18.746+0000] {processor.py:183} INFO - Processing /opt/airflow/dags/model_sample_dags.py took 0.247 seconds
[2026-01-01T21:40:49.334+0000] {processor.py:161} INFO - Started process (PID=579) to work on /opt/airflow/dags/model_sample_dags.py
[2026-01-01T21:40:49.337+0000] {processor.py:830} INFO - Processing file /opt/airflow/dags/model_sample_dags.py for tasks to queue
[2026-01-01T21:40:49.341+0000] {logging_mixin.py:188} INFO - [2026-01-01T21:40:49.341+0000] {dagbag.py:545} INFO - Filling up the DagBag from /opt/airflow/dags/model_sample_dags.py
[2026-01-01T21:40:49.422+0000] {processor.py:840} INFO - DAG(s) 'train_model_sample' retrieved from /opt/airflow/dags/model_sample_dags.py
[2026-01-01T21:40:49.491+0000] {logging_mixin.py:188} INFO - [2026-01-01T21:40:49.491+0000] {dag.py:3089} INFO - Sync 1 DAGs
[2026-01-01T21:40:49.520+0000] {logging_mixin.py:188} INFO - [2026-01-01T21:40:49.520+0000] {dag.py:3947} INFO - Setting next_dagrun for train_model_sample to None, run_after=None
[2026-01-01T21:40:49.583+0000] {processor.py:183} INFO - Processing /opt/airflow/dags/model_sample_dags.py took 0.265 seconds
[2026-01-01T21:41:19.990+0000] {processor.py:161} INFO - Started process (PID=584) to work on /opt/airflow/dags/model_sample_dags.py
[2026-01-01T21:41:19.994+0000] {processor.py:830} INFO - Processing file /opt/airflow/dags/model_sample_dags.py for tasks to queue
[2026-01-01T21:41:20.000+0000] {logging_mixin.py:188} INFO - [2026-01-01T21:41:19.999+0000] {dagbag.py:545} INFO - Filling up the DagBag from /opt/airflow/dags/model_sample_dags.py
[2026-01-01T21:41:20.077+0000] {processor.py:840} INFO - DAG(s) 'train_model_sample' retrieved from /opt/airflow/dags/model_sample_dags.py
[2026-01-01T21:41:20.159+0000] {logging_mixin.py:188} INFO - [2026-01-01T21:41:20.158+0000] {dag.py:3089} INFO - Sync 1 DAGs
[2026-01-01T21:41:20.202+0000] {logging_mixin.py:188} INFO - [2026-01-01T21:41:20.201+0000] {dag.py:3947} INFO - Setting next_dagrun for train_model_sample to None, run_after=None
[2026-01-01T21:41:20.271+0000] {processor.py:183} INFO - Processing /opt/airflow/dags/model_sample_dags.py took 0.300 seconds
[2026-01-01T21:41:50.850+0000] {processor.py:161} INFO - Started process (PID=589) to work on /opt/airflow/dags/model_sample_dags.py
[2026-01-01T21:41:50.853+0000] {processor.py:830} INFO - Processing file /opt/airflow/dags/model_sample_dags.py for tasks to queue
[2026-01-01T21:41:50.863+0000] {logging_mixin.py:188} INFO - [2026-01-01T21:41:50.861+0000] {dagbag.py:545} INFO - Filling up the DagBag from /opt/airflow/dags/model_sample_dags.py
[2026-01-01T21:41:50.960+0000] {processor.py:840} INFO - DAG(s) 'train_model_sample' retrieved from /opt/airflow/dags/model_sample_dags.py
[2026-01-01T21:41:51.024+0000] {logging_mixin.py:188} INFO - [2026-01-01T21:41:51.024+0000] {dag.py:3089} INFO - Sync 1 DAGs
[2026-01-01T21:41:51.054+0000] {logging_mixin.py:188} INFO - [2026-01-01T21:41:51.054+0000] {dag.py:3947} INFO - Setting next_dagrun for train_model_sample to None, run_after=None
[2026-01-01T21:41:51.111+0000] {processor.py:183} INFO - Processing /opt/airflow/dags/model_sample_dags.py took 0.280 seconds
[2026-01-01T21:42:21.496+0000] {processor.py:161} INFO - Started process (PID=594) to work on /opt/airflow/dags/model_sample_dags.py
[2026-01-01T21:42:21.499+0000] {processor.py:830} INFO - Processing file /opt/airflow/dags/model_sample_dags.py for tasks to queue
[2026-01-01T21:42:21.504+0000] {logging_mixin.py:188} INFO - [2026-01-01T21:42:21.503+0000] {dagbag.py:545} INFO - Filling up the DagBag from /opt/airflow/dags/model_sample_dags.py
[2026-01-01T21:42:21.588+0000] {processor.py:840} INFO - DAG(s) 'train_model_sample' retrieved from /opt/airflow/dags/model_sample_dags.py
[2026-01-01T21:42:21.706+0000] {logging_mixin.py:188} INFO - [2026-01-01T21:42:21.705+0000] {dag.py:3089} INFO - Sync 1 DAGs
[2026-01-01T21:42:21.741+0000] {logging_mixin.py:188} INFO - [2026-01-01T21:42:21.740+0000] {dag.py:3947} INFO - Setting next_dagrun for train_model_sample to None, run_after=None
[2026-01-01T21:42:21.792+0000] {processor.py:183} INFO - Processing /opt/airflow/dags/model_sample_dags.py took 0.320 seconds
[2026-01-01T21:42:52.258+0000] {processor.py:161} INFO - Started process (PID=599) to work on /opt/airflow/dags/model_sample_dags.py
[2026-01-01T21:42:52.261+0000] {processor.py:830} INFO - Processing file /opt/airflow/dags/model_sample_dags.py for tasks to queue
[2026-01-01T21:42:52.266+0000] {logging_mixin.py:188} INFO - [2026-01-01T21:42:52.265+0000] {dagbag.py:545} INFO - Filling up the DagBag from /opt/airflow/dags/model_sample_dags.py
[2026-01-01T21:42:52.340+0000] {processor.py:840} INFO - DAG(s) 'train_model_sample' retrieved from /opt/airflow/dags/model_sample_dags.py
[2026-01-01T21:42:52.428+0000] {logging_mixin.py:188} INFO - [2026-01-01T21:42:52.427+0000] {dag.py:3089} INFO - Sync 1 DAGs
[2026-01-01T21:42:52.460+0000] {logging_mixin.py:188} INFO - [2026-01-01T21:42:52.459+0000] {dag.py:3947} INFO - Setting next_dagrun for train_model_sample to None, run_after=None
[2026-01-01T21:42:52.517+0000] {processor.py:183} INFO - Processing /opt/airflow/dags/model_sample_dags.py took 0.277 seconds
[2026-01-01T21:43:22.938+0000] {processor.py:161} INFO - Started process (PID=604) to work on /opt/airflow/dags/model_sample_dags.py
[2026-01-01T21:43:22.942+0000] {processor.py:830} INFO - Processing file /opt/airflow/dags/model_sample_dags.py for tasks to queue
[2026-01-01T21:43:22.949+0000] {logging_mixin.py:188} INFO - [2026-01-01T21:43:22.948+0000] {dagbag.py:545} INFO - Filling up the DagBag from /opt/airflow/dags/model_sample_dags.py
[2026-01-01T21:43:23.037+0000] {processor.py:840} INFO - DAG(s) 'train_model_sample' retrieved from /opt/airflow/dags/model_sample_dags.py
[2026-01-01T21:43:23.112+0000] {logging_mixin.py:188} INFO - [2026-01-01T21:43:23.112+0000] {dag.py:3089} INFO - Sync 1 DAGs
[2026-01-01T21:43:23.147+0000] {logging_mixin.py:188} INFO - [2026-01-01T21:43:23.147+0000] {dag.py:3947} INFO - Setting next_dagrun for train_model_sample to None, run_after=None
[2026-01-01T21:43:23.216+0000] {processor.py:183} INFO - Processing /opt/airflow/dags/model_sample_dags.py took 0.295 seconds
[2026-01-01T21:43:53.948+0000] {processor.py:161} INFO - Started process (PID=609) to work on /opt/airflow/dags/model_sample_dags.py
[2026-01-01T21:43:53.952+0000] {processor.py:830} INFO - Processing file /opt/airflow/dags/model_sample_dags.py for tasks to queue
[2026-01-01T21:43:53.959+0000] {logging_mixin.py:188} INFO - [2026-01-01T21:43:53.958+0000] {dagbag.py:545} INFO - Filling up the DagBag from /opt/airflow/dags/model_sample_dags.py
[2026-01-01T21:43:54.013+0000] {processor.py:840} INFO - DAG(s) 'train_model_sample' retrieved from /opt/airflow/dags/model_sample_dags.py
[2026-01-01T21:43:54.094+0000] {logging_mixin.py:188} INFO - [2026-01-01T21:43:54.094+0000] {dag.py:3089} INFO - Sync 1 DAGs
[2026-01-01T21:43:54.129+0000] {logging_mixin.py:188} INFO - [2026-01-01T21:43:54.129+0000] {dag.py:3947} INFO - Setting next_dagrun for train_model_sample to None, run_after=None
[2026-01-01T21:43:54.184+0000] {processor.py:183} INFO - Processing /opt/airflow/dags/model_sample_dags.py took 0.264 seconds
[2026-01-01T21:44:24.584+0000] {processor.py:161} INFO - Started process (PID=614) to work on /opt/airflow/dags/model_sample_dags.py
[2026-01-01T21:44:24.589+0000] {processor.py:830} INFO - Processing file /opt/airflow/dags/model_sample_dags.py for tasks to queue
[2026-01-01T21:44:24.595+0000] {logging_mixin.py:188} INFO - [2026-01-01T21:44:24.594+0000] {dagbag.py:545} INFO - Filling up the DagBag from /opt/airflow/dags/model_sample_dags.py
[2026-01-01T21:44:24.681+0000] {processor.py:840} INFO - DAG(s) 'train_model_sample' retrieved from /opt/airflow/dags/model_sample_dags.py
[2026-01-01T21:44:24.782+0000] {logging_mixin.py:188} INFO - [2026-01-01T21:44:24.781+0000] {dag.py:3089} INFO - Sync 1 DAGs
[2026-01-01T21:44:24.839+0000] {logging_mixin.py:188} INFO - [2026-01-01T21:44:24.836+0000] {dag.py:3947} INFO - Setting next_dagrun for train_model_sample to None, run_after=None
[2026-01-01T21:44:24.916+0000] {processor.py:183} INFO - Processing /opt/airflow/dags/model_sample_dags.py took 0.355 seconds
[2026-01-01T21:44:55.373+0000] {processor.py:161} INFO - Started process (PID=619) to work on /opt/airflow/dags/model_sample_dags.py
[2026-01-01T21:44:55.376+0000] {processor.py:830} INFO - Processing file /opt/airflow/dags/model_sample_dags.py for tasks to queue
[2026-01-01T21:44:55.381+0000] {logging_mixin.py:188} INFO - [2026-01-01T21:44:55.380+0000] {dagbag.py:545} INFO - Filling up the DagBag from /opt/airflow/dags/model_sample_dags.py
[2026-01-01T21:44:55.443+0000] {processor.py:840} INFO - DAG(s) 'train_model_sample' retrieved from /opt/airflow/dags/model_sample_dags.py
[2026-01-01T21:44:55.532+0000] {logging_mixin.py:188} INFO - [2026-01-01T21:44:55.532+0000] {dag.py:3089} INFO - Sync 1 DAGs
[2026-01-01T21:44:55.565+0000] {logging_mixin.py:188} INFO - [2026-01-01T21:44:55.564+0000] {dag.py:3947} INFO - Setting next_dagrun for train_model_sample to None, run_after=None
[2026-01-01T21:44:55.625+0000] {processor.py:183} INFO - Processing /opt/airflow/dags/model_sample_dags.py took 0.267 seconds
[2026-01-01T21:45:26.076+0000] {processor.py:161} INFO - Started process (PID=624) to work on /opt/airflow/dags/model_sample_dags.py
[2026-01-01T21:45:26.079+0000] {processor.py:830} INFO - Processing file /opt/airflow/dags/model_sample_dags.py for tasks to queue
[2026-01-01T21:45:26.083+0000] {logging_mixin.py:188} INFO - [2026-01-01T21:45:26.082+0000] {dagbag.py:545} INFO - Filling up the DagBag from /opt/airflow/dags/model_sample_dags.py
[2026-01-01T21:45:26.146+0000] {processor.py:840} INFO - DAG(s) 'train_model_sample' retrieved from /opt/airflow/dags/model_sample_dags.py
[2026-01-01T21:45:26.203+0000] {logging_mixin.py:188} INFO - [2026-01-01T21:45:26.202+0000] {dag.py:3089} INFO - Sync 1 DAGs
[2026-01-01T21:45:26.228+0000] {logging_mixin.py:188} INFO - [2026-01-01T21:45:26.227+0000] {dag.py:3947} INFO - Setting next_dagrun for train_model_sample to None, run_after=None
[2026-01-01T21:45:26.286+0000] {processor.py:183} INFO - Processing /opt/airflow/dags/model_sample_dags.py took 0.225 seconds
[2026-01-01T21:45:56.896+0000] {processor.py:161} INFO - Started process (PID=629) to work on /opt/airflow/dags/model_sample_dags.py
[2026-01-01T21:45:56.902+0000] {processor.py:830} INFO - Processing file /opt/airflow/dags/model_sample_dags.py for tasks to queue
[2026-01-01T21:45:56.912+0000] {logging_mixin.py:188} INFO - [2026-01-01T21:45:56.910+0000] {dagbag.py:545} INFO - Filling up the DagBag from /opt/airflow/dags/model_sample_dags.py
[2026-01-01T21:45:57.030+0000] {processor.py:840} INFO - DAG(s) 'train_model_sample' retrieved from /opt/airflow/dags/model_sample_dags.py
[2026-01-01T21:45:57.151+0000] {logging_mixin.py:188} INFO - [2026-01-01T21:45:57.150+0000] {dag.py:3089} INFO - Sync 1 DAGs
[2026-01-01T21:45:57.187+0000] {logging_mixin.py:188} INFO - [2026-01-01T21:45:57.186+0000] {dag.py:3947} INFO - Setting next_dagrun for train_model_sample to None, run_after=None
[2026-01-01T21:45:57.236+0000] {processor.py:183} INFO - Processing /opt/airflow/dags/model_sample_dags.py took 0.414 seconds
[2026-01-01T21:46:27.522+0000] {processor.py:161} INFO - Started process (PID=634) to work on /opt/airflow/dags/model_sample_dags.py
[2026-01-01T21:46:27.526+0000] {processor.py:830} INFO - Processing file /opt/airflow/dags/model_sample_dags.py for tasks to queue
[2026-01-01T21:46:27.532+0000] {logging_mixin.py:188} INFO - [2026-01-01T21:46:27.531+0000] {dagbag.py:545} INFO - Filling up the DagBag from /opt/airflow/dags/model_sample_dags.py
[2026-01-01T21:46:27.604+0000] {processor.py:840} INFO - DAG(s) 'train_model_sample' retrieved from /opt/airflow/dags/model_sample_dags.py
[2026-01-01T21:46:27.668+0000] {logging_mixin.py:188} INFO - [2026-01-01T21:46:27.668+0000] {dag.py:3089} INFO - Sync 1 DAGs
[2026-01-01T21:46:27.696+0000] {logging_mixin.py:188} INFO - [2026-01-01T21:46:27.696+0000] {dag.py:3947} INFO - Setting next_dagrun for train_model_sample to None, run_after=None
[2026-01-01T21:46:27.766+0000] {processor.py:183} INFO - Processing /opt/airflow/dags/model_sample_dags.py took 0.258 seconds
[2026-01-01T21:46:58.421+0000] {processor.py:161} INFO - Started process (PID=639) to work on /opt/airflow/dags/model_sample_dags.py
[2026-01-01T21:46:58.425+0000] {processor.py:830} INFO - Processing file /opt/airflow/dags/model_sample_dags.py for tasks to queue
[2026-01-01T21:46:58.430+0000] {logging_mixin.py:188} INFO - [2026-01-01T21:46:58.429+0000] {dagbag.py:545} INFO - Filling up the DagBag from /opt/airflow/dags/model_sample_dags.py
[2026-01-01T21:46:58.501+0000] {processor.py:840} INFO - DAG(s) 'train_model_sample' retrieved from /opt/airflow/dags/model_sample_dags.py
[2026-01-01T21:46:58.573+0000] {logging_mixin.py:188} INFO - [2026-01-01T21:46:58.572+0000] {dag.py:3089} INFO - Sync 1 DAGs
[2026-01-01T21:46:58.599+0000] {logging_mixin.py:188} INFO - [2026-01-01T21:46:58.599+0000] {dag.py:3947} INFO - Setting next_dagrun for train_model_sample to None, run_after=None
[2026-01-01T21:46:58.653+0000] {processor.py:183} INFO - Processing /opt/airflow/dags/model_sample_dags.py took 0.245 seconds
[2026-01-01T21:47:29.071+0000] {processor.py:161} INFO - Started process (PID=644) to work on /opt/airflow/dags/model_sample_dags.py
[2026-01-01T21:47:29.075+0000] {processor.py:830} INFO - Processing file /opt/airflow/dags/model_sample_dags.py for tasks to queue
[2026-01-01T21:47:29.083+0000] {logging_mixin.py:188} INFO - [2026-01-01T21:47:29.081+0000] {dagbag.py:545} INFO - Filling up the DagBag from /opt/airflow/dags/model_sample_dags.py
[2026-01-01T21:47:29.166+0000] {processor.py:840} INFO - DAG(s) 'train_model_sample' retrieved from /opt/airflow/dags/model_sample_dags.py
[2026-01-01T21:47:29.267+0000] {logging_mixin.py:188} INFO - [2026-01-01T21:47:29.266+0000] {dag.py:3089} INFO - Sync 1 DAGs
[2026-01-01T21:47:29.304+0000] {logging_mixin.py:188} INFO - [2026-01-01T21:47:29.303+0000] {dag.py:3947} INFO - Setting next_dagrun for train_model_sample to None, run_after=None
[2026-01-01T21:47:29.353+0000] {processor.py:183} INFO - Processing /opt/airflow/dags/model_sample_dags.py took 0.315 seconds
[2026-01-01T21:47:59.886+0000] {processor.py:161} INFO - Started process (PID=649) to work on /opt/airflow/dags/model_sample_dags.py
[2026-01-01T21:47:59.890+0000] {processor.py:830} INFO - Processing file /opt/airflow/dags/model_sample_dags.py for tasks to queue
[2026-01-01T21:47:59.897+0000] {logging_mixin.py:188} INFO - [2026-01-01T21:47:59.896+0000] {dagbag.py:545} INFO - Filling up the DagBag from /opt/airflow/dags/model_sample_dags.py
[2026-01-01T21:47:59.987+0000] {processor.py:840} INFO - DAG(s) 'train_model_sample' retrieved from /opt/airflow/dags/model_sample_dags.py
[2026-01-01T21:48:00.076+0000] {logging_mixin.py:188} INFO - [2026-01-01T21:48:00.075+0000] {dag.py:3089} INFO - Sync 1 DAGs
[2026-01-01T21:48:00.120+0000] {logging_mixin.py:188} INFO - [2026-01-01T21:48:00.119+0000] {dag.py:3947} INFO - Setting next_dagrun for train_model_sample to None, run_after=None
[2026-01-01T21:48:00.202+0000] {processor.py:183} INFO - Processing /opt/airflow/dags/model_sample_dags.py took 0.336 seconds
[2026-01-01T21:48:30.536+0000] {processor.py:161} INFO - Started process (PID=654) to work on /opt/airflow/dags/model_sample_dags.py
[2026-01-01T21:48:30.539+0000] {processor.py:830} INFO - Processing file /opt/airflow/dags/model_sample_dags.py for tasks to queue
[2026-01-01T21:48:30.545+0000] {logging_mixin.py:188} INFO - [2026-01-01T21:48:30.544+0000] {dagbag.py:545} INFO - Filling up the DagBag from /opt/airflow/dags/model_sample_dags.py
[2026-01-01T21:48:30.612+0000] {processor.py:840} INFO - DAG(s) 'train_model_sample' retrieved from /opt/airflow/dags/model_sample_dags.py
[2026-01-01T21:48:30.697+0000] {logging_mixin.py:188} INFO - [2026-01-01T21:48:30.696+0000] {dag.py:3089} INFO - Sync 1 DAGs
[2026-01-01T21:48:30.736+0000] {logging_mixin.py:188} INFO - [2026-01-01T21:48:30.735+0000] {dag.py:3947} INFO - Setting next_dagrun for train_model_sample to None, run_after=None
[2026-01-01T21:48:30.802+0000] {processor.py:183} INFO - Processing /opt/airflow/dags/model_sample_dags.py took 0.282 seconds
[2026-01-01T21:49:01.549+0000] {processor.py:161} INFO - Started process (PID=659) to work on /opt/airflow/dags/model_sample_dags.py
[2026-01-01T21:49:01.553+0000] {processor.py:830} INFO - Processing file /opt/airflow/dags/model_sample_dags.py for tasks to queue
[2026-01-01T21:49:01.560+0000] {logging_mixin.py:188} INFO - [2026-01-01T21:49:01.558+0000] {dagbag.py:545} INFO - Filling up the DagBag from /opt/airflow/dags/model_sample_dags.py
[2026-01-01T21:49:01.633+0000] {processor.py:840} INFO - DAG(s) 'train_model_sample' retrieved from /opt/airflow/dags/model_sample_dags.py
[2026-01-01T21:49:01.719+0000] {logging_mixin.py:188} INFO - [2026-01-01T21:49:01.718+0000] {dag.py:3089} INFO - Sync 1 DAGs
[2026-01-01T21:49:01.761+0000] {logging_mixin.py:188} INFO - [2026-01-01T21:49:01.760+0000] {dag.py:3947} INFO - Setting next_dagrun for train_model_sample to None, run_after=None
[2026-01-01T21:49:01.833+0000] {processor.py:183} INFO - Processing /opt/airflow/dags/model_sample_dags.py took 0.303 seconds
[2026-01-01T21:49:32.123+0000] {processor.py:161} INFO - Started process (PID=664) to work on /opt/airflow/dags/model_sample_dags.py
[2026-01-01T21:49:32.126+0000] {processor.py:830} INFO - Processing file /opt/airflow/dags/model_sample_dags.py for tasks to queue
[2026-01-01T21:49:32.130+0000] {logging_mixin.py:188} INFO - [2026-01-01T21:49:32.129+0000] {dagbag.py:545} INFO - Filling up the DagBag from /opt/airflow/dags/model_sample_dags.py
[2026-01-01T21:49:32.205+0000] {processor.py:840} INFO - DAG(s) 'train_model_sample' retrieved from /opt/airflow/dags/model_sample_dags.py
[2026-01-01T21:49:32.277+0000] {logging_mixin.py:188} INFO - [2026-01-01T21:49:32.276+0000] {dag.py:3089} INFO - Sync 1 DAGs
[2026-01-01T21:49:32.313+0000] {logging_mixin.py:188} INFO - [2026-01-01T21:49:32.312+0000] {dag.py:3947} INFO - Setting next_dagrun for train_model_sample to None, run_after=None
[2026-01-01T21:49:32.370+0000] {processor.py:183} INFO - Processing /opt/airflow/dags/model_sample_dags.py took 0.261 seconds
[2026-01-01T21:50:02.710+0000] {processor.py:161} INFO - Started process (PID=669) to work on /opt/airflow/dags/model_sample_dags.py
[2026-01-01T21:50:02.715+0000] {processor.py:830} INFO - Processing file /opt/airflow/dags/model_sample_dags.py for tasks to queue
[2026-01-01T21:50:02.722+0000] {logging_mixin.py:188} INFO - [2026-01-01T21:50:02.721+0000] {dagbag.py:545} INFO - Filling up the DagBag from /opt/airflow/dags/model_sample_dags.py
[2026-01-01T21:50:02.810+0000] {processor.py:840} INFO - DAG(s) 'train_model_sample' retrieved from /opt/airflow/dags/model_sample_dags.py
[2026-01-01T21:50:02.889+0000] {logging_mixin.py:188} INFO - [2026-01-01T21:50:02.888+0000] {dag.py:3089} INFO - Sync 1 DAGs
[2026-01-01T21:50:02.934+0000] {logging_mixin.py:188} INFO - [2026-01-01T21:50:02.934+0000] {dag.py:3947} INFO - Setting next_dagrun for train_model_sample to None, run_after=None
[2026-01-01T21:50:02.989+0000] {processor.py:183} INFO - Processing /opt/airflow/dags/model_sample_dags.py took 0.302 seconds
[2026-01-01T21:50:33.557+0000] {processor.py:161} INFO - Started process (PID=674) to work on /opt/airflow/dags/model_sample_dags.py
[2026-01-01T21:50:33.561+0000] {processor.py:830} INFO - Processing file /opt/airflow/dags/model_sample_dags.py for tasks to queue
[2026-01-01T21:50:33.568+0000] {logging_mixin.py:188} INFO - [2026-01-01T21:50:33.566+0000] {dagbag.py:545} INFO - Filling up the DagBag from /opt/airflow/dags/model_sample_dags.py
[2026-01-01T21:50:33.658+0000] {processor.py:840} INFO - DAG(s) 'train_model_sample' retrieved from /opt/airflow/dags/model_sample_dags.py
[2026-01-01T21:50:33.751+0000] {logging_mixin.py:188} INFO - [2026-01-01T21:50:33.750+0000] {dag.py:3089} INFO - Sync 1 DAGs
[2026-01-01T21:50:33.788+0000] {logging_mixin.py:188} INFO - [2026-01-01T21:50:33.787+0000] {dag.py:3947} INFO - Setting next_dagrun for train_model_sample to None, run_after=None
[2026-01-01T21:50:33.861+0000] {processor.py:183} INFO - Processing /opt/airflow/dags/model_sample_dags.py took 0.323 seconds
[2026-01-01T21:51:04.186+0000] {processor.py:161} INFO - Started process (PID=679) to work on /opt/airflow/dags/model_sample_dags.py
[2026-01-01T21:51:04.190+0000] {processor.py:830} INFO - Processing file /opt/airflow/dags/model_sample_dags.py for tasks to queue
[2026-01-01T21:51:04.197+0000] {logging_mixin.py:188} INFO - [2026-01-01T21:51:04.195+0000] {dagbag.py:545} INFO - Filling up the DagBag from /opt/airflow/dags/model_sample_dags.py
[2026-01-01T21:51:04.278+0000] {processor.py:840} INFO - DAG(s) 'train_model_sample' retrieved from /opt/airflow/dags/model_sample_dags.py
[2026-01-01T21:51:04.346+0000] {logging_mixin.py:188} INFO - [2026-01-01T21:51:04.346+0000] {dag.py:3089} INFO - Sync 1 DAGs
[2026-01-01T21:51:04.380+0000] {logging_mixin.py:188} INFO - [2026-01-01T21:51:04.380+0000] {dag.py:3947} INFO - Setting next_dagrun for train_model_sample to None, run_after=None
[2026-01-01T21:51:04.433+0000] {processor.py:183} INFO - Processing /opt/airflow/dags/model_sample_dags.py took 0.265 seconds
[2026-01-01T21:51:35.042+0000] {processor.py:161} INFO - Started process (PID=684) to work on /opt/airflow/dags/model_sample_dags.py
[2026-01-01T21:51:35.047+0000] {processor.py:830} INFO - Processing file /opt/airflow/dags/model_sample_dags.py for tasks to queue
[2026-01-01T21:51:35.053+0000] {logging_mixin.py:188} INFO - [2026-01-01T21:51:35.052+0000] {dagbag.py:545} INFO - Filling up the DagBag from /opt/airflow/dags/model_sample_dags.py
[2026-01-01T21:51:35.112+0000] {processor.py:840} INFO - DAG(s) 'train_model_sample' retrieved from /opt/airflow/dags/model_sample_dags.py
[2026-01-01T21:51:35.166+0000] {logging_mixin.py:188} INFO - [2026-01-01T21:51:35.166+0000] {dag.py:3089} INFO - Sync 1 DAGs
[2026-01-01T21:51:35.200+0000] {logging_mixin.py:188} INFO - [2026-01-01T21:51:35.200+0000] {dag.py:3947} INFO - Setting next_dagrun for train_model_sample to None, run_after=None
[2026-01-01T21:51:35.259+0000] {processor.py:183} INFO - Processing /opt/airflow/dags/model_sample_dags.py took 0.247 seconds
[2026-01-01T21:52:05.599+0000] {processor.py:161} INFO - Started process (PID=689) to work on /opt/airflow/dags/model_sample_dags.py
[2026-01-01T21:52:05.602+0000] {processor.py:830} INFO - Processing file /opt/airflow/dags/model_sample_dags.py for tasks to queue
[2026-01-01T21:52:05.606+0000] {logging_mixin.py:188} INFO - [2026-01-01T21:52:05.605+0000] {dagbag.py:545} INFO - Filling up the DagBag from /opt/airflow/dags/model_sample_dags.py
[2026-01-01T21:52:05.662+0000] {processor.py:840} INFO - DAG(s) 'train_model_sample' retrieved from /opt/airflow/dags/model_sample_dags.py
[2026-01-01T21:52:05.717+0000] {logging_mixin.py:188} INFO - [2026-01-01T21:52:05.716+0000] {dag.py:3089} INFO - Sync 1 DAGs
[2026-01-01T21:52:05.742+0000] {logging_mixin.py:188} INFO - [2026-01-01T21:52:05.742+0000] {dag.py:3947} INFO - Setting next_dagrun for train_model_sample to None, run_after=None
[2026-01-01T21:52:05.792+0000] {processor.py:183} INFO - Processing /opt/airflow/dags/model_sample_dags.py took 0.206 seconds
[2026-01-01T21:52:36.775+0000] {processor.py:161} INFO - Started process (PID=694) to work on /opt/airflow/dags/model_sample_dags.py
[2026-01-01T21:52:36.780+0000] {processor.py:830} INFO - Processing file /opt/airflow/dags/model_sample_dags.py for tasks to queue
[2026-01-01T21:52:36.787+0000] {logging_mixin.py:188} INFO - [2026-01-01T21:52:36.786+0000] {dagbag.py:545} INFO - Filling up the DagBag from /opt/airflow/dags/model_sample_dags.py
[2026-01-01T21:52:36.877+0000] {processor.py:840} INFO - DAG(s) 'train_model_sample' retrieved from /opt/airflow/dags/model_sample_dags.py
[2026-01-01T21:52:37.008+0000] {logging_mixin.py:188} INFO - [2026-01-01T21:52:37.006+0000] {dag.py:3089} INFO - Sync 1 DAGs
[2026-01-01T21:52:37.073+0000] {logging_mixin.py:188} INFO - [2026-01-01T21:52:37.072+0000] {dag.py:3947} INFO - Setting next_dagrun for train_model_sample to None, run_after=None
[2026-01-01T21:52:37.158+0000] {processor.py:183} INFO - Processing /opt/airflow/dags/model_sample_dags.py took 0.402 seconds
[2026-01-01T21:53:07.356+0000] {processor.py:161} INFO - Started process (PID=699) to work on /opt/airflow/dags/model_sample_dags.py
[2026-01-01T21:53:07.359+0000] {processor.py:830} INFO - Processing file /opt/airflow/dags/model_sample_dags.py for tasks to queue
[2026-01-01T21:53:07.366+0000] {logging_mixin.py:188} INFO - [2026-01-01T21:53:07.365+0000] {dagbag.py:545} INFO - Filling up the DagBag from /opt/airflow/dags/model_sample_dags.py
[2026-01-01T21:53:07.454+0000] {processor.py:840} INFO - DAG(s) 'train_model_sample' retrieved from /opt/airflow/dags/model_sample_dags.py
[2026-01-01T21:53:07.536+0000] {logging_mixin.py:188} INFO - [2026-01-01T21:53:07.535+0000] {dag.py:3089} INFO - Sync 1 DAGs
[2026-01-01T21:53:07.574+0000] {logging_mixin.py:188} INFO - [2026-01-01T21:53:07.573+0000] {dag.py:3947} INFO - Setting next_dagrun for train_model_sample to None, run_after=None
[2026-01-01T21:53:07.637+0000] {processor.py:183} INFO - Processing /opt/airflow/dags/model_sample_dags.py took 0.302 seconds
[2026-01-01T21:53:37.889+0000] {processor.py:161} INFO - Started process (PID=704) to work on /opt/airflow/dags/model_sample_dags.py
[2026-01-01T21:53:37.892+0000] {processor.py:830} INFO - Processing file /opt/airflow/dags/model_sample_dags.py for tasks to queue
[2026-01-01T21:53:37.897+0000] {logging_mixin.py:188} INFO - [2026-01-01T21:53:37.896+0000] {dagbag.py:545} INFO - Filling up the DagBag from /opt/airflow/dags/model_sample_dags.py
[2026-01-01T21:53:37.950+0000] {processor.py:840} INFO - DAG(s) 'train_model_sample' retrieved from /opt/airflow/dags/model_sample_dags.py
[2026-01-01T21:53:38.002+0000] {logging_mixin.py:188} INFO - [2026-01-01T21:53:38.001+0000] {dag.py:3089} INFO - Sync 1 DAGs
[2026-01-01T21:53:38.026+0000] {logging_mixin.py:188} INFO - [2026-01-01T21:53:38.025+0000] {dag.py:3947} INFO - Setting next_dagrun for train_model_sample to None, run_after=None
[2026-01-01T21:53:38.069+0000] {processor.py:183} INFO - Processing /opt/airflow/dags/model_sample_dags.py took 0.193 seconds
[2026-01-01T21:54:08.641+0000] {processor.py:161} INFO - Started process (PID=709) to work on /opt/airflow/dags/model_sample_dags.py
[2026-01-01T21:54:08.645+0000] {processor.py:830} INFO - Processing file /opt/airflow/dags/model_sample_dags.py for tasks to queue
[2026-01-01T21:54:08.655+0000] {logging_mixin.py:188} INFO - [2026-01-01T21:54:08.654+0000] {dagbag.py:545} INFO - Filling up the DagBag from /opt/airflow/dags/model_sample_dags.py
[2026-01-01T21:54:08.728+0000] {processor.py:840} INFO - DAG(s) 'train_model_sample' retrieved from /opt/airflow/dags/model_sample_dags.py
[2026-01-01T21:54:08.795+0000] {logging_mixin.py:188} INFO - [2026-01-01T21:54:08.794+0000] {dag.py:3089} INFO - Sync 1 DAGs
[2026-01-01T21:54:08.828+0000] {logging_mixin.py:188} INFO - [2026-01-01T21:54:08.828+0000] {dag.py:3947} INFO - Setting next_dagrun for train_model_sample to None, run_after=None
[2026-01-01T21:54:08.885+0000] {processor.py:183} INFO - Processing /opt/airflow/dags/model_sample_dags.py took 0.262 seconds
[2026-01-01T21:54:39.203+0000] {processor.py:161} INFO - Started process (PID=714) to work on /opt/airflow/dags/model_sample_dags.py
[2026-01-01T21:54:39.207+0000] {processor.py:830} INFO - Processing file /opt/airflow/dags/model_sample_dags.py for tasks to queue
[2026-01-01T21:54:39.212+0000] {logging_mixin.py:188} INFO - [2026-01-01T21:54:39.211+0000] {dagbag.py:545} INFO - Filling up the DagBag from /opt/airflow/dags/model_sample_dags.py
[2026-01-01T21:54:39.278+0000] {processor.py:840} INFO - DAG(s) 'train_model_sample' retrieved from /opt/airflow/dags/model_sample_dags.py
[2026-01-01T21:54:39.375+0000] {logging_mixin.py:188} INFO - [2026-01-01T21:54:39.374+0000] {dag.py:3089} INFO - Sync 1 DAGs
[2026-01-01T21:54:39.424+0000] {logging_mixin.py:188} INFO - [2026-01-01T21:54:39.423+0000] {dag.py:3947} INFO - Setting next_dagrun for train_model_sample to None, run_after=None
[2026-01-01T21:54:39.493+0000] {processor.py:183} INFO - Processing /opt/airflow/dags/model_sample_dags.py took 0.310 seconds
[2026-01-01T21:55:10.036+0000] {processor.py:161} INFO - Started process (PID=719) to work on /opt/airflow/dags/model_sample_dags.py
[2026-01-01T21:55:10.039+0000] {processor.py:830} INFO - Processing file /opt/airflow/dags/model_sample_dags.py for tasks to queue
[2026-01-01T21:55:10.044+0000] {logging_mixin.py:188} INFO - [2026-01-01T21:55:10.043+0000] {dagbag.py:545} INFO - Filling up the DagBag from /opt/airflow/dags/model_sample_dags.py
[2026-01-01T21:55:10.102+0000] {processor.py:840} INFO - DAG(s) 'train_model_sample' retrieved from /opt/airflow/dags/model_sample_dags.py
[2026-01-01T21:55:10.159+0000] {logging_mixin.py:188} INFO - [2026-01-01T21:55:10.158+0000] {dag.py:3089} INFO - Sync 1 DAGs
[2026-01-01T21:55:10.190+0000] {logging_mixin.py:188} INFO - [2026-01-01T21:55:10.189+0000] {dag.py:3947} INFO - Setting next_dagrun for train_model_sample to None, run_after=None
[2026-01-01T21:55:10.264+0000] {processor.py:183} INFO - Processing /opt/airflow/dags/model_sample_dags.py took 0.240 seconds
[2026-01-01T21:55:40.587+0000] {processor.py:161} INFO - Started process (PID=724) to work on /opt/airflow/dags/model_sample_dags.py
[2026-01-01T21:55:40.590+0000] {processor.py:830} INFO - Processing file /opt/airflow/dags/model_sample_dags.py for tasks to queue
[2026-01-01T21:55:40.595+0000] {logging_mixin.py:188} INFO - [2026-01-01T21:55:40.594+0000] {dagbag.py:545} INFO - Filling up the DagBag from /opt/airflow/dags/model_sample_dags.py
[2026-01-01T21:55:40.661+0000] {processor.py:840} INFO - DAG(s) 'train_model_sample' retrieved from /opt/airflow/dags/model_sample_dags.py
[2026-01-01T21:55:40.746+0000] {logging_mixin.py:188} INFO - [2026-01-01T21:55:40.745+0000] {dag.py:3089} INFO - Sync 1 DAGs
[2026-01-01T21:55:40.785+0000] {logging_mixin.py:188} INFO - [2026-01-01T21:55:40.784+0000] {dag.py:3947} INFO - Setting next_dagrun for train_model_sample to None, run_after=None
[2026-01-01T21:55:40.857+0000] {processor.py:183} INFO - Processing /opt/airflow/dags/model_sample_dags.py took 0.289 seconds
[2026-01-01T21:56:11.395+0000] {processor.py:161} INFO - Started process (PID=729) to work on /opt/airflow/dags/model_sample_dags.py
[2026-01-01T21:56:11.399+0000] {processor.py:830} INFO - Processing file /opt/airflow/dags/model_sample_dags.py for tasks to queue
[2026-01-01T21:56:11.403+0000] {logging_mixin.py:188} INFO - [2026-01-01T21:56:11.402+0000] {dagbag.py:545} INFO - Filling up the DagBag from /opt/airflow/dags/model_sample_dags.py
[2026-01-01T21:56:11.477+0000] {processor.py:840} INFO - DAG(s) 'train_model_sample' retrieved from /opt/airflow/dags/model_sample_dags.py
[2026-01-01T21:56:11.554+0000] {logging_mixin.py:188} INFO - [2026-01-01T21:56:11.553+0000] {dag.py:3089} INFO - Sync 1 DAGs
[2026-01-01T21:56:11.588+0000] {logging_mixin.py:188} INFO - [2026-01-01T21:56:11.588+0000] {dag.py:3947} INFO - Setting next_dagrun for train_model_sample to None, run_after=None
[2026-01-01T21:56:11.642+0000] {processor.py:183} INFO - Processing /opt/airflow/dags/model_sample_dags.py took 0.267 seconds
[2026-01-01T21:56:42.011+0000] {processor.py:161} INFO - Started process (PID=734) to work on /opt/airflow/dags/model_sample_dags.py
[2026-01-01T21:56:42.015+0000] {processor.py:830} INFO - Processing file /opt/airflow/dags/model_sample_dags.py for tasks to queue
[2026-01-01T21:56:42.024+0000] {logging_mixin.py:188} INFO - [2026-01-01T21:56:42.023+0000] {dagbag.py:545} INFO - Filling up the DagBag from /opt/airflow/dags/model_sample_dags.py
[2026-01-01T21:56:42.115+0000] {processor.py:840} INFO - DAG(s) 'train_model_sample' retrieved from /opt/airflow/dags/model_sample_dags.py
[2026-01-01T21:56:42.221+0000] {logging_mixin.py:188} INFO - [2026-01-01T21:56:42.219+0000] {dag.py:3089} INFO - Sync 1 DAGs
[2026-01-01T21:56:42.263+0000] {logging_mixin.py:188} INFO - [2026-01-01T21:56:42.263+0000] {dag.py:3947} INFO - Setting next_dagrun for train_model_sample to None, run_after=None
[2026-01-01T21:56:42.323+0000] {processor.py:183} INFO - Processing /opt/airflow/dags/model_sample_dags.py took 0.333 seconds
[2026-01-01T21:57:12.781+0000] {processor.py:161} INFO - Started process (PID=739) to work on /opt/airflow/dags/model_sample_dags.py
[2026-01-01T21:57:12.785+0000] {processor.py:830} INFO - Processing file /opt/airflow/dags/model_sample_dags.py for tasks to queue
[2026-01-01T21:57:12.792+0000] {logging_mixin.py:188} INFO - [2026-01-01T21:57:12.791+0000] {dagbag.py:545} INFO - Filling up the DagBag from /opt/airflow/dags/model_sample_dags.py
[2026-01-01T21:57:12.850+0000] {processor.py:840} INFO - DAG(s) 'train_model_sample' retrieved from /opt/airflow/dags/model_sample_dags.py
[2026-01-01T21:57:12.923+0000] {logging_mixin.py:188} INFO - [2026-01-01T21:57:12.922+0000] {dag.py:3089} INFO - Sync 1 DAGs
[2026-01-01T21:57:12.951+0000] {logging_mixin.py:188} INFO - [2026-01-01T21:57:12.950+0000] {dag.py:3947} INFO - Setting next_dagrun for train_model_sample to None, run_after=None
[2026-01-01T21:57:13.001+0000] {processor.py:183} INFO - Processing /opt/airflow/dags/model_sample_dags.py took 0.238 seconds
[2026-01-01T21:57:43.432+0000] {processor.py:161} INFO - Started process (PID=744) to work on /opt/airflow/dags/model_sample_dags.py
[2026-01-01T21:57:43.435+0000] {processor.py:830} INFO - Processing file /opt/airflow/dags/model_sample_dags.py for tasks to queue
[2026-01-01T21:57:43.440+0000] {logging_mixin.py:188} INFO - [2026-01-01T21:57:43.439+0000] {dagbag.py:545} INFO - Filling up the DagBag from /opt/airflow/dags/model_sample_dags.py
[2026-01-01T21:57:43.500+0000] {processor.py:840} INFO - DAG(s) 'train_model_sample' retrieved from /opt/airflow/dags/model_sample_dags.py
[2026-01-01T21:57:43.591+0000] {logging_mixin.py:188} INFO - [2026-01-01T21:57:43.590+0000] {dag.py:3089} INFO - Sync 1 DAGs
[2026-01-01T21:57:43.624+0000] {logging_mixin.py:188} INFO - [2026-01-01T21:57:43.624+0000] {dag.py:3947} INFO - Setting next_dagrun for train_model_sample to None, run_after=None
[2026-01-01T21:57:43.669+0000] {processor.py:183} INFO - Processing /opt/airflow/dags/model_sample_dags.py took 0.250 seconds
[2026-01-01T21:58:14.241+0000] {processor.py:161} INFO - Started process (PID=749) to work on /opt/airflow/dags/model_sample_dags.py
[2026-01-01T21:58:14.244+0000] {processor.py:830} INFO - Processing file /opt/airflow/dags/model_sample_dags.py for tasks to queue
[2026-01-01T21:58:14.251+0000] {logging_mixin.py:188} INFO - [2026-01-01T21:58:14.250+0000] {dagbag.py:545} INFO - Filling up the DagBag from /opt/airflow/dags/model_sample_dags.py
[2026-01-01T21:58:14.313+0000] {processor.py:840} INFO - DAG(s) 'train_model_sample' retrieved from /opt/airflow/dags/model_sample_dags.py
[2026-01-01T21:58:14.373+0000] {logging_mixin.py:188} INFO - [2026-01-01T21:58:14.373+0000] {dag.py:3089} INFO - Sync 1 DAGs
[2026-01-01T21:58:14.402+0000] {logging_mixin.py:188} INFO - [2026-01-01T21:58:14.402+0000] {dag.py:3947} INFO - Setting next_dagrun for train_model_sample to None, run_after=None
[2026-01-01T21:58:14.455+0000] {processor.py:183} INFO - Processing /opt/airflow/dags/model_sample_dags.py took 0.229 seconds
[2026-01-01T21:58:44.803+0000] {processor.py:161} INFO - Started process (PID=754) to work on /opt/airflow/dags/model_sample_dags.py
[2026-01-01T21:58:44.808+0000] {processor.py:830} INFO - Processing file /opt/airflow/dags/model_sample_dags.py for tasks to queue
[2026-01-01T21:58:44.813+0000] {logging_mixin.py:188} INFO - [2026-01-01T21:58:44.812+0000] {dagbag.py:545} INFO - Filling up the DagBag from /opt/airflow/dags/model_sample_dags.py
[2026-01-01T21:58:44.893+0000] {processor.py:840} INFO - DAG(s) 'train_model_sample' retrieved from /opt/airflow/dags/model_sample_dags.py
[2026-01-01T21:58:44.975+0000] {logging_mixin.py:188} INFO - [2026-01-01T21:58:44.974+0000] {dag.py:3089} INFO - Sync 1 DAGs
[2026-01-01T21:58:45.023+0000] {logging_mixin.py:188} INFO - [2026-01-01T21:58:45.022+0000] {dag.py:3947} INFO - Setting next_dagrun for train_model_sample to None, run_after=None
[2026-01-01T21:58:45.091+0000] {processor.py:183} INFO - Processing /opt/airflow/dags/model_sample_dags.py took 0.307 seconds
[2026-01-01T21:59:15.340+0000] {processor.py:161} INFO - Started process (PID=759) to work on /opt/airflow/dags/model_sample_dags.py
[2026-01-01T21:59:15.344+0000] {processor.py:830} INFO - Processing file /opt/airflow/dags/model_sample_dags.py for tasks to queue
[2026-01-01T21:59:15.352+0000] {logging_mixin.py:188} INFO - [2026-01-01T21:59:15.351+0000] {dagbag.py:545} INFO - Filling up the DagBag from /opt/airflow/dags/model_sample_dags.py
[2026-01-01T21:59:15.443+0000] {processor.py:840} INFO - DAG(s) 'train_model_sample' retrieved from /opt/airflow/dags/model_sample_dags.py
[2026-01-01T21:59:15.520+0000] {logging_mixin.py:188} INFO - [2026-01-01T21:59:15.519+0000] {dag.py:3089} INFO - Sync 1 DAGs
[2026-01-01T21:59:15.563+0000] {logging_mixin.py:188} INFO - [2026-01-01T21:59:15.561+0000] {dag.py:3947} INFO - Setting next_dagrun for train_model_sample to None, run_after=None
[2026-01-01T21:59:15.635+0000] {processor.py:183} INFO - Processing /opt/airflow/dags/model_sample_dags.py took 0.319 seconds
[2026-01-01T21:59:46.276+0000] {processor.py:161} INFO - Started process (PID=764) to work on /opt/airflow/dags/model_sample_dags.py
[2026-01-01T21:59:46.281+0000] {processor.py:830} INFO - Processing file /opt/airflow/dags/model_sample_dags.py for tasks to queue
[2026-01-01T21:59:46.287+0000] {logging_mixin.py:188} INFO - [2026-01-01T21:59:46.287+0000] {dagbag.py:545} INFO - Filling up the DagBag from /opt/airflow/dags/model_sample_dags.py
[2026-01-01T21:59:46.374+0000] {processor.py:840} INFO - DAG(s) 'train_model_sample' retrieved from /opt/airflow/dags/model_sample_dags.py
[2026-01-01T21:59:46.447+0000] {logging_mixin.py:188} INFO - [2026-01-01T21:59:46.447+0000] {dag.py:3089} INFO - Sync 1 DAGs
[2026-01-01T21:59:46.479+0000] {logging_mixin.py:188} INFO - [2026-01-01T21:59:46.478+0000] {dag.py:3947} INFO - Setting next_dagrun for train_model_sample to None, run_after=None
[2026-01-01T21:59:46.536+0000] {processor.py:183} INFO - Processing /opt/airflow/dags/model_sample_dags.py took 0.278 seconds
[2026-01-01T22:00:17.314+0000] {processor.py:161} INFO - Started process (PID=769) to work on /opt/airflow/dags/model_sample_dags.py
[2026-01-01T22:00:17.319+0000] {processor.py:830} INFO - Processing file /opt/airflow/dags/model_sample_dags.py for tasks to queue
[2026-01-01T22:00:17.327+0000] {logging_mixin.py:188} INFO - [2026-01-01T22:00:17.325+0000] {dagbag.py:545} INFO - Filling up the DagBag from /opt/airflow/dags/model_sample_dags.py
[2026-01-01T22:00:17.415+0000] {processor.py:840} INFO - DAG(s) 'train_model_sample' retrieved from /opt/airflow/dags/model_sample_dags.py
[2026-01-01T22:00:17.531+0000] {logging_mixin.py:188} INFO - [2026-01-01T22:00:17.529+0000] {dag.py:3089} INFO - Sync 1 DAGs
[2026-01-01T22:00:17.574+0000] {logging_mixin.py:188} INFO - [2026-01-01T22:00:17.574+0000] {dag.py:3947} INFO - Setting next_dagrun for train_model_sample to None, run_after=None
[2026-01-01T22:00:17.628+0000] {processor.py:183} INFO - Processing /opt/airflow/dags/model_sample_dags.py took 0.345 seconds
[2026-01-01T22:00:48.109+0000] {processor.py:161} INFO - Started process (PID=774) to work on /opt/airflow/dags/model_sample_dags.py
[2026-01-01T22:00:48.113+0000] {processor.py:830} INFO - Processing file /opt/airflow/dags/model_sample_dags.py for tasks to queue
[2026-01-01T22:00:48.122+0000] {logging_mixin.py:188} INFO - [2026-01-01T22:00:48.121+0000] {dagbag.py:545} INFO - Filling up the DagBag from /opt/airflow/dags/model_sample_dags.py
[2026-01-01T22:00:48.204+0000] {processor.py:840} INFO - DAG(s) 'train_model_sample' retrieved from /opt/airflow/dags/model_sample_dags.py
[2026-01-01T22:00:48.276+0000] {logging_mixin.py:188} INFO - [2026-01-01T22:00:48.275+0000] {dag.py:3089} INFO - Sync 1 DAGs
[2026-01-01T22:00:48.311+0000] {logging_mixin.py:188} INFO - [2026-01-01T22:00:48.310+0000] {dag.py:3947} INFO - Setting next_dagrun for train_model_sample to None, run_after=None
[2026-01-01T22:00:48.376+0000] {processor.py:183} INFO - Processing /opt/airflow/dags/model_sample_dags.py took 0.299 seconds
[2026-01-01T22:01:19.209+0000] {processor.py:161} INFO - Started process (PID=779) to work on /opt/airflow/dags/model_sample_dags.py
[2026-01-01T22:01:19.214+0000] {processor.py:830} INFO - Processing file /opt/airflow/dags/model_sample_dags.py for tasks to queue
[2026-01-01T22:01:19.220+0000] {logging_mixin.py:188} INFO - [2026-01-01T22:01:19.220+0000] {dagbag.py:545} INFO - Filling up the DagBag from /opt/airflow/dags/model_sample_dags.py
[2026-01-01T22:01:19.303+0000] {processor.py:840} INFO - DAG(s) 'train_model_sample' retrieved from /opt/airflow/dags/model_sample_dags.py
[2026-01-01T22:01:19.375+0000] {logging_mixin.py:188} INFO - [2026-01-01T22:01:19.374+0000] {dag.py:3089} INFO - Sync 1 DAGs
[2026-01-01T22:01:19.400+0000] {logging_mixin.py:188} INFO - [2026-01-01T22:01:19.400+0000] {dag.py:3947} INFO - Setting next_dagrun for train_model_sample to None, run_after=None
[2026-01-01T22:01:19.449+0000] {processor.py:183} INFO - Processing /opt/airflow/dags/model_sample_dags.py took 0.258 seconds
[2026-01-01T22:01:50.025+0000] {processor.py:161} INFO - Started process (PID=784) to work on /opt/airflow/dags/model_sample_dags.py
[2026-01-01T22:01:50.029+0000] {processor.py:830} INFO - Processing file /opt/airflow/dags/model_sample_dags.py for tasks to queue
[2026-01-01T22:01:50.036+0000] {logging_mixin.py:188} INFO - [2026-01-01T22:01:50.035+0000] {dagbag.py:545} INFO - Filling up the DagBag from /opt/airflow/dags/model_sample_dags.py
[2026-01-01T22:01:50.135+0000] {processor.py:840} INFO - DAG(s) 'train_model_sample' retrieved from /opt/airflow/dags/model_sample_dags.py
[2026-01-01T22:01:50.207+0000] {logging_mixin.py:188} INFO - [2026-01-01T22:01:50.206+0000] {dag.py:3089} INFO - Sync 1 DAGs
[2026-01-01T22:01:50.239+0000] {logging_mixin.py:188} INFO - [2026-01-01T22:01:50.238+0000] {dag.py:3947} INFO - Setting next_dagrun for train_model_sample to None, run_after=None
[2026-01-01T22:01:50.286+0000] {processor.py:183} INFO - Processing /opt/airflow/dags/model_sample_dags.py took 0.282 seconds
[2026-01-01T22:02:20.613+0000] {processor.py:161} INFO - Started process (PID=789) to work on /opt/airflow/dags/model_sample_dags.py
[2026-01-01T22:02:20.617+0000] {processor.py:830} INFO - Processing file /opt/airflow/dags/model_sample_dags.py for tasks to queue
[2026-01-01T22:02:20.627+0000] {logging_mixin.py:188} INFO - [2026-01-01T22:02:20.626+0000] {dagbag.py:545} INFO - Filling up the DagBag from /opt/airflow/dags/model_sample_dags.py
[2026-01-01T22:02:20.710+0000] {processor.py:840} INFO - DAG(s) 'train_model_sample' retrieved from /opt/airflow/dags/model_sample_dags.py
[2026-01-01T22:02:20.787+0000] {logging_mixin.py:188} INFO - [2026-01-01T22:02:20.786+0000] {dag.py:3089} INFO - Sync 1 DAGs
[2026-01-01T22:02:20.828+0000] {logging_mixin.py:188} INFO - [2026-01-01T22:02:20.827+0000] {dag.py:3947} INFO - Setting next_dagrun for train_model_sample to None, run_after=None
[2026-01-01T22:02:20.884+0000] {processor.py:183} INFO - Processing /opt/airflow/dags/model_sample_dags.py took 0.296 seconds
[2026-01-01T22:02:51.781+0000] {processor.py:161} INFO - Started process (PID=794) to work on /opt/airflow/dags/model_sample_dags.py
[2026-01-01T22:02:51.783+0000] {processor.py:830} INFO - Processing file /opt/airflow/dags/model_sample_dags.py for tasks to queue
[2026-01-01T22:02:51.789+0000] {logging_mixin.py:188} INFO - [2026-01-01T22:02:51.788+0000] {dagbag.py:545} INFO - Filling up the DagBag from /opt/airflow/dags/model_sample_dags.py
[2026-01-01T22:02:51.845+0000] {processor.py:840} INFO - DAG(s) 'train_model_sample' retrieved from /opt/airflow/dags/model_sample_dags.py
[2026-01-01T22:02:51.903+0000] {logging_mixin.py:188} INFO - [2026-01-01T22:02:51.903+0000] {dag.py:3089} INFO - Sync 1 DAGs
[2026-01-01T22:02:51.929+0000] {logging_mixin.py:188} INFO - [2026-01-01T22:02:51.928+0000] {dag.py:3947} INFO - Setting next_dagrun for train_model_sample to None, run_after=None
[2026-01-01T22:02:51.976+0000] {processor.py:183} INFO - Processing /opt/airflow/dags/model_sample_dags.py took 0.212 seconds
[2026-01-01T22:03:22.342+0000] {processor.py:161} INFO - Started process (PID=799) to work on /opt/airflow/dags/model_sample_dags.py
[2026-01-01T22:03:22.345+0000] {processor.py:830} INFO - Processing file /opt/airflow/dags/model_sample_dags.py for tasks to queue
[2026-01-01T22:03:22.350+0000] {logging_mixin.py:188} INFO - [2026-01-01T22:03:22.349+0000] {dagbag.py:545} INFO - Filling up the DagBag from /opt/airflow/dags/model_sample_dags.py
[2026-01-01T22:03:22.406+0000] {processor.py:840} INFO - DAG(s) 'train_model_sample' retrieved from /opt/airflow/dags/model_sample_dags.py
[2026-01-01T22:03:22.465+0000] {logging_mixin.py:188} INFO - [2026-01-01T22:03:22.464+0000] {dag.py:3089} INFO - Sync 1 DAGs
[2026-01-01T22:03:22.506+0000] {logging_mixin.py:188} INFO - [2026-01-01T22:03:22.505+0000] {dag.py:3947} INFO - Setting next_dagrun for train_model_sample to None, run_after=None
[2026-01-01T22:03:22.579+0000] {processor.py:183} INFO - Processing /opt/airflow/dags/model_sample_dags.py took 0.253 seconds
[2026-01-01T22:03:53.616+0000] {processor.py:161} INFO - Started process (PID=804) to work on /opt/airflow/dags/model_sample_dags.py
[2026-01-01T22:03:53.620+0000] {processor.py:830} INFO - Processing file /opt/airflow/dags/model_sample_dags.py for tasks to queue
[2026-01-01T22:03:53.627+0000] {logging_mixin.py:188} INFO - [2026-01-01T22:03:53.626+0000] {dagbag.py:545} INFO - Filling up the DagBag from /opt/airflow/dags/model_sample_dags.py
[2026-01-01T22:03:53.707+0000] {processor.py:840} INFO - DAG(s) 'train_model_sample' retrieved from /opt/airflow/dags/model_sample_dags.py
[2026-01-01T22:03:53.872+0000] {logging_mixin.py:188} INFO - [2026-01-01T22:03:53.871+0000] {dag.py:3089} INFO - Sync 1 DAGs
[2026-01-01T22:03:53.949+0000] {logging_mixin.py:188} INFO - [2026-01-01T22:03:53.948+0000] {dag.py:3947} INFO - Setting next_dagrun for train_model_sample to None, run_after=None
[2026-01-01T22:03:54.070+0000] {processor.py:183} INFO - Processing /opt/airflow/dags/model_sample_dags.py took 0.471 seconds
[2026-01-01T22:04:24.684+0000] {processor.py:161} INFO - Started process (PID=809) to work on /opt/airflow/dags/model_sample_dags.py
[2026-01-01T22:04:24.688+0000] {processor.py:830} INFO - Processing file /opt/airflow/dags/model_sample_dags.py for tasks to queue
[2026-01-01T22:04:24.694+0000] {logging_mixin.py:188} INFO - [2026-01-01T22:04:24.693+0000] {dagbag.py:545} INFO - Filling up the DagBag from /opt/airflow/dags/model_sample_dags.py
[2026-01-01T22:04:24.776+0000] {processor.py:840} INFO - DAG(s) 'train_model_sample' retrieved from /opt/airflow/dags/model_sample_dags.py
[2026-01-01T22:04:24.865+0000] {logging_mixin.py:188} INFO - [2026-01-01T22:04:24.864+0000] {dag.py:3089} INFO - Sync 1 DAGs
[2026-01-01T22:04:24.903+0000] {logging_mixin.py:188} INFO - [2026-01-01T22:04:24.903+0000] {dag.py:3947} INFO - Setting next_dagrun for train_model_sample to None, run_after=None
[2026-01-01T22:04:24.981+0000] {processor.py:183} INFO - Processing /opt/airflow/dags/model_sample_dags.py took 0.314 seconds
[2026-01-01T22:04:55.611+0000] {processor.py:161} INFO - Started process (PID=814) to work on /opt/airflow/dags/model_sample_dags.py
[2026-01-01T22:04:55.614+0000] {processor.py:830} INFO - Processing file /opt/airflow/dags/model_sample_dags.py for tasks to queue
[2026-01-01T22:04:55.618+0000] {logging_mixin.py:188} INFO - [2026-01-01T22:04:55.618+0000] {dagbag.py:545} INFO - Filling up the DagBag from /opt/airflow/dags/model_sample_dags.py
[2026-01-01T22:04:55.682+0000] {processor.py:840} INFO - DAG(s) 'train_model_sample' retrieved from /opt/airflow/dags/model_sample_dags.py
[2026-01-01T22:04:55.771+0000] {logging_mixin.py:188} INFO - [2026-01-01T22:04:55.770+0000] {dag.py:3089} INFO - Sync 1 DAGs
[2026-01-01T22:04:55.813+0000] {logging_mixin.py:188} INFO - [2026-01-01T22:04:55.812+0000] {dag.py:3947} INFO - Setting next_dagrun for train_model_sample to None, run_after=None
[2026-01-01T22:04:55.883+0000] {processor.py:183} INFO - Processing /opt/airflow/dags/model_sample_dags.py took 0.286 seconds
[2026-01-01T22:05:26.536+0000] {processor.py:161} INFO - Started process (PID=819) to work on /opt/airflow/dags/model_sample_dags.py
[2026-01-01T22:05:26.539+0000] {processor.py:830} INFO - Processing file /opt/airflow/dags/model_sample_dags.py for tasks to queue
[2026-01-01T22:05:26.543+0000] {logging_mixin.py:188} INFO - [2026-01-01T22:05:26.542+0000] {dagbag.py:545} INFO - Filling up the DagBag from /opt/airflow/dags/model_sample_dags.py
[2026-01-01T22:05:26.603+0000] {processor.py:840} INFO - DAG(s) 'train_model_sample' retrieved from /opt/airflow/dags/model_sample_dags.py
[2026-01-01T22:05:26.685+0000] {logging_mixin.py:188} INFO - [2026-01-01T22:05:26.684+0000] {dag.py:3089} INFO - Sync 1 DAGs
[2026-01-01T22:05:26.722+0000] {logging_mixin.py:188} INFO - [2026-01-01T22:05:26.721+0000] {dag.py:3947} INFO - Setting next_dagrun for train_model_sample to None, run_after=None
[2026-01-01T22:05:26.779+0000] {processor.py:183} INFO - Processing /opt/airflow/dags/model_sample_dags.py took 0.256 seconds
[2026-01-01T22:05:57.514+0000] {processor.py:161} INFO - Started process (PID=824) to work on /opt/airflow/dags/model_sample_dags.py
[2026-01-01T22:05:57.518+0000] {processor.py:830} INFO - Processing file /opt/airflow/dags/model_sample_dags.py for tasks to queue
[2026-01-01T22:05:57.525+0000] {logging_mixin.py:188} INFO - [2026-01-01T22:05:57.524+0000] {dagbag.py:545} INFO - Filling up the DagBag from /opt/airflow/dags/model_sample_dags.py
[2026-01-01T22:05:57.592+0000] {processor.py:840} INFO - DAG(s) 'train_model_sample' retrieved from /opt/airflow/dags/model_sample_dags.py
[2026-01-01T22:05:57.653+0000] {logging_mixin.py:188} INFO - [2026-01-01T22:05:57.653+0000] {dag.py:3089} INFO - Sync 1 DAGs
[2026-01-01T22:05:57.677+0000] {logging_mixin.py:188} INFO - [2026-01-01T22:05:57.677+0000] {dag.py:3947} INFO - Setting next_dagrun for train_model_sample to None, run_after=None
[2026-01-01T22:05:57.727+0000] {processor.py:183} INFO - Processing /opt/airflow/dags/model_sample_dags.py took 0.235 seconds
[2026-01-01T22:06:28.737+0000] {processor.py:161} INFO - Started process (PID=829) to work on /opt/airflow/dags/model_sample_dags.py
[2026-01-01T22:06:28.741+0000] {processor.py:830} INFO - Processing file /opt/airflow/dags/model_sample_dags.py for tasks to queue
[2026-01-01T22:06:28.748+0000] {logging_mixin.py:188} INFO - [2026-01-01T22:06:28.747+0000] {dagbag.py:545} INFO - Filling up the DagBag from /opt/airflow/dags/model_sample_dags.py
[2026-01-01T22:06:28.831+0000] {processor.py:840} INFO - DAG(s) 'train_model_sample' retrieved from /opt/airflow/dags/model_sample_dags.py
[2026-01-01T22:06:28.907+0000] {logging_mixin.py:188} INFO - [2026-01-01T22:06:28.906+0000] {dag.py:3089} INFO - Sync 1 DAGs
[2026-01-01T22:06:28.937+0000] {logging_mixin.py:188} INFO - [2026-01-01T22:06:28.936+0000] {dag.py:3947} INFO - Setting next_dagrun for train_model_sample to None, run_after=None
[2026-01-01T22:06:28.994+0000] {processor.py:183} INFO - Processing /opt/airflow/dags/model_sample_dags.py took 0.277 seconds
[2026-01-01T22:06:59.764+0000] {processor.py:161} INFO - Started process (PID=834) to work on /opt/airflow/dags/model_sample_dags.py
[2026-01-01T22:06:59.770+0000] {processor.py:830} INFO - Processing file /opt/airflow/dags/model_sample_dags.py for tasks to queue
[2026-01-01T22:06:59.775+0000] {logging_mixin.py:188} INFO - [2026-01-01T22:06:59.774+0000] {dagbag.py:545} INFO - Filling up the DagBag from /opt/airflow/dags/model_sample_dags.py
[2026-01-01T22:06:59.837+0000] {processor.py:840} INFO - DAG(s) 'train_model_sample' retrieved from /opt/airflow/dags/model_sample_dags.py
[2026-01-01T22:06:59.900+0000] {logging_mixin.py:188} INFO - [2026-01-01T22:06:59.899+0000] {dag.py:3089} INFO - Sync 1 DAGs
[2026-01-01T22:06:59.939+0000] {logging_mixin.py:188} INFO - [2026-01-01T22:06:59.939+0000] {dag.py:3947} INFO - Setting next_dagrun for train_model_sample to None, run_after=None
[2026-01-01T22:07:00.003+0000] {processor.py:183} INFO - Processing /opt/airflow/dags/model_sample_dags.py took 0.258 seconds
[2026-01-01T22:07:31.055+0000] {processor.py:161} INFO - Started process (PID=839) to work on /opt/airflow/dags/model_sample_dags.py
[2026-01-01T22:07:31.059+0000] {processor.py:830} INFO - Processing file /opt/airflow/dags/model_sample_dags.py for tasks to queue
[2026-01-01T22:07:31.067+0000] {logging_mixin.py:188} INFO - [2026-01-01T22:07:31.066+0000] {dagbag.py:545} INFO - Filling up the DagBag from /opt/airflow/dags/model_sample_dags.py
[2026-01-01T22:07:31.158+0000] {processor.py:840} INFO - DAG(s) 'train_model_sample' retrieved from /opt/airflow/dags/model_sample_dags.py
[2026-01-01T22:07:31.217+0000] {logging_mixin.py:188} INFO - [2026-01-01T22:07:31.216+0000] {dag.py:3089} INFO - Sync 1 DAGs
[2026-01-01T22:07:31.242+0000] {logging_mixin.py:188} INFO - [2026-01-01T22:07:31.241+0000] {dag.py:3947} INFO - Setting next_dagrun for train_model_sample to None, run_after=None
[2026-01-01T22:07:31.305+0000] {processor.py:183} INFO - Processing /opt/airflow/dags/model_sample_dags.py took 0.267 seconds
[2026-01-01T22:08:01.415+0000] {processor.py:161} INFO - Started process (PID=844) to work on /opt/airflow/dags/model_sample_dags.py
[2026-01-01T22:08:01.418+0000] {processor.py:830} INFO - Processing file /opt/airflow/dags/model_sample_dags.py for tasks to queue
[2026-01-01T22:08:01.422+0000] {logging_mixin.py:188} INFO - [2026-01-01T22:08:01.421+0000] {dagbag.py:545} INFO - Filling up the DagBag from /opt/airflow/dags/model_sample_dags.py
[2026-01-01T22:08:01.478+0000] {processor.py:840} INFO - DAG(s) 'train_model_sample' retrieved from /opt/airflow/dags/model_sample_dags.py
[2026-01-01T22:08:01.552+0000] {logging_mixin.py:188} INFO - [2026-01-01T22:08:01.551+0000] {dag.py:3089} INFO - Sync 1 DAGs
[2026-01-01T22:08:01.581+0000] {logging_mixin.py:188} INFO - [2026-01-01T22:08:01.581+0000] {dag.py:3947} INFO - Setting next_dagrun for train_model_sample to None, run_after=None
[2026-01-01T22:08:01.629+0000] {processor.py:183} INFO - Processing /opt/airflow/dags/model_sample_dags.py took 0.228 seconds
[2026-01-01T22:08:32.300+0000] {processor.py:161} INFO - Started process (PID=849) to work on /opt/airflow/dags/model_sample_dags.py
[2026-01-01T22:08:32.302+0000] {processor.py:830} INFO - Processing file /opt/airflow/dags/model_sample_dags.py for tasks to queue
[2026-01-01T22:08:32.306+0000] {logging_mixin.py:188} INFO - [2026-01-01T22:08:32.306+0000] {dagbag.py:545} INFO - Filling up the DagBag from /opt/airflow/dags/model_sample_dags.py
[2026-01-01T22:08:32.366+0000] {processor.py:840} INFO - DAG(s) 'train_model_sample' retrieved from /opt/airflow/dags/model_sample_dags.py
[2026-01-01T22:08:32.431+0000] {logging_mixin.py:188} INFO - [2026-01-01T22:08:32.430+0000] {dag.py:3089} INFO - Sync 1 DAGs
[2026-01-01T22:08:32.466+0000] {logging_mixin.py:188} INFO - [2026-01-01T22:08:32.466+0000] {dag.py:3947} INFO - Setting next_dagrun for train_model_sample to None, run_after=None
[2026-01-01T22:08:32.530+0000] {processor.py:183} INFO - Processing /opt/airflow/dags/model_sample_dags.py took 0.245 seconds
[2026-01-01T22:09:02.692+0000] {processor.py:161} INFO - Started process (PID=854) to work on /opt/airflow/dags/model_sample_dags.py
[2026-01-01T22:09:02.695+0000] {processor.py:830} INFO - Processing file /opt/airflow/dags/model_sample_dags.py for tasks to queue
[2026-01-01T22:09:02.700+0000] {logging_mixin.py:188} INFO - [2026-01-01T22:09:02.699+0000] {dagbag.py:545} INFO - Filling up the DagBag from /opt/airflow/dags/model_sample_dags.py
[2026-01-01T22:09:02.759+0000] {processor.py:840} INFO - DAG(s) 'train_model_sample' retrieved from /opt/airflow/dags/model_sample_dags.py
[2026-01-01T22:09:02.811+0000] {logging_mixin.py:188} INFO - [2026-01-01T22:09:02.811+0000] {dag.py:3089} INFO - Sync 1 DAGs
[2026-01-01T22:09:02.836+0000] {logging_mixin.py:188} INFO - [2026-01-01T22:09:02.835+0000] {dag.py:3947} INFO - Setting next_dagrun for train_model_sample to None, run_after=None
[2026-01-01T22:09:02.883+0000] {processor.py:183} INFO - Processing /opt/airflow/dags/model_sample_dags.py took 0.205 seconds
[2026-01-01T22:09:33.043+0000] {processor.py:161} INFO - Started process (PID=859) to work on /opt/airflow/dags/model_sample_dags.py
[2026-01-01T22:09:33.047+0000] {processor.py:830} INFO - Processing file /opt/airflow/dags/model_sample_dags.py for tasks to queue
[2026-01-01T22:09:33.053+0000] {logging_mixin.py:188} INFO - [2026-01-01T22:09:33.052+0000] {dagbag.py:545} INFO - Filling up the DagBag from /opt/airflow/dags/model_sample_dags.py
[2026-01-01T22:09:33.137+0000] {processor.py:840} INFO - DAG(s) 'train_model_sample' retrieved from /opt/airflow/dags/model_sample_dags.py
[2026-01-01T22:09:33.199+0000] {logging_mixin.py:188} INFO - [2026-01-01T22:09:33.199+0000] {dag.py:3089} INFO - Sync 1 DAGs
[2026-01-01T22:09:33.229+0000] {logging_mixin.py:188} INFO - [2026-01-01T22:09:33.228+0000] {dag.py:3947} INFO - Setting next_dagrun for train_model_sample to None, run_after=None
[2026-01-01T22:09:33.283+0000] {processor.py:183} INFO - Processing /opt/airflow/dags/model_sample_dags.py took 0.258 seconds
[2026-01-01T22:10:04.042+0000] {processor.py:161} INFO - Started process (PID=864) to work on /opt/airflow/dags/model_sample_dags.py
[2026-01-01T22:10:04.045+0000] {processor.py:830} INFO - Processing file /opt/airflow/dags/model_sample_dags.py for tasks to queue
[2026-01-01T22:10:04.051+0000] {logging_mixin.py:188} INFO - [2026-01-01T22:10:04.050+0000] {dagbag.py:545} INFO - Filling up the DagBag from /opt/airflow/dags/model_sample_dags.py
[2026-01-01T22:10:04.133+0000] {processor.py:840} INFO - DAG(s) 'train_model_sample' retrieved from /opt/airflow/dags/model_sample_dags.py
[2026-01-01T22:10:04.221+0000] {logging_mixin.py:188} INFO - [2026-01-01T22:10:04.220+0000] {dag.py:3089} INFO - Sync 1 DAGs
[2026-01-01T22:10:04.272+0000] {logging_mixin.py:188} INFO - [2026-01-01T22:10:04.271+0000] {dag.py:3947} INFO - Setting next_dagrun for train_model_sample to None, run_after=None
[2026-01-01T22:10:04.355+0000] {processor.py:183} INFO - Processing /opt/airflow/dags/model_sample_dags.py took 0.331 seconds
[2026-01-01T22:10:35.329+0000] {processor.py:161} INFO - Started process (PID=869) to work on /opt/airflow/dags/model_sample_dags.py
[2026-01-01T22:10:35.331+0000] {processor.py:830} INFO - Processing file /opt/airflow/dags/model_sample_dags.py for tasks to queue
[2026-01-01T22:10:35.335+0000] {logging_mixin.py:188} INFO - [2026-01-01T22:10:35.335+0000] {dagbag.py:545} INFO - Filling up the DagBag from /opt/airflow/dags/model_sample_dags.py
[2026-01-01T22:10:35.377+0000] {processor.py:840} INFO - DAG(s) 'train_model_sample' retrieved from /opt/airflow/dags/model_sample_dags.py
[2026-01-01T22:10:35.426+0000] {logging_mixin.py:188} INFO - [2026-01-01T22:10:35.426+0000] {dag.py:3089} INFO - Sync 1 DAGs
[2026-01-01T22:10:35.448+0000] {logging_mixin.py:188} INFO - [2026-01-01T22:10:35.448+0000] {dag.py:3947} INFO - Setting next_dagrun for train_model_sample to None, run_after=None
[2026-01-01T22:10:35.482+0000] {processor.py:183} INFO - Processing /opt/airflow/dags/model_sample_dags.py took 0.164 seconds
[2026-01-01T22:11:06.369+0000] {processor.py:161} INFO - Started process (PID=874) to work on /opt/airflow/dags/model_sample_dags.py
[2026-01-01T22:11:06.373+0000] {processor.py:830} INFO - Processing file /opt/airflow/dags/model_sample_dags.py for tasks to queue
[2026-01-01T22:11:06.379+0000] {logging_mixin.py:188} INFO - [2026-01-01T22:11:06.378+0000] {dagbag.py:545} INFO - Filling up the DagBag from /opt/airflow/dags/model_sample_dags.py
[2026-01-01T22:11:06.463+0000] {processor.py:840} INFO - DAG(s) 'train_model_sample' retrieved from /opt/airflow/dags/model_sample_dags.py
[2026-01-01T22:11:06.525+0000] {logging_mixin.py:188} INFO - [2026-01-01T22:11:06.525+0000] {dag.py:3089} INFO - Sync 1 DAGs
[2026-01-01T22:11:06.563+0000] {logging_mixin.py:188} INFO - [2026-01-01T22:11:06.562+0000] {dag.py:3947} INFO - Setting next_dagrun for train_model_sample to None, run_after=None
[2026-01-01T22:11:06.619+0000] {processor.py:183} INFO - Processing /opt/airflow/dags/model_sample_dags.py took 0.274 seconds
[2026-01-01T22:11:37.688+0000] {processor.py:161} INFO - Started process (PID=879) to work on /opt/airflow/dags/model_sample_dags.py
[2026-01-01T22:11:37.692+0000] {processor.py:830} INFO - Processing file /opt/airflow/dags/model_sample_dags.py for tasks to queue
[2026-01-01T22:11:37.702+0000] {logging_mixin.py:188} INFO - [2026-01-01T22:11:37.700+0000] {dagbag.py:545} INFO - Filling up the DagBag from /opt/airflow/dags/model_sample_dags.py
[2026-01-01T22:11:37.877+0000] {processor.py:840} INFO - DAG(s) 'train_model_sample' retrieved from /opt/airflow/dags/model_sample_dags.py
[2026-01-01T22:11:38.056+0000] {logging_mixin.py:188} INFO - [2026-01-01T22:11:38.054+0000] {dag.py:3089} INFO - Sync 1 DAGs
[2026-01-01T22:11:38.134+0000] {logging_mixin.py:188} INFO - [2026-01-01T22:11:38.133+0000] {dag.py:3947} INFO - Setting next_dagrun for train_model_sample to None, run_after=None
[2026-01-01T22:11:38.262+0000] {processor.py:183} INFO - Processing /opt/airflow/dags/model_sample_dags.py took 0.599 seconds
[2026-01-01T22:12:08.560+0000] {processor.py:161} INFO - Started process (PID=884) to work on /opt/airflow/dags/model_sample_dags.py
[2026-01-01T22:12:08.570+0000] {processor.py:830} INFO - Processing file /opt/airflow/dags/model_sample_dags.py for tasks to queue
[2026-01-01T22:12:08.580+0000] {logging_mixin.py:188} INFO - [2026-01-01T22:12:08.579+0000] {dagbag.py:545} INFO - Filling up the DagBag from /opt/airflow/dags/model_sample_dags.py
[2026-01-01T22:12:08.661+0000] {processor.py:840} INFO - DAG(s) 'train_model_sample' retrieved from /opt/airflow/dags/model_sample_dags.py
[2026-01-01T22:12:08.774+0000] {logging_mixin.py:188} INFO - [2026-01-01T22:12:08.773+0000] {dag.py:3089} INFO - Sync 1 DAGs
[2026-01-01T22:12:08.820+0000] {logging_mixin.py:188} INFO - [2026-01-01T22:12:08.819+0000] {dag.py:3947} INFO - Setting next_dagrun for train_model_sample to None, run_after=None
[2026-01-01T22:12:08.896+0000] {processor.py:183} INFO - Processing /opt/airflow/dags/model_sample_dags.py took 0.368 seconds
[2026-01-01T22:12:39.843+0000] {processor.py:161} INFO - Started process (PID=889) to work on /opt/airflow/dags/model_sample_dags.py
[2026-01-01T22:12:39.850+0000] {processor.py:830} INFO - Processing file /opt/airflow/dags/model_sample_dags.py for tasks to queue
[2026-01-01T22:12:39.856+0000] {logging_mixin.py:188} INFO - [2026-01-01T22:12:39.855+0000] {dagbag.py:545} INFO - Filling up the DagBag from /opt/airflow/dags/model_sample_dags.py
[2026-01-01T22:12:39.919+0000] {processor.py:840} INFO - DAG(s) 'train_model_sample' retrieved from /opt/airflow/dags/model_sample_dags.py
[2026-01-01T22:12:39.993+0000] {logging_mixin.py:188} INFO - [2026-01-01T22:12:39.992+0000] {dag.py:3089} INFO - Sync 1 DAGs
[2026-01-01T22:12:40.038+0000] {logging_mixin.py:188} INFO - [2026-01-01T22:12:40.037+0000] {dag.py:3947} INFO - Setting next_dagrun for train_model_sample to None, run_after=None
[2026-01-01T22:12:40.095+0000] {processor.py:183} INFO - Processing /opt/airflow/dags/model_sample_dags.py took 0.273 seconds
[2026-01-01T22:13:11.091+0000] {processor.py:161} INFO - Started process (PID=894) to work on /opt/airflow/dags/model_sample_dags.py
[2026-01-01T22:13:11.094+0000] {processor.py:830} INFO - Processing file /opt/airflow/dags/model_sample_dags.py for tasks to queue
[2026-01-01T22:13:11.102+0000] {logging_mixin.py:188} INFO - [2026-01-01T22:13:11.100+0000] {dagbag.py:545} INFO - Filling up the DagBag from /opt/airflow/dags/model_sample_dags.py
[2026-01-01T22:13:11.179+0000] {processor.py:840} INFO - DAG(s) 'train_model_sample' retrieved from /opt/airflow/dags/model_sample_dags.py
[2026-01-01T22:13:11.279+0000] {logging_mixin.py:188} INFO - [2026-01-01T22:13:11.278+0000] {dag.py:3089} INFO - Sync 1 DAGs
[2026-01-01T22:13:11.331+0000] {logging_mixin.py:188} INFO - [2026-01-01T22:13:11.330+0000] {dag.py:3947} INFO - Setting next_dagrun for train_model_sample to None, run_after=None
[2026-01-01T22:13:11.408+0000] {processor.py:183} INFO - Processing /opt/airflow/dags/model_sample_dags.py took 0.341 seconds
[2026-01-01T22:13:42.240+0000] {processor.py:161} INFO - Started process (PID=899) to work on /opt/airflow/dags/model_sample_dags.py
[2026-01-01T22:13:42.244+0000] {processor.py:830} INFO - Processing file /opt/airflow/dags/model_sample_dags.py for tasks to queue
[2026-01-01T22:13:42.250+0000] {logging_mixin.py:188} INFO - [2026-01-01T22:13:42.249+0000] {dagbag.py:545} INFO - Filling up the DagBag from /opt/airflow/dags/model_sample_dags.py
[2026-01-01T22:13:42.334+0000] {processor.py:840} INFO - DAG(s) 'train_model_sample' retrieved from /opt/airflow/dags/model_sample_dags.py
[2026-01-01T22:13:42.432+0000] {logging_mixin.py:188} INFO - [2026-01-01T22:13:42.431+0000] {dag.py:3089} INFO - Sync 1 DAGs
[2026-01-01T22:13:42.485+0000] {logging_mixin.py:188} INFO - [2026-01-01T22:13:42.484+0000] {dag.py:3947} INFO - Setting next_dagrun for train_model_sample to None, run_after=None
[2026-01-01T22:13:42.570+0000] {processor.py:183} INFO - Processing /opt/airflow/dags/model_sample_dags.py took 0.366 seconds
[2026-01-01T22:14:13.217+0000] {processor.py:161} INFO - Started process (PID=904) to work on /opt/airflow/dags/model_sample_dags.py
[2026-01-01T22:14:13.220+0000] {processor.py:830} INFO - Processing file /opt/airflow/dags/model_sample_dags.py for tasks to queue
[2026-01-01T22:14:13.225+0000] {logging_mixin.py:188} INFO - [2026-01-01T22:14:13.224+0000] {dagbag.py:545} INFO - Filling up the DagBag from /opt/airflow/dags/model_sample_dags.py
[2026-01-01T22:14:13.287+0000] {processor.py:840} INFO - DAG(s) 'train_model_sample' retrieved from /opt/airflow/dags/model_sample_dags.py
[2026-01-01T22:14:13.405+0000] {logging_mixin.py:188} INFO - [2026-01-01T22:14:13.404+0000] {dag.py:3089} INFO - Sync 1 DAGs
[2026-01-01T22:14:13.456+0000] {logging_mixin.py:188} INFO - [2026-01-01T22:14:13.455+0000] {dag.py:3947} INFO - Setting next_dagrun for train_model_sample to None, run_after=None
[2026-01-01T22:14:13.537+0000] {processor.py:183} INFO - Processing /opt/airflow/dags/model_sample_dags.py took 0.337 seconds
[2026-01-01T22:14:44.253+0000] {processor.py:161} INFO - Started process (PID=909) to work on /opt/airflow/dags/model_sample_dags.py
[2026-01-01T22:14:44.257+0000] {processor.py:830} INFO - Processing file /opt/airflow/dags/model_sample_dags.py for tasks to queue
[2026-01-01T22:14:44.265+0000] {logging_mixin.py:188} INFO - [2026-01-01T22:14:44.264+0000] {dagbag.py:545} INFO - Filling up the DagBag from /opt/airflow/dags/model_sample_dags.py
[2026-01-01T22:14:44.354+0000] {processor.py:840} INFO - DAG(s) 'train_model_sample' retrieved from /opt/airflow/dags/model_sample_dags.py
[2026-01-01T22:14:44.477+0000] {logging_mixin.py:188} INFO - [2026-01-01T22:14:44.476+0000] {dag.py:3089} INFO - Sync 1 DAGs
[2026-01-01T22:14:44.531+0000] {logging_mixin.py:188} INFO - [2026-01-01T22:14:44.530+0000] {dag.py:3947} INFO - Setting next_dagrun for train_model_sample to None, run_after=None
[2026-01-01T22:14:44.616+0000] {processor.py:183} INFO - Processing /opt/airflow/dags/model_sample_dags.py took 0.393 seconds
[2026-01-01T22:15:15.583+0000] {processor.py:161} INFO - Started process (PID=914) to work on /opt/airflow/dags/model_sample_dags.py
[2026-01-01T22:15:15.589+0000] {processor.py:830} INFO - Processing file /opt/airflow/dags/model_sample_dags.py for tasks to queue
[2026-01-01T22:15:15.598+0000] {logging_mixin.py:188} INFO - [2026-01-01T22:15:15.597+0000] {dagbag.py:545} INFO - Filling up the DagBag from /opt/airflow/dags/model_sample_dags.py
[2026-01-01T22:15:15.668+0000] {processor.py:840} INFO - DAG(s) 'train_model_sample' retrieved from /opt/airflow/dags/model_sample_dags.py
[2026-01-01T22:15:15.728+0000] {logging_mixin.py:188} INFO - [2026-01-01T22:15:15.727+0000] {dag.py:3089} INFO - Sync 1 DAGs
[2026-01-01T22:15:15.994+0000] {logging_mixin.py:188} INFO - [2026-01-01T22:15:15.994+0000] {dag.py:3947} INFO - Setting next_dagrun for train_model_sample to None, run_after=None
[2026-01-01T22:15:16.044+0000] {processor.py:183} INFO - Processing /opt/airflow/dags/model_sample_dags.py took 0.249 seconds
