[2025-12-30T10:53:51.422+0000] {processor.py:161} INFO - Started process (PID=171) to work on /opt/airflow/dags/model_sample_dags.py
[2025-12-30T10:53:51.428+0000] {processor.py:830} INFO - Processing file /opt/airflow/dags/model_sample_dags.py for tasks to queue
[2025-12-30T10:53:51.436+0000] {logging_mixin.py:188} INFO - [2025-12-30T10:53:51.432+0000] {dagbag.py:538} INFO - Filling up the DagBag from /opt/airflow/dags/model_sample_dags.py
[2025-12-30T10:53:51.576+0000] {logging_mixin.py:188} INFO - [2025-12-30T10:53:51.559+0000] {dagbag.py:348} ERROR - Failed to import: /opt/airflow/dags/model_sample_dags.py
Traceback (most recent call last):
  File "/home/airflow/.local/lib/python3.8/site-packages/airflow/models/dagbag.py", line 344, in parse
    loader.exec_module(new_module)
  File "<frozen importlib._bootstrap_external>", line 843, in exec_module
  File "<frozen importlib._bootstrap>", line 219, in _call_with_frames_removed
  File "/opt/airflow/dags/model_sample_dags.py", line 9, in <module>
    from model_sample_train import train
ModuleNotFoundError: No module named 'model_sample_train'
[2025-12-30T10:53:51.589+0000] {processor.py:842} WARNING - No viable dags retrieved from /opt/airflow/dags/model_sample_dags.py
[2025-12-30T10:53:51.692+0000] {processor.py:183} INFO - Processing /opt/airflow/dags/model_sample_dags.py took 0.297 seconds
[2025-12-30T10:54:22.300+0000] {processor.py:161} INFO - Started process (PID=176) to work on /opt/airflow/dags/model_sample_dags.py
[2025-12-30T10:54:22.303+0000] {processor.py:830} INFO - Processing file /opt/airflow/dags/model_sample_dags.py for tasks to queue
[2025-12-30T10:54:22.305+0000] {logging_mixin.py:188} INFO - [2025-12-30T10:54:22.304+0000] {dagbag.py:538} INFO - Filling up the DagBag from /opt/airflow/dags/model_sample_dags.py
[2025-12-30T10:54:22.374+0000] {logging_mixin.py:188} INFO - [2025-12-30T10:54:22.355+0000] {dagbag.py:348} ERROR - Failed to import: /opt/airflow/dags/model_sample_dags.py
Traceback (most recent call last):
  File "/home/airflow/.local/lib/python3.8/site-packages/airflow/models/dagbag.py", line 344, in parse
    loader.exec_module(new_module)
  File "<frozen importlib._bootstrap_external>", line 843, in exec_module
  File "<frozen importlib._bootstrap>", line 219, in _call_with_frames_removed
  File "/opt/airflow/dags/model_sample_dags.py", line 9, in <module>
    from model_sample_train import train
ModuleNotFoundError: No module named 'model_sample_train'
[2025-12-30T10:54:22.379+0000] {processor.py:842} WARNING - No viable dags retrieved from /opt/airflow/dags/model_sample_dags.py
[2025-12-30T10:54:22.422+0000] {processor.py:183} INFO - Processing /opt/airflow/dags/model_sample_dags.py took 0.129 seconds
[2025-12-30T10:54:53.981+0000] {processor.py:161} INFO - Started process (PID=181) to work on /opt/airflow/dags/model_sample_dags.py
[2025-12-30T10:54:53.985+0000] {processor.py:830} INFO - Processing file /opt/airflow/dags/model_sample_dags.py for tasks to queue
[2025-12-30T10:54:53.990+0000] {logging_mixin.py:188} INFO - [2025-12-30T10:54:53.988+0000] {dagbag.py:538} INFO - Filling up the DagBag from /opt/airflow/dags/model_sample_dags.py
[2025-12-30T10:54:54.078+0000] {logging_mixin.py:188} INFO - [2025-12-30T10:54:54.053+0000] {dagbag.py:348} ERROR - Failed to import: /opt/airflow/dags/model_sample_dags.py
Traceback (most recent call last):
  File "/home/airflow/.local/lib/python3.8/site-packages/airflow/models/dagbag.py", line 344, in parse
    loader.exec_module(new_module)
  File "<frozen importlib._bootstrap_external>", line 843, in exec_module
  File "<frozen importlib._bootstrap>", line 219, in _call_with_frames_removed
  File "/opt/airflow/dags/model_sample_dags.py", line 9, in <module>
    from model_sample_train import train
ModuleNotFoundError: No module named 'model_sample_train'
[2025-12-30T10:54:54.085+0000] {processor.py:842} WARNING - No viable dags retrieved from /opt/airflow/dags/model_sample_dags.py
[2025-12-30T10:54:54.163+0000] {processor.py:183} INFO - Processing /opt/airflow/dags/model_sample_dags.py took 0.192 seconds
[2025-12-30T10:55:25.833+0000] {processor.py:161} INFO - Started process (PID=186) to work on /opt/airflow/dags/model_sample_dags.py
[2025-12-30T10:55:25.836+0000] {processor.py:830} INFO - Processing file /opt/airflow/dags/model_sample_dags.py for tasks to queue
[2025-12-30T10:55:25.838+0000] {logging_mixin.py:188} INFO - [2025-12-30T10:55:25.838+0000] {dagbag.py:538} INFO - Filling up the DagBag from /opt/airflow/dags/model_sample_dags.py
[2025-12-30T10:55:25.894+0000] {logging_mixin.py:188} INFO - [2025-12-30T10:55:25.884+0000] {dagbag.py:348} ERROR - Failed to import: /opt/airflow/dags/model_sample_dags.py
Traceback (most recent call last):
  File "/home/airflow/.local/lib/python3.8/site-packages/airflow/models/dagbag.py", line 344, in parse
    loader.exec_module(new_module)
  File "<frozen importlib._bootstrap_external>", line 843, in exec_module
  File "<frozen importlib._bootstrap>", line 219, in _call_with_frames_removed
  File "/opt/airflow/dags/model_sample_dags.py", line 9, in <module>
    from model_sample_train import train
ModuleNotFoundError: No module named 'model_sample_train'
[2025-12-30T10:55:25.897+0000] {processor.py:842} WARNING - No viable dags retrieved from /opt/airflow/dags/model_sample_dags.py
[2025-12-30T10:55:25.949+0000] {processor.py:183} INFO - Processing /opt/airflow/dags/model_sample_dags.py took 0.122 seconds
[2025-12-30T10:55:56.611+0000] {processor.py:161} INFO - Started process (PID=191) to work on /opt/airflow/dags/model_sample_dags.py
[2025-12-30T10:55:56.616+0000] {processor.py:830} INFO - Processing file /opt/airflow/dags/model_sample_dags.py for tasks to queue
[2025-12-30T10:55:56.619+0000] {logging_mixin.py:188} INFO - [2025-12-30T10:55:56.619+0000] {dagbag.py:538} INFO - Filling up the DagBag from /opt/airflow/dags/model_sample_dags.py
[2025-12-30T10:55:56.708+0000] {logging_mixin.py:188} INFO - [2025-12-30T10:55:56.695+0000] {dagbag.py:348} ERROR - Failed to import: /opt/airflow/dags/model_sample_dags.py
Traceback (most recent call last):
  File "/home/airflow/.local/lib/python3.8/site-packages/airflow/models/dagbag.py", line 344, in parse
    loader.exec_module(new_module)
  File "<frozen importlib._bootstrap_external>", line 843, in exec_module
  File "<frozen importlib._bootstrap>", line 219, in _call_with_frames_removed
  File "/opt/airflow/dags/model_sample_dags.py", line 9, in <module>
    from model_sample_train import train
ModuleNotFoundError: No module named 'model_sample_train'
[2025-12-30T10:55:56.713+0000] {processor.py:842} WARNING - No viable dags retrieved from /opt/airflow/dags/model_sample_dags.py
[2025-12-30T10:55:56.775+0000] {processor.py:183} INFO - Processing /opt/airflow/dags/model_sample_dags.py took 0.173 seconds
[2025-12-30T10:56:28.361+0000] {processor.py:161} INFO - Started process (PID=196) to work on /opt/airflow/dags/model_sample_dags.py
[2025-12-30T10:56:28.364+0000] {processor.py:830} INFO - Processing file /opt/airflow/dags/model_sample_dags.py for tasks to queue
[2025-12-30T10:56:28.366+0000] {logging_mixin.py:188} INFO - [2025-12-30T10:56:28.366+0000] {dagbag.py:538} INFO - Filling up the DagBag from /opt/airflow/dags/model_sample_dags.py
[2025-12-30T10:56:28.421+0000] {logging_mixin.py:188} INFO - [2025-12-30T10:56:28.413+0000] {dagbag.py:348} ERROR - Failed to import: /opt/airflow/dags/model_sample_dags.py
Traceback (most recent call last):
  File "/home/airflow/.local/lib/python3.8/site-packages/airflow/models/dagbag.py", line 344, in parse
    loader.exec_module(new_module)
  File "<frozen importlib._bootstrap_external>", line 843, in exec_module
  File "<frozen importlib._bootstrap>", line 219, in _call_with_frames_removed
  File "/opt/airflow/dags/model_sample_dags.py", line 9, in <module>
    from model_sample_train import train
ModuleNotFoundError: No module named 'model_sample_train'
[2025-12-30T10:56:28.424+0000] {processor.py:842} WARNING - No viable dags retrieved from /opt/airflow/dags/model_sample_dags.py
[2025-12-30T10:56:28.477+0000] {processor.py:183} INFO - Processing /opt/airflow/dags/model_sample_dags.py took 0.123 seconds
[2025-12-30T10:56:59.190+0000] {processor.py:161} INFO - Started process (PID=201) to work on /opt/airflow/dags/model_sample_dags.py
[2025-12-30T10:56:59.194+0000] {processor.py:830} INFO - Processing file /opt/airflow/dags/model_sample_dags.py for tasks to queue
[2025-12-30T10:56:59.197+0000] {logging_mixin.py:188} INFO - [2025-12-30T10:56:59.196+0000] {dagbag.py:538} INFO - Filling up the DagBag from /opt/airflow/dags/model_sample_dags.py
[2025-12-30T10:56:59.301+0000] {logging_mixin.py:188} INFO - [2025-12-30T10:56:59.290+0000] {dagbag.py:348} ERROR - Failed to import: /opt/airflow/dags/model_sample_dags.py
Traceback (most recent call last):
  File "/home/airflow/.local/lib/python3.8/site-packages/airflow/models/dagbag.py", line 344, in parse
    loader.exec_module(new_module)
  File "<frozen importlib._bootstrap_external>", line 843, in exec_module
  File "<frozen importlib._bootstrap>", line 219, in _call_with_frames_removed
  File "/opt/airflow/dags/model_sample_dags.py", line 9, in <module>
    from model_sample import train
ModuleNotFoundError: No module named 'model_sample'
[2025-12-30T10:56:59.305+0000] {processor.py:842} WARNING - No viable dags retrieved from /opt/airflow/dags/model_sample_dags.py
[2025-12-30T10:56:59.353+0000] {processor.py:183} INFO - Processing /opt/airflow/dags/model_sample_dags.py took 0.172 seconds
[2025-12-30T10:57:30.946+0000] {processor.py:161} INFO - Started process (PID=206) to work on /opt/airflow/dags/model_sample_dags.py
[2025-12-30T10:57:30.949+0000] {processor.py:830} INFO - Processing file /opt/airflow/dags/model_sample_dags.py for tasks to queue
[2025-12-30T10:57:30.951+0000] {logging_mixin.py:188} INFO - [2025-12-30T10:57:30.951+0000] {dagbag.py:538} INFO - Filling up the DagBag from /opt/airflow/dags/model_sample_dags.py
[2025-12-30T10:57:31.014+0000] {logging_mixin.py:188} INFO - [2025-12-30T10:57:31.004+0000] {dagbag.py:348} ERROR - Failed to import: /opt/airflow/dags/model_sample_dags.py
Traceback (most recent call last):
  File "/home/airflow/.local/lib/python3.8/site-packages/airflow/models/dagbag.py", line 344, in parse
    loader.exec_module(new_module)
  File "<frozen importlib._bootstrap_external>", line 843, in exec_module
  File "<frozen importlib._bootstrap>", line 219, in _call_with_frames_removed
  File "/opt/airflow/dags/model_sample_dags.py", line 9, in <module>
    from model_sample import train
ModuleNotFoundError: No module named 'model_sample'
[2025-12-30T10:57:31.018+0000] {processor.py:842} WARNING - No viable dags retrieved from /opt/airflow/dags/model_sample_dags.py
[2025-12-30T10:57:31.094+0000] {processor.py:183} INFO - Processing /opt/airflow/dags/model_sample_dags.py took 0.156 seconds
[2025-12-30T10:57:50.755+0000] {processor.py:161} INFO - Started process (PID=211) to work on /opt/airflow/dags/model_sample_dags.py
[2025-12-30T10:57:50.764+0000] {processor.py:830} INFO - Processing file /opt/airflow/dags/model_sample_dags.py for tasks to queue
[2025-12-30T10:57:50.772+0000] {logging_mixin.py:188} INFO - [2025-12-30T10:57:50.770+0000] {dagbag.py:538} INFO - Filling up the DagBag from /opt/airflow/dags/model_sample_dags.py
[2025-12-30T10:57:50.959+0000] {logging_mixin.py:188} INFO - [2025-12-30T10:57:50.945+0000] {dagbag.py:348} ERROR - Failed to import: /opt/airflow/dags/model_sample_dags.py
Traceback (most recent call last):
  File "/home/airflow/.local/lib/python3.8/site-packages/airflow/models/dagbag.py", line 344, in parse
    loader.exec_module(new_module)
  File "<frozen importlib._bootstrap_external>", line 843, in exec_module
  File "<frozen importlib._bootstrap>", line 219, in _call_with_frames_removed
  File "/opt/airflow/dags/model_sample_dags.py", line 9, in <module>
    from model_sample.model_sample_train import train
ModuleNotFoundError: No module named 'model_sample'
[2025-12-30T10:57:50.964+0000] {processor.py:842} WARNING - No viable dags retrieved from /opt/airflow/dags/model_sample_dags.py
[2025-12-30T10:57:51.040+0000] {processor.py:183} INFO - Processing /opt/airflow/dags/model_sample_dags.py took 0.310 seconds
[2025-12-30T10:58:21.285+0000] {processor.py:161} INFO - Started process (PID=216) to work on /opt/airflow/dags/model_sample_dags.py
[2025-12-30T10:58:21.289+0000] {processor.py:830} INFO - Processing file /opt/airflow/dags/model_sample_dags.py for tasks to queue
[2025-12-30T10:58:21.294+0000] {logging_mixin.py:188} INFO - [2025-12-30T10:58:21.293+0000] {dagbag.py:538} INFO - Filling up the DagBag from /opt/airflow/dags/model_sample_dags.py
[2025-12-30T10:58:21.353+0000] {logging_mixin.py:188} INFO - [2025-12-30T10:58:21.341+0000] {dagbag.py:348} ERROR - Failed to import: /opt/airflow/dags/model_sample_dags.py
Traceback (most recent call last):
  File "/home/airflow/.local/lib/python3.8/site-packages/airflow/models/dagbag.py", line 344, in parse
    loader.exec_module(new_module)
  File "<frozen importlib._bootstrap_external>", line 843, in exec_module
  File "<frozen importlib._bootstrap>", line 219, in _call_with_frames_removed
  File "/opt/airflow/dags/model_sample_dags.py", line 9, in <module>
    from model_sample.model_sample_train import train
ModuleNotFoundError: No module named 'model_sample'
[2025-12-30T10:58:21.359+0000] {processor.py:842} WARNING - No viable dags retrieved from /opt/airflow/dags/model_sample_dags.py
[2025-12-30T10:58:21.408+0000] {processor.py:183} INFO - Processing /opt/airflow/dags/model_sample_dags.py took 0.135 seconds
[2025-12-30T10:58:27.619+0000] {processor.py:161} INFO - Started process (PID=221) to work on /opt/airflow/dags/model_sample_dags.py
[2025-12-30T10:58:27.623+0000] {processor.py:830} INFO - Processing file /opt/airflow/dags/model_sample_dags.py for tasks to queue
[2025-12-30T10:58:27.626+0000] {logging_mixin.py:188} INFO - [2025-12-30T10:58:27.625+0000] {dagbag.py:538} INFO - Filling up the DagBag from /opt/airflow/dags/model_sample_dags.py
[2025-12-30T10:58:27.769+0000] {logging_mixin.py:188} INFO - [2025-12-30T10:58:27.744+0000] {dagbag.py:348} ERROR - Failed to import: /opt/airflow/dags/model_sample_dags.py
Traceback (most recent call last):
  File "/home/airflow/.local/lib/python3.8/site-packages/airflow/models/dagbag.py", line 344, in parse
    loader.exec_module(new_module)
  File "<frozen importlib._bootstrap_external>", line 843, in exec_module
  File "<frozen importlib._bootstrap>", line 219, in _call_with_frames_removed
  File "/opt/airflow/dags/model_sample_dags.py", line 9, in <module>
    from model_sample.model_sample_train import train
ModuleNotFoundError: No module named 'model_sample'
[2025-12-30T10:58:27.778+0000] {processor.py:842} WARNING - No viable dags retrieved from /opt/airflow/dags/model_sample_dags.py
[2025-12-30T10:58:27.856+0000] {processor.py:183} INFO - Processing /opt/airflow/dags/model_sample_dags.py took 0.246 seconds
[2025-12-30T10:58:58.379+0000] {processor.py:161} INFO - Started process (PID=226) to work on /opt/airflow/dags/model_sample_dags.py
[2025-12-30T10:58:58.382+0000] {processor.py:830} INFO - Processing file /opt/airflow/dags/model_sample_dags.py for tasks to queue
[2025-12-30T10:58:58.386+0000] {logging_mixin.py:188} INFO - [2025-12-30T10:58:58.385+0000] {dagbag.py:538} INFO - Filling up the DagBag from /opt/airflow/dags/model_sample_dags.py
[2025-12-30T10:58:58.458+0000] {logging_mixin.py:188} INFO - [2025-12-30T10:58:58.446+0000] {dagbag.py:348} ERROR - Failed to import: /opt/airflow/dags/model_sample_dags.py
Traceback (most recent call last):
  File "/home/airflow/.local/lib/python3.8/site-packages/airflow/models/dagbag.py", line 344, in parse
    loader.exec_module(new_module)
  File "<frozen importlib._bootstrap_external>", line 843, in exec_module
  File "<frozen importlib._bootstrap>", line 219, in _call_with_frames_removed
  File "/opt/airflow/dags/model_sample_dags.py", line 9, in <module>
    from model_sample.model_sample_train import train
ModuleNotFoundError: No module named 'model_sample'
[2025-12-30T10:58:58.462+0000] {processor.py:842} WARNING - No viable dags retrieved from /opt/airflow/dags/model_sample_dags.py
[2025-12-30T10:58:58.510+0000] {processor.py:183} INFO - Processing /opt/airflow/dags/model_sample_dags.py took 0.140 seconds
[2025-12-30T10:59:29.192+0000] {processor.py:161} INFO - Started process (PID=231) to work on /opt/airflow/dags/model_sample_dags.py
[2025-12-30T10:59:29.195+0000] {processor.py:830} INFO - Processing file /opt/airflow/dags/model_sample_dags.py for tasks to queue
[2025-12-30T10:59:29.197+0000] {logging_mixin.py:188} INFO - [2025-12-30T10:59:29.197+0000] {dagbag.py:538} INFO - Filling up the DagBag from /opt/airflow/dags/model_sample_dags.py
[2025-12-30T10:59:29.255+0000] {logging_mixin.py:188} INFO - [2025-12-30T10:59:29.245+0000] {dagbag.py:348} ERROR - Failed to import: /opt/airflow/dags/model_sample_dags.py
Traceback (most recent call last):
  File "/home/airflow/.local/lib/python3.8/site-packages/airflow/models/dagbag.py", line 344, in parse
    loader.exec_module(new_module)
  File "<frozen importlib._bootstrap_external>", line 843, in exec_module
  File "<frozen importlib._bootstrap>", line 219, in _call_with_frames_removed
  File "/opt/airflow/dags/model_sample_dags.py", line 9, in <module>
    from model_sample.model_sample_train import train
ModuleNotFoundError: No module named 'model_sample'
[2025-12-30T10:59:29.259+0000] {processor.py:842} WARNING - No viable dags retrieved from /opt/airflow/dags/model_sample_dags.py
[2025-12-30T10:59:29.305+0000] {processor.py:183} INFO - Processing /opt/airflow/dags/model_sample_dags.py took 0.118 seconds
[2025-12-30T10:59:59.913+0000] {processor.py:161} INFO - Started process (PID=236) to work on /opt/airflow/dags/model_sample_dags.py
[2025-12-30T10:59:59.917+0000] {processor.py:830} INFO - Processing file /opt/airflow/dags/model_sample_dags.py for tasks to queue
[2025-12-30T10:59:59.922+0000] {logging_mixin.py:188} INFO - [2025-12-30T10:59:59.921+0000] {dagbag.py:538} INFO - Filling up the DagBag from /opt/airflow/dags/model_sample_dags.py
[2025-12-30T11:00:00.001+0000] {logging_mixin.py:188} INFO - [2025-12-30T10:59:59.989+0000] {dagbag.py:348} ERROR - Failed to import: /opt/airflow/dags/model_sample_dags.py
Traceback (most recent call last):
  File "/home/airflow/.local/lib/python3.8/site-packages/airflow/models/dagbag.py", line 344, in parse
    loader.exec_module(new_module)
  File "<frozen importlib._bootstrap_external>", line 843, in exec_module
  File "<frozen importlib._bootstrap>", line 219, in _call_with_frames_removed
  File "/opt/airflow/dags/model_sample_dags.py", line 9, in <module>
    from model_sample.model_sample_train import train
ModuleNotFoundError: No module named 'model_sample'
[2025-12-30T11:00:00.006+0000] {processor.py:842} WARNING - No viable dags retrieved from /opt/airflow/dags/model_sample_dags.py
[2025-12-30T11:00:00.066+0000] {processor.py:183} INFO - Processing /opt/airflow/dags/model_sample_dags.py took 0.165 seconds
[2025-12-30T11:00:30.861+0000] {processor.py:161} INFO - Started process (PID=241) to work on /opt/airflow/dags/model_sample_dags.py
[2025-12-30T11:00:30.868+0000] {processor.py:830} INFO - Processing file /opt/airflow/dags/model_sample_dags.py for tasks to queue
[2025-12-30T11:00:30.875+0000] {logging_mixin.py:188} INFO - [2025-12-30T11:00:30.874+0000] {dagbag.py:538} INFO - Filling up the DagBag from /opt/airflow/dags/model_sample_dags.py
[2025-12-30T11:00:30.970+0000] {logging_mixin.py:188} INFO - [2025-12-30T11:00:30.953+0000] {dagbag.py:348} ERROR - Failed to import: /opt/airflow/dags/model_sample_dags.py
Traceback (most recent call last):
  File "/home/airflow/.local/lib/python3.8/site-packages/airflow/models/dagbag.py", line 344, in parse
    loader.exec_module(new_module)
  File "<frozen importlib._bootstrap_external>", line 843, in exec_module
  File "<frozen importlib._bootstrap>", line 219, in _call_with_frames_removed
  File "/opt/airflow/dags/model_sample_dags.py", line 9, in <module>
    from model_sample.model_sample_train import train
ModuleNotFoundError: No module named 'model_sample'
[2025-12-30T11:00:30.986+0000] {processor.py:842} WARNING - No viable dags retrieved from /opt/airflow/dags/model_sample_dags.py
[2025-12-30T11:00:31.076+0000] {processor.py:183} INFO - Processing /opt/airflow/dags/model_sample_dags.py took 0.235 seconds
[2025-12-30T11:01:01.471+0000] {processor.py:161} INFO - Started process (PID=246) to work on /opt/airflow/dags/model_sample_dags.py
[2025-12-30T11:01:01.474+0000] {processor.py:830} INFO - Processing file /opt/airflow/dags/model_sample_dags.py for tasks to queue
[2025-12-30T11:01:01.477+0000] {logging_mixin.py:188} INFO - [2025-12-30T11:01:01.477+0000] {dagbag.py:538} INFO - Filling up the DagBag from /opt/airflow/dags/model_sample_dags.py
[2025-12-30T11:01:01.545+0000] {logging_mixin.py:188} INFO - [2025-12-30T11:01:01.535+0000] {dagbag.py:348} ERROR - Failed to import: /opt/airflow/dags/model_sample_dags.py
Traceback (most recent call last):
  File "/home/airflow/.local/lib/python3.8/site-packages/airflow/models/dagbag.py", line 344, in parse
    loader.exec_module(new_module)
  File "<frozen importlib._bootstrap_external>", line 843, in exec_module
  File "<frozen importlib._bootstrap>", line 219, in _call_with_frames_removed
  File "/opt/airflow/dags/model_sample_dags.py", line 9, in <module>
    from model_sample.model_sample_train import train
ModuleNotFoundError: No module named 'model_sample'
[2025-12-30T11:01:01.548+0000] {processor.py:842} WARNING - No viable dags retrieved from /opt/airflow/dags/model_sample_dags.py
[2025-12-30T11:01:01.594+0000] {processor.py:183} INFO - Processing /opt/airflow/dags/model_sample_dags.py took 0.130 seconds
[2025-12-30T11:01:32.143+0000] {processor.py:161} INFO - Started process (PID=251) to work on /opt/airflow/dags/model_sample_dags.py
[2025-12-30T11:01:32.146+0000] {processor.py:830} INFO - Processing file /opt/airflow/dags/model_sample_dags.py for tasks to queue
[2025-12-30T11:01:32.148+0000] {logging_mixin.py:188} INFO - [2025-12-30T11:01:32.148+0000] {dagbag.py:538} INFO - Filling up the DagBag from /opt/airflow/dags/model_sample_dags.py
[2025-12-30T11:01:32.203+0000] {logging_mixin.py:188} INFO - [2025-12-30T11:01:32.194+0000] {dagbag.py:348} ERROR - Failed to import: /opt/airflow/dags/model_sample_dags.py
Traceback (most recent call last):
  File "/home/airflow/.local/lib/python3.8/site-packages/airflow/models/dagbag.py", line 344, in parse
    loader.exec_module(new_module)
  File "<frozen importlib._bootstrap_external>", line 843, in exec_module
  File "<frozen importlib._bootstrap>", line 219, in _call_with_frames_removed
  File "/opt/airflow/dags/model_sample_dags.py", line 9, in <module>
    from model_sample.model_sample_train import train
ModuleNotFoundError: No module named 'model_sample'
[2025-12-30T11:01:32.208+0000] {processor.py:842} WARNING - No viable dags retrieved from /opt/airflow/dags/model_sample_dags.py
[2025-12-30T11:01:32.273+0000] {processor.py:183} INFO - Processing /opt/airflow/dags/model_sample_dags.py took 0.138 seconds
[2025-12-30T11:02:03.035+0000] {processor.py:161} INFO - Started process (PID=256) to work on /opt/airflow/dags/model_sample_dags.py
[2025-12-30T11:02:03.038+0000] {processor.py:830} INFO - Processing file /opt/airflow/dags/model_sample_dags.py for tasks to queue
[2025-12-30T11:02:03.041+0000] {logging_mixin.py:188} INFO - [2025-12-30T11:02:03.041+0000] {dagbag.py:538} INFO - Filling up the DagBag from /opt/airflow/dags/model_sample_dags.py
[2025-12-30T11:02:03.107+0000] {logging_mixin.py:188} INFO - [2025-12-30T11:02:03.096+0000] {dagbag.py:348} ERROR - Failed to import: /opt/airflow/dags/model_sample_dags.py
Traceback (most recent call last):
  File "/home/airflow/.local/lib/python3.8/site-packages/airflow/models/dagbag.py", line 344, in parse
    loader.exec_module(new_module)
  File "<frozen importlib._bootstrap_external>", line 843, in exec_module
  File "<frozen importlib._bootstrap>", line 219, in _call_with_frames_removed
  File "/opt/airflow/dags/model_sample_dags.py", line 9, in <module>
    from model_sample.model_sample_train import train
ModuleNotFoundError: No module named 'model_sample'
[2025-12-30T11:02:03.111+0000] {processor.py:842} WARNING - No viable dags retrieved from /opt/airflow/dags/model_sample_dags.py
[2025-12-30T11:02:03.161+0000] {processor.py:183} INFO - Processing /opt/airflow/dags/model_sample_dags.py took 0.134 seconds
[2025-12-30T11:02:33.799+0000] {processor.py:161} INFO - Started process (PID=261) to work on /opt/airflow/dags/model_sample_dags.py
[2025-12-30T11:02:33.804+0000] {processor.py:830} INFO - Processing file /opt/airflow/dags/model_sample_dags.py for tasks to queue
[2025-12-30T11:02:33.810+0000] {logging_mixin.py:188} INFO - [2025-12-30T11:02:33.809+0000] {dagbag.py:538} INFO - Filling up the DagBag from /opt/airflow/dags/model_sample_dags.py
[2025-12-30T11:02:33.898+0000] {logging_mixin.py:188} INFO - [2025-12-30T11:02:33.883+0000] {dagbag.py:348} ERROR - Failed to import: /opt/airflow/dags/model_sample_dags.py
Traceback (most recent call last):
  File "/home/airflow/.local/lib/python3.8/site-packages/airflow/models/dagbag.py", line 344, in parse
    loader.exec_module(new_module)
  File "<frozen importlib._bootstrap_external>", line 843, in exec_module
  File "<frozen importlib._bootstrap>", line 219, in _call_with_frames_removed
  File "/opt/airflow/dags/model_sample_dags.py", line 9, in <module>
    from model_sample.model_sample_train import train
ModuleNotFoundError: No module named 'model_sample'
[2025-12-30T11:02:33.906+0000] {processor.py:842} WARNING - No viable dags retrieved from /opt/airflow/dags/model_sample_dags.py
[2025-12-30T11:02:33.987+0000] {processor.py:183} INFO - Processing /opt/airflow/dags/model_sample_dags.py took 0.202 seconds
[2025-12-30T11:03:04.712+0000] {processor.py:161} INFO - Started process (PID=266) to work on /opt/airflow/dags/model_sample_dags.py
[2025-12-30T11:03:04.715+0000] {processor.py:830} INFO - Processing file /opt/airflow/dags/model_sample_dags.py for tasks to queue
[2025-12-30T11:03:04.720+0000] {logging_mixin.py:188} INFO - [2025-12-30T11:03:04.719+0000] {dagbag.py:538} INFO - Filling up the DagBag from /opt/airflow/dags/model_sample_dags.py
[2025-12-30T11:03:04.796+0000] {logging_mixin.py:188} INFO - [2025-12-30T11:03:04.782+0000] {dagbag.py:348} ERROR - Failed to import: /opt/airflow/dags/model_sample_dags.py
Traceback (most recent call last):
  File "/home/airflow/.local/lib/python3.8/site-packages/airflow/models/dagbag.py", line 344, in parse
    loader.exec_module(new_module)
  File "<frozen importlib._bootstrap_external>", line 843, in exec_module
  File "<frozen importlib._bootstrap>", line 219, in _call_with_frames_removed
  File "/opt/airflow/dags/model_sample_dags.py", line 9, in <module>
    from model_sample.model_sample_train import train
ModuleNotFoundError: No module named 'model_sample'
[2025-12-30T11:03:04.801+0000] {processor.py:842} WARNING - No viable dags retrieved from /opt/airflow/dags/model_sample_dags.py
[2025-12-30T11:03:04.856+0000] {processor.py:183} INFO - Processing /opt/airflow/dags/model_sample_dags.py took 0.154 seconds
[2025-12-30T11:03:35.571+0000] {processor.py:161} INFO - Started process (PID=271) to work on /opt/airflow/dags/model_sample_dags.py
[2025-12-30T11:03:35.577+0000] {processor.py:830} INFO - Processing file /opt/airflow/dags/model_sample_dags.py for tasks to queue
[2025-12-30T11:03:35.582+0000] {logging_mixin.py:188} INFO - [2025-12-30T11:03:35.581+0000] {dagbag.py:538} INFO - Filling up the DagBag from /opt/airflow/dags/model_sample_dags.py
[2025-12-30T11:03:35.681+0000] {logging_mixin.py:188} INFO - [2025-12-30T11:03:35.666+0000] {dagbag.py:348} ERROR - Failed to import: /opt/airflow/dags/model_sample_dags.py
Traceback (most recent call last):
  File "/home/airflow/.local/lib/python3.8/site-packages/airflow/models/dagbag.py", line 344, in parse
    loader.exec_module(new_module)
  File "<frozen importlib._bootstrap_external>", line 843, in exec_module
  File "<frozen importlib._bootstrap>", line 219, in _call_with_frames_removed
  File "/opt/airflow/dags/model_sample_dags.py", line 9, in <module>
    from model_sample.model_sample_train import train
ModuleNotFoundError: No module named 'model_sample'
[2025-12-30T11:03:35.687+0000] {processor.py:842} WARNING - No viable dags retrieved from /opt/airflow/dags/model_sample_dags.py
[2025-12-30T11:03:35.765+0000] {processor.py:183} INFO - Processing /opt/airflow/dags/model_sample_dags.py took 0.209 seconds
[2025-12-30T11:04:05.680+0000] {processor.py:161} INFO - Started process (PID=276) to work on /opt/airflow/dags/model_sample_dags.py
[2025-12-30T11:04:05.682+0000] {processor.py:830} INFO - Processing file /opt/airflow/dags/model_sample_dags.py for tasks to queue
[2025-12-30T11:04:05.685+0000] {logging_mixin.py:188} INFO - [2025-12-30T11:04:05.684+0000] {dagbag.py:538} INFO - Filling up the DagBag from /opt/airflow/dags/model_sample_dags.py
[2025-12-30T11:04:05.796+0000] {logging_mixin.py:188} INFO - [2025-12-30T11:04:05.782+0000] {dagbag.py:348} ERROR - Failed to import: /opt/airflow/dags/model_sample_dags.py
Traceback (most recent call last):
  File "/home/airflow/.local/lib/python3.8/site-packages/airflow/models/dagbag.py", line 344, in parse
    loader.exec_module(new_module)
  File "<frozen importlib._bootstrap_external>", line 843, in exec_module
  File "<frozen importlib._bootstrap>", line 219, in _call_with_frames_removed
  File "/opt/airflow/dags/model_sample_dags.py", line 9, in <module>
    from mlflow.model_sample.model_sample_train import train
ModuleNotFoundError: No module named 'mlflow'
[2025-12-30T11:04:05.802+0000] {processor.py:842} WARNING - No viable dags retrieved from /opt/airflow/dags/model_sample_dags.py
[2025-12-30T11:04:05.864+0000] {processor.py:183} INFO - Processing /opt/airflow/dags/model_sample_dags.py took 0.190 seconds
[2025-12-30T11:04:36.544+0000] {processor.py:161} INFO - Started process (PID=281) to work on /opt/airflow/dags/model_sample_dags.py
[2025-12-30T11:04:36.549+0000] {processor.py:830} INFO - Processing file /opt/airflow/dags/model_sample_dags.py for tasks to queue
[2025-12-30T11:04:36.554+0000] {logging_mixin.py:188} INFO - [2025-12-30T11:04:36.552+0000] {dagbag.py:538} INFO - Filling up the DagBag from /opt/airflow/dags/model_sample_dags.py
[2025-12-30T11:04:36.642+0000] {logging_mixin.py:188} INFO - [2025-12-30T11:04:36.628+0000] {dagbag.py:348} ERROR - Failed to import: /opt/airflow/dags/model_sample_dags.py
Traceback (most recent call last):
  File "/home/airflow/.local/lib/python3.8/site-packages/airflow/models/dagbag.py", line 344, in parse
    loader.exec_module(new_module)
  File "<frozen importlib._bootstrap_external>", line 843, in exec_module
  File "<frozen importlib._bootstrap>", line 219, in _call_with_frames_removed
  File "/opt/airflow/dags/model_sample_dags.py", line 9, in <module>
    from mlflow.model_sample.model_sample_train import train
ModuleNotFoundError: No module named 'mlflow'
[2025-12-30T11:04:36.649+0000] {processor.py:842} WARNING - No viable dags retrieved from /opt/airflow/dags/model_sample_dags.py
[2025-12-30T11:04:36.716+0000] {processor.py:183} INFO - Processing /opt/airflow/dags/model_sample_dags.py took 0.184 seconds
[2025-12-30T11:04:38.867+0000] {processor.py:161} INFO - Started process (PID=286) to work on /opt/airflow/dags/model_sample_dags.py
[2025-12-30T11:04:38.872+0000] {processor.py:830} INFO - Processing file /opt/airflow/dags/model_sample_dags.py for tasks to queue
[2025-12-30T11:04:38.877+0000] {logging_mixin.py:188} INFO - [2025-12-30T11:04:38.876+0000] {dagbag.py:538} INFO - Filling up the DagBag from /opt/airflow/dags/model_sample_dags.py
[2025-12-30T11:04:38.979+0000] {logging_mixin.py:188} INFO - [2025-12-30T11:04:38.968+0000] {dagbag.py:348} ERROR - Failed to import: /opt/airflow/dags/model_sample_dags.py
Traceback (most recent call last):
  File "/home/airflow/.local/lib/python3.8/site-packages/airflow/models/dagbag.py", line 344, in parse
    loader.exec_module(new_module)
  File "<frozen importlib._bootstrap_external>", line 843, in exec_module
  File "<frozen importlib._bootstrap>", line 219, in _call_with_frames_removed
  File "/opt/airflow/dags/model_sample_dags.py", line 9, in <module>
    from mlflow.model_sample.model_sample_train import train
ModuleNotFoundError: No module named 'mlflow'
[2025-12-30T11:04:38.984+0000] {processor.py:842} WARNING - No viable dags retrieved from /opt/airflow/dags/model_sample_dags.py
[2025-12-30T11:04:39.042+0000] {processor.py:183} INFO - Processing /opt/airflow/dags/model_sample_dags.py took 0.188 seconds
[2025-12-30T11:05:09.670+0000] {processor.py:161} INFO - Started process (PID=291) to work on /opt/airflow/dags/model_sample_dags.py
[2025-12-30T11:05:09.675+0000] {processor.py:830} INFO - Processing file /opt/airflow/dags/model_sample_dags.py for tasks to queue
[2025-12-30T11:05:09.679+0000] {logging_mixin.py:188} INFO - [2025-12-30T11:05:09.678+0000] {dagbag.py:538} INFO - Filling up the DagBag from /opt/airflow/dags/model_sample_dags.py
[2025-12-30T11:05:09.766+0000] {logging_mixin.py:188} INFO - [2025-12-30T11:05:09.750+0000] {dagbag.py:348} ERROR - Failed to import: /opt/airflow/dags/model_sample_dags.py
Traceback (most recent call last):
  File "/home/airflow/.local/lib/python3.8/site-packages/airflow/models/dagbag.py", line 344, in parse
    loader.exec_module(new_module)
  File "<frozen importlib._bootstrap_external>", line 843, in exec_module
  File "<frozen importlib._bootstrap>", line 219, in _call_with_frames_removed
  File "/opt/airflow/dags/model_sample_dags.py", line 9, in <module>
    from mlflow.model_sample.model_sample_train import train
ModuleNotFoundError: No module named 'mlflow'
[2025-12-30T11:05:09.773+0000] {processor.py:842} WARNING - No viable dags retrieved from /opt/airflow/dags/model_sample_dags.py
[2025-12-30T11:05:09.845+0000] {processor.py:183} INFO - Processing /opt/airflow/dags/model_sample_dags.py took 0.188 seconds
[2025-12-30T11:05:40.509+0000] {processor.py:161} INFO - Started process (PID=296) to work on /opt/airflow/dags/model_sample_dags.py
[2025-12-30T11:05:40.512+0000] {processor.py:830} INFO - Processing file /opt/airflow/dags/model_sample_dags.py for tasks to queue
[2025-12-30T11:05:40.515+0000] {logging_mixin.py:188} INFO - [2025-12-30T11:05:40.514+0000] {dagbag.py:538} INFO - Filling up the DagBag from /opt/airflow/dags/model_sample_dags.py
[2025-12-30T11:05:40.576+0000] {logging_mixin.py:188} INFO - [2025-12-30T11:05:40.565+0000] {dagbag.py:348} ERROR - Failed to import: /opt/airflow/dags/model_sample_dags.py
Traceback (most recent call last):
  File "/home/airflow/.local/lib/python3.8/site-packages/airflow/models/dagbag.py", line 344, in parse
    loader.exec_module(new_module)
  File "<frozen importlib._bootstrap_external>", line 843, in exec_module
  File "<frozen importlib._bootstrap>", line 219, in _call_with_frames_removed
  File "/opt/airflow/dags/model_sample_dags.py", line 9, in <module>
    from mlflow.model_sample.model_sample_train import train
ModuleNotFoundError: No module named 'mlflow'
[2025-12-30T11:05:40.580+0000] {processor.py:842} WARNING - No viable dags retrieved from /opt/airflow/dags/model_sample_dags.py
[2025-12-30T11:05:40.632+0000] {processor.py:183} INFO - Processing /opt/airflow/dags/model_sample_dags.py took 0.131 seconds
[2025-12-30T11:06:11.335+0000] {processor.py:161} INFO - Started process (PID=301) to work on /opt/airflow/dags/model_sample_dags.py
[2025-12-30T11:06:11.341+0000] {processor.py:830} INFO - Processing file /opt/airflow/dags/model_sample_dags.py for tasks to queue
[2025-12-30T11:06:11.347+0000] {logging_mixin.py:188} INFO - [2025-12-30T11:06:11.345+0000] {dagbag.py:538} INFO - Filling up the DagBag from /opt/airflow/dags/model_sample_dags.py
[2025-12-30T11:06:11.438+0000] {logging_mixin.py:188} INFO - [2025-12-30T11:06:11.425+0000] {dagbag.py:348} ERROR - Failed to import: /opt/airflow/dags/model_sample_dags.py
Traceback (most recent call last):
  File "/home/airflow/.local/lib/python3.8/site-packages/airflow/models/dagbag.py", line 344, in parse
    loader.exec_module(new_module)
  File "<frozen importlib._bootstrap_external>", line 843, in exec_module
  File "<frozen importlib._bootstrap>", line 219, in _call_with_frames_removed
  File "/opt/airflow/dags/model_sample_dags.py", line 9, in <module>
    from mlflow.model_sample.model_sample_train import train
ModuleNotFoundError: No module named 'mlflow'
[2025-12-30T11:06:11.444+0000] {processor.py:842} WARNING - No viable dags retrieved from /opt/airflow/dags/model_sample_dags.py
[2025-12-30T11:06:11.535+0000] {processor.py:183} INFO - Processing /opt/airflow/dags/model_sample_dags.py took 0.214 seconds
[2025-12-30T11:06:42.170+0000] {processor.py:161} INFO - Started process (PID=306) to work on /opt/airflow/dags/model_sample_dags.py
[2025-12-30T11:06:42.175+0000] {processor.py:830} INFO - Processing file /opt/airflow/dags/model_sample_dags.py for tasks to queue
[2025-12-30T11:06:42.181+0000] {logging_mixin.py:188} INFO - [2025-12-30T11:06:42.179+0000] {dagbag.py:538} INFO - Filling up the DagBag from /opt/airflow/dags/model_sample_dags.py
[2025-12-30T11:06:42.263+0000] {logging_mixin.py:188} INFO - [2025-12-30T11:06:42.251+0000] {dagbag.py:348} ERROR - Failed to import: /opt/airflow/dags/model_sample_dags.py
Traceback (most recent call last):
  File "/home/airflow/.local/lib/python3.8/site-packages/airflow/models/dagbag.py", line 344, in parse
    loader.exec_module(new_module)
  File "<frozen importlib._bootstrap_external>", line 843, in exec_module
  File "<frozen importlib._bootstrap>", line 219, in _call_with_frames_removed
  File "/opt/airflow/dags/model_sample_dags.py", line 9, in <module>
    from mlflow.model_sample.model_sample_train import train
ModuleNotFoundError: No module named 'mlflow'
[2025-12-30T11:06:42.268+0000] {processor.py:842} WARNING - No viable dags retrieved from /opt/airflow/dags/model_sample_dags.py
[2025-12-30T11:06:42.333+0000] {processor.py:183} INFO - Processing /opt/airflow/dags/model_sample_dags.py took 0.173 seconds
[2025-12-30T11:07:13.158+0000] {processor.py:161} INFO - Started process (PID=311) to work on /opt/airflow/dags/model_sample_dags.py
[2025-12-30T11:07:13.162+0000] {processor.py:830} INFO - Processing file /opt/airflow/dags/model_sample_dags.py for tasks to queue
[2025-12-30T11:07:13.167+0000] {logging_mixin.py:188} INFO - [2025-12-30T11:07:13.166+0000] {dagbag.py:538} INFO - Filling up the DagBag from /opt/airflow/dags/model_sample_dags.py
[2025-12-30T11:07:13.266+0000] {logging_mixin.py:188} INFO - [2025-12-30T11:07:13.249+0000] {dagbag.py:348} ERROR - Failed to import: /opt/airflow/dags/model_sample_dags.py
Traceback (most recent call last):
  File "/home/airflow/.local/lib/python3.8/site-packages/airflow/models/dagbag.py", line 344, in parse
    loader.exec_module(new_module)
  File "<frozen importlib._bootstrap_external>", line 843, in exec_module
  File "<frozen importlib._bootstrap>", line 219, in _call_with_frames_removed
  File "/opt/airflow/dags/model_sample_dags.py", line 9, in <module>
    from mlflow.model_sample.model_sample_train import train
ModuleNotFoundError: No module named 'mlflow'
[2025-12-30T11:07:13.274+0000] {processor.py:842} WARNING - No viable dags retrieved from /opt/airflow/dags/model_sample_dags.py
[2025-12-30T11:07:13.332+0000] {processor.py:183} INFO - Processing /opt/airflow/dags/model_sample_dags.py took 0.183 seconds
[2025-12-30T11:07:43.989+0000] {processor.py:161} INFO - Started process (PID=316) to work on /opt/airflow/dags/model_sample_dags.py
[2025-12-30T11:07:43.993+0000] {processor.py:830} INFO - Processing file /opt/airflow/dags/model_sample_dags.py for tasks to queue
[2025-12-30T11:07:43.998+0000] {logging_mixin.py:188} INFO - [2025-12-30T11:07:43.997+0000] {dagbag.py:538} INFO - Filling up the DagBag from /opt/airflow/dags/model_sample_dags.py
[2025-12-30T11:07:44.091+0000] {logging_mixin.py:188} INFO - [2025-12-30T11:07:44.076+0000] {dagbag.py:348} ERROR - Failed to import: /opt/airflow/dags/model_sample_dags.py
Traceback (most recent call last):
  File "/home/airflow/.local/lib/python3.8/site-packages/airflow/models/dagbag.py", line 344, in parse
    loader.exec_module(new_module)
  File "<frozen importlib._bootstrap_external>", line 843, in exec_module
  File "<frozen importlib._bootstrap>", line 219, in _call_with_frames_removed
  File "/opt/airflow/dags/model_sample_dags.py", line 9, in <module>
    from mlflow.model_sample.model_sample_train import train
ModuleNotFoundError: No module named 'mlflow'
[2025-12-30T11:07:44.099+0000] {processor.py:842} WARNING - No viable dags retrieved from /opt/airflow/dags/model_sample_dags.py
[2025-12-30T11:07:44.175+0000] {processor.py:183} INFO - Processing /opt/airflow/dags/model_sample_dags.py took 0.195 seconds
[2025-12-30T11:08:14.904+0000] {processor.py:161} INFO - Started process (PID=321) to work on /opt/airflow/dags/model_sample_dags.py
[2025-12-30T11:08:14.908+0000] {processor.py:830} INFO - Processing file /opt/airflow/dags/model_sample_dags.py for tasks to queue
[2025-12-30T11:08:14.912+0000] {logging_mixin.py:188} INFO - [2025-12-30T11:08:14.911+0000] {dagbag.py:538} INFO - Filling up the DagBag from /opt/airflow/dags/model_sample_dags.py
[2025-12-30T11:08:14.996+0000] {logging_mixin.py:188} INFO - [2025-12-30T11:08:14.978+0000] {dagbag.py:348} ERROR - Failed to import: /opt/airflow/dags/model_sample_dags.py
Traceback (most recent call last):
  File "/home/airflow/.local/lib/python3.8/site-packages/airflow/models/dagbag.py", line 344, in parse
    loader.exec_module(new_module)
  File "<frozen importlib._bootstrap_external>", line 843, in exec_module
  File "<frozen importlib._bootstrap>", line 219, in _call_with_frames_removed
  File "/opt/airflow/dags/model_sample_dags.py", line 9, in <module>
    from mlflow.model_sample.model_sample_train import train
ModuleNotFoundError: No module named 'mlflow'
[2025-12-30T11:08:15.003+0000] {processor.py:842} WARNING - No viable dags retrieved from /opt/airflow/dags/model_sample_dags.py
[2025-12-30T11:08:15.062+0000] {processor.py:183} INFO - Processing /opt/airflow/dags/model_sample_dags.py took 0.167 seconds
[2025-12-30T11:08:45.826+0000] {processor.py:161} INFO - Started process (PID=326) to work on /opt/airflow/dags/model_sample_dags.py
[2025-12-30T11:08:45.830+0000] {processor.py:830} INFO - Processing file /opt/airflow/dags/model_sample_dags.py for tasks to queue
[2025-12-30T11:08:45.834+0000] {logging_mixin.py:188} INFO - [2025-12-30T11:08:45.832+0000] {dagbag.py:538} INFO - Filling up the DagBag from /opt/airflow/dags/model_sample_dags.py
[2025-12-30T11:08:45.918+0000] {logging_mixin.py:188} INFO - [2025-12-30T11:08:45.905+0000] {dagbag.py:348} ERROR - Failed to import: /opt/airflow/dags/model_sample_dags.py
Traceback (most recent call last):
  File "/home/airflow/.local/lib/python3.8/site-packages/airflow/models/dagbag.py", line 344, in parse
    loader.exec_module(new_module)
  File "<frozen importlib._bootstrap_external>", line 843, in exec_module
  File "<frozen importlib._bootstrap>", line 219, in _call_with_frames_removed
  File "/opt/airflow/dags/model_sample_dags.py", line 9, in <module>
    from mlflow.model_sample.model_sample_train import train
ModuleNotFoundError: No module named 'mlflow'
[2025-12-30T11:08:45.922+0000] {processor.py:842} WARNING - No viable dags retrieved from /opt/airflow/dags/model_sample_dags.py
[2025-12-30T11:08:45.983+0000] {processor.py:183} INFO - Processing /opt/airflow/dags/model_sample_dags.py took 0.169 seconds
[2025-12-30T11:09:16.818+0000] {processor.py:161} INFO - Started process (PID=331) to work on /opt/airflow/dags/model_sample_dags.py
[2025-12-30T11:09:16.823+0000] {processor.py:830} INFO - Processing file /opt/airflow/dags/model_sample_dags.py for tasks to queue
[2025-12-30T11:09:16.827+0000] {logging_mixin.py:188} INFO - [2025-12-30T11:09:16.826+0000] {dagbag.py:538} INFO - Filling up the DagBag from /opt/airflow/dags/model_sample_dags.py
[2025-12-30T11:09:16.898+0000] {logging_mixin.py:188} INFO - [2025-12-30T11:09:16.883+0000] {dagbag.py:348} ERROR - Failed to import: /opt/airflow/dags/model_sample_dags.py
Traceback (most recent call last):
  File "/home/airflow/.local/lib/python3.8/site-packages/airflow/models/dagbag.py", line 344, in parse
    loader.exec_module(new_module)
  File "<frozen importlib._bootstrap_external>", line 843, in exec_module
  File "<frozen importlib._bootstrap>", line 219, in _call_with_frames_removed
  File "/opt/airflow/dags/model_sample_dags.py", line 9, in <module>
    from mlflow.model_sample.model_sample_train import train
ModuleNotFoundError: No module named 'mlflow'
[2025-12-30T11:09:16.904+0000] {processor.py:842} WARNING - No viable dags retrieved from /opt/airflow/dags/model_sample_dags.py
[2025-12-30T11:09:16.966+0000] {processor.py:183} INFO - Processing /opt/airflow/dags/model_sample_dags.py took 0.162 seconds
[2025-12-30T11:09:47.603+0000] {processor.py:161} INFO - Started process (PID=336) to work on /opt/airflow/dags/model_sample_dags.py
[2025-12-30T11:09:47.606+0000] {processor.py:830} INFO - Processing file /opt/airflow/dags/model_sample_dags.py for tasks to queue
[2025-12-30T11:09:47.608+0000] {logging_mixin.py:188} INFO - [2025-12-30T11:09:47.608+0000] {dagbag.py:538} INFO - Filling up the DagBag from /opt/airflow/dags/model_sample_dags.py
[2025-12-30T11:09:47.661+0000] {logging_mixin.py:188} INFO - [2025-12-30T11:09:47.651+0000] {dagbag.py:348} ERROR - Failed to import: /opt/airflow/dags/model_sample_dags.py
Traceback (most recent call last):
  File "/home/airflow/.local/lib/python3.8/site-packages/airflow/models/dagbag.py", line 344, in parse
    loader.exec_module(new_module)
  File "<frozen importlib._bootstrap_external>", line 843, in exec_module
  File "<frozen importlib._bootstrap>", line 219, in _call_with_frames_removed
  File "/opt/airflow/dags/model_sample_dags.py", line 9, in <module>
    from mlflow.model_sample.model_sample_train import train
ModuleNotFoundError: No module named 'mlflow'
[2025-12-30T11:09:47.666+0000] {processor.py:842} WARNING - No viable dags retrieved from /opt/airflow/dags/model_sample_dags.py
[2025-12-30T11:09:47.712+0000] {processor.py:183} INFO - Processing /opt/airflow/dags/model_sample_dags.py took 0.117 seconds
[2025-12-30T11:10:18.550+0000] {processor.py:161} INFO - Started process (PID=341) to work on /opt/airflow/dags/model_sample_dags.py
[2025-12-30T11:10:18.556+0000] {processor.py:830} INFO - Processing file /opt/airflow/dags/model_sample_dags.py for tasks to queue
[2025-12-30T11:10:18.562+0000] {logging_mixin.py:188} INFO - [2025-12-30T11:10:18.560+0000] {dagbag.py:538} INFO - Filling up the DagBag from /opt/airflow/dags/model_sample_dags.py
[2025-12-30T11:10:18.656+0000] {logging_mixin.py:188} INFO - [2025-12-30T11:10:18.640+0000] {dagbag.py:348} ERROR - Failed to import: /opt/airflow/dags/model_sample_dags.py
Traceback (most recent call last):
  File "/home/airflow/.local/lib/python3.8/site-packages/airflow/models/dagbag.py", line 344, in parse
    loader.exec_module(new_module)
  File "<frozen importlib._bootstrap_external>", line 843, in exec_module
  File "<frozen importlib._bootstrap>", line 219, in _call_with_frames_removed
  File "/opt/airflow/dags/model_sample_dags.py", line 9, in <module>
    from mlflow.model_sample.model_sample_train import train
ModuleNotFoundError: No module named 'mlflow'
[2025-12-30T11:10:18.662+0000] {processor.py:842} WARNING - No viable dags retrieved from /opt/airflow/dags/model_sample_dags.py
[2025-12-30T11:10:18.713+0000] {processor.py:183} INFO - Processing /opt/airflow/dags/model_sample_dags.py took 0.192 seconds
[2025-12-30T11:12:04.037+0000] {processor.py:161} INFO - Started process (PID=170) to work on /opt/airflow/dags/model_sample_dags.py
[2025-12-30T11:12:04.042+0000] {processor.py:830} INFO - Processing file /opt/airflow/dags/model_sample_dags.py for tasks to queue
[2025-12-30T11:12:04.046+0000] {logging_mixin.py:188} INFO - [2025-12-30T11:12:04.045+0000] {dagbag.py:538} INFO - Filling up the DagBag from /opt/airflow/dags/model_sample_dags.py
[2025-12-30T11:12:04.367+0000] {logging_mixin.py:188} INFO - [2025-12-30T11:12:04.329+0000] {dagbag.py:348} ERROR - Failed to import: /opt/airflow/dags/model_sample_dags.py
Traceback (most recent call last):
  File "/home/airflow/.local/lib/python3.8/site-packages/airflow/models/dagbag.py", line 344, in parse
    loader.exec_module(new_module)
  File "<frozen importlib._bootstrap_external>", line 843, in exec_module
  File "<frozen importlib._bootstrap>", line 219, in _call_with_frames_removed
  File "/opt/airflow/dags/model_sample_dags.py", line 9, in <module>
    from mlflow.model_sample.model_sample_train import train
  File "/opt/airflow/mlflow/model_sample/model_sample_train.py", line 3, in <module>
    import mlflow.sklearn
ModuleNotFoundError: No module named 'mlflow.sklearn'
[2025-12-30T11:12:04.379+0000] {processor.py:842} WARNING - No viable dags retrieved from /opt/airflow/dags/model_sample_dags.py
[2025-12-30T11:12:04.456+0000] {processor.py:183} INFO - Processing /opt/airflow/dags/model_sample_dags.py took 0.430 seconds
[2025-12-30T11:12:34.978+0000] {processor.py:161} INFO - Started process (PID=175) to work on /opt/airflow/dags/model_sample_dags.py
[2025-12-30T11:12:34.982+0000] {processor.py:830} INFO - Processing file /opt/airflow/dags/model_sample_dags.py for tasks to queue
[2025-12-30T11:12:34.985+0000] {logging_mixin.py:188} INFO - [2025-12-30T11:12:34.984+0000] {dagbag.py:538} INFO - Filling up the DagBag from /opt/airflow/dags/model_sample_dags.py
[2025-12-30T11:12:35.164+0000] {logging_mixin.py:188} INFO - [2025-12-30T11:12:35.131+0000] {dagbag.py:348} ERROR - Failed to import: /opt/airflow/dags/model_sample_dags.py
Traceback (most recent call last):
  File "/home/airflow/.local/lib/python3.8/site-packages/airflow/models/dagbag.py", line 344, in parse
    loader.exec_module(new_module)
  File "<frozen importlib._bootstrap_external>", line 843, in exec_module
  File "<frozen importlib._bootstrap>", line 219, in _call_with_frames_removed
  File "/opt/airflow/dags/model_sample_dags.py", line 9, in <module>
    from mlflow.model_sample.model_sample_train import train
  File "/opt/airflow/mlflow/model_sample/model_sample_train.py", line 3, in <module>
    import mlflow.sklearn
ModuleNotFoundError: No module named 'mlflow.sklearn'
[2025-12-30T11:12:35.175+0000] {processor.py:842} WARNING - No viable dags retrieved from /opt/airflow/dags/model_sample_dags.py
[2025-12-30T11:12:35.241+0000] {processor.py:183} INFO - Processing /opt/airflow/dags/model_sample_dags.py took 0.271 seconds
[2025-12-30T11:13:06.025+0000] {processor.py:161} INFO - Started process (PID=180) to work on /opt/airflow/dags/model_sample_dags.py
[2025-12-30T11:13:06.028+0000] {processor.py:830} INFO - Processing file /opt/airflow/dags/model_sample_dags.py for tasks to queue
[2025-12-30T11:13:06.031+0000] {logging_mixin.py:188} INFO - [2025-12-30T11:13:06.030+0000] {dagbag.py:538} INFO - Filling up the DagBag from /opt/airflow/dags/model_sample_dags.py
[2025-12-30T11:13:06.175+0000] {logging_mixin.py:188} INFO - [2025-12-30T11:13:06.153+0000] {dagbag.py:348} ERROR - Failed to import: /opt/airflow/dags/model_sample_dags.py
Traceback (most recent call last):
  File "/home/airflow/.local/lib/python3.8/site-packages/airflow/models/dagbag.py", line 344, in parse
    loader.exec_module(new_module)
  File "<frozen importlib._bootstrap_external>", line 843, in exec_module
  File "<frozen importlib._bootstrap>", line 219, in _call_with_frames_removed
  File "/opt/airflow/dags/model_sample_dags.py", line 9, in <module>
    from mlflow.model_sample.model_sample_train import train
  File "/opt/airflow/mlflow/model_sample/model_sample_train.py", line 3, in <module>
    import mlflow.sklearn
ModuleNotFoundError: No module named 'mlflow.sklearn'
[2025-12-30T11:13:06.184+0000] {processor.py:842} WARNING - No viable dags retrieved from /opt/airflow/dags/model_sample_dags.py
[2025-12-30T11:13:06.236+0000] {processor.py:183} INFO - Processing /opt/airflow/dags/model_sample_dags.py took 0.216 seconds
[2025-12-30T11:13:36.742+0000] {processor.py:161} INFO - Started process (PID=185) to work on /opt/airflow/dags/model_sample_dags.py
[2025-12-30T11:13:36.746+0000] {processor.py:830} INFO - Processing file /opt/airflow/dags/model_sample_dags.py for tasks to queue
[2025-12-30T11:13:36.749+0000] {logging_mixin.py:188} INFO - [2025-12-30T11:13:36.748+0000] {dagbag.py:538} INFO - Filling up the DagBag from /opt/airflow/dags/model_sample_dags.py
[2025-12-30T11:13:36.885+0000] {logging_mixin.py:188} INFO - [2025-12-30T11:13:36.865+0000] {dagbag.py:348} ERROR - Failed to import: /opt/airflow/dags/model_sample_dags.py
Traceback (most recent call last):
  File "/home/airflow/.local/lib/python3.8/site-packages/airflow/models/dagbag.py", line 344, in parse
    loader.exec_module(new_module)
  File "<frozen importlib._bootstrap_external>", line 843, in exec_module
  File "<frozen importlib._bootstrap>", line 219, in _call_with_frames_removed
  File "/opt/airflow/dags/model_sample_dags.py", line 9, in <module>
    from mlflow.model_sample.model_sample_train import train
  File "/opt/airflow/mlflow/model_sample/model_sample_train.py", line 3, in <module>
    import mlflow.sklearn
ModuleNotFoundError: No module named 'mlflow.sklearn'
[2025-12-30T11:13:36.897+0000] {processor.py:842} WARNING - No viable dags retrieved from /opt/airflow/dags/model_sample_dags.py
[2025-12-30T11:13:36.965+0000] {processor.py:183} INFO - Processing /opt/airflow/dags/model_sample_dags.py took 0.236 seconds
[2025-12-30T11:14:07.906+0000] {processor.py:161} INFO - Started process (PID=190) to work on /opt/airflow/dags/model_sample_dags.py
[2025-12-30T11:14:07.910+0000] {processor.py:830} INFO - Processing file /opt/airflow/dags/model_sample_dags.py for tasks to queue
[2025-12-30T11:14:07.913+0000] {logging_mixin.py:188} INFO - [2025-12-30T11:14:07.912+0000] {dagbag.py:538} INFO - Filling up the DagBag from /opt/airflow/dags/model_sample_dags.py
[2025-12-30T11:14:08.045+0000] {logging_mixin.py:188} INFO - [2025-12-30T11:14:08.022+0000] {dagbag.py:348} ERROR - Failed to import: /opt/airflow/dags/model_sample_dags.py
Traceback (most recent call last):
  File "/home/airflow/.local/lib/python3.8/site-packages/airflow/models/dagbag.py", line 344, in parse
    loader.exec_module(new_module)
  File "<frozen importlib._bootstrap_external>", line 843, in exec_module
  File "<frozen importlib._bootstrap>", line 219, in _call_with_frames_removed
  File "/opt/airflow/dags/model_sample_dags.py", line 9, in <module>
    from mlflow.model_sample.model_sample_train import train
  File "/opt/airflow/mlflow/model_sample/model_sample_train.py", line 3, in <module>
    import mlflow.sklearn
ModuleNotFoundError: No module named 'mlflow.sklearn'
[2025-12-30T11:14:08.054+0000] {processor.py:842} WARNING - No viable dags retrieved from /opt/airflow/dags/model_sample_dags.py
[2025-12-30T11:14:08.113+0000] {processor.py:183} INFO - Processing /opt/airflow/dags/model_sample_dags.py took 0.214 seconds
[2025-12-30T11:14:38.695+0000] {processor.py:161} INFO - Started process (PID=195) to work on /opt/airflow/dags/model_sample_dags.py
[2025-12-30T11:14:38.699+0000] {processor.py:830} INFO - Processing file /opt/airflow/dags/model_sample_dags.py for tasks to queue
[2025-12-30T11:14:38.703+0000] {logging_mixin.py:188} INFO - [2025-12-30T11:14:38.702+0000] {dagbag.py:538} INFO - Filling up the DagBag from /opt/airflow/dags/model_sample_dags.py
[2025-12-30T11:14:38.888+0000] {logging_mixin.py:188} INFO - [2025-12-30T11:14:38.855+0000] {dagbag.py:348} ERROR - Failed to import: /opt/airflow/dags/model_sample_dags.py
Traceback (most recent call last):
  File "/home/airflow/.local/lib/python3.8/site-packages/airflow/models/dagbag.py", line 344, in parse
    loader.exec_module(new_module)
  File "<frozen importlib._bootstrap_external>", line 843, in exec_module
  File "<frozen importlib._bootstrap>", line 219, in _call_with_frames_removed
  File "/opt/airflow/dags/model_sample_dags.py", line 9, in <module>
    from mlflow.model_sample.model_sample_train import train
  File "/opt/airflow/mlflow/model_sample/model_sample_train.py", line 3, in <module>
    import mlflow.sklearn
ModuleNotFoundError: No module named 'mlflow.sklearn'
[2025-12-30T11:14:38.901+0000] {processor.py:842} WARNING - No viable dags retrieved from /opt/airflow/dags/model_sample_dags.py
[2025-12-30T11:14:38.975+0000] {processor.py:183} INFO - Processing /opt/airflow/dags/model_sample_dags.py took 0.292 seconds
[2025-12-30T11:15:09.683+0000] {processor.py:161} INFO - Started process (PID=200) to work on /opt/airflow/dags/model_sample_dags.py
[2025-12-30T11:15:09.685+0000] {processor.py:830} INFO - Processing file /opt/airflow/dags/model_sample_dags.py for tasks to queue
[2025-12-30T11:15:09.687+0000] {logging_mixin.py:188} INFO - [2025-12-30T11:15:09.687+0000] {dagbag.py:538} INFO - Filling up the DagBag from /opt/airflow/dags/model_sample_dags.py
[2025-12-30T11:15:09.831+0000] {logging_mixin.py:188} INFO - [2025-12-30T11:15:09.801+0000] {dagbag.py:348} ERROR - Failed to import: /opt/airflow/dags/model_sample_dags.py
Traceback (most recent call last):
  File "/home/airflow/.local/lib/python3.8/site-packages/airflow/models/dagbag.py", line 344, in parse
    loader.exec_module(new_module)
  File "<frozen importlib._bootstrap_external>", line 843, in exec_module
  File "<frozen importlib._bootstrap>", line 219, in _call_with_frames_removed
  File "/opt/airflow/dags/model_sample_dags.py", line 9, in <module>
    from mlflow.model_sample.model_sample_train import train
  File "/opt/airflow/mlflow/model_sample/model_sample_train.py", line 3, in <module>
    import mlflow.sklearn
ModuleNotFoundError: No module named 'mlflow.sklearn'
[2025-12-30T11:15:09.842+0000] {processor.py:842} WARNING - No viable dags retrieved from /opt/airflow/dags/model_sample_dags.py
[2025-12-30T11:15:09.894+0000] {processor.py:183} INFO - Processing /opt/airflow/dags/model_sample_dags.py took 0.217 seconds
[2025-12-30T11:15:40.595+0000] {processor.py:161} INFO - Started process (PID=205) to work on /opt/airflow/dags/model_sample_dags.py
[2025-12-30T11:15:40.598+0000] {processor.py:830} INFO - Processing file /opt/airflow/dags/model_sample_dags.py for tasks to queue
[2025-12-30T11:15:40.603+0000] {logging_mixin.py:188} INFO - [2025-12-30T11:15:40.601+0000] {dagbag.py:538} INFO - Filling up the DagBag from /opt/airflow/dags/model_sample_dags.py
[2025-12-30T11:15:40.814+0000] {logging_mixin.py:188} INFO - [2025-12-30T11:15:40.780+0000] {dagbag.py:348} ERROR - Failed to import: /opt/airflow/dags/model_sample_dags.py
Traceback (most recent call last):
  File "/home/airflow/.local/lib/python3.8/site-packages/airflow/models/dagbag.py", line 344, in parse
    loader.exec_module(new_module)
  File "<frozen importlib._bootstrap_external>", line 843, in exec_module
  File "<frozen importlib._bootstrap>", line 219, in _call_with_frames_removed
  File "/opt/airflow/dags/model_sample_dags.py", line 9, in <module>
    from mlflow.model_sample.model_sample_train import train
  File "/opt/airflow/mlflow/model_sample/model_sample_train.py", line 3, in <module>
    import mlflow.sklearn
ModuleNotFoundError: No module named 'mlflow.sklearn'
[2025-12-30T11:15:40.825+0000] {processor.py:842} WARNING - No viable dags retrieved from /opt/airflow/dags/model_sample_dags.py
[2025-12-30T11:15:40.906+0000] {processor.py:183} INFO - Processing /opt/airflow/dags/model_sample_dags.py took 0.322 seconds
[2025-12-30T11:15:52.355+0000] {processor.py:161} INFO - Started process (PID=210) to work on /opt/airflow/dags/model_sample_dags.py
[2025-12-30T11:15:52.359+0000] {processor.py:830} INFO - Processing file /opt/airflow/dags/model_sample_dags.py for tasks to queue
[2025-12-30T11:15:52.363+0000] {logging_mixin.py:188} INFO - [2025-12-30T11:15:52.362+0000] {dagbag.py:538} INFO - Filling up the DagBag from /opt/airflow/dags/model_sample_dags.py
[2025-12-30T11:15:52.487+0000] {logging_mixin.py:188} INFO - [2025-12-30T11:15:52.470+0000] {dagbag.py:348} ERROR - Failed to import: /opt/airflow/dags/model_sample_dags.py
Traceback (most recent call last):
  File "/home/airflow/.local/lib/python3.8/site-packages/airflow/models/dagbag.py", line 344, in parse
    loader.exec_module(new_module)
  File "<frozen importlib._bootstrap_external>", line 843, in exec_module
  File "<frozen importlib._bootstrap>", line 219, in _call_with_frames_removed
  File "/opt/airflow/dags/model_sample_dags.py", line 2, in <module>
    from sklearn.model_selection import train_test_split
ModuleNotFoundError: No module named 'sklearn'
[2025-12-30T11:15:52.493+0000] {processor.py:842} WARNING - No viable dags retrieved from /opt/airflow/dags/model_sample_dags.py
[2025-12-30T11:15:52.559+0000] {processor.py:183} INFO - Processing /opt/airflow/dags/model_sample_dags.py took 0.213 seconds
[2025-12-30T11:16:23.497+0000] {processor.py:161} INFO - Started process (PID=215) to work on /opt/airflow/dags/model_sample_dags.py
[2025-12-30T11:16:23.501+0000] {processor.py:830} INFO - Processing file /opt/airflow/dags/model_sample_dags.py for tasks to queue
[2025-12-30T11:16:23.507+0000] {logging_mixin.py:188} INFO - [2025-12-30T11:16:23.505+0000] {dagbag.py:538} INFO - Filling up the DagBag from /opt/airflow/dags/model_sample_dags.py
[2025-12-30T11:16:23.581+0000] {logging_mixin.py:188} INFO - [2025-12-30T11:16:23.565+0000] {dagbag.py:348} ERROR - Failed to import: /opt/airflow/dags/model_sample_dags.py
Traceback (most recent call last):
  File "/home/airflow/.local/lib/python3.8/site-packages/airflow/models/dagbag.py", line 344, in parse
    loader.exec_module(new_module)
  File "<frozen importlib._bootstrap_external>", line 843, in exec_module
  File "<frozen importlib._bootstrap>", line 219, in _call_with_frames_removed
  File "/opt/airflow/dags/model_sample_dags.py", line 2, in <module>
    from sklearn.model_selection import train_test_split
ModuleNotFoundError: No module named 'sklearn'
[2025-12-30T11:16:23.590+0000] {processor.py:842} WARNING - No viable dags retrieved from /opt/airflow/dags/model_sample_dags.py
[2025-12-30T11:16:23.705+0000] {processor.py:183} INFO - Processing /opt/airflow/dags/model_sample_dags.py took 0.217 seconds
[2025-12-30T11:16:54.261+0000] {processor.py:161} INFO - Started process (PID=220) to work on /opt/airflow/dags/model_sample_dags.py
[2025-12-30T11:16:54.264+0000] {processor.py:830} INFO - Processing file /opt/airflow/dags/model_sample_dags.py for tasks to queue
[2025-12-30T11:16:54.267+0000] {logging_mixin.py:188} INFO - [2025-12-30T11:16:54.266+0000] {dagbag.py:538} INFO - Filling up the DagBag from /opt/airflow/dags/model_sample_dags.py
[2025-12-30T11:16:54.331+0000] {logging_mixin.py:188} INFO - [2025-12-30T11:16:54.316+0000] {dagbag.py:348} ERROR - Failed to import: /opt/airflow/dags/model_sample_dags.py
Traceback (most recent call last):
  File "/home/airflow/.local/lib/python3.8/site-packages/airflow/models/dagbag.py", line 344, in parse
    loader.exec_module(new_module)
  File "<frozen importlib._bootstrap_external>", line 843, in exec_module
  File "<frozen importlib._bootstrap>", line 219, in _call_with_frames_removed
  File "/opt/airflow/dags/model_sample_dags.py", line 2, in <module>
    from sklearn.model_selection import train_test_split
ModuleNotFoundError: No module named 'sklearn'
[2025-12-30T11:16:54.336+0000] {processor.py:842} WARNING - No viable dags retrieved from /opt/airflow/dags/model_sample_dags.py
[2025-12-30T11:16:54.415+0000] {processor.py:183} INFO - Processing /opt/airflow/dags/model_sample_dags.py took 0.160 seconds
[2025-12-30T11:17:25.119+0000] {processor.py:161} INFO - Started process (PID=225) to work on /opt/airflow/dags/model_sample_dags.py
[2025-12-30T11:17:25.121+0000] {processor.py:830} INFO - Processing file /opt/airflow/dags/model_sample_dags.py for tasks to queue
[2025-12-30T11:17:25.123+0000] {logging_mixin.py:188} INFO - [2025-12-30T11:17:25.123+0000] {dagbag.py:538} INFO - Filling up the DagBag from /opt/airflow/dags/model_sample_dags.py
[2025-12-30T11:17:25.167+0000] {logging_mixin.py:188} INFO - [2025-12-30T11:17:25.158+0000] {dagbag.py:348} ERROR - Failed to import: /opt/airflow/dags/model_sample_dags.py
Traceback (most recent call last):
  File "/home/airflow/.local/lib/python3.8/site-packages/airflow/models/dagbag.py", line 344, in parse
    loader.exec_module(new_module)
  File "<frozen importlib._bootstrap_external>", line 843, in exec_module
  File "<frozen importlib._bootstrap>", line 219, in _call_with_frames_removed
  File "/opt/airflow/dags/model_sample_dags.py", line 2, in <module>
    from sklearn.model_selection import train_test_split
ModuleNotFoundError: No module named 'sklearn'
[2025-12-30T11:17:25.171+0000] {processor.py:842} WARNING - No viable dags retrieved from /opt/airflow/dags/model_sample_dags.py
[2025-12-30T11:17:25.217+0000] {processor.py:183} INFO - Processing /opt/airflow/dags/model_sample_dags.py took 0.104 seconds
[2025-12-30T11:17:56.107+0000] {processor.py:161} INFO - Started process (PID=230) to work on /opt/airflow/dags/model_sample_dags.py
[2025-12-30T11:17:56.111+0000] {processor.py:830} INFO - Processing file /opt/airflow/dags/model_sample_dags.py for tasks to queue
[2025-12-30T11:17:56.114+0000] {logging_mixin.py:188} INFO - [2025-12-30T11:17:56.113+0000] {dagbag.py:538} INFO - Filling up the DagBag from /opt/airflow/dags/model_sample_dags.py
[2025-12-30T11:17:56.190+0000] {logging_mixin.py:188} INFO - [2025-12-30T11:17:56.172+0000] {dagbag.py:348} ERROR - Failed to import: /opt/airflow/dags/model_sample_dags.py
Traceback (most recent call last):
  File "/home/airflow/.local/lib/python3.8/site-packages/airflow/models/dagbag.py", line 344, in parse
    loader.exec_module(new_module)
  File "<frozen importlib._bootstrap_external>", line 843, in exec_module
  File "<frozen importlib._bootstrap>", line 219, in _call_with_frames_removed
  File "/opt/airflow/dags/model_sample_dags.py", line 2, in <module>
    from sklearn.model_selection import train_test_split
ModuleNotFoundError: No module named 'sklearn'
[2025-12-30T11:17:56.197+0000] {processor.py:842} WARNING - No viable dags retrieved from /opt/airflow/dags/model_sample_dags.py
[2025-12-30T11:17:56.278+0000] {processor.py:183} INFO - Processing /opt/airflow/dags/model_sample_dags.py took 0.178 seconds
[2025-12-30T11:18:26.954+0000] {processor.py:161} INFO - Started process (PID=235) to work on /opt/airflow/dags/model_sample_dags.py
[2025-12-30T11:18:26.959+0000] {processor.py:830} INFO - Processing file /opt/airflow/dags/model_sample_dags.py for tasks to queue
[2025-12-30T11:18:26.965+0000] {logging_mixin.py:188} INFO - [2025-12-30T11:18:26.963+0000] {dagbag.py:538} INFO - Filling up the DagBag from /opt/airflow/dags/model_sample_dags.py
[2025-12-30T11:18:27.042+0000] {logging_mixin.py:188} INFO - [2025-12-30T11:18:27.029+0000] {dagbag.py:348} ERROR - Failed to import: /opt/airflow/dags/model_sample_dags.py
Traceback (most recent call last):
  File "/home/airflow/.local/lib/python3.8/site-packages/airflow/models/dagbag.py", line 344, in parse
    loader.exec_module(new_module)
  File "<frozen importlib._bootstrap_external>", line 843, in exec_module
  File "<frozen importlib._bootstrap>", line 219, in _call_with_frames_removed
  File "/opt/airflow/dags/model_sample_dags.py", line 2, in <module>
    from sklearn.model_selection import train_test_split
ModuleNotFoundError: No module named 'sklearn'
[2025-12-30T11:18:27.048+0000] {processor.py:842} WARNING - No viable dags retrieved from /opt/airflow/dags/model_sample_dags.py
[2025-12-30T11:18:27.117+0000] {processor.py:183} INFO - Processing /opt/airflow/dags/model_sample_dags.py took 0.178 seconds
[2025-12-30T11:18:57.979+0000] {processor.py:161} INFO - Started process (PID=240) to work on /opt/airflow/dags/model_sample_dags.py
[2025-12-30T11:18:57.982+0000] {processor.py:830} INFO - Processing file /opt/airflow/dags/model_sample_dags.py for tasks to queue
[2025-12-30T11:18:57.985+0000] {logging_mixin.py:188} INFO - [2025-12-30T11:18:57.985+0000] {dagbag.py:538} INFO - Filling up the DagBag from /opt/airflow/dags/model_sample_dags.py
[2025-12-30T11:18:58.058+0000] {logging_mixin.py:188} INFO - [2025-12-30T11:18:58.043+0000] {dagbag.py:348} ERROR - Failed to import: /opt/airflow/dags/model_sample_dags.py
Traceback (most recent call last):
  File "/home/airflow/.local/lib/python3.8/site-packages/airflow/models/dagbag.py", line 344, in parse
    loader.exec_module(new_module)
  File "<frozen importlib._bootstrap_external>", line 843, in exec_module
  File "<frozen importlib._bootstrap>", line 219, in _call_with_frames_removed
  File "/opt/airflow/dags/model_sample_dags.py", line 2, in <module>
    from sklearn.model_selection import train_test_split
ModuleNotFoundError: No module named 'sklearn'
[2025-12-30T11:18:58.066+0000] {processor.py:842} WARNING - No viable dags retrieved from /opt/airflow/dags/model_sample_dags.py
[2025-12-30T11:18:58.129+0000] {processor.py:183} INFO - Processing /opt/airflow/dags/model_sample_dags.py took 0.158 seconds
[2025-12-30T11:19:28.778+0000] {processor.py:161} INFO - Started process (PID=245) to work on /opt/airflow/dags/model_sample_dags.py
[2025-12-30T11:19:28.782+0000] {processor.py:830} INFO - Processing file /opt/airflow/dags/model_sample_dags.py for tasks to queue
[2025-12-30T11:19:28.787+0000] {logging_mixin.py:188} INFO - [2025-12-30T11:19:28.785+0000] {dagbag.py:538} INFO - Filling up the DagBag from /opt/airflow/dags/model_sample_dags.py
[2025-12-30T11:19:28.848+0000] {logging_mixin.py:188} INFO - [2025-12-30T11:19:28.834+0000] {dagbag.py:348} ERROR - Failed to import: /opt/airflow/dags/model_sample_dags.py
Traceback (most recent call last):
  File "/home/airflow/.local/lib/python3.8/site-packages/airflow/models/dagbag.py", line 344, in parse
    loader.exec_module(new_module)
  File "<frozen importlib._bootstrap_external>", line 843, in exec_module
  File "<frozen importlib._bootstrap>", line 219, in _call_with_frames_removed
  File "/opt/airflow/dags/model_sample_dags.py", line 2, in <module>
    from sklearn.model_selection import train_test_split
ModuleNotFoundError: No module named 'sklearn'
[2025-12-30T11:19:28.854+0000] {processor.py:842} WARNING - No viable dags retrieved from /opt/airflow/dags/model_sample_dags.py
[2025-12-30T11:19:28.929+0000] {processor.py:183} INFO - Processing /opt/airflow/dags/model_sample_dags.py took 0.167 seconds
[2025-12-30T11:19:59.818+0000] {processor.py:161} INFO - Started process (PID=250) to work on /opt/airflow/dags/model_sample_dags.py
[2025-12-30T11:19:59.822+0000] {processor.py:830} INFO - Processing file /opt/airflow/dags/model_sample_dags.py for tasks to queue
[2025-12-30T11:19:59.826+0000] {logging_mixin.py:188} INFO - [2025-12-30T11:19:59.825+0000] {dagbag.py:538} INFO - Filling up the DagBag from /opt/airflow/dags/model_sample_dags.py
[2025-12-30T11:19:59.903+0000] {logging_mixin.py:188} INFO - [2025-12-30T11:19:59.887+0000] {dagbag.py:348} ERROR - Failed to import: /opt/airflow/dags/model_sample_dags.py
Traceback (most recent call last):
  File "/home/airflow/.local/lib/python3.8/site-packages/airflow/models/dagbag.py", line 344, in parse
    loader.exec_module(new_module)
  File "<frozen importlib._bootstrap_external>", line 843, in exec_module
  File "<frozen importlib._bootstrap>", line 219, in _call_with_frames_removed
  File "/opt/airflow/dags/model_sample_dags.py", line 2, in <module>
    from sklearn.model_selection import train_test_split
ModuleNotFoundError: No module named 'sklearn'
[2025-12-30T11:19:59.910+0000] {processor.py:842} WARNING - No viable dags retrieved from /opt/airflow/dags/model_sample_dags.py
[2025-12-30T11:19:59.981+0000] {processor.py:183} INFO - Processing /opt/airflow/dags/model_sample_dags.py took 0.174 seconds
[2025-12-30T11:20:10.108+0000] {processor.py:161} INFO - Started process (PID=255) to work on /opt/airflow/dags/model_sample_dags.py
[2025-12-30T11:20:10.111+0000] {processor.py:830} INFO - Processing file /opt/airflow/dags/model_sample_dags.py for tasks to queue
[2025-12-30T11:20:10.115+0000] {logging_mixin.py:188} INFO - [2025-12-30T11:20:10.114+0000] {dagbag.py:538} INFO - Filling up the DagBag from /opt/airflow/dags/model_sample_dags.py
[2025-12-30T11:20:10.219+0000] {processor.py:842} WARNING - No viable dags retrieved from /opt/airflow/dags/model_sample_dags.py
[2025-12-30T11:20:10.279+0000] {processor.py:183} INFO - Processing /opt/airflow/dags/model_sample_dags.py took 0.183 seconds
[2025-12-30T11:20:18.393+0000] {processor.py:161} INFO - Started process (PID=260) to work on /opt/airflow/dags/model_sample_dags.py
[2025-12-30T11:20:18.396+0000] {processor.py:830} INFO - Processing file /opt/airflow/dags/model_sample_dags.py for tasks to queue
[2025-12-30T11:20:18.399+0000] {logging_mixin.py:188} INFO - [2025-12-30T11:20:18.399+0000] {dagbag.py:538} INFO - Filling up the DagBag from /opt/airflow/dags/model_sample_dags.py
[2025-12-30T11:20:18.538+0000] {processor.py:840} INFO - DAG(s) 'train_model_sample' retrieved from /opt/airflow/dags/model_sample_dags.py
[2025-12-30T11:20:19.029+0000] {logging_mixin.py:188} INFO - [2025-12-30T11:20:19.027+0000] {override.py:1769} INFO - Created Permission View: can read on DAG:train_model_sample
[2025-12-30T11:20:19.061+0000] {logging_mixin.py:188} INFO - [2025-12-30T11:20:19.060+0000] {override.py:1769} INFO - Created Permission View: can delete on DAG:train_model_sample
[2025-12-30T11:20:19.087+0000] {logging_mixin.py:188} INFO - [2025-12-30T11:20:19.086+0000] {override.py:1769} INFO - Created Permission View: can edit on DAG:train_model_sample
[2025-12-30T11:20:19.089+0000] {logging_mixin.py:188} INFO - [2025-12-30T11:20:19.088+0000] {dag.py:3036} INFO - Sync 1 DAGs
[2025-12-30T11:20:19.120+0000] {logging_mixin.py:188} INFO - [2025-12-30T11:20:19.119+0000] {dag.py:3058} INFO - Creating ORM DAG for train_model_sample
[2025-12-30T11:20:19.124+0000] {logging_mixin.py:188} INFO - [2025-12-30T11:20:19.123+0000] {dag.py:3823} INFO - Setting next_dagrun for train_model_sample to None, run_after=None
[2025-12-30T11:20:19.204+0000] {processor.py:183} INFO - Processing /opt/airflow/dags/model_sample_dags.py took 0.819 seconds
[2025-12-30T11:20:49.400+0000] {processor.py:161} INFO - Started process (PID=289) to work on /opt/airflow/dags/model_sample_dags.py
[2025-12-30T11:20:49.407+0000] {processor.py:830} INFO - Processing file /opt/airflow/dags/model_sample_dags.py for tasks to queue
[2025-12-30T11:20:49.413+0000] {logging_mixin.py:188} INFO - [2025-12-30T11:20:49.412+0000] {dagbag.py:538} INFO - Filling up the DagBag from /opt/airflow/dags/model_sample_dags.py
[2025-12-30T11:20:49.555+0000] {processor.py:840} INFO - DAG(s) 'train_model_sample' retrieved from /opt/airflow/dags/model_sample_dags.py
[2025-12-30T11:20:49.671+0000] {logging_mixin.py:188} INFO - [2025-12-30T11:20:49.670+0000] {dag.py:3036} INFO - Sync 1 DAGs
[2025-12-30T11:20:49.718+0000] {logging_mixin.py:188} INFO - [2025-12-30T11:20:49.718+0000] {dag.py:3823} INFO - Setting next_dagrun for train_model_sample to None, run_after=None
[2025-12-30T11:20:49.795+0000] {processor.py:183} INFO - Processing /opt/airflow/dags/model_sample_dags.py took 0.418 seconds
[2025-12-30T11:21:20.107+0000] {processor.py:161} INFO - Started process (PID=360) to work on /opt/airflow/dags/model_sample_dags.py
[2025-12-30T11:21:20.111+0000] {processor.py:830} INFO - Processing file /opt/airflow/dags/model_sample_dags.py for tasks to queue
[2025-12-30T11:21:20.114+0000] {logging_mixin.py:188} INFO - [2025-12-30T11:21:20.114+0000] {dagbag.py:538} INFO - Filling up the DagBag from /opt/airflow/dags/model_sample_dags.py
[2025-12-30T11:21:20.203+0000] {processor.py:840} INFO - DAG(s) 'train_model_sample' retrieved from /opt/airflow/dags/model_sample_dags.py
[2025-12-30T11:21:20.295+0000] {logging_mixin.py:188} INFO - [2025-12-30T11:21:20.295+0000] {dag.py:3036} INFO - Sync 1 DAGs
[2025-12-30T11:21:20.341+0000] {logging_mixin.py:188} INFO - [2025-12-30T11:21:20.340+0000] {dag.py:3823} INFO - Setting next_dagrun for train_model_sample to None, run_after=None
[2025-12-30T11:21:20.412+0000] {processor.py:183} INFO - Processing /opt/airflow/dags/model_sample_dags.py took 0.316 seconds
[2025-12-30T11:21:50.931+0000] {processor.py:161} INFO - Started process (PID=367) to work on /opt/airflow/dags/model_sample_dags.py
[2025-12-30T11:21:50.935+0000] {processor.py:830} INFO - Processing file /opt/airflow/dags/model_sample_dags.py for tasks to queue
[2025-12-30T11:21:50.938+0000] {logging_mixin.py:188} INFO - [2025-12-30T11:21:50.937+0000] {dagbag.py:538} INFO - Filling up the DagBag from /opt/airflow/dags/model_sample_dags.py
[2025-12-30T11:21:51.008+0000] {processor.py:840} INFO - DAG(s) 'train_model_sample' retrieved from /opt/airflow/dags/model_sample_dags.py
[2025-12-30T11:21:51.065+0000] {logging_mixin.py:188} INFO - [2025-12-30T11:21:51.064+0000] {dag.py:3036} INFO - Sync 1 DAGs
[2025-12-30T11:21:51.093+0000] {logging_mixin.py:188} INFO - [2025-12-30T11:21:51.092+0000] {dag.py:3823} INFO - Setting next_dagrun for train_model_sample to None, run_after=None
[2025-12-30T11:21:51.145+0000] {processor.py:183} INFO - Processing /opt/airflow/dags/model_sample_dags.py took 0.223 seconds
[2025-12-30T11:22:21.923+0000] {processor.py:161} INFO - Started process (PID=372) to work on /opt/airflow/dags/model_sample_dags.py
[2025-12-30T11:22:21.925+0000] {processor.py:830} INFO - Processing file /opt/airflow/dags/model_sample_dags.py for tasks to queue
[2025-12-30T11:22:21.927+0000] {logging_mixin.py:188} INFO - [2025-12-30T11:22:21.927+0000] {dagbag.py:538} INFO - Filling up the DagBag from /opt/airflow/dags/model_sample_dags.py
[2025-12-30T11:22:21.988+0000] {processor.py:840} INFO - DAG(s) 'train_model_sample' retrieved from /opt/airflow/dags/model_sample_dags.py
[2025-12-30T11:22:22.055+0000] {logging_mixin.py:188} INFO - [2025-12-30T11:22:22.054+0000] {dag.py:3036} INFO - Sync 1 DAGs
[2025-12-30T11:22:22.082+0000] {logging_mixin.py:188} INFO - [2025-12-30T11:22:22.081+0000] {dag.py:3823} INFO - Setting next_dagrun for train_model_sample to None, run_after=None
[2025-12-30T11:22:22.143+0000] {processor.py:183} INFO - Processing /opt/airflow/dags/model_sample_dags.py took 0.227 seconds
[2025-12-30T11:22:52.692+0000] {processor.py:161} INFO - Started process (PID=377) to work on /opt/airflow/dags/model_sample_dags.py
[2025-12-30T11:22:52.699+0000] {processor.py:830} INFO - Processing file /opt/airflow/dags/model_sample_dags.py for tasks to queue
[2025-12-30T11:22:52.704+0000] {logging_mixin.py:188} INFO - [2025-12-30T11:22:52.702+0000] {dagbag.py:538} INFO - Filling up the DagBag from /opt/airflow/dags/model_sample_dags.py
[2025-12-30T11:22:52.799+0000] {processor.py:840} INFO - DAG(s) 'train_model_sample' retrieved from /opt/airflow/dags/model_sample_dags.py
[2025-12-30T11:22:52.855+0000] {logging_mixin.py:188} INFO - [2025-12-30T11:22:52.855+0000] {dag.py:3036} INFO - Sync 1 DAGs
[2025-12-30T11:22:52.883+0000] {logging_mixin.py:188} INFO - [2025-12-30T11:22:52.882+0000] {dag.py:3823} INFO - Setting next_dagrun for train_model_sample to None, run_after=None
[2025-12-30T11:22:52.937+0000] {processor.py:183} INFO - Processing /opt/airflow/dags/model_sample_dags.py took 0.263 seconds
[2025-12-30T11:23:23.290+0000] {processor.py:161} INFO - Started process (PID=382) to work on /opt/airflow/dags/model_sample_dags.py
[2025-12-30T11:23:23.294+0000] {processor.py:830} INFO - Processing file /opt/airflow/dags/model_sample_dags.py for tasks to queue
[2025-12-30T11:23:23.296+0000] {logging_mixin.py:188} INFO - [2025-12-30T11:23:23.296+0000] {dagbag.py:538} INFO - Filling up the DagBag from /opt/airflow/dags/model_sample_dags.py
[2025-12-30T11:23:23.344+0000] {processor.py:840} INFO - DAG(s) 'train_model_sample' retrieved from /opt/airflow/dags/model_sample_dags.py
[2025-12-30T11:23:23.404+0000] {logging_mixin.py:188} INFO - [2025-12-30T11:23:23.404+0000] {dag.py:3036} INFO - Sync 1 DAGs
[2025-12-30T11:23:23.434+0000] {logging_mixin.py:188} INFO - [2025-12-30T11:23:23.434+0000] {dag.py:3823} INFO - Setting next_dagrun for train_model_sample to None, run_after=None
[2025-12-30T11:23:23.491+0000] {processor.py:183} INFO - Processing /opt/airflow/dags/model_sample_dags.py took 0.212 seconds
[2025-12-30T11:23:54.313+0000] {processor.py:161} INFO - Started process (PID=387) to work on /opt/airflow/dags/model_sample_dags.py
[2025-12-30T11:23:54.316+0000] {processor.py:830} INFO - Processing file /opt/airflow/dags/model_sample_dags.py for tasks to queue
[2025-12-30T11:23:54.320+0000] {logging_mixin.py:188} INFO - [2025-12-30T11:23:54.319+0000] {dagbag.py:538} INFO - Filling up the DagBag from /opt/airflow/dags/model_sample_dags.py
[2025-12-30T11:23:54.378+0000] {processor.py:840} INFO - DAG(s) 'train_model_sample' retrieved from /opt/airflow/dags/model_sample_dags.py
[2025-12-30T11:23:54.453+0000] {logging_mixin.py:188} INFO - [2025-12-30T11:23:54.452+0000] {dag.py:3036} INFO - Sync 1 DAGs
[2025-12-30T11:23:54.499+0000] {logging_mixin.py:188} INFO - [2025-12-30T11:23:54.498+0000] {dag.py:3823} INFO - Setting next_dagrun for train_model_sample to None, run_after=None
[2025-12-30T11:23:54.575+0000] {processor.py:183} INFO - Processing /opt/airflow/dags/model_sample_dags.py took 0.271 seconds
[2025-12-30T11:24:25.511+0000] {processor.py:161} INFO - Started process (PID=392) to work on /opt/airflow/dags/model_sample_dags.py
[2025-12-30T11:24:25.515+0000] {processor.py:830} INFO - Processing file /opt/airflow/dags/model_sample_dags.py for tasks to queue
[2025-12-30T11:24:25.520+0000] {logging_mixin.py:188} INFO - [2025-12-30T11:24:25.519+0000] {dagbag.py:538} INFO - Filling up the DagBag from /opt/airflow/dags/model_sample_dags.py
[2025-12-30T11:24:25.598+0000] {processor.py:840} INFO - DAG(s) 'train_model_sample' retrieved from /opt/airflow/dags/model_sample_dags.py
[2025-12-30T11:24:25.665+0000] {logging_mixin.py:188} INFO - [2025-12-30T11:24:25.664+0000] {dag.py:3036} INFO - Sync 1 DAGs
[2025-12-30T11:24:25.699+0000] {logging_mixin.py:188} INFO - [2025-12-30T11:24:25.699+0000] {dag.py:3823} INFO - Setting next_dagrun for train_model_sample to None, run_after=None
[2025-12-30T11:24:25.759+0000] {processor.py:183} INFO - Processing /opt/airflow/dags/model_sample_dags.py took 0.257 seconds
[2025-12-30T11:24:55.961+0000] {processor.py:161} INFO - Started process (PID=397) to work on /opt/airflow/dags/model_sample_dags.py
[2025-12-30T11:24:55.964+0000] {processor.py:830} INFO - Processing file /opt/airflow/dags/model_sample_dags.py for tasks to queue
[2025-12-30T11:24:55.967+0000] {logging_mixin.py:188} INFO - [2025-12-30T11:24:55.966+0000] {dagbag.py:538} INFO - Filling up the DagBag from /opt/airflow/dags/model_sample_dags.py
[2025-12-30T11:24:56.024+0000] {processor.py:840} INFO - DAG(s) 'train_model_sample' retrieved from /opt/airflow/dags/model_sample_dags.py
[2025-12-30T11:24:56.075+0000] {logging_mixin.py:188} INFO - [2025-12-30T11:24:56.075+0000] {dag.py:3036} INFO - Sync 1 DAGs
[2025-12-30T11:24:56.102+0000] {logging_mixin.py:188} INFO - [2025-12-30T11:24:56.102+0000] {dag.py:3823} INFO - Setting next_dagrun for train_model_sample to None, run_after=None
[2025-12-30T11:24:56.154+0000] {processor.py:183} INFO - Processing /opt/airflow/dags/model_sample_dags.py took 0.199 seconds
[2025-12-30T11:25:26.295+0000] {processor.py:161} INFO - Started process (PID=402) to work on /opt/airflow/dags/model_sample_dags.py
[2025-12-30T11:25:26.299+0000] {processor.py:830} INFO - Processing file /opt/airflow/dags/model_sample_dags.py for tasks to queue
[2025-12-30T11:25:26.301+0000] {logging_mixin.py:188} INFO - [2025-12-30T11:25:26.301+0000] {dagbag.py:538} INFO - Filling up the DagBag from /opt/airflow/dags/model_sample_dags.py
[2025-12-30T11:25:26.365+0000] {processor.py:840} INFO - DAG(s) 'train_model_sample' retrieved from /opt/airflow/dags/model_sample_dags.py
[2025-12-30T11:25:26.434+0000] {logging_mixin.py:188} INFO - [2025-12-30T11:25:26.433+0000] {dag.py:3036} INFO - Sync 1 DAGs
[2025-12-30T11:25:26.469+0000] {logging_mixin.py:188} INFO - [2025-12-30T11:25:26.468+0000] {dag.py:3823} INFO - Setting next_dagrun for train_model_sample to None, run_after=None
[2025-12-30T11:25:26.533+0000] {processor.py:183} INFO - Processing /opt/airflow/dags/model_sample_dags.py took 0.248 seconds
[2025-12-30T11:25:56.680+0000] {processor.py:161} INFO - Started process (PID=407) to work on /opt/airflow/dags/model_sample_dags.py
[2025-12-30T11:25:56.682+0000] {processor.py:830} INFO - Processing file /opt/airflow/dags/model_sample_dags.py for tasks to queue
[2025-12-30T11:25:56.685+0000] {logging_mixin.py:188} INFO - [2025-12-30T11:25:56.684+0000] {dagbag.py:538} INFO - Filling up the DagBag from /opt/airflow/dags/model_sample_dags.py
[2025-12-30T11:25:56.745+0000] {processor.py:840} INFO - DAG(s) 'train_model_sample' retrieved from /opt/airflow/dags/model_sample_dags.py
[2025-12-30T11:25:56.808+0000] {logging_mixin.py:188} INFO - [2025-12-30T11:25:56.807+0000] {dag.py:3036} INFO - Sync 1 DAGs
[2025-12-30T11:25:56.836+0000] {logging_mixin.py:188} INFO - [2025-12-30T11:25:56.835+0000] {dag.py:3823} INFO - Setting next_dagrun for train_model_sample to None, run_after=None
[2025-12-30T11:25:56.891+0000] {processor.py:183} INFO - Processing /opt/airflow/dags/model_sample_dags.py took 0.218 seconds
[2025-12-30T11:26:27.758+0000] {processor.py:161} INFO - Started process (PID=412) to work on /opt/airflow/dags/model_sample_dags.py
[2025-12-30T11:26:27.761+0000] {processor.py:830} INFO - Processing file /opt/airflow/dags/model_sample_dags.py for tasks to queue
[2025-12-30T11:26:27.764+0000] {logging_mixin.py:188} INFO - [2025-12-30T11:26:27.763+0000] {dagbag.py:538} INFO - Filling up the DagBag from /opt/airflow/dags/model_sample_dags.py
[2025-12-30T11:26:27.825+0000] {processor.py:840} INFO - DAG(s) 'train_model_sample' retrieved from /opt/airflow/dags/model_sample_dags.py
[2025-12-30T11:26:27.881+0000] {logging_mixin.py:188} INFO - [2025-12-30T11:26:27.880+0000] {dag.py:3036} INFO - Sync 1 DAGs
[2025-12-30T11:26:27.910+0000] {logging_mixin.py:188} INFO - [2025-12-30T11:26:27.909+0000] {dag.py:3823} INFO - Setting next_dagrun for train_model_sample to None, run_after=None
[2025-12-30T11:26:27.961+0000] {processor.py:183} INFO - Processing /opt/airflow/dags/model_sample_dags.py took 0.211 seconds
[2025-12-30T11:26:58.882+0000] {processor.py:161} INFO - Started process (PID=417) to work on /opt/airflow/dags/model_sample_dags.py
[2025-12-30T11:26:58.884+0000] {processor.py:830} INFO - Processing file /opt/airflow/dags/model_sample_dags.py for tasks to queue
[2025-12-30T11:26:58.887+0000] {logging_mixin.py:188} INFO - [2025-12-30T11:26:58.886+0000] {dagbag.py:538} INFO - Filling up the DagBag from /opt/airflow/dags/model_sample_dags.py
[2025-12-30T11:26:58.925+0000] {processor.py:840} INFO - DAG(s) 'train_model_sample' retrieved from /opt/airflow/dags/model_sample_dags.py
[2025-12-30T11:26:58.979+0000] {logging_mixin.py:188} INFO - [2025-12-30T11:26:58.978+0000] {dag.py:3036} INFO - Sync 1 DAGs
[2025-12-30T11:26:59.007+0000] {logging_mixin.py:188} INFO - [2025-12-30T11:26:59.006+0000] {dag.py:3823} INFO - Setting next_dagrun for train_model_sample to None, run_after=None
[2025-12-30T11:26:59.060+0000] {processor.py:183} INFO - Processing /opt/airflow/dags/model_sample_dags.py took 0.183 seconds
[2025-12-30T11:27:29.218+0000] {processor.py:161} INFO - Started process (PID=422) to work on /opt/airflow/dags/model_sample_dags.py
[2025-12-30T11:27:29.221+0000] {processor.py:830} INFO - Processing file /opt/airflow/dags/model_sample_dags.py for tasks to queue
[2025-12-30T11:27:29.224+0000] {logging_mixin.py:188} INFO - [2025-12-30T11:27:29.223+0000] {dagbag.py:538} INFO - Filling up the DagBag from /opt/airflow/dags/model_sample_dags.py
[2025-12-30T11:27:29.281+0000] {processor.py:840} INFO - DAG(s) 'train_model_sample' retrieved from /opt/airflow/dags/model_sample_dags.py
[2025-12-30T11:27:29.332+0000] {logging_mixin.py:188} INFO - [2025-12-30T11:27:29.331+0000] {dag.py:3036} INFO - Sync 1 DAGs
[2025-12-30T11:27:29.356+0000] {logging_mixin.py:188} INFO - [2025-12-30T11:27:29.356+0000] {dag.py:3823} INFO - Setting next_dagrun for train_model_sample to None, run_after=None
[2025-12-30T11:27:29.412+0000] {processor.py:183} INFO - Processing /opt/airflow/dags/model_sample_dags.py took 0.201 seconds
[2025-12-30T11:27:59.556+0000] {processor.py:161} INFO - Started process (PID=427) to work on /opt/airflow/dags/model_sample_dags.py
[2025-12-30T11:27:59.559+0000] {processor.py:830} INFO - Processing file /opt/airflow/dags/model_sample_dags.py for tasks to queue
[2025-12-30T11:27:59.561+0000] {logging_mixin.py:188} INFO - [2025-12-30T11:27:59.560+0000] {dagbag.py:538} INFO - Filling up the DagBag from /opt/airflow/dags/model_sample_dags.py
[2025-12-30T11:27:59.628+0000] {processor.py:840} INFO - DAG(s) 'train_model_sample' retrieved from /opt/airflow/dags/model_sample_dags.py
[2025-12-30T11:27:59.702+0000] {logging_mixin.py:188} INFO - [2025-12-30T11:27:59.701+0000] {dag.py:3036} INFO - Sync 1 DAGs
[2025-12-30T11:27:59.731+0000] {logging_mixin.py:188} INFO - [2025-12-30T11:27:59.730+0000] {dag.py:3823} INFO - Setting next_dagrun for train_model_sample to None, run_after=None
[2025-12-30T11:27:59.781+0000] {processor.py:183} INFO - Processing /opt/airflow/dags/model_sample_dags.py took 0.231 seconds
[2025-12-30T11:28:30.521+0000] {processor.py:161} INFO - Started process (PID=432) to work on /opt/airflow/dags/model_sample_dags.py
[2025-12-30T11:28:30.524+0000] {processor.py:830} INFO - Processing file /opt/airflow/dags/model_sample_dags.py for tasks to queue
[2025-12-30T11:28:30.527+0000] {logging_mixin.py:188} INFO - [2025-12-30T11:28:30.526+0000] {dagbag.py:538} INFO - Filling up the DagBag from /opt/airflow/dags/model_sample_dags.py
[2025-12-30T11:28:30.589+0000] {processor.py:840} INFO - DAG(s) 'train_model_sample' retrieved from /opt/airflow/dags/model_sample_dags.py
[2025-12-30T11:28:30.642+0000] {logging_mixin.py:188} INFO - [2025-12-30T11:28:30.641+0000] {dag.py:3036} INFO - Sync 1 DAGs
[2025-12-30T11:28:30.669+0000] {logging_mixin.py:188} INFO - [2025-12-30T11:28:30.668+0000] {dag.py:3823} INFO - Setting next_dagrun for train_model_sample to None, run_after=None
[2025-12-30T11:28:30.717+0000] {processor.py:183} INFO - Processing /opt/airflow/dags/model_sample_dags.py took 0.205 seconds
[2025-12-30T11:29:01.684+0000] {processor.py:161} INFO - Started process (PID=437) to work on /opt/airflow/dags/model_sample_dags.py
[2025-12-30T11:29:01.687+0000] {processor.py:830} INFO - Processing file /opt/airflow/dags/model_sample_dags.py for tasks to queue
[2025-12-30T11:29:01.690+0000] {logging_mixin.py:188} INFO - [2025-12-30T11:29:01.690+0000] {dagbag.py:538} INFO - Filling up the DagBag from /opt/airflow/dags/model_sample_dags.py
[2025-12-30T11:29:01.755+0000] {processor.py:840} INFO - DAG(s) 'train_model_sample' retrieved from /opt/airflow/dags/model_sample_dags.py
[2025-12-30T11:29:01.807+0000] {logging_mixin.py:188} INFO - [2025-12-30T11:29:01.807+0000] {dag.py:3036} INFO - Sync 1 DAGs
[2025-12-30T11:29:01.832+0000] {logging_mixin.py:188} INFO - [2025-12-30T11:29:01.831+0000] {dag.py:3823} INFO - Setting next_dagrun for train_model_sample to None, run_after=None
[2025-12-30T11:29:01.886+0000] {processor.py:183} INFO - Processing /opt/airflow/dags/model_sample_dags.py took 0.208 seconds
[2025-12-30T11:29:32.607+0000] {processor.py:161} INFO - Started process (PID=442) to work on /opt/airflow/dags/model_sample_dags.py
[2025-12-30T11:29:32.610+0000] {processor.py:830} INFO - Processing file /opt/airflow/dags/model_sample_dags.py for tasks to queue
[2025-12-30T11:29:32.614+0000] {logging_mixin.py:188} INFO - [2025-12-30T11:29:32.613+0000] {dagbag.py:538} INFO - Filling up the DagBag from /opt/airflow/dags/model_sample_dags.py
[2025-12-30T11:29:32.679+0000] {processor.py:840} INFO - DAG(s) 'train_model_sample' retrieved from /opt/airflow/dags/model_sample_dags.py
[2025-12-30T11:29:32.735+0000] {logging_mixin.py:188} INFO - [2025-12-30T11:29:32.734+0000] {dag.py:3036} INFO - Sync 1 DAGs
[2025-12-30T11:29:32.772+0000] {logging_mixin.py:188} INFO - [2025-12-30T11:29:32.771+0000] {dag.py:3823} INFO - Setting next_dagrun for train_model_sample to None, run_after=None
[2025-12-30T11:29:32.844+0000] {processor.py:183} INFO - Processing /opt/airflow/dags/model_sample_dags.py took 0.247 seconds
[2025-12-30T11:30:03.635+0000] {processor.py:161} INFO - Started process (PID=447) to work on /opt/airflow/dags/model_sample_dags.py
[2025-12-30T11:30:03.638+0000] {processor.py:830} INFO - Processing file /opt/airflow/dags/model_sample_dags.py for tasks to queue
[2025-12-30T11:30:03.641+0000] {logging_mixin.py:188} INFO - [2025-12-30T11:30:03.640+0000] {dagbag.py:538} INFO - Filling up the DagBag from /opt/airflow/dags/model_sample_dags.py
[2025-12-30T11:30:03.717+0000] {processor.py:840} INFO - DAG(s) 'train_model_sample' retrieved from /opt/airflow/dags/model_sample_dags.py
[2025-12-30T11:30:03.769+0000] {logging_mixin.py:188} INFO - [2025-12-30T11:30:03.769+0000] {dag.py:3036} INFO - Sync 1 DAGs
[2025-12-30T11:30:03.805+0000] {logging_mixin.py:188} INFO - [2025-12-30T11:30:03.804+0000] {dag.py:3823} INFO - Setting next_dagrun for train_model_sample to None, run_after=None
[2025-12-30T11:30:03.853+0000] {processor.py:183} INFO - Processing /opt/airflow/dags/model_sample_dags.py took 0.224 seconds
[2025-12-30T11:30:34.277+0000] {processor.py:161} INFO - Started process (PID=452) to work on /opt/airflow/dags/model_sample_dags.py
[2025-12-30T11:30:34.280+0000] {processor.py:830} INFO - Processing file /opt/airflow/dags/model_sample_dags.py for tasks to queue
[2025-12-30T11:30:34.284+0000] {logging_mixin.py:188} INFO - [2025-12-30T11:30:34.282+0000] {dagbag.py:538} INFO - Filling up the DagBag from /opt/airflow/dags/model_sample_dags.py
[2025-12-30T11:30:34.329+0000] {processor.py:840} INFO - DAG(s) 'train_model_sample' retrieved from /opt/airflow/dags/model_sample_dags.py
[2025-12-30T11:30:34.380+0000] {logging_mixin.py:188} INFO - [2025-12-30T11:30:34.380+0000] {dag.py:3036} INFO - Sync 1 DAGs
[2025-12-30T11:30:34.404+0000] {logging_mixin.py:188} INFO - [2025-12-30T11:30:34.403+0000] {dag.py:3823} INFO - Setting next_dagrun for train_model_sample to None, run_after=None
[2025-12-30T11:30:34.456+0000] {processor.py:183} INFO - Processing /opt/airflow/dags/model_sample_dags.py took 0.186 seconds
[2025-12-30T11:31:05.258+0000] {processor.py:161} INFO - Started process (PID=457) to work on /opt/airflow/dags/model_sample_dags.py
[2025-12-30T11:31:05.261+0000] {processor.py:830} INFO - Processing file /opt/airflow/dags/model_sample_dags.py for tasks to queue
[2025-12-30T11:31:05.264+0000] {logging_mixin.py:188} INFO - [2025-12-30T11:31:05.263+0000] {dagbag.py:538} INFO - Filling up the DagBag from /opt/airflow/dags/model_sample_dags.py
[2025-12-30T11:31:05.323+0000] {processor.py:840} INFO - DAG(s) 'train_model_sample' retrieved from /opt/airflow/dags/model_sample_dags.py
[2025-12-30T11:31:05.376+0000] {logging_mixin.py:188} INFO - [2025-12-30T11:31:05.375+0000] {dag.py:3036} INFO - Sync 1 DAGs
[2025-12-30T11:31:05.401+0000] {logging_mixin.py:188} INFO - [2025-12-30T11:31:05.400+0000] {dag.py:3823} INFO - Setting next_dagrun for train_model_sample to None, run_after=None
[2025-12-30T11:31:05.446+0000] {processor.py:183} INFO - Processing /opt/airflow/dags/model_sample_dags.py took 0.194 seconds
[2025-12-30T11:31:36.008+0000] {processor.py:161} INFO - Started process (PID=462) to work on /opt/airflow/dags/model_sample_dags.py
[2025-12-30T11:31:36.012+0000] {processor.py:830} INFO - Processing file /opt/airflow/dags/model_sample_dags.py for tasks to queue
[2025-12-30T11:31:36.014+0000] {logging_mixin.py:188} INFO - [2025-12-30T11:31:36.014+0000] {dagbag.py:538} INFO - Filling up the DagBag from /opt/airflow/dags/model_sample_dags.py
[2025-12-30T11:31:36.083+0000] {processor.py:840} INFO - DAG(s) 'train_model_sample' retrieved from /opt/airflow/dags/model_sample_dags.py
[2025-12-30T11:31:36.150+0000] {logging_mixin.py:188} INFO - [2025-12-30T11:31:36.149+0000] {dag.py:3036} INFO - Sync 1 DAGs
[2025-12-30T11:31:36.181+0000] {logging_mixin.py:188} INFO - [2025-12-30T11:31:36.181+0000] {dag.py:3823} INFO - Setting next_dagrun for train_model_sample to None, run_after=None
[2025-12-30T11:31:36.241+0000] {processor.py:183} INFO - Processing /opt/airflow/dags/model_sample_dags.py took 0.242 seconds
[2025-12-30T11:32:06.935+0000] {processor.py:161} INFO - Started process (PID=467) to work on /opt/airflow/dags/model_sample_dags.py
[2025-12-30T11:32:06.940+0000] {processor.py:830} INFO - Processing file /opt/airflow/dags/model_sample_dags.py for tasks to queue
[2025-12-30T11:32:06.944+0000] {logging_mixin.py:188} INFO - [2025-12-30T11:32:06.943+0000] {dagbag.py:538} INFO - Filling up the DagBag from /opt/airflow/dags/model_sample_dags.py
[2025-12-30T11:32:07.041+0000] {processor.py:840} INFO - DAG(s) 'train_model_sample' retrieved from /opt/airflow/dags/model_sample_dags.py
[2025-12-30T11:32:07.118+0000] {logging_mixin.py:188} INFO - [2025-12-30T11:32:07.118+0000] {dag.py:3036} INFO - Sync 1 DAGs
[2025-12-30T11:32:07.157+0000] {logging_mixin.py:188} INFO - [2025-12-30T11:32:07.156+0000] {dag.py:3823} INFO - Setting next_dagrun for train_model_sample to None, run_after=None
[2025-12-30T11:32:07.206+0000] {processor.py:183} INFO - Processing /opt/airflow/dags/model_sample_dags.py took 0.283 seconds
[2025-12-30T11:32:37.416+0000] {processor.py:161} INFO - Started process (PID=472) to work on /opt/airflow/dags/model_sample_dags.py
[2025-12-30T11:32:37.420+0000] {processor.py:830} INFO - Processing file /opt/airflow/dags/model_sample_dags.py for tasks to queue
[2025-12-30T11:32:37.423+0000] {logging_mixin.py:188} INFO - [2025-12-30T11:32:37.422+0000] {dagbag.py:538} INFO - Filling up the DagBag from /opt/airflow/dags/model_sample_dags.py
[2025-12-30T11:32:37.486+0000] {processor.py:840} INFO - DAG(s) 'train_model_sample' retrieved from /opt/airflow/dags/model_sample_dags.py
[2025-12-30T11:32:37.542+0000] {logging_mixin.py:188} INFO - [2025-12-30T11:32:37.541+0000] {dag.py:3036} INFO - Sync 1 DAGs
[2025-12-30T11:32:37.575+0000] {logging_mixin.py:188} INFO - [2025-12-30T11:32:37.575+0000] {dag.py:3823} INFO - Setting next_dagrun for train_model_sample to None, run_after=None
[2025-12-30T11:32:37.641+0000] {processor.py:183} INFO - Processing /opt/airflow/dags/model_sample_dags.py took 0.234 seconds
[2025-12-30T11:33:08.503+0000] {processor.py:161} INFO - Started process (PID=477) to work on /opt/airflow/dags/model_sample_dags.py
[2025-12-30T11:33:08.506+0000] {processor.py:830} INFO - Processing file /opt/airflow/dags/model_sample_dags.py for tasks to queue
[2025-12-30T11:33:08.510+0000] {logging_mixin.py:188} INFO - [2025-12-30T11:33:08.509+0000] {dagbag.py:538} INFO - Filling up the DagBag from /opt/airflow/dags/model_sample_dags.py
[2025-12-30T11:33:08.590+0000] {processor.py:840} INFO - DAG(s) 'train_model_sample' retrieved from /opt/airflow/dags/model_sample_dags.py
[2025-12-30T11:33:08.660+0000] {logging_mixin.py:188} INFO - [2025-12-30T11:33:08.659+0000] {dag.py:3036} INFO - Sync 1 DAGs
[2025-12-30T11:33:08.691+0000] {logging_mixin.py:188} INFO - [2025-12-30T11:33:08.690+0000] {dag.py:3823} INFO - Setting next_dagrun for train_model_sample to None, run_after=None
[2025-12-30T11:33:08.743+0000] {processor.py:183} INFO - Processing /opt/airflow/dags/model_sample_dags.py took 0.247 seconds
[2025-12-30T11:33:39.038+0000] {processor.py:161} INFO - Started process (PID=482) to work on /opt/airflow/dags/model_sample_dags.py
[2025-12-30T11:33:39.043+0000] {processor.py:830} INFO - Processing file /opt/airflow/dags/model_sample_dags.py for tasks to queue
[2025-12-30T11:33:39.048+0000] {logging_mixin.py:188} INFO - [2025-12-30T11:33:39.047+0000] {dagbag.py:538} INFO - Filling up the DagBag from /opt/airflow/dags/model_sample_dags.py
[2025-12-30T11:33:39.151+0000] {processor.py:840} INFO - DAG(s) 'train_model_sample' retrieved from /opt/airflow/dags/model_sample_dags.py
[2025-12-30T11:33:39.246+0000] {logging_mixin.py:188} INFO - [2025-12-30T11:33:39.245+0000] {dag.py:3036} INFO - Sync 1 DAGs
[2025-12-30T11:33:39.284+0000] {logging_mixin.py:188} INFO - [2025-12-30T11:33:39.283+0000] {dag.py:3823} INFO - Setting next_dagrun for train_model_sample to None, run_after=None
[2025-12-30T11:33:39.360+0000] {processor.py:183} INFO - Processing /opt/airflow/dags/model_sample_dags.py took 0.337 seconds
[2025-12-30T11:34:09.893+0000] {processor.py:161} INFO - Started process (PID=487) to work on /opt/airflow/dags/model_sample_dags.py
[2025-12-30T11:34:09.895+0000] {processor.py:830} INFO - Processing file /opt/airflow/dags/model_sample_dags.py for tasks to queue
[2025-12-30T11:34:09.898+0000] {logging_mixin.py:188} INFO - [2025-12-30T11:34:09.897+0000] {dagbag.py:538} INFO - Filling up the DagBag from /opt/airflow/dags/model_sample_dags.py
[2025-12-30T11:34:09.958+0000] {processor.py:840} INFO - DAG(s) 'train_model_sample' retrieved from /opt/airflow/dags/model_sample_dags.py
[2025-12-30T11:34:10.013+0000] {logging_mixin.py:188} INFO - [2025-12-30T11:34:10.012+0000] {dag.py:3036} INFO - Sync 1 DAGs
[2025-12-30T11:34:10.045+0000] {logging_mixin.py:188} INFO - [2025-12-30T11:34:10.044+0000] {dag.py:3823} INFO - Setting next_dagrun for train_model_sample to None, run_after=None
[2025-12-30T11:34:10.117+0000] {processor.py:183} INFO - Processing /opt/airflow/dags/model_sample_dags.py took 0.231 seconds
[2025-12-30T11:34:40.687+0000] {processor.py:161} INFO - Started process (PID=492) to work on /opt/airflow/dags/model_sample_dags.py
[2025-12-30T11:34:40.689+0000] {processor.py:830} INFO - Processing file /opt/airflow/dags/model_sample_dags.py for tasks to queue
[2025-12-30T11:34:40.692+0000] {logging_mixin.py:188} INFO - [2025-12-30T11:34:40.691+0000] {dagbag.py:538} INFO - Filling up the DagBag from /opt/airflow/dags/model_sample_dags.py
[2025-12-30T11:34:40.754+0000] {processor.py:840} INFO - DAG(s) 'train_model_sample' retrieved from /opt/airflow/dags/model_sample_dags.py
[2025-12-30T11:34:40.812+0000] {logging_mixin.py:188} INFO - [2025-12-30T11:34:40.811+0000] {dag.py:3036} INFO - Sync 1 DAGs
[2025-12-30T11:34:40.845+0000] {logging_mixin.py:188} INFO - [2025-12-30T11:34:40.845+0000] {dag.py:3823} INFO - Setting next_dagrun for train_model_sample to None, run_after=None
[2025-12-30T11:34:40.898+0000] {processor.py:183} INFO - Processing /opt/airflow/dags/model_sample_dags.py took 0.217 seconds
[2025-12-30T11:35:11.138+0000] {processor.py:161} INFO - Started process (PID=497) to work on /opt/airflow/dags/model_sample_dags.py
[2025-12-30T11:35:11.141+0000] {processor.py:830} INFO - Processing file /opt/airflow/dags/model_sample_dags.py for tasks to queue
[2025-12-30T11:35:11.144+0000] {logging_mixin.py:188} INFO - [2025-12-30T11:35:11.144+0000] {dagbag.py:538} INFO - Filling up the DagBag from /opt/airflow/dags/model_sample_dags.py
[2025-12-30T11:35:11.206+0000] {processor.py:840} INFO - DAG(s) 'train_model_sample' retrieved from /opt/airflow/dags/model_sample_dags.py
[2025-12-30T11:35:11.271+0000] {logging_mixin.py:188} INFO - [2025-12-30T11:35:11.270+0000] {dag.py:3036} INFO - Sync 1 DAGs
[2025-12-30T11:35:11.301+0000] {logging_mixin.py:188} INFO - [2025-12-30T11:35:11.300+0000] {dag.py:3823} INFO - Setting next_dagrun for train_model_sample to None, run_after=None
[2025-12-30T11:35:11.355+0000] {processor.py:183} INFO - Processing /opt/airflow/dags/model_sample_dags.py took 0.224 seconds
[2025-12-30T11:35:41.809+0000] {processor.py:161} INFO - Started process (PID=502) to work on /opt/airflow/dags/model_sample_dags.py
[2025-12-30T11:35:41.813+0000] {processor.py:830} INFO - Processing file /opt/airflow/dags/model_sample_dags.py for tasks to queue
[2025-12-30T11:35:41.815+0000] {logging_mixin.py:188} INFO - [2025-12-30T11:35:41.815+0000] {dagbag.py:538} INFO - Filling up the DagBag from /opt/airflow/dags/model_sample_dags.py
[2025-12-30T11:35:41.872+0000] {processor.py:840} INFO - DAG(s) 'train_model_sample' retrieved from /opt/airflow/dags/model_sample_dags.py
[2025-12-30T11:35:41.923+0000] {logging_mixin.py:188} INFO - [2025-12-30T11:35:41.923+0000] {dag.py:3036} INFO - Sync 1 DAGs
[2025-12-30T11:35:41.949+0000] {logging_mixin.py:188} INFO - [2025-12-30T11:35:41.948+0000] {dag.py:3823} INFO - Setting next_dagrun for train_model_sample to None, run_after=None
[2025-12-30T11:35:42.003+0000] {processor.py:183} INFO - Processing /opt/airflow/dags/model_sample_dags.py took 0.200 seconds
[2025-12-30T11:36:12.478+0000] {processor.py:161} INFO - Started process (PID=507) to work on /opt/airflow/dags/model_sample_dags.py
[2025-12-30T11:36:12.481+0000] {processor.py:830} INFO - Processing file /opt/airflow/dags/model_sample_dags.py for tasks to queue
[2025-12-30T11:36:12.483+0000] {logging_mixin.py:188} INFO - [2025-12-30T11:36:12.482+0000] {dagbag.py:538} INFO - Filling up the DagBag from /opt/airflow/dags/model_sample_dags.py
[2025-12-30T11:36:12.539+0000] {processor.py:840} INFO - DAG(s) 'train_model_sample' retrieved from /opt/airflow/dags/model_sample_dags.py
[2025-12-30T11:36:12.605+0000] {logging_mixin.py:188} INFO - [2025-12-30T11:36:12.604+0000] {dag.py:3036} INFO - Sync 1 DAGs
[2025-12-30T11:36:12.637+0000] {logging_mixin.py:188} INFO - [2025-12-30T11:36:12.636+0000] {dag.py:3823} INFO - Setting next_dagrun for train_model_sample to None, run_after=None
[2025-12-30T11:36:12.702+0000] {processor.py:183} INFO - Processing /opt/airflow/dags/model_sample_dags.py took 0.230 seconds
[2025-12-30T11:36:43.186+0000] {processor.py:161} INFO - Started process (PID=512) to work on /opt/airflow/dags/model_sample_dags.py
[2025-12-30T11:36:43.189+0000] {processor.py:830} INFO - Processing file /opt/airflow/dags/model_sample_dags.py for tasks to queue
[2025-12-30T11:36:43.192+0000] {logging_mixin.py:188} INFO - [2025-12-30T11:36:43.191+0000] {dagbag.py:538} INFO - Filling up the DagBag from /opt/airflow/dags/model_sample_dags.py
[2025-12-30T11:36:43.263+0000] {processor.py:840} INFO - DAG(s) 'train_model_sample' retrieved from /opt/airflow/dags/model_sample_dags.py
[2025-12-30T11:36:43.353+0000] {logging_mixin.py:188} INFO - [2025-12-30T11:36:43.352+0000] {dag.py:3036} INFO - Sync 1 DAGs
[2025-12-30T11:36:43.395+0000] {logging_mixin.py:188} INFO - [2025-12-30T11:36:43.394+0000] {dag.py:3823} INFO - Setting next_dagrun for train_model_sample to None, run_after=None
[2025-12-30T11:36:43.470+0000] {processor.py:183} INFO - Processing /opt/airflow/dags/model_sample_dags.py took 0.291 seconds
[2025-12-30T11:37:13.789+0000] {processor.py:161} INFO - Started process (PID=517) to work on /opt/airflow/dags/model_sample_dags.py
[2025-12-30T11:37:13.792+0000] {processor.py:830} INFO - Processing file /opt/airflow/dags/model_sample_dags.py for tasks to queue
[2025-12-30T11:37:13.795+0000] {logging_mixin.py:188} INFO - [2025-12-30T11:37:13.794+0000] {dagbag.py:538} INFO - Filling up the DagBag from /opt/airflow/dags/model_sample_dags.py
[2025-12-30T11:37:13.880+0000] {processor.py:840} INFO - DAG(s) 'train_model_sample' retrieved from /opt/airflow/dags/model_sample_dags.py
[2025-12-30T11:37:13.965+0000] {logging_mixin.py:188} INFO - [2025-12-30T11:37:13.964+0000] {dag.py:3036} INFO - Sync 1 DAGs
[2025-12-30T11:37:14.018+0000] {logging_mixin.py:188} INFO - [2025-12-30T11:37:14.017+0000] {dag.py:3823} INFO - Setting next_dagrun for train_model_sample to None, run_after=None
[2025-12-30T11:37:14.121+0000] {processor.py:183} INFO - Processing /opt/airflow/dags/model_sample_dags.py took 0.340 seconds
[2025-12-30T11:37:44.632+0000] {processor.py:161} INFO - Started process (PID=522) to work on /opt/airflow/dags/model_sample_dags.py
[2025-12-30T11:37:44.635+0000] {processor.py:830} INFO - Processing file /opt/airflow/dags/model_sample_dags.py for tasks to queue
[2025-12-30T11:37:44.639+0000] {logging_mixin.py:188} INFO - [2025-12-30T11:37:44.638+0000] {dagbag.py:538} INFO - Filling up the DagBag from /opt/airflow/dags/model_sample_dags.py
[2025-12-30T11:37:44.716+0000] {processor.py:840} INFO - DAG(s) 'train_model_sample' retrieved from /opt/airflow/dags/model_sample_dags.py
[2025-12-30T11:37:44.777+0000] {logging_mixin.py:188} INFO - [2025-12-30T11:37:44.776+0000] {dag.py:3036} INFO - Sync 1 DAGs
[2025-12-30T11:37:44.806+0000] {logging_mixin.py:188} INFO - [2025-12-30T11:37:44.806+0000] {dag.py:3823} INFO - Setting next_dagrun for train_model_sample to None, run_after=None
[2025-12-30T11:37:44.865+0000] {processor.py:183} INFO - Processing /opt/airflow/dags/model_sample_dags.py took 0.241 seconds
[2025-12-30T11:38:15.248+0000] {processor.py:161} INFO - Started process (PID=527) to work on /opt/airflow/dags/model_sample_dags.py
[2025-12-30T11:38:15.253+0000] {processor.py:830} INFO - Processing file /opt/airflow/dags/model_sample_dags.py for tasks to queue
[2025-12-30T11:38:15.257+0000] {logging_mixin.py:188} INFO - [2025-12-30T11:38:15.256+0000] {dagbag.py:538} INFO - Filling up the DagBag from /opt/airflow/dags/model_sample_dags.py
[2025-12-30T11:38:15.335+0000] {processor.py:840} INFO - DAG(s) 'train_model_sample' retrieved from /opt/airflow/dags/model_sample_dags.py
[2025-12-30T11:38:15.417+0000] {logging_mixin.py:188} INFO - [2025-12-30T11:38:15.416+0000] {dag.py:3036} INFO - Sync 1 DAGs
[2025-12-30T11:38:15.453+0000] {logging_mixin.py:188} INFO - [2025-12-30T11:38:15.452+0000] {dag.py:3823} INFO - Setting next_dagrun for train_model_sample to None, run_after=None
[2025-12-30T11:38:15.514+0000] {processor.py:183} INFO - Processing /opt/airflow/dags/model_sample_dags.py took 0.275 seconds
[2025-12-30T11:38:45.969+0000] {processor.py:161} INFO - Started process (PID=532) to work on /opt/airflow/dags/model_sample_dags.py
[2025-12-30T11:38:45.972+0000] {processor.py:830} INFO - Processing file /opt/airflow/dags/model_sample_dags.py for tasks to queue
[2025-12-30T11:38:45.974+0000] {logging_mixin.py:188} INFO - [2025-12-30T11:38:45.974+0000] {dagbag.py:538} INFO - Filling up the DagBag from /opt/airflow/dags/model_sample_dags.py
[2025-12-30T11:38:46.034+0000] {processor.py:840} INFO - DAG(s) 'train_model_sample' retrieved from /opt/airflow/dags/model_sample_dags.py
[2025-12-30T11:38:46.097+0000] {logging_mixin.py:188} INFO - [2025-12-30T11:38:46.096+0000] {dag.py:3036} INFO - Sync 1 DAGs
[2025-12-30T11:38:46.125+0000] {logging_mixin.py:188} INFO - [2025-12-30T11:38:46.124+0000] {dag.py:3823} INFO - Setting next_dagrun for train_model_sample to None, run_after=None
[2025-12-30T11:38:46.171+0000] {processor.py:183} INFO - Processing /opt/airflow/dags/model_sample_dags.py took 0.209 seconds
[2025-12-30T11:39:16.639+0000] {processor.py:161} INFO - Started process (PID=537) to work on /opt/airflow/dags/model_sample_dags.py
[2025-12-30T11:39:16.645+0000] {processor.py:830} INFO - Processing file /opt/airflow/dags/model_sample_dags.py for tasks to queue
[2025-12-30T11:39:16.657+0000] {logging_mixin.py:188} INFO - [2025-12-30T11:39:16.655+0000] {dagbag.py:538} INFO - Filling up the DagBag from /opt/airflow/dags/model_sample_dags.py
[2025-12-30T11:39:16.770+0000] {processor.py:840} INFO - DAG(s) 'train_model_sample' retrieved from /opt/airflow/dags/model_sample_dags.py
[2025-12-30T11:39:16.845+0000] {logging_mixin.py:188} INFO - [2025-12-30T11:39:16.844+0000] {dag.py:3036} INFO - Sync 1 DAGs
[2025-12-30T11:39:16.879+0000] {logging_mixin.py:188} INFO - [2025-12-30T11:39:16.878+0000] {dag.py:3823} INFO - Setting next_dagrun for train_model_sample to None, run_after=None
[2025-12-30T11:39:16.948+0000] {processor.py:183} INFO - Processing /opt/airflow/dags/model_sample_dags.py took 0.331 seconds
[2025-12-30T11:39:47.315+0000] {processor.py:161} INFO - Started process (PID=542) to work on /opt/airflow/dags/model_sample_dags.py
[2025-12-30T11:39:47.319+0000] {processor.py:830} INFO - Processing file /opt/airflow/dags/model_sample_dags.py for tasks to queue
[2025-12-30T11:39:47.323+0000] {logging_mixin.py:188} INFO - [2025-12-30T11:39:47.322+0000] {dagbag.py:538} INFO - Filling up the DagBag from /opt/airflow/dags/model_sample_dags.py
[2025-12-30T11:39:47.410+0000] {processor.py:840} INFO - DAG(s) 'train_model_sample' retrieved from /opt/airflow/dags/model_sample_dags.py
[2025-12-30T11:39:47.473+0000] {logging_mixin.py:188} INFO - [2025-12-30T11:39:47.472+0000] {dag.py:3036} INFO - Sync 1 DAGs
[2025-12-30T11:39:47.501+0000] {logging_mixin.py:188} INFO - [2025-12-30T11:39:47.500+0000] {dag.py:3823} INFO - Setting next_dagrun for train_model_sample to None, run_after=None
[2025-12-30T11:39:47.558+0000] {processor.py:183} INFO - Processing /opt/airflow/dags/model_sample_dags.py took 0.254 seconds
[2025-12-30T11:40:18.074+0000] {processor.py:161} INFO - Started process (PID=547) to work on /opt/airflow/dags/model_sample_dags.py
[2025-12-30T11:40:18.076+0000] {processor.py:830} INFO - Processing file /opt/airflow/dags/model_sample_dags.py for tasks to queue
[2025-12-30T11:40:18.079+0000] {logging_mixin.py:188} INFO - [2025-12-30T11:40:18.078+0000] {dagbag.py:538} INFO - Filling up the DagBag from /opt/airflow/dags/model_sample_dags.py
[2025-12-30T11:40:18.138+0000] {processor.py:840} INFO - DAG(s) 'train_model_sample' retrieved from /opt/airflow/dags/model_sample_dags.py
[2025-12-30T11:40:18.188+0000] {logging_mixin.py:188} INFO - [2025-12-30T11:40:18.187+0000] {dag.py:3036} INFO - Sync 1 DAGs
[2025-12-30T11:40:18.225+0000] {logging_mixin.py:188} INFO - [2025-12-30T11:40:18.225+0000] {dag.py:3823} INFO - Setting next_dagrun for train_model_sample to None, run_after=None
[2025-12-30T11:40:18.287+0000] {processor.py:183} INFO - Processing /opt/airflow/dags/model_sample_dags.py took 0.220 seconds
[2025-12-30T11:40:48.728+0000] {processor.py:161} INFO - Started process (PID=552) to work on /opt/airflow/dags/model_sample_dags.py
[2025-12-30T11:40:48.732+0000] {processor.py:830} INFO - Processing file /opt/airflow/dags/model_sample_dags.py for tasks to queue
[2025-12-30T11:40:48.737+0000] {logging_mixin.py:188} INFO - [2025-12-30T11:40:48.736+0000] {dagbag.py:538} INFO - Filling up the DagBag from /opt/airflow/dags/model_sample_dags.py
[2025-12-30T11:40:48.832+0000] {processor.py:840} INFO - DAG(s) 'train_model_sample' retrieved from /opt/airflow/dags/model_sample_dags.py
[2025-12-30T11:40:48.907+0000] {logging_mixin.py:188} INFO - [2025-12-30T11:40:48.907+0000] {dag.py:3036} INFO - Sync 1 DAGs
[2025-12-30T11:40:48.938+0000] {logging_mixin.py:188} INFO - [2025-12-30T11:40:48.938+0000] {dag.py:3823} INFO - Setting next_dagrun for train_model_sample to None, run_after=None
[2025-12-30T11:40:49.007+0000] {processor.py:183} INFO - Processing /opt/airflow/dags/model_sample_dags.py took 0.289 seconds
[2025-12-30T11:41:19.471+0000] {processor.py:161} INFO - Started process (PID=557) to work on /opt/airflow/dags/model_sample_dags.py
[2025-12-30T11:41:19.475+0000] {processor.py:830} INFO - Processing file /opt/airflow/dags/model_sample_dags.py for tasks to queue
[2025-12-30T11:41:19.478+0000] {logging_mixin.py:188} INFO - [2025-12-30T11:41:19.477+0000] {dagbag.py:538} INFO - Filling up the DagBag from /opt/airflow/dags/model_sample_dags.py
[2025-12-30T11:41:19.559+0000] {processor.py:840} INFO - DAG(s) 'train_model_sample' retrieved from /opt/airflow/dags/model_sample_dags.py
[2025-12-30T11:41:19.628+0000] {logging_mixin.py:188} INFO - [2025-12-30T11:41:19.627+0000] {dag.py:3036} INFO - Sync 1 DAGs
[2025-12-30T11:41:19.662+0000] {logging_mixin.py:188} INFO - [2025-12-30T11:41:19.661+0000] {dag.py:3823} INFO - Setting next_dagrun for train_model_sample to None, run_after=None
[2025-12-30T11:41:19.727+0000] {processor.py:183} INFO - Processing /opt/airflow/dags/model_sample_dags.py took 0.264 seconds
[2025-12-30T11:41:50.162+0000] {processor.py:161} INFO - Started process (PID=562) to work on /opt/airflow/dags/model_sample_dags.py
[2025-12-30T11:41:50.165+0000] {processor.py:830} INFO - Processing file /opt/airflow/dags/model_sample_dags.py for tasks to queue
[2025-12-30T11:41:50.168+0000] {logging_mixin.py:188} INFO - [2025-12-30T11:41:50.167+0000] {dagbag.py:538} INFO - Filling up the DagBag from /opt/airflow/dags/model_sample_dags.py
[2025-12-30T11:41:50.217+0000] {processor.py:840} INFO - DAG(s) 'train_model_sample' retrieved from /opt/airflow/dags/model_sample_dags.py
[2025-12-30T11:41:50.269+0000] {logging_mixin.py:188} INFO - [2025-12-30T11:41:50.269+0000] {dag.py:3036} INFO - Sync 1 DAGs
[2025-12-30T11:41:50.293+0000] {logging_mixin.py:188} INFO - [2025-12-30T11:41:50.292+0000] {dag.py:3823} INFO - Setting next_dagrun for train_model_sample to None, run_after=None
[2025-12-30T11:41:50.340+0000] {processor.py:183} INFO - Processing /opt/airflow/dags/model_sample_dags.py took 0.185 seconds
[2025-12-30T11:42:21.181+0000] {processor.py:161} INFO - Started process (PID=567) to work on /opt/airflow/dags/model_sample_dags.py
[2025-12-30T11:42:21.184+0000] {processor.py:830} INFO - Processing file /opt/airflow/dags/model_sample_dags.py for tasks to queue
[2025-12-30T11:42:21.186+0000] {logging_mixin.py:188} INFO - [2025-12-30T11:42:21.186+0000] {dagbag.py:538} INFO - Filling up the DagBag from /opt/airflow/dags/model_sample_dags.py
[2025-12-30T11:42:21.252+0000] {processor.py:840} INFO - DAG(s) 'train_model_sample' retrieved from /opt/airflow/dags/model_sample_dags.py
[2025-12-30T11:42:21.306+0000] {logging_mixin.py:188} INFO - [2025-12-30T11:42:21.305+0000] {dag.py:3036} INFO - Sync 1 DAGs
[2025-12-30T11:42:21.334+0000] {logging_mixin.py:188} INFO - [2025-12-30T11:42:21.333+0000] {dag.py:3823} INFO - Setting next_dagrun for train_model_sample to None, run_after=None
[2025-12-30T11:42:21.388+0000] {processor.py:183} INFO - Processing /opt/airflow/dags/model_sample_dags.py took 0.212 seconds
[2025-12-30T11:42:51.889+0000] {processor.py:161} INFO - Started process (PID=572) to work on /opt/airflow/dags/model_sample_dags.py
[2025-12-30T11:42:51.896+0000] {processor.py:830} INFO - Processing file /opt/airflow/dags/model_sample_dags.py for tasks to queue
[2025-12-30T11:42:51.902+0000] {logging_mixin.py:188} INFO - [2025-12-30T11:42:51.900+0000] {dagbag.py:538} INFO - Filling up the DagBag from /opt/airflow/dags/model_sample_dags.py
[2025-12-30T11:42:52.006+0000] {processor.py:840} INFO - DAG(s) 'train_model_sample' retrieved from /opt/airflow/dags/model_sample_dags.py
[2025-12-30T11:42:52.101+0000] {logging_mixin.py:188} INFO - [2025-12-30T11:42:52.100+0000] {dag.py:3036} INFO - Sync 1 DAGs
[2025-12-30T11:42:52.148+0000] {logging_mixin.py:188} INFO - [2025-12-30T11:42:52.148+0000] {dag.py:3823} INFO - Setting next_dagrun for train_model_sample to None, run_after=None
[2025-12-30T11:42:52.240+0000] {processor.py:183} INFO - Processing /opt/airflow/dags/model_sample_dags.py took 0.366 seconds
[2025-12-30T17:18:23.896+0000] {processor.py:161} INFO - Started process (PID=169) to work on /opt/airflow/dags/model_sample_dags.py
[2025-12-30T17:18:23.899+0000] {processor.py:830} INFO - Processing file /opt/airflow/dags/model_sample_dags.py for tasks to queue
[2025-12-30T17:18:23.906+0000] {logging_mixin.py:188} INFO - [2025-12-30T17:18:23.905+0000] {dagbag.py:545} INFO - Filling up the DagBag from /opt/airflow/dags/model_sample_dags.py
[2025-12-30T17:18:24.004+0000] {processor.py:840} INFO - DAG(s) 'train_model_sample' retrieved from /opt/airflow/dags/model_sample_dags.py
[2025-12-30T17:18:24.372+0000] {logging_mixin.py:188} INFO - [2025-12-30T17:18:24.370+0000] {override.py:1858} INFO - Created Permission View: can delete on DAG:train_model_sample
[2025-12-30T17:18:24.387+0000] {logging_mixin.py:188} INFO - [2025-12-30T17:18:24.387+0000] {override.py:1858} INFO - Created Permission View: can edit on DAG:train_model_sample
[2025-12-30T17:18:24.397+0000] {logging_mixin.py:188} INFO - [2025-12-30T17:18:24.397+0000] {override.py:1858} INFO - Created Permission View: can read on DAG:train_model_sample
[2025-12-30T17:18:24.399+0000] {logging_mixin.py:188} INFO - [2025-12-30T17:18:24.398+0000] {dag.py:3089} INFO - Sync 1 DAGs
[2025-12-30T17:18:24.417+0000] {logging_mixin.py:188} INFO - [2025-12-30T17:18:24.417+0000] {dag.py:3111} INFO - Creating ORM DAG for train_model_sample
[2025-12-30T17:18:24.419+0000] {logging_mixin.py:188} INFO - [2025-12-30T17:18:24.419+0000] {dag.py:3947} INFO - Setting next_dagrun for train_model_sample to None, run_after=None
[2025-12-30T17:18:24.463+0000] {processor.py:183} INFO - Processing /opt/airflow/dags/model_sample_dags.py took 0.582 seconds
[2025-12-30T17:18:55.115+0000] {processor.py:161} INFO - Started process (PID=174) to work on /opt/airflow/dags/model_sample_dags.py
[2025-12-30T17:18:55.119+0000] {processor.py:830} INFO - Processing file /opt/airflow/dags/model_sample_dags.py for tasks to queue
[2025-12-30T17:18:55.125+0000] {logging_mixin.py:188} INFO - [2025-12-30T17:18:55.124+0000] {dagbag.py:545} INFO - Filling up the DagBag from /opt/airflow/dags/model_sample_dags.py
[2025-12-30T17:18:55.233+0000] {processor.py:840} INFO - DAG(s) 'train_model_sample' retrieved from /opt/airflow/dags/model_sample_dags.py
[2025-12-30T17:18:55.303+0000] {logging_mixin.py:188} INFO - [2025-12-30T17:18:55.302+0000] {dag.py:3089} INFO - Sync 1 DAGs
[2025-12-30T17:18:55.336+0000] {logging_mixin.py:188} INFO - [2025-12-30T17:18:55.335+0000] {dag.py:3947} INFO - Setting next_dagrun for train_model_sample to None, run_after=None
[2025-12-30T17:18:55.381+0000] {processor.py:183} INFO - Processing /opt/airflow/dags/model_sample_dags.py took 0.291 seconds
[2025-12-30T17:19:25.672+0000] {processor.py:161} INFO - Started process (PID=179) to work on /opt/airflow/dags/model_sample_dags.py
[2025-12-30T17:19:25.675+0000] {processor.py:830} INFO - Processing file /opt/airflow/dags/model_sample_dags.py for tasks to queue
[2025-12-30T17:19:25.682+0000] {logging_mixin.py:188} INFO - [2025-12-30T17:19:25.681+0000] {dagbag.py:545} INFO - Filling up the DagBag from /opt/airflow/dags/model_sample_dags.py
[2025-12-30T17:19:25.747+0000] {processor.py:840} INFO - DAG(s) 'train_model_sample' retrieved from /opt/airflow/dags/model_sample_dags.py
[2025-12-30T17:19:25.808+0000] {logging_mixin.py:188} INFO - [2025-12-30T17:19:25.808+0000] {dag.py:3089} INFO - Sync 1 DAGs
[2025-12-30T17:19:25.836+0000] {logging_mixin.py:188} INFO - [2025-12-30T17:19:25.836+0000] {dag.py:3947} INFO - Setting next_dagrun for train_model_sample to None, run_after=None
[2025-12-30T17:19:25.869+0000] {processor.py:183} INFO - Processing /opt/airflow/dags/model_sample_dags.py took 0.217 seconds
[2025-12-30T17:19:56.265+0000] {processor.py:161} INFO - Started process (PID=184) to work on /opt/airflow/dags/model_sample_dags.py
[2025-12-30T17:19:56.269+0000] {processor.py:830} INFO - Processing file /opt/airflow/dags/model_sample_dags.py for tasks to queue
[2025-12-30T17:19:56.274+0000] {logging_mixin.py:188} INFO - [2025-12-30T17:19:56.273+0000] {dagbag.py:545} INFO - Filling up the DagBag from /opt/airflow/dags/model_sample_dags.py
[2025-12-30T17:19:56.348+0000] {processor.py:840} INFO - DAG(s) 'train_model_sample' retrieved from /opt/airflow/dags/model_sample_dags.py
[2025-12-30T17:19:56.388+0000] {logging_mixin.py:188} INFO - [2025-12-30T17:19:56.388+0000] {dag.py:3089} INFO - Sync 1 DAGs
[2025-12-30T17:19:56.403+0000] {logging_mixin.py:188} INFO - [2025-12-30T17:19:56.402+0000] {dag.py:3947} INFO - Setting next_dagrun for train_model_sample to None, run_after=None
[2025-12-30T17:19:56.432+0000] {processor.py:183} INFO - Processing /opt/airflow/dags/model_sample_dags.py took 0.188 seconds
[2025-12-30T17:20:27.054+0000] {processor.py:161} INFO - Started process (PID=189) to work on /opt/airflow/dags/model_sample_dags.py
[2025-12-30T17:20:27.057+0000] {processor.py:830} INFO - Processing file /opt/airflow/dags/model_sample_dags.py for tasks to queue
[2025-12-30T17:20:27.060+0000] {logging_mixin.py:188} INFO - [2025-12-30T17:20:27.060+0000] {dagbag.py:545} INFO - Filling up the DagBag from /opt/airflow/dags/model_sample_dags.py
[2025-12-30T17:20:27.133+0000] {processor.py:840} INFO - DAG(s) 'train_model_sample' retrieved from /opt/airflow/dags/model_sample_dags.py
[2025-12-30T17:20:27.177+0000] {logging_mixin.py:188} INFO - [2025-12-30T17:20:27.177+0000] {dag.py:3089} INFO - Sync 1 DAGs
[2025-12-30T17:20:27.194+0000] {logging_mixin.py:188} INFO - [2025-12-30T17:20:27.194+0000] {dag.py:3947} INFO - Setting next_dagrun for train_model_sample to None, run_after=None
[2025-12-30T17:20:27.229+0000] {processor.py:183} INFO - Processing /opt/airflow/dags/model_sample_dags.py took 0.186 seconds
[2025-12-30T17:20:57.701+0000] {processor.py:161} INFO - Started process (PID=194) to work on /opt/airflow/dags/model_sample_dags.py
[2025-12-30T17:20:57.703+0000] {processor.py:830} INFO - Processing file /opt/airflow/dags/model_sample_dags.py for tasks to queue
[2025-12-30T17:20:57.707+0000] {logging_mixin.py:188} INFO - [2025-12-30T17:20:57.706+0000] {dagbag.py:545} INFO - Filling up the DagBag from /opt/airflow/dags/model_sample_dags.py
[2025-12-30T17:20:57.787+0000] {processor.py:840} INFO - DAG(s) 'train_model_sample' retrieved from /opt/airflow/dags/model_sample_dags.py
[2025-12-30T17:20:57.821+0000] {logging_mixin.py:188} INFO - [2025-12-30T17:20:57.821+0000] {dag.py:3089} INFO - Sync 1 DAGs
[2025-12-30T17:20:57.838+0000] {logging_mixin.py:188} INFO - [2025-12-30T17:20:57.838+0000] {dag.py:3947} INFO - Setting next_dagrun for train_model_sample to None, run_after=None
[2025-12-30T17:20:57.890+0000] {processor.py:183} INFO - Processing /opt/airflow/dags/model_sample_dags.py took 0.202 seconds
[2025-12-30T17:21:28.438+0000] {processor.py:161} INFO - Started process (PID=199) to work on /opt/airflow/dags/model_sample_dags.py
[2025-12-30T17:21:28.440+0000] {processor.py:830} INFO - Processing file /opt/airflow/dags/model_sample_dags.py for tasks to queue
[2025-12-30T17:21:28.445+0000] {logging_mixin.py:188} INFO - [2025-12-30T17:21:28.444+0000] {dagbag.py:545} INFO - Filling up the DagBag from /opt/airflow/dags/model_sample_dags.py
[2025-12-30T17:21:28.507+0000] {processor.py:840} INFO - DAG(s) 'train_model_sample' retrieved from /opt/airflow/dags/model_sample_dags.py
[2025-12-30T17:21:28.540+0000] {logging_mixin.py:188} INFO - [2025-12-30T17:21:28.540+0000] {dag.py:3089} INFO - Sync 1 DAGs
[2025-12-30T17:21:28.556+0000] {logging_mixin.py:188} INFO - [2025-12-30T17:21:28.555+0000] {dag.py:3947} INFO - Setting next_dagrun for train_model_sample to None, run_after=None
[2025-12-30T17:21:28.584+0000] {processor.py:183} INFO - Processing /opt/airflow/dags/model_sample_dags.py took 0.164 seconds
[2025-12-30T17:21:59.108+0000] {processor.py:161} INFO - Started process (PID=204) to work on /opt/airflow/dags/model_sample_dags.py
[2025-12-30T17:21:59.110+0000] {processor.py:830} INFO - Processing file /opt/airflow/dags/model_sample_dags.py for tasks to queue
[2025-12-30T17:21:59.114+0000] {logging_mixin.py:188} INFO - [2025-12-30T17:21:59.113+0000] {dagbag.py:545} INFO - Filling up the DagBag from /opt/airflow/dags/model_sample_dags.py
[2025-12-30T17:21:59.174+0000] {processor.py:840} INFO - DAG(s) 'train_model_sample' retrieved from /opt/airflow/dags/model_sample_dags.py
[2025-12-30T17:21:59.212+0000] {logging_mixin.py:188} INFO - [2025-12-30T17:21:59.212+0000] {dag.py:3089} INFO - Sync 1 DAGs
[2025-12-30T17:21:59.229+0000] {logging_mixin.py:188} INFO - [2025-12-30T17:21:59.229+0000] {dag.py:3947} INFO - Setting next_dagrun for train_model_sample to None, run_after=None
[2025-12-30T17:21:59.280+0000] {processor.py:183} INFO - Processing /opt/airflow/dags/model_sample_dags.py took 0.179 seconds
[2025-12-30T17:22:29.816+0000] {processor.py:161} INFO - Started process (PID=209) to work on /opt/airflow/dags/model_sample_dags.py
[2025-12-30T17:22:29.822+0000] {processor.py:830} INFO - Processing file /opt/airflow/dags/model_sample_dags.py for tasks to queue
[2025-12-30T17:22:29.827+0000] {logging_mixin.py:188} INFO - [2025-12-30T17:22:29.826+0000] {dagbag.py:545} INFO - Filling up the DagBag from /opt/airflow/dags/model_sample_dags.py
[2025-12-30T17:22:29.879+0000] {processor.py:840} INFO - DAG(s) 'train_model_sample' retrieved from /opt/airflow/dags/model_sample_dags.py
[2025-12-30T17:22:29.918+0000] {logging_mixin.py:188} INFO - [2025-12-30T17:22:29.917+0000] {dag.py:3089} INFO - Sync 1 DAGs
[2025-12-30T17:22:29.934+0000] {logging_mixin.py:188} INFO - [2025-12-30T17:22:29.934+0000] {dag.py:3947} INFO - Setting next_dagrun for train_model_sample to None, run_after=None
[2025-12-30T17:22:29.964+0000] {processor.py:183} INFO - Processing /opt/airflow/dags/model_sample_dags.py took 0.161 seconds
[2025-12-30T17:23:00.515+0000] {processor.py:161} INFO - Started process (PID=214) to work on /opt/airflow/dags/model_sample_dags.py
[2025-12-30T17:23:00.517+0000] {processor.py:830} INFO - Processing file /opt/airflow/dags/model_sample_dags.py for tasks to queue
[2025-12-30T17:23:00.520+0000] {logging_mixin.py:188} INFO - [2025-12-30T17:23:00.519+0000] {dagbag.py:545} INFO - Filling up the DagBag from /opt/airflow/dags/model_sample_dags.py
[2025-12-30T17:23:00.567+0000] {processor.py:840} INFO - DAG(s) 'train_model_sample' retrieved from /opt/airflow/dags/model_sample_dags.py
[2025-12-30T17:23:00.603+0000] {logging_mixin.py:188} INFO - [2025-12-30T17:23:00.603+0000] {dag.py:3089} INFO - Sync 1 DAGs
[2025-12-30T17:23:00.619+0000] {logging_mixin.py:188} INFO - [2025-12-30T17:23:00.618+0000] {dag.py:3947} INFO - Setting next_dagrun for train_model_sample to None, run_after=None
[2025-12-30T17:23:00.656+0000] {processor.py:183} INFO - Processing /opt/airflow/dags/model_sample_dags.py took 0.152 seconds
[2025-12-30T17:23:31.321+0000] {processor.py:161} INFO - Started process (PID=219) to work on /opt/airflow/dags/model_sample_dags.py
[2025-12-30T17:23:31.323+0000] {processor.py:830} INFO - Processing file /opt/airflow/dags/model_sample_dags.py for tasks to queue
[2025-12-30T17:23:31.330+0000] {logging_mixin.py:188} INFO - [2025-12-30T17:23:31.329+0000] {dagbag.py:545} INFO - Filling up the DagBag from /opt/airflow/dags/model_sample_dags.py
[2025-12-30T17:23:31.385+0000] {processor.py:840} INFO - DAG(s) 'train_model_sample' retrieved from /opt/airflow/dags/model_sample_dags.py
[2025-12-30T17:23:31.421+0000] {logging_mixin.py:188} INFO - [2025-12-30T17:23:31.420+0000] {dag.py:3089} INFO - Sync 1 DAGs
[2025-12-30T17:23:31.434+0000] {logging_mixin.py:188} INFO - [2025-12-30T17:23:31.434+0000] {dag.py:3947} INFO - Setting next_dagrun for train_model_sample to None, run_after=None
[2025-12-30T17:23:31.468+0000] {processor.py:183} INFO - Processing /opt/airflow/dags/model_sample_dags.py took 0.158 seconds
[2025-12-30T17:24:01.954+0000] {processor.py:161} INFO - Started process (PID=224) to work on /opt/airflow/dags/model_sample_dags.py
[2025-12-30T17:24:01.956+0000] {processor.py:830} INFO - Processing file /opt/airflow/dags/model_sample_dags.py for tasks to queue
[2025-12-30T17:24:01.959+0000] {logging_mixin.py:188} INFO - [2025-12-30T17:24:01.959+0000] {dagbag.py:545} INFO - Filling up the DagBag from /opt/airflow/dags/model_sample_dags.py
[2025-12-30T17:24:02.003+0000] {processor.py:840} INFO - DAG(s) 'train_model_sample' retrieved from /opt/airflow/dags/model_sample_dags.py
[2025-12-30T17:24:02.041+0000] {logging_mixin.py:188} INFO - [2025-12-30T17:24:02.040+0000] {dag.py:3089} INFO - Sync 1 DAGs
[2025-12-30T17:24:02.056+0000] {logging_mixin.py:188} INFO - [2025-12-30T17:24:02.056+0000] {dag.py:3947} INFO - Setting next_dagrun for train_model_sample to None, run_after=None
[2025-12-30T17:24:02.085+0000] {processor.py:183} INFO - Processing /opt/airflow/dags/model_sample_dags.py took 0.138 seconds
[2025-12-30T17:24:32.746+0000] {processor.py:161} INFO - Started process (PID=229) to work on /opt/airflow/dags/model_sample_dags.py
[2025-12-30T17:24:32.749+0000] {processor.py:830} INFO - Processing file /opt/airflow/dags/model_sample_dags.py for tasks to queue
[2025-12-30T17:24:32.755+0000] {logging_mixin.py:188} INFO - [2025-12-30T17:24:32.754+0000] {dagbag.py:545} INFO - Filling up the DagBag from /opt/airflow/dags/model_sample_dags.py
[2025-12-30T17:24:32.810+0000] {processor.py:840} INFO - DAG(s) 'train_model_sample' retrieved from /opt/airflow/dags/model_sample_dags.py
[2025-12-30T17:24:32.843+0000] {logging_mixin.py:188} INFO - [2025-12-30T17:24:32.843+0000] {dag.py:3089} INFO - Sync 1 DAGs
[2025-12-30T17:24:32.858+0000] {logging_mixin.py:188} INFO - [2025-12-30T17:24:32.857+0000] {dag.py:3947} INFO - Setting next_dagrun for train_model_sample to None, run_after=None
[2025-12-30T17:24:32.888+0000] {processor.py:183} INFO - Processing /opt/airflow/dags/model_sample_dags.py took 0.154 seconds
[2025-12-30T17:25:03.388+0000] {processor.py:161} INFO - Started process (PID=234) to work on /opt/airflow/dags/model_sample_dags.py
[2025-12-30T17:25:03.391+0000] {processor.py:830} INFO - Processing file /opt/airflow/dags/model_sample_dags.py for tasks to queue
[2025-12-30T17:25:03.396+0000] {logging_mixin.py:188} INFO - [2025-12-30T17:25:03.395+0000] {dagbag.py:545} INFO - Filling up the DagBag from /opt/airflow/dags/model_sample_dags.py
[2025-12-30T17:25:03.474+0000] {processor.py:840} INFO - DAG(s) 'train_model_sample' retrieved from /opt/airflow/dags/model_sample_dags.py
[2025-12-30T17:25:03.516+0000] {logging_mixin.py:188} INFO - [2025-12-30T17:25:03.516+0000] {dag.py:3089} INFO - Sync 1 DAGs
[2025-12-30T17:25:03.531+0000] {logging_mixin.py:188} INFO - [2025-12-30T17:25:03.531+0000] {dag.py:3947} INFO - Setting next_dagrun for train_model_sample to None, run_after=None
[2025-12-30T17:25:03.567+0000] {processor.py:183} INFO - Processing /opt/airflow/dags/model_sample_dags.py took 0.191 seconds
[2025-12-30T17:25:34.184+0000] {processor.py:161} INFO - Started process (PID=239) to work on /opt/airflow/dags/model_sample_dags.py
[2025-12-30T17:25:34.187+0000] {processor.py:830} INFO - Processing file /opt/airflow/dags/model_sample_dags.py for tasks to queue
[2025-12-30T17:25:34.191+0000] {logging_mixin.py:188} INFO - [2025-12-30T17:25:34.190+0000] {dagbag.py:545} INFO - Filling up the DagBag from /opt/airflow/dags/model_sample_dags.py
[2025-12-30T17:25:34.264+0000] {processor.py:840} INFO - DAG(s) 'train_model_sample' retrieved from /opt/airflow/dags/model_sample_dags.py
[2025-12-30T17:25:34.296+0000] {logging_mixin.py:188} INFO - [2025-12-30T17:25:34.296+0000] {dag.py:3089} INFO - Sync 1 DAGs
[2025-12-30T17:25:34.309+0000] {logging_mixin.py:188} INFO - [2025-12-30T17:25:34.309+0000] {dag.py:3947} INFO - Setting next_dagrun for train_model_sample to None, run_after=None
[2025-12-30T17:25:34.339+0000] {processor.py:183} INFO - Processing /opt/airflow/dags/model_sample_dags.py took 0.167 seconds
[2025-12-30T17:26:04.832+0000] {processor.py:161} INFO - Started process (PID=244) to work on /opt/airflow/dags/model_sample_dags.py
[2025-12-30T17:26:04.834+0000] {processor.py:830} INFO - Processing file /opt/airflow/dags/model_sample_dags.py for tasks to queue
[2025-12-30T17:26:04.837+0000] {logging_mixin.py:188} INFO - [2025-12-30T17:26:04.837+0000] {dagbag.py:545} INFO - Filling up the DagBag from /opt/airflow/dags/model_sample_dags.py
[2025-12-30T17:26:04.900+0000] {processor.py:840} INFO - DAG(s) 'train_model_sample' retrieved from /opt/airflow/dags/model_sample_dags.py
[2025-12-30T17:26:04.938+0000] {logging_mixin.py:188} INFO - [2025-12-30T17:26:04.937+0000] {dag.py:3089} INFO - Sync 1 DAGs
[2025-12-30T17:26:04.952+0000] {logging_mixin.py:188} INFO - [2025-12-30T17:26:04.952+0000] {dag.py:3947} INFO - Setting next_dagrun for train_model_sample to None, run_after=None
[2025-12-30T17:26:04.987+0000] {processor.py:183} INFO - Processing /opt/airflow/dags/model_sample_dags.py took 0.169 seconds
[2025-12-30T17:26:35.605+0000] {processor.py:161} INFO - Started process (PID=249) to work on /opt/airflow/dags/model_sample_dags.py
[2025-12-30T17:26:35.608+0000] {processor.py:830} INFO - Processing file /opt/airflow/dags/model_sample_dags.py for tasks to queue
[2025-12-30T17:26:35.611+0000] {logging_mixin.py:188} INFO - [2025-12-30T17:26:35.610+0000] {dagbag.py:545} INFO - Filling up the DagBag from /opt/airflow/dags/model_sample_dags.py
[2025-12-30T17:26:35.662+0000] {processor.py:840} INFO - DAG(s) 'train_model_sample' retrieved from /opt/airflow/dags/model_sample_dags.py
[2025-12-30T17:26:35.692+0000] {logging_mixin.py:188} INFO - [2025-12-30T17:26:35.692+0000] {dag.py:3089} INFO - Sync 1 DAGs
[2025-12-30T17:26:35.706+0000] {logging_mixin.py:188} INFO - [2025-12-30T17:26:35.705+0000] {dag.py:3947} INFO - Setting next_dagrun for train_model_sample to None, run_after=None
[2025-12-30T17:26:35.738+0000] {processor.py:183} INFO - Processing /opt/airflow/dags/model_sample_dags.py took 0.141 seconds
[2025-12-30T17:27:06.217+0000] {processor.py:161} INFO - Started process (PID=254) to work on /opt/airflow/dags/model_sample_dags.py
[2025-12-30T17:27:06.219+0000] {processor.py:830} INFO - Processing file /opt/airflow/dags/model_sample_dags.py for tasks to queue
[2025-12-30T17:27:06.222+0000] {logging_mixin.py:188} INFO - [2025-12-30T17:27:06.222+0000] {dagbag.py:545} INFO - Filling up the DagBag from /opt/airflow/dags/model_sample_dags.py
[2025-12-30T17:27:06.253+0000] {processor.py:840} INFO - DAG(s) 'train_model_sample' retrieved from /opt/airflow/dags/model_sample_dags.py
[2025-12-30T17:27:06.292+0000] {logging_mixin.py:188} INFO - [2025-12-30T17:27:06.292+0000] {dag.py:3089} INFO - Sync 1 DAGs
[2025-12-30T17:27:06.309+0000] {logging_mixin.py:188} INFO - [2025-12-30T17:27:06.308+0000] {dag.py:3947} INFO - Setting next_dagrun for train_model_sample to None, run_after=None
[2025-12-30T17:27:06.344+0000] {processor.py:183} INFO - Processing /opt/airflow/dags/model_sample_dags.py took 0.136 seconds
[2025-12-30T17:27:37.000+0000] {processor.py:161} INFO - Started process (PID=259) to work on /opt/airflow/dags/model_sample_dags.py
[2025-12-30T17:27:37.002+0000] {processor.py:830} INFO - Processing file /opt/airflow/dags/model_sample_dags.py for tasks to queue
[2025-12-30T17:27:37.005+0000] {logging_mixin.py:188} INFO - [2025-12-30T17:27:37.005+0000] {dagbag.py:545} INFO - Filling up the DagBag from /opt/airflow/dags/model_sample_dags.py
[2025-12-30T17:27:37.073+0000] {processor.py:840} INFO - DAG(s) 'train_model_sample' retrieved from /opt/airflow/dags/model_sample_dags.py
[2025-12-30T17:27:37.115+0000] {logging_mixin.py:188} INFO - [2025-12-30T17:27:37.114+0000] {dag.py:3089} INFO - Sync 1 DAGs
[2025-12-30T17:27:37.130+0000] {logging_mixin.py:188} INFO - [2025-12-30T17:27:37.129+0000] {dag.py:3947} INFO - Setting next_dagrun for train_model_sample to None, run_after=None
[2025-12-30T17:27:37.166+0000] {processor.py:183} INFO - Processing /opt/airflow/dags/model_sample_dags.py took 0.178 seconds
[2025-12-30T17:28:07.633+0000] {processor.py:161} INFO - Started process (PID=264) to work on /opt/airflow/dags/model_sample_dags.py
[2025-12-30T17:28:07.637+0000] {processor.py:830} INFO - Processing file /opt/airflow/dags/model_sample_dags.py for tasks to queue
[2025-12-30T17:28:07.642+0000] {logging_mixin.py:188} INFO - [2025-12-30T17:28:07.641+0000] {dagbag.py:545} INFO - Filling up the DagBag from /opt/airflow/dags/model_sample_dags.py
[2025-12-30T17:28:07.712+0000] {processor.py:840} INFO - DAG(s) 'train_model_sample' retrieved from /opt/airflow/dags/model_sample_dags.py
[2025-12-30T17:28:07.746+0000] {logging_mixin.py:188} INFO - [2025-12-30T17:28:07.745+0000] {dag.py:3089} INFO - Sync 1 DAGs
[2025-12-30T17:28:07.764+0000] {logging_mixin.py:188} INFO - [2025-12-30T17:28:07.763+0000] {dag.py:3947} INFO - Setting next_dagrun for train_model_sample to None, run_after=None
[2025-12-30T17:28:07.802+0000] {processor.py:183} INFO - Processing /opt/airflow/dags/model_sample_dags.py took 0.187 seconds
[2025-12-30T17:28:38.532+0000] {processor.py:161} INFO - Started process (PID=269) to work on /opt/airflow/dags/model_sample_dags.py
[2025-12-30T17:28:38.535+0000] {processor.py:830} INFO - Processing file /opt/airflow/dags/model_sample_dags.py for tasks to queue
[2025-12-30T17:28:38.540+0000] {logging_mixin.py:188} INFO - [2025-12-30T17:28:38.540+0000] {dagbag.py:545} INFO - Filling up the DagBag from /opt/airflow/dags/model_sample_dags.py
[2025-12-30T17:28:38.614+0000] {processor.py:840} INFO - DAG(s) 'train_model_sample' retrieved from /opt/airflow/dags/model_sample_dags.py
[2025-12-30T17:28:38.645+0000] {logging_mixin.py:188} INFO - [2025-12-30T17:28:38.645+0000] {dag.py:3089} INFO - Sync 1 DAGs
[2025-12-30T17:28:38.659+0000] {logging_mixin.py:188} INFO - [2025-12-30T17:28:38.659+0000] {dag.py:3947} INFO - Setting next_dagrun for train_model_sample to None, run_after=None
[2025-12-30T17:28:38.695+0000] {processor.py:183} INFO - Processing /opt/airflow/dags/model_sample_dags.py took 0.174 seconds
[2025-12-30T17:29:09.207+0000] {processor.py:161} INFO - Started process (PID=274) to work on /opt/airflow/dags/model_sample_dags.py
[2025-12-30T17:29:09.210+0000] {processor.py:830} INFO - Processing file /opt/airflow/dags/model_sample_dags.py for tasks to queue
[2025-12-30T17:29:09.216+0000] {logging_mixin.py:188} INFO - [2025-12-30T17:29:09.215+0000] {dagbag.py:545} INFO - Filling up the DagBag from /opt/airflow/dags/model_sample_dags.py
[2025-12-30T17:29:09.296+0000] {processor.py:840} INFO - DAG(s) 'train_model_sample' retrieved from /opt/airflow/dags/model_sample_dags.py
[2025-12-30T17:29:09.344+0000] {logging_mixin.py:188} INFO - [2025-12-30T17:29:09.344+0000] {dag.py:3089} INFO - Sync 1 DAGs
[2025-12-30T17:29:09.362+0000] {logging_mixin.py:188} INFO - [2025-12-30T17:29:09.362+0000] {dag.py:3947} INFO - Setting next_dagrun for train_model_sample to None, run_after=None
[2025-12-30T17:29:09.399+0000] {processor.py:183} INFO - Processing /opt/airflow/dags/model_sample_dags.py took 0.210 seconds
[2025-12-30T17:29:39.993+0000] {processor.py:161} INFO - Started process (PID=279) to work on /opt/airflow/dags/model_sample_dags.py
[2025-12-30T17:29:39.996+0000] {processor.py:830} INFO - Processing file /opt/airflow/dags/model_sample_dags.py for tasks to queue
[2025-12-30T17:29:40.000+0000] {logging_mixin.py:188} INFO - [2025-12-30T17:29:39.999+0000] {dagbag.py:545} INFO - Filling up the DagBag from /opt/airflow/dags/model_sample_dags.py
[2025-12-30T17:29:40.079+0000] {processor.py:840} INFO - DAG(s) 'train_model_sample' retrieved from /opt/airflow/dags/model_sample_dags.py
[2025-12-30T17:29:40.119+0000] {logging_mixin.py:188} INFO - [2025-12-30T17:29:40.118+0000] {dag.py:3089} INFO - Sync 1 DAGs
[2025-12-30T17:29:40.133+0000] {logging_mixin.py:188} INFO - [2025-12-30T17:29:40.133+0000] {dag.py:3947} INFO - Setting next_dagrun for train_model_sample to None, run_after=None
[2025-12-30T17:29:40.167+0000] {processor.py:183} INFO - Processing /opt/airflow/dags/model_sample_dags.py took 0.187 seconds
[2025-12-30T17:30:10.630+0000] {processor.py:161} INFO - Started process (PID=284) to work on /opt/airflow/dags/model_sample_dags.py
[2025-12-30T17:30:10.632+0000] {processor.py:830} INFO - Processing file /opt/airflow/dags/model_sample_dags.py for tasks to queue
[2025-12-30T17:30:10.635+0000] {logging_mixin.py:188} INFO - [2025-12-30T17:30:10.634+0000] {dagbag.py:545} INFO - Filling up the DagBag from /opt/airflow/dags/model_sample_dags.py
[2025-12-30T17:30:10.687+0000] {processor.py:840} INFO - DAG(s) 'train_model_sample' retrieved from /opt/airflow/dags/model_sample_dags.py
[2025-12-30T17:30:10.729+0000] {logging_mixin.py:188} INFO - [2025-12-30T17:30:10.728+0000] {dag.py:3089} INFO - Sync 1 DAGs
[2025-12-30T17:30:10.746+0000] {logging_mixin.py:188} INFO - [2025-12-30T17:30:10.745+0000] {dag.py:3947} INFO - Setting next_dagrun for train_model_sample to None, run_after=None
[2025-12-30T17:30:10.777+0000] {processor.py:183} INFO - Processing /opt/airflow/dags/model_sample_dags.py took 0.160 seconds
[2025-12-30T17:30:41.443+0000] {processor.py:161} INFO - Started process (PID=289) to work on /opt/airflow/dags/model_sample_dags.py
[2025-12-30T17:30:41.445+0000] {processor.py:830} INFO - Processing file /opt/airflow/dags/model_sample_dags.py for tasks to queue
[2025-12-30T17:30:41.449+0000] {logging_mixin.py:188} INFO - [2025-12-30T17:30:41.449+0000] {dagbag.py:545} INFO - Filling up the DagBag from /opt/airflow/dags/model_sample_dags.py
[2025-12-30T17:30:41.500+0000] {processor.py:840} INFO - DAG(s) 'train_model_sample' retrieved from /opt/airflow/dags/model_sample_dags.py
[2025-12-30T17:30:41.536+0000] {logging_mixin.py:188} INFO - [2025-12-30T17:30:41.536+0000] {dag.py:3089} INFO - Sync 1 DAGs
[2025-12-30T17:30:41.553+0000] {logging_mixin.py:188} INFO - [2025-12-30T17:30:41.553+0000] {dag.py:3947} INFO - Setting next_dagrun for train_model_sample to None, run_after=None
[2025-12-30T17:30:41.589+0000] {processor.py:183} INFO - Processing /opt/airflow/dags/model_sample_dags.py took 0.160 seconds
[2025-12-30T17:31:12.061+0000] {processor.py:161} INFO - Started process (PID=294) to work on /opt/airflow/dags/model_sample_dags.py
[2025-12-30T17:31:12.064+0000] {processor.py:830} INFO - Processing file /opt/airflow/dags/model_sample_dags.py for tasks to queue
[2025-12-30T17:31:12.068+0000] {logging_mixin.py:188} INFO - [2025-12-30T17:31:12.067+0000] {dagbag.py:545} INFO - Filling up the DagBag from /opt/airflow/dags/model_sample_dags.py
[2025-12-30T17:31:12.137+0000] {processor.py:840} INFO - DAG(s) 'train_model_sample' retrieved from /opt/airflow/dags/model_sample_dags.py
[2025-12-30T17:31:12.178+0000] {logging_mixin.py:188} INFO - [2025-12-30T17:31:12.177+0000] {dag.py:3089} INFO - Sync 1 DAGs
[2025-12-30T17:31:12.198+0000] {logging_mixin.py:188} INFO - [2025-12-30T17:31:12.197+0000] {dag.py:3947} INFO - Setting next_dagrun for train_model_sample to None, run_after=None
[2025-12-30T17:31:12.231+0000] {processor.py:183} INFO - Processing /opt/airflow/dags/model_sample_dags.py took 0.178 seconds
[2025-12-30T17:31:42.776+0000] {processor.py:161} INFO - Started process (PID=299) to work on /opt/airflow/dags/model_sample_dags.py
[2025-12-30T17:31:42.778+0000] {processor.py:830} INFO - Processing file /opt/airflow/dags/model_sample_dags.py for tasks to queue
[2025-12-30T17:31:42.781+0000] {logging_mixin.py:188} INFO - [2025-12-30T17:31:42.780+0000] {dagbag.py:545} INFO - Filling up the DagBag from /opt/airflow/dags/model_sample_dags.py
[2025-12-30T17:31:42.819+0000] {processor.py:840} INFO - DAG(s) 'train_model_sample' retrieved from /opt/airflow/dags/model_sample_dags.py
[2025-12-30T17:31:42.855+0000] {logging_mixin.py:188} INFO - [2025-12-30T17:31:42.855+0000] {dag.py:3089} INFO - Sync 1 DAGs
[2025-12-30T17:31:42.872+0000] {logging_mixin.py:188} INFO - [2025-12-30T17:31:42.872+0000] {dag.py:3947} INFO - Setting next_dagrun for train_model_sample to None, run_after=None
[2025-12-30T17:31:42.908+0000] {processor.py:183} INFO - Processing /opt/airflow/dags/model_sample_dags.py took 0.142 seconds
[2025-12-30T17:32:13.441+0000] {processor.py:161} INFO - Started process (PID=304) to work on /opt/airflow/dags/model_sample_dags.py
[2025-12-30T17:32:13.444+0000] {processor.py:830} INFO - Processing file /opt/airflow/dags/model_sample_dags.py for tasks to queue
[2025-12-30T17:32:13.447+0000] {logging_mixin.py:188} INFO - [2025-12-30T17:32:13.447+0000] {dagbag.py:545} INFO - Filling up the DagBag from /opt/airflow/dags/model_sample_dags.py
[2025-12-30T17:32:13.519+0000] {processor.py:840} INFO - DAG(s) 'train_model_sample' retrieved from /opt/airflow/dags/model_sample_dags.py
[2025-12-30T17:32:13.568+0000] {logging_mixin.py:188} INFO - [2025-12-30T17:32:13.568+0000] {dag.py:3089} INFO - Sync 1 DAGs
[2025-12-30T17:32:13.592+0000] {logging_mixin.py:188} INFO - [2025-12-30T17:32:13.591+0000] {dag.py:3947} INFO - Setting next_dagrun for train_model_sample to None, run_after=None
[2025-12-30T17:32:13.647+0000] {processor.py:183} INFO - Processing /opt/airflow/dags/model_sample_dags.py took 0.219 seconds
[2025-12-30T17:32:44.095+0000] {processor.py:161} INFO - Started process (PID=409) to work on /opt/airflow/dags/model_sample_dags.py
[2025-12-30T17:32:44.098+0000] {processor.py:830} INFO - Processing file /opt/airflow/dags/model_sample_dags.py for tasks to queue
[2025-12-30T17:32:44.107+0000] {logging_mixin.py:188} INFO - [2025-12-30T17:32:44.106+0000] {dagbag.py:545} INFO - Filling up the DagBag from /opt/airflow/dags/model_sample_dags.py
[2025-12-30T17:32:44.164+0000] {processor.py:840} INFO - DAG(s) 'train_model_sample' retrieved from /opt/airflow/dags/model_sample_dags.py
[2025-12-30T17:32:44.224+0000] {logging_mixin.py:188} INFO - [2025-12-30T17:32:44.224+0000] {dag.py:3089} INFO - Sync 1 DAGs
[2025-12-30T17:32:44.251+0000] {logging_mixin.py:188} INFO - [2025-12-30T17:32:44.251+0000] {dag.py:3947} INFO - Setting next_dagrun for train_model_sample to None, run_after=None
[2025-12-30T17:32:44.305+0000] {processor.py:183} INFO - Processing /opt/airflow/dags/model_sample_dags.py took 0.227 seconds
[2025-12-30T17:33:14.786+0000] {processor.py:161} INFO - Started process (PID=439) to work on /opt/airflow/dags/model_sample_dags.py
[2025-12-30T17:33:14.794+0000] {processor.py:830} INFO - Processing file /opt/airflow/dags/model_sample_dags.py for tasks to queue
[2025-12-30T17:33:14.808+0000] {logging_mixin.py:188} INFO - [2025-12-30T17:33:14.807+0000] {dagbag.py:545} INFO - Filling up the DagBag from /opt/airflow/dags/model_sample_dags.py
[2025-12-30T17:33:14.869+0000] {processor.py:840} INFO - DAG(s) 'train_model_sample' retrieved from /opt/airflow/dags/model_sample_dags.py
[2025-12-30T17:33:14.954+0000] {logging_mixin.py:188} INFO - [2025-12-30T17:33:14.954+0000] {dag.py:3089} INFO - Sync 1 DAGs
[2025-12-30T17:33:14.989+0000] {logging_mixin.py:188} INFO - [2025-12-30T17:33:14.989+0000] {dag.py:3947} INFO - Setting next_dagrun for train_model_sample to None, run_after=None
[2025-12-30T17:33:15.037+0000] {processor.py:183} INFO - Processing /opt/airflow/dags/model_sample_dags.py took 0.275 seconds
[2025-12-30T17:33:45.522+0000] {processor.py:161} INFO - Started process (PID=445) to work on /opt/airflow/dags/model_sample_dags.py
[2025-12-30T17:33:45.526+0000] {processor.py:830} INFO - Processing file /opt/airflow/dags/model_sample_dags.py for tasks to queue
[2025-12-30T17:33:45.531+0000] {logging_mixin.py:188} INFO - [2025-12-30T17:33:45.531+0000] {dagbag.py:545} INFO - Filling up the DagBag from /opt/airflow/dags/model_sample_dags.py
[2025-12-30T17:33:45.596+0000] {processor.py:840} INFO - DAG(s) 'train_model_sample' retrieved from /opt/airflow/dags/model_sample_dags.py
[2025-12-30T17:33:45.639+0000] {logging_mixin.py:188} INFO - [2025-12-30T17:33:45.639+0000] {dag.py:3089} INFO - Sync 1 DAGs
[2025-12-30T17:33:45.660+0000] {logging_mixin.py:188} INFO - [2025-12-30T17:33:45.660+0000] {dag.py:3947} INFO - Setting next_dagrun for train_model_sample to None, run_after=None
[2025-12-30T17:33:45.685+0000] {processor.py:183} INFO - Processing /opt/airflow/dags/model_sample_dags.py took 0.178 seconds
[2025-12-30T17:34:16.144+0000] {processor.py:161} INFO - Started process (PID=450) to work on /opt/airflow/dags/model_sample_dags.py
[2025-12-30T17:34:16.147+0000] {processor.py:830} INFO - Processing file /opt/airflow/dags/model_sample_dags.py for tasks to queue
[2025-12-30T17:34:16.152+0000] {logging_mixin.py:188} INFO - [2025-12-30T17:34:16.152+0000] {dagbag.py:545} INFO - Filling up the DagBag from /opt/airflow/dags/model_sample_dags.py
[2025-12-30T17:34:16.202+0000] {processor.py:840} INFO - DAG(s) 'train_model_sample' retrieved from /opt/airflow/dags/model_sample_dags.py
[2025-12-30T17:34:16.249+0000] {logging_mixin.py:188} INFO - [2025-12-30T17:34:16.249+0000] {dag.py:3089} INFO - Sync 1 DAGs
[2025-12-30T17:34:16.265+0000] {logging_mixin.py:188} INFO - [2025-12-30T17:34:16.265+0000] {dag.py:3947} INFO - Setting next_dagrun for train_model_sample to None, run_after=None
[2025-12-30T17:34:16.302+0000] {processor.py:183} INFO - Processing /opt/airflow/dags/model_sample_dags.py took 0.170 seconds
[2025-12-30T17:34:46.951+0000] {processor.py:161} INFO - Started process (PID=455) to work on /opt/airflow/dags/model_sample_dags.py
[2025-12-30T17:34:46.954+0000] {processor.py:830} INFO - Processing file /opt/airflow/dags/model_sample_dags.py for tasks to queue
[2025-12-30T17:34:46.959+0000] {logging_mixin.py:188} INFO - [2025-12-30T17:34:46.958+0000] {dagbag.py:545} INFO - Filling up the DagBag from /opt/airflow/dags/model_sample_dags.py
[2025-12-30T17:34:47.046+0000] {processor.py:840} INFO - DAG(s) 'train_model_sample' retrieved from /opt/airflow/dags/model_sample_dags.py
[2025-12-30T17:34:47.107+0000] {logging_mixin.py:188} INFO - [2025-12-30T17:34:47.106+0000] {dag.py:3089} INFO - Sync 1 DAGs
[2025-12-30T17:34:47.134+0000] {logging_mixin.py:188} INFO - [2025-12-30T17:34:47.134+0000] {dag.py:3947} INFO - Setting next_dagrun for train_model_sample to None, run_after=None
[2025-12-30T17:34:47.178+0000] {processor.py:183} INFO - Processing /opt/airflow/dags/model_sample_dags.py took 0.239 seconds
[2025-12-30T17:35:18.657+0000] {processor.py:161} INFO - Started process (PID=460) to work on /opt/airflow/dags/model_sample_dags.py
[2025-12-30T17:35:18.660+0000] {processor.py:830} INFO - Processing file /opt/airflow/dags/model_sample_dags.py for tasks to queue
[2025-12-30T17:35:18.664+0000] {logging_mixin.py:188} INFO - [2025-12-30T17:35:18.663+0000] {dagbag.py:545} INFO - Filling up the DagBag from /opt/airflow/dags/model_sample_dags.py
[2025-12-30T17:35:18.729+0000] {processor.py:840} INFO - DAG(s) 'train_model_sample' retrieved from /opt/airflow/dags/model_sample_dags.py
[2025-12-30T17:35:18.768+0000] {logging_mixin.py:188} INFO - [2025-12-30T17:35:18.768+0000] {dag.py:3089} INFO - Sync 1 DAGs
[2025-12-30T17:35:18.784+0000] {logging_mixin.py:188} INFO - [2025-12-30T17:35:18.784+0000] {dag.py:3947} INFO - Setting next_dagrun for train_model_sample to None, run_after=None
[2025-12-30T17:35:18.825+0000] {processor.py:183} INFO - Processing /opt/airflow/dags/model_sample_dags.py took 0.179 seconds
[2025-12-30T17:35:49.623+0000] {processor.py:161} INFO - Started process (PID=465) to work on /opt/airflow/dags/model_sample_dags.py
[2025-12-30T17:35:49.627+0000] {processor.py:830} INFO - Processing file /opt/airflow/dags/model_sample_dags.py for tasks to queue
[2025-12-30T17:35:49.631+0000] {logging_mixin.py:188} INFO - [2025-12-30T17:35:49.631+0000] {dagbag.py:545} INFO - Filling up the DagBag from /opt/airflow/dags/model_sample_dags.py
[2025-12-30T17:35:49.712+0000] {processor.py:840} INFO - DAG(s) 'train_model_sample' retrieved from /opt/airflow/dags/model_sample_dags.py
[2025-12-30T17:35:49.760+0000] {logging_mixin.py:188} INFO - [2025-12-30T17:35:49.760+0000] {dag.py:3089} INFO - Sync 1 DAGs
[2025-12-30T17:35:49.777+0000] {logging_mixin.py:188} INFO - [2025-12-30T17:35:49.777+0000] {dag.py:3947} INFO - Setting next_dagrun for train_model_sample to None, run_after=None
[2025-12-30T17:35:49.807+0000] {processor.py:183} INFO - Processing /opt/airflow/dags/model_sample_dags.py took 0.201 seconds
[2025-12-30T17:36:21.294+0000] {processor.py:161} INFO - Started process (PID=470) to work on /opt/airflow/dags/model_sample_dags.py
[2025-12-30T17:36:21.296+0000] {processor.py:830} INFO - Processing file /opt/airflow/dags/model_sample_dags.py for tasks to queue
[2025-12-30T17:36:21.301+0000] {logging_mixin.py:188} INFO - [2025-12-30T17:36:21.300+0000] {dagbag.py:545} INFO - Filling up the DagBag from /opt/airflow/dags/model_sample_dags.py
[2025-12-30T17:36:21.378+0000] {processor.py:840} INFO - DAG(s) 'train_model_sample' retrieved from /opt/airflow/dags/model_sample_dags.py
[2025-12-30T17:36:21.423+0000] {logging_mixin.py:188} INFO - [2025-12-30T17:36:21.423+0000] {dag.py:3089} INFO - Sync 1 DAGs
[2025-12-30T17:36:21.441+0000] {logging_mixin.py:188} INFO - [2025-12-30T17:36:21.441+0000] {dag.py:3947} INFO - Setting next_dagrun for train_model_sample to None, run_after=None
[2025-12-30T17:36:21.472+0000] {processor.py:183} INFO - Processing /opt/airflow/dags/model_sample_dags.py took 0.191 seconds
[2025-12-30T17:36:52.130+0000] {processor.py:161} INFO - Started process (PID=475) to work on /opt/airflow/dags/model_sample_dags.py
[2025-12-30T17:36:52.133+0000] {processor.py:830} INFO - Processing file /opt/airflow/dags/model_sample_dags.py for tasks to queue
[2025-12-30T17:36:52.140+0000] {logging_mixin.py:188} INFO - [2025-12-30T17:36:52.139+0000] {dagbag.py:545} INFO - Filling up the DagBag from /opt/airflow/dags/model_sample_dags.py
[2025-12-30T17:36:52.229+0000] {processor.py:840} INFO - DAG(s) 'train_model_sample' retrieved from /opt/airflow/dags/model_sample_dags.py
[2025-12-30T17:36:52.264+0000] {logging_mixin.py:188} INFO - [2025-12-30T17:36:52.264+0000] {dag.py:3089} INFO - Sync 1 DAGs
[2025-12-30T17:36:52.281+0000] {logging_mixin.py:188} INFO - [2025-12-30T17:36:52.281+0000] {dag.py:3947} INFO - Setting next_dagrun for train_model_sample to None, run_after=None
[2025-12-30T17:36:52.317+0000] {processor.py:183} INFO - Processing /opt/airflow/dags/model_sample_dags.py took 0.198 seconds
[2025-12-30T17:37:23.807+0000] {processor.py:161} INFO - Started process (PID=480) to work on /opt/airflow/dags/model_sample_dags.py
[2025-12-30T17:37:23.811+0000] {processor.py:830} INFO - Processing file /opt/airflow/dags/model_sample_dags.py for tasks to queue
[2025-12-30T17:37:23.816+0000] {logging_mixin.py:188} INFO - [2025-12-30T17:37:23.816+0000] {dagbag.py:545} INFO - Filling up the DagBag from /opt/airflow/dags/model_sample_dags.py
[2025-12-30T17:37:23.889+0000] {processor.py:840} INFO - DAG(s) 'train_model_sample' retrieved from /opt/airflow/dags/model_sample_dags.py
[2025-12-30T17:37:23.926+0000] {logging_mixin.py:188} INFO - [2025-12-30T17:37:23.925+0000] {dag.py:3089} INFO - Sync 1 DAGs
[2025-12-30T17:37:23.940+0000] {logging_mixin.py:188} INFO - [2025-12-30T17:37:23.939+0000] {dag.py:3947} INFO - Setting next_dagrun for train_model_sample to None, run_after=None
[2025-12-30T17:37:23.973+0000] {processor.py:183} INFO - Processing /opt/airflow/dags/model_sample_dags.py took 0.180 seconds
[2025-12-30T17:37:54.631+0000] {processor.py:161} INFO - Started process (PID=485) to work on /opt/airflow/dags/model_sample_dags.py
[2025-12-30T17:37:54.632+0000] {processor.py:830} INFO - Processing file /opt/airflow/dags/model_sample_dags.py for tasks to queue
[2025-12-30T17:37:54.635+0000] {logging_mixin.py:188} INFO - [2025-12-30T17:37:54.635+0000] {dagbag.py:545} INFO - Filling up the DagBag from /opt/airflow/dags/model_sample_dags.py
[2025-12-30T17:37:54.680+0000] {processor.py:840} INFO - DAG(s) 'train_model_sample' retrieved from /opt/airflow/dags/model_sample_dags.py
[2025-12-30T17:37:54.715+0000] {logging_mixin.py:188} INFO - [2025-12-30T17:37:54.714+0000] {dag.py:3089} INFO - Sync 1 DAGs
[2025-12-30T17:37:54.729+0000] {logging_mixin.py:188} INFO - [2025-12-30T17:37:54.729+0000] {dag.py:3947} INFO - Setting next_dagrun for train_model_sample to None, run_after=None
[2025-12-30T17:37:54.756+0000] {processor.py:183} INFO - Processing /opt/airflow/dags/model_sample_dags.py took 0.136 seconds
[2025-12-30T17:38:26.483+0000] {processor.py:161} INFO - Started process (PID=490) to work on /opt/airflow/dags/model_sample_dags.py
[2025-12-30T17:38:26.486+0000] {processor.py:830} INFO - Processing file /opt/airflow/dags/model_sample_dags.py for tasks to queue
[2025-12-30T17:38:26.491+0000] {logging_mixin.py:188} INFO - [2025-12-30T17:38:26.490+0000] {dagbag.py:545} INFO - Filling up the DagBag from /opt/airflow/dags/model_sample_dags.py
[2025-12-30T17:38:26.568+0000] {processor.py:840} INFO - DAG(s) 'train_model_sample' retrieved from /opt/airflow/dags/model_sample_dags.py
[2025-12-30T17:38:26.643+0000] {logging_mixin.py:188} INFO - [2025-12-30T17:38:26.642+0000] {dag.py:3089} INFO - Sync 1 DAGs
[2025-12-30T17:38:26.716+0000] {logging_mixin.py:188} INFO - [2025-12-30T17:38:26.714+0000] {dag.py:3947} INFO - Setting next_dagrun for train_model_sample to None, run_after=None
[2025-12-30T17:38:26.806+0000] {processor.py:183} INFO - Processing /opt/airflow/dags/model_sample_dags.py took 0.340 seconds
[2025-12-30T17:53:39.200+0000] {processor.py:161} INFO - Started process (PID=495) to work on /opt/airflow/dags/model_sample_dags.py
[2025-12-30T17:53:39.225+0000] {processor.py:830} INFO - Processing file /opt/airflow/dags/model_sample_dags.py for tasks to queue
[2025-12-30T17:53:39.258+0000] {logging_mixin.py:188} INFO - [2025-12-30T17:53:39.256+0000] {dagbag.py:545} INFO - Filling up the DagBag from /opt/airflow/dags/model_sample_dags.py
[2025-12-30T17:53:39.880+0000] {processor.py:840} INFO - DAG(s) 'train_model_sample' retrieved from /opt/airflow/dags/model_sample_dags.py
[2025-12-30T17:53:40.656+0000] {logging_mixin.py:188} INFO - [2025-12-30T17:53:40.654+0000] {dag.py:3089} INFO - Sync 1 DAGs
[2025-12-30T17:53:40.909+0000] {logging_mixin.py:188} INFO - [2025-12-30T17:53:40.908+0000] {dag.py:3947} INFO - Setting next_dagrun for train_model_sample to None, run_after=None
[2025-12-30T17:53:41.225+0000] {processor.py:183} INFO - Processing /opt/airflow/dags/model_sample_dags.py took 2.069 seconds
[2025-12-30T17:54:11.865+0000] {processor.py:161} INFO - Started process (PID=500) to work on /opt/airflow/dags/model_sample_dags.py
[2025-12-30T17:54:11.870+0000] {processor.py:830} INFO - Processing file /opt/airflow/dags/model_sample_dags.py for tasks to queue
[2025-12-30T17:54:11.883+0000] {logging_mixin.py:188} INFO - [2025-12-30T17:54:11.882+0000] {dagbag.py:545} INFO - Filling up the DagBag from /opt/airflow/dags/model_sample_dags.py
[2025-12-30T17:54:11.980+0000] {processor.py:840} INFO - DAG(s) 'train_model_sample' retrieved from /opt/airflow/dags/model_sample_dags.py
[2025-12-30T17:54:12.106+0000] {logging_mixin.py:188} INFO - [2025-12-30T17:54:12.105+0000] {dag.py:3089} INFO - Sync 1 DAGs
[2025-12-30T17:54:12.149+0000] {logging_mixin.py:188} INFO - [2025-12-30T17:54:12.148+0000] {dag.py:3947} INFO - Setting next_dagrun for train_model_sample to None, run_after=None
[2025-12-30T17:54:12.214+0000] {processor.py:183} INFO - Processing /opt/airflow/dags/model_sample_dags.py took 0.385 seconds
[2025-12-30T17:54:43.157+0000] {processor.py:161} INFO - Started process (PID=505) to work on /opt/airflow/dags/model_sample_dags.py
[2025-12-30T17:54:43.161+0000] {processor.py:830} INFO - Processing file /opt/airflow/dags/model_sample_dags.py for tasks to queue
[2025-12-30T17:54:43.168+0000] {logging_mixin.py:188} INFO - [2025-12-30T17:54:43.167+0000] {dagbag.py:545} INFO - Filling up the DagBag from /opt/airflow/dags/model_sample_dags.py
[2025-12-30T17:54:43.268+0000] {processor.py:840} INFO - DAG(s) 'train_model_sample' retrieved from /opt/airflow/dags/model_sample_dags.py
[2025-12-30T17:54:43.373+0000] {logging_mixin.py:188} INFO - [2025-12-30T17:54:43.372+0000] {dag.py:3089} INFO - Sync 1 DAGs
[2025-12-30T17:54:43.449+0000] {logging_mixin.py:188} INFO - [2025-12-30T17:54:43.448+0000] {dag.py:3947} INFO - Setting next_dagrun for train_model_sample to None, run_after=None
[2025-12-30T17:54:43.528+0000] {processor.py:183} INFO - Processing /opt/airflow/dags/model_sample_dags.py took 0.396 seconds
[2025-12-30T17:55:13.971+0000] {processor.py:161} INFO - Started process (PID=510) to work on /opt/airflow/dags/model_sample_dags.py
[2025-12-30T17:55:13.977+0000] {processor.py:830} INFO - Processing file /opt/airflow/dags/model_sample_dags.py for tasks to queue
[2025-12-30T17:55:13.984+0000] {logging_mixin.py:188} INFO - [2025-12-30T17:55:13.982+0000] {dagbag.py:545} INFO - Filling up the DagBag from /opt/airflow/dags/model_sample_dags.py
[2025-12-30T17:55:14.058+0000] {processor.py:840} INFO - DAG(s) 'train_model_sample' retrieved from /opt/airflow/dags/model_sample_dags.py
[2025-12-30T17:55:14.145+0000] {logging_mixin.py:188} INFO - [2025-12-30T17:55:14.145+0000] {dag.py:3089} INFO - Sync 1 DAGs
[2025-12-30T17:55:14.189+0000] {logging_mixin.py:188} INFO - [2025-12-30T17:55:14.188+0000] {dag.py:3947} INFO - Setting next_dagrun for train_model_sample to None, run_after=None
[2025-12-30T17:55:14.258+0000] {processor.py:183} INFO - Processing /opt/airflow/dags/model_sample_dags.py took 0.309 seconds
[2025-12-30T17:55:44.831+0000] {processor.py:161} INFO - Started process (PID=515) to work on /opt/airflow/dags/model_sample_dags.py
[2025-12-30T17:55:44.838+0000] {processor.py:830} INFO - Processing file /opt/airflow/dags/model_sample_dags.py for tasks to queue
[2025-12-30T17:55:44.844+0000] {logging_mixin.py:188} INFO - [2025-12-30T17:55:44.843+0000] {dagbag.py:545} INFO - Filling up the DagBag from /opt/airflow/dags/model_sample_dags.py
[2025-12-30T17:55:44.927+0000] {processor.py:840} INFO - DAG(s) 'train_model_sample' retrieved from /opt/airflow/dags/model_sample_dags.py
[2025-12-30T17:55:45.027+0000] {logging_mixin.py:188} INFO - [2025-12-30T17:55:45.026+0000] {dag.py:3089} INFO - Sync 1 DAGs
[2025-12-30T17:55:45.063+0000] {logging_mixin.py:188} INFO - [2025-12-30T17:55:45.062+0000] {dag.py:3947} INFO - Setting next_dagrun for train_model_sample to None, run_after=None
[2025-12-30T17:55:45.148+0000] {processor.py:183} INFO - Processing /opt/airflow/dags/model_sample_dags.py took 0.340 seconds
[2025-12-30T17:56:15.917+0000] {processor.py:161} INFO - Started process (PID=520) to work on /opt/airflow/dags/model_sample_dags.py
[2025-12-30T17:56:15.926+0000] {processor.py:830} INFO - Processing file /opt/airflow/dags/model_sample_dags.py for tasks to queue
[2025-12-30T17:56:15.934+0000] {logging_mixin.py:188} INFO - [2025-12-30T17:56:15.932+0000] {dagbag.py:545} INFO - Filling up the DagBag from /opt/airflow/dags/model_sample_dags.py
[2025-12-30T17:56:16.063+0000] {processor.py:840} INFO - DAG(s) 'train_model_sample' retrieved from /opt/airflow/dags/model_sample_dags.py
[2025-12-30T17:56:16.205+0000] {logging_mixin.py:188} INFO - [2025-12-30T17:56:16.204+0000] {dag.py:3089} INFO - Sync 1 DAGs
[2025-12-30T17:56:16.257+0000] {logging_mixin.py:188} INFO - [2025-12-30T17:56:16.256+0000] {dag.py:3947} INFO - Setting next_dagrun for train_model_sample to None, run_after=None
[2025-12-30T17:56:16.338+0000] {processor.py:183} INFO - Processing /opt/airflow/dags/model_sample_dags.py took 0.450 seconds
[2025-12-30T17:56:46.718+0000] {processor.py:161} INFO - Started process (PID=525) to work on /opt/airflow/dags/model_sample_dags.py
[2025-12-30T17:56:46.724+0000] {processor.py:830} INFO - Processing file /opt/airflow/dags/model_sample_dags.py for tasks to queue
[2025-12-30T17:56:46.733+0000] {logging_mixin.py:188} INFO - [2025-12-30T17:56:46.732+0000] {dagbag.py:545} INFO - Filling up the DagBag from /opt/airflow/dags/model_sample_dags.py
[2025-12-30T17:56:46.821+0000] {processor.py:840} INFO - DAG(s) 'train_model_sample' retrieved from /opt/airflow/dags/model_sample_dags.py
[2025-12-30T17:56:46.931+0000] {logging_mixin.py:188} INFO - [2025-12-30T17:56:46.930+0000] {dag.py:3089} INFO - Sync 1 DAGs
[2025-12-30T17:56:46.977+0000] {logging_mixin.py:188} INFO - [2025-12-30T17:56:46.976+0000] {dag.py:3947} INFO - Setting next_dagrun for train_model_sample to None, run_after=None
[2025-12-30T17:56:47.060+0000] {processor.py:183} INFO - Processing /opt/airflow/dags/model_sample_dags.py took 0.372 seconds
[2025-12-30T17:57:17.413+0000] {processor.py:161} INFO - Started process (PID=530) to work on /opt/airflow/dags/model_sample_dags.py
[2025-12-30T17:57:17.417+0000] {processor.py:830} INFO - Processing file /opt/airflow/dags/model_sample_dags.py for tasks to queue
[2025-12-30T17:57:17.423+0000] {logging_mixin.py:188} INFO - [2025-12-30T17:57:17.423+0000] {dagbag.py:545} INFO - Filling up the DagBag from /opt/airflow/dags/model_sample_dags.py
[2025-12-30T17:57:17.502+0000] {processor.py:840} INFO - DAG(s) 'train_model_sample' retrieved from /opt/airflow/dags/model_sample_dags.py
[2025-12-30T17:57:17.592+0000] {logging_mixin.py:188} INFO - [2025-12-30T17:57:17.591+0000] {dag.py:3089} INFO - Sync 1 DAGs
[2025-12-30T17:57:17.629+0000] {logging_mixin.py:188} INFO - [2025-12-30T17:57:17.628+0000] {dag.py:3947} INFO - Setting next_dagrun for train_model_sample to None, run_after=None
[2025-12-30T17:57:17.688+0000] {processor.py:183} INFO - Processing /opt/airflow/dags/model_sample_dags.py took 0.295 seconds
[2025-12-30T17:57:48.198+0000] {processor.py:161} INFO - Started process (PID=535) to work on /opt/airflow/dags/model_sample_dags.py
[2025-12-30T17:57:48.201+0000] {processor.py:830} INFO - Processing file /opt/airflow/dags/model_sample_dags.py for tasks to queue
[2025-12-30T17:57:48.207+0000] {logging_mixin.py:188} INFO - [2025-12-30T17:57:48.206+0000] {dagbag.py:545} INFO - Filling up the DagBag from /opt/airflow/dags/model_sample_dags.py
[2025-12-30T17:57:48.278+0000] {processor.py:840} INFO - DAG(s) 'train_model_sample' retrieved from /opt/airflow/dags/model_sample_dags.py
[2025-12-30T17:57:48.355+0000] {logging_mixin.py:188} INFO - [2025-12-30T17:57:48.354+0000] {dag.py:3089} INFO - Sync 1 DAGs
[2025-12-30T17:57:48.388+0000] {logging_mixin.py:188} INFO - [2025-12-30T17:57:48.388+0000] {dag.py:3947} INFO - Setting next_dagrun for train_model_sample to None, run_after=None
[2025-12-30T17:57:48.466+0000] {processor.py:183} INFO - Processing /opt/airflow/dags/model_sample_dags.py took 0.286 seconds
[2025-12-30T17:58:19.218+0000] {processor.py:161} INFO - Started process (PID=540) to work on /opt/airflow/dags/model_sample_dags.py
[2025-12-30T17:58:19.221+0000] {processor.py:830} INFO - Processing file /opt/airflow/dags/model_sample_dags.py for tasks to queue
[2025-12-30T17:58:19.226+0000] {logging_mixin.py:188} INFO - [2025-12-30T17:58:19.225+0000] {dagbag.py:545} INFO - Filling up the DagBag from /opt/airflow/dags/model_sample_dags.py
[2025-12-30T17:58:19.309+0000] {processor.py:840} INFO - DAG(s) 'train_model_sample' retrieved from /opt/airflow/dags/model_sample_dags.py
[2025-12-30T17:58:19.381+0000] {logging_mixin.py:188} INFO - [2025-12-30T17:58:19.381+0000] {dag.py:3089} INFO - Sync 1 DAGs
[2025-12-30T17:58:19.414+0000] {logging_mixin.py:188} INFO - [2025-12-30T17:58:19.414+0000] {dag.py:3947} INFO - Setting next_dagrun for train_model_sample to None, run_after=None
[2025-12-30T17:58:19.475+0000] {processor.py:183} INFO - Processing /opt/airflow/dags/model_sample_dags.py took 0.271 seconds
[2025-12-30T17:58:49.907+0000] {processor.py:161} INFO - Started process (PID=545) to work on /opt/airflow/dags/model_sample_dags.py
[2025-12-30T17:58:49.910+0000] {processor.py:830} INFO - Processing file /opt/airflow/dags/model_sample_dags.py for tasks to queue
[2025-12-30T17:58:49.916+0000] {logging_mixin.py:188} INFO - [2025-12-30T17:58:49.915+0000] {dagbag.py:545} INFO - Filling up the DagBag from /opt/airflow/dags/model_sample_dags.py
[2025-12-30T17:58:49.988+0000] {processor.py:840} INFO - DAG(s) 'train_model_sample' retrieved from /opt/airflow/dags/model_sample_dags.py
[2025-12-30T17:58:50.066+0000] {logging_mixin.py:188} INFO - [2025-12-30T17:58:50.066+0000] {dag.py:3089} INFO - Sync 1 DAGs
[2025-12-30T17:58:50.099+0000] {logging_mixin.py:188} INFO - [2025-12-30T17:58:50.098+0000] {dag.py:3947} INFO - Setting next_dagrun for train_model_sample to None, run_after=None
[2025-12-30T17:58:50.160+0000] {processor.py:183} INFO - Processing /opt/airflow/dags/model_sample_dags.py took 0.270 seconds
[2025-12-30T17:59:20.657+0000] {processor.py:161} INFO - Started process (PID=550) to work on /opt/airflow/dags/model_sample_dags.py
[2025-12-30T17:59:20.668+0000] {processor.py:830} INFO - Processing file /opt/airflow/dags/model_sample_dags.py for tasks to queue
[2025-12-30T17:59:20.676+0000] {logging_mixin.py:188} INFO - [2025-12-30T17:59:20.675+0000] {dagbag.py:545} INFO - Filling up the DagBag from /opt/airflow/dags/model_sample_dags.py
[2025-12-30T17:59:20.762+0000] {processor.py:840} INFO - DAG(s) 'train_model_sample' retrieved from /opt/airflow/dags/model_sample_dags.py
[2025-12-30T17:59:20.853+0000] {logging_mixin.py:188} INFO - [2025-12-30T17:59:20.852+0000] {dag.py:3089} INFO - Sync 1 DAGs
[2025-12-30T17:59:20.893+0000] {logging_mixin.py:188} INFO - [2025-12-30T17:59:20.892+0000] {dag.py:3947} INFO - Setting next_dagrun for train_model_sample to None, run_after=None
[2025-12-30T17:59:20.978+0000] {processor.py:183} INFO - Processing /opt/airflow/dags/model_sample_dags.py took 0.352 seconds
[2025-12-30T17:59:51.834+0000] {processor.py:161} INFO - Started process (PID=555) to work on /opt/airflow/dags/model_sample_dags.py
[2025-12-30T17:59:51.844+0000] {processor.py:830} INFO - Processing file /opt/airflow/dags/model_sample_dags.py for tasks to queue
[2025-12-30T17:59:51.857+0000] {logging_mixin.py:188} INFO - [2025-12-30T17:59:51.853+0000] {dagbag.py:545} INFO - Filling up the DagBag from /opt/airflow/dags/model_sample_dags.py
[2025-12-30T17:59:51.988+0000] {processor.py:840} INFO - DAG(s) 'train_model_sample' retrieved from /opt/airflow/dags/model_sample_dags.py
[2025-12-30T17:59:52.104+0000] {logging_mixin.py:188} INFO - [2025-12-30T17:59:52.103+0000] {dag.py:3089} INFO - Sync 1 DAGs
[2025-12-30T17:59:52.155+0000] {logging_mixin.py:188} INFO - [2025-12-30T17:59:52.154+0000] {dag.py:3947} INFO - Setting next_dagrun for train_model_sample to None, run_after=None
[2025-12-30T17:59:52.237+0000] {processor.py:183} INFO - Processing /opt/airflow/dags/model_sample_dags.py took 0.441 seconds
[2025-12-30T18:00:22.605+0000] {processor.py:161} INFO - Started process (PID=560) to work on /opt/airflow/dags/model_sample_dags.py
[2025-12-30T18:00:22.614+0000] {processor.py:830} INFO - Processing file /opt/airflow/dags/model_sample_dags.py for tasks to queue
[2025-12-30T18:00:22.621+0000] {logging_mixin.py:188} INFO - [2025-12-30T18:00:22.620+0000] {dagbag.py:545} INFO - Filling up the DagBag from /opt/airflow/dags/model_sample_dags.py
[2025-12-30T18:00:22.713+0000] {processor.py:840} INFO - DAG(s) 'train_model_sample' retrieved from /opt/airflow/dags/model_sample_dags.py
[2025-12-30T18:00:22.850+0000] {logging_mixin.py:188} INFO - [2025-12-30T18:00:22.849+0000] {dag.py:3089} INFO - Sync 1 DAGs
[2025-12-30T18:00:22.908+0000] {logging_mixin.py:188} INFO - [2025-12-30T18:00:22.907+0000] {dag.py:3947} INFO - Setting next_dagrun for train_model_sample to None, run_after=None
[2025-12-30T18:00:23.003+0000] {processor.py:183} INFO - Processing /opt/airflow/dags/model_sample_dags.py took 0.418 seconds
[2025-12-30T18:00:53.835+0000] {processor.py:161} INFO - Started process (PID=565) to work on /opt/airflow/dags/model_sample_dags.py
[2025-12-30T18:00:53.848+0000] {processor.py:830} INFO - Processing file /opt/airflow/dags/model_sample_dags.py for tasks to queue
[2025-12-30T18:00:53.856+0000] {logging_mixin.py:188} INFO - [2025-12-30T18:00:53.854+0000] {dagbag.py:545} INFO - Filling up the DagBag from /opt/airflow/dags/model_sample_dags.py
[2025-12-30T18:00:53.944+0000] {processor.py:840} INFO - DAG(s) 'train_model_sample' retrieved from /opt/airflow/dags/model_sample_dags.py
[2025-12-30T18:00:54.031+0000] {logging_mixin.py:188} INFO - [2025-12-30T18:00:54.030+0000] {dag.py:3089} INFO - Sync 1 DAGs
[2025-12-30T18:00:54.078+0000] {logging_mixin.py:188} INFO - [2025-12-30T18:00:54.077+0000] {dag.py:3947} INFO - Setting next_dagrun for train_model_sample to None, run_after=None
[2025-12-30T18:00:54.155+0000] {processor.py:183} INFO - Processing /opt/airflow/dags/model_sample_dags.py took 0.340 seconds
[2025-12-30T18:01:24.645+0000] {processor.py:161} INFO - Started process (PID=570) to work on /opt/airflow/dags/model_sample_dags.py
[2025-12-30T18:01:24.651+0000] {processor.py:830} INFO - Processing file /opt/airflow/dags/model_sample_dags.py for tasks to queue
[2025-12-30T18:01:24.663+0000] {logging_mixin.py:188} INFO - [2025-12-30T18:01:24.662+0000] {dagbag.py:545} INFO - Filling up the DagBag from /opt/airflow/dags/model_sample_dags.py
[2025-12-30T18:01:24.793+0000] {processor.py:840} INFO - DAG(s) 'train_model_sample' retrieved from /opt/airflow/dags/model_sample_dags.py
[2025-12-30T18:01:24.925+0000] {logging_mixin.py:188} INFO - [2025-12-30T18:01:24.924+0000] {dag.py:3089} INFO - Sync 1 DAGs
[2025-12-30T18:01:24.981+0000] {logging_mixin.py:188} INFO - [2025-12-30T18:01:24.980+0000] {dag.py:3947} INFO - Setting next_dagrun for train_model_sample to None, run_after=None
[2025-12-30T18:01:25.106+0000] {processor.py:183} INFO - Processing /opt/airflow/dags/model_sample_dags.py took 0.493 seconds
[2025-12-30T18:01:55.851+0000] {processor.py:161} INFO - Started process (PID=575) to work on /opt/airflow/dags/model_sample_dags.py
[2025-12-30T18:01:55.856+0000] {processor.py:830} INFO - Processing file /opt/airflow/dags/model_sample_dags.py for tasks to queue
[2025-12-30T18:01:55.864+0000] {logging_mixin.py:188} INFO - [2025-12-30T18:01:55.862+0000] {dagbag.py:545} INFO - Filling up the DagBag from /opt/airflow/dags/model_sample_dags.py
[2025-12-30T18:01:55.964+0000] {processor.py:840} INFO - DAG(s) 'train_model_sample' retrieved from /opt/airflow/dags/model_sample_dags.py
[2025-12-30T18:01:56.178+0000] {logging_mixin.py:188} INFO - [2025-12-30T18:01:56.176+0000] {dag.py:3089} INFO - Sync 1 DAGs
[2025-12-30T18:01:56.291+0000] {logging_mixin.py:188} INFO - [2025-12-30T18:01:56.289+0000] {dag.py:3947} INFO - Setting next_dagrun for train_model_sample to None, run_after=None
[2025-12-30T18:01:56.472+0000] {processor.py:183} INFO - Processing /opt/airflow/dags/model_sample_dags.py took 0.648 seconds
[2025-12-30T18:02:26.882+0000] {processor.py:161} INFO - Started process (PID=580) to work on /opt/airflow/dags/model_sample_dags.py
[2025-12-30T18:02:26.886+0000] {processor.py:830} INFO - Processing file /opt/airflow/dags/model_sample_dags.py for tasks to queue
[2025-12-30T18:02:26.892+0000] {logging_mixin.py:188} INFO - [2025-12-30T18:02:26.891+0000] {dagbag.py:545} INFO - Filling up the DagBag from /opt/airflow/dags/model_sample_dags.py
[2025-12-30T18:02:26.988+0000] {processor.py:840} INFO - DAG(s) 'train_model_sample' retrieved from /opt/airflow/dags/model_sample_dags.py
[2025-12-30T18:02:27.122+0000] {logging_mixin.py:188} INFO - [2025-12-30T18:02:27.121+0000] {dag.py:3089} INFO - Sync 1 DAGs
[2025-12-30T18:02:27.171+0000] {logging_mixin.py:188} INFO - [2025-12-30T18:02:27.170+0000] {dag.py:3947} INFO - Setting next_dagrun for train_model_sample to None, run_after=None
[2025-12-30T18:02:27.265+0000] {processor.py:183} INFO - Processing /opt/airflow/dags/model_sample_dags.py took 0.400 seconds
[2025-12-30T18:02:58.034+0000] {processor.py:161} INFO - Started process (PID=585) to work on /opt/airflow/dags/model_sample_dags.py
[2025-12-30T18:02:58.037+0000] {processor.py:830} INFO - Processing file /opt/airflow/dags/model_sample_dags.py for tasks to queue
[2025-12-30T18:02:58.042+0000] {logging_mixin.py:188} INFO - [2025-12-30T18:02:58.041+0000] {dagbag.py:545} INFO - Filling up the DagBag from /opt/airflow/dags/model_sample_dags.py
[2025-12-30T18:02:58.123+0000] {processor.py:840} INFO - DAG(s) 'train_model_sample' retrieved from /opt/airflow/dags/model_sample_dags.py
[2025-12-30T18:02:58.213+0000] {logging_mixin.py:188} INFO - [2025-12-30T18:02:58.212+0000] {dag.py:3089} INFO - Sync 1 DAGs
[2025-12-30T18:02:58.249+0000] {logging_mixin.py:188} INFO - [2025-12-30T18:02:58.248+0000] {dag.py:3947} INFO - Setting next_dagrun for train_model_sample to None, run_after=None
[2025-12-30T18:02:58.312+0000] {processor.py:183} INFO - Processing /opt/airflow/dags/model_sample_dags.py took 0.292 seconds
[2025-12-30T18:03:28.837+0000] {processor.py:161} INFO - Started process (PID=590) to work on /opt/airflow/dags/model_sample_dags.py
[2025-12-30T18:03:28.843+0000] {processor.py:830} INFO - Processing file /opt/airflow/dags/model_sample_dags.py for tasks to queue
[2025-12-30T18:03:28.850+0000] {logging_mixin.py:188} INFO - [2025-12-30T18:03:28.849+0000] {dagbag.py:545} INFO - Filling up the DagBag from /opt/airflow/dags/model_sample_dags.py
[2025-12-30T18:03:28.939+0000] {processor.py:840} INFO - DAG(s) 'train_model_sample' retrieved from /opt/airflow/dags/model_sample_dags.py
[2025-12-30T18:03:29.029+0000] {logging_mixin.py:188} INFO - [2025-12-30T18:03:29.029+0000] {dag.py:3089} INFO - Sync 1 DAGs
[2025-12-30T18:03:29.066+0000] {logging_mixin.py:188} INFO - [2025-12-30T18:03:29.065+0000] {dag.py:3947} INFO - Setting next_dagrun for train_model_sample to None, run_after=None
[2025-12-30T18:03:29.131+0000] {processor.py:183} INFO - Processing /opt/airflow/dags/model_sample_dags.py took 0.317 seconds
[2025-12-30T18:03:59.991+0000] {processor.py:161} INFO - Started process (PID=595) to work on /opt/airflow/dags/model_sample_dags.py
[2025-12-30T18:03:59.996+0000] {processor.py:830} INFO - Processing file /opt/airflow/dags/model_sample_dags.py for tasks to queue
[2025-12-30T18:04:00.004+0000] {logging_mixin.py:188} INFO - [2025-12-30T18:04:00.003+0000] {dagbag.py:545} INFO - Filling up the DagBag from /opt/airflow/dags/model_sample_dags.py
[2025-12-30T18:04:00.095+0000] {processor.py:840} INFO - DAG(s) 'train_model_sample' retrieved from /opt/airflow/dags/model_sample_dags.py
[2025-12-30T18:04:00.173+0000] {logging_mixin.py:188} INFO - [2025-12-30T18:04:00.173+0000] {dag.py:3089} INFO - Sync 1 DAGs
[2025-12-30T18:04:00.216+0000] {logging_mixin.py:188} INFO - [2025-12-30T18:04:00.215+0000] {dag.py:3947} INFO - Setting next_dagrun for train_model_sample to None, run_after=None
[2025-12-30T18:04:00.284+0000] {processor.py:183} INFO - Processing /opt/airflow/dags/model_sample_dags.py took 0.313 seconds
[2025-12-30T18:04:30.878+0000] {processor.py:161} INFO - Started process (PID=600) to work on /opt/airflow/dags/model_sample_dags.py
[2025-12-30T18:04:30.884+0000] {processor.py:830} INFO - Processing file /opt/airflow/dags/model_sample_dags.py for tasks to queue
[2025-12-30T18:04:30.897+0000] {logging_mixin.py:188} INFO - [2025-12-30T18:04:30.895+0000] {dagbag.py:545} INFO - Filling up the DagBag from /opt/airflow/dags/model_sample_dags.py
[2025-12-30T18:04:31.020+0000] {processor.py:840} INFO - DAG(s) 'train_model_sample' retrieved from /opt/airflow/dags/model_sample_dags.py
[2025-12-30T18:04:31.193+0000] {logging_mixin.py:188} INFO - [2025-12-30T18:04:31.192+0000] {dag.py:3089} INFO - Sync 1 DAGs
[2025-12-30T18:04:31.238+0000] {logging_mixin.py:188} INFO - [2025-12-30T18:04:31.235+0000] {dag.py:3947} INFO - Setting next_dagrun for train_model_sample to None, run_after=None
[2025-12-30T18:04:31.388+0000] {processor.py:183} INFO - Processing /opt/airflow/dags/model_sample_dags.py took 0.534 seconds
[2025-12-30T18:05:01.983+0000] {processor.py:161} INFO - Started process (PID=605) to work on /opt/airflow/dags/model_sample_dags.py
[2025-12-30T18:05:01.986+0000] {processor.py:830} INFO - Processing file /opt/airflow/dags/model_sample_dags.py for tasks to queue
[2025-12-30T18:05:01.995+0000] {logging_mixin.py:188} INFO - [2025-12-30T18:05:01.993+0000] {dagbag.py:545} INFO - Filling up the DagBag from /opt/airflow/dags/model_sample_dags.py
[2025-12-30T18:05:02.080+0000] {processor.py:840} INFO - DAG(s) 'train_model_sample' retrieved from /opt/airflow/dags/model_sample_dags.py
[2025-12-30T18:05:02.153+0000] {logging_mixin.py:188} INFO - [2025-12-30T18:05:02.153+0000] {dag.py:3089} INFO - Sync 1 DAGs
[2025-12-30T18:05:02.182+0000] {logging_mixin.py:188} INFO - [2025-12-30T18:05:02.182+0000] {dag.py:3947} INFO - Setting next_dagrun for train_model_sample to None, run_after=None
[2025-12-30T18:05:02.237+0000] {processor.py:183} INFO - Processing /opt/airflow/dags/model_sample_dags.py took 0.283 seconds
[2025-12-30T18:05:33.029+0000] {processor.py:161} INFO - Started process (PID=610) to work on /opt/airflow/dags/model_sample_dags.py
[2025-12-30T18:05:33.036+0000] {processor.py:830} INFO - Processing file /opt/airflow/dags/model_sample_dags.py for tasks to queue
[2025-12-30T18:05:33.046+0000] {logging_mixin.py:188} INFO - [2025-12-30T18:05:33.045+0000] {dagbag.py:545} INFO - Filling up the DagBag from /opt/airflow/dags/model_sample_dags.py
[2025-12-30T18:05:33.112+0000] {processor.py:840} INFO - DAG(s) 'train_model_sample' retrieved from /opt/airflow/dags/model_sample_dags.py
[2025-12-30T18:05:33.179+0000] {logging_mixin.py:188} INFO - [2025-12-30T18:05:33.178+0000] {dag.py:3089} INFO - Sync 1 DAGs
[2025-12-30T18:05:33.211+0000] {logging_mixin.py:188} INFO - [2025-12-30T18:05:33.210+0000] {dag.py:3947} INFO - Setting next_dagrun for train_model_sample to None, run_after=None
[2025-12-30T18:05:33.275+0000] {processor.py:183} INFO - Processing /opt/airflow/dags/model_sample_dags.py took 0.266 seconds
[2025-12-30T18:06:04.010+0000] {processor.py:161} INFO - Started process (PID=615) to work on /opt/airflow/dags/model_sample_dags.py
[2025-12-30T18:06:04.026+0000] {processor.py:830} INFO - Processing file /opt/airflow/dags/model_sample_dags.py for tasks to queue
[2025-12-30T18:06:04.044+0000] {logging_mixin.py:188} INFO - [2025-12-30T18:06:04.043+0000] {dagbag.py:545} INFO - Filling up the DagBag from /opt/airflow/dags/model_sample_dags.py
[2025-12-30T18:06:04.196+0000] {processor.py:840} INFO - DAG(s) 'train_model_sample' retrieved from /opt/airflow/dags/model_sample_dags.py
[2025-12-30T18:06:04.344+0000] {logging_mixin.py:188} INFO - [2025-12-30T18:06:04.343+0000] {dag.py:3089} INFO - Sync 1 DAGs
[2025-12-30T18:06:04.431+0000] {logging_mixin.py:188} INFO - [2025-12-30T18:06:04.430+0000] {dag.py:3947} INFO - Setting next_dagrun for train_model_sample to None, run_after=None
[2025-12-30T18:06:04.566+0000] {processor.py:183} INFO - Processing /opt/airflow/dags/model_sample_dags.py took 0.616 seconds
[2025-12-30T18:06:35.116+0000] {processor.py:161} INFO - Started process (PID=620) to work on /opt/airflow/dags/model_sample_dags.py
[2025-12-30T18:06:35.125+0000] {processor.py:830} INFO - Processing file /opt/airflow/dags/model_sample_dags.py for tasks to queue
[2025-12-30T18:06:35.147+0000] {logging_mixin.py:188} INFO - [2025-12-30T18:06:35.145+0000] {dagbag.py:545} INFO - Filling up the DagBag from /opt/airflow/dags/model_sample_dags.py
[2025-12-30T18:06:35.263+0000] {processor.py:840} INFO - DAG(s) 'train_model_sample' retrieved from /opt/airflow/dags/model_sample_dags.py
[2025-12-30T18:06:35.371+0000] {logging_mixin.py:188} INFO - [2025-12-30T18:06:35.371+0000] {dag.py:3089} INFO - Sync 1 DAGs
[2025-12-30T18:06:35.410+0000] {logging_mixin.py:188} INFO - [2025-12-30T18:06:35.409+0000] {dag.py:3947} INFO - Setting next_dagrun for train_model_sample to None, run_after=None
[2025-12-30T18:06:35.579+0000] {processor.py:183} INFO - Processing /opt/airflow/dags/model_sample_dags.py took 0.495 seconds
[2025-12-30T18:07:06.540+0000] {processor.py:161} INFO - Started process (PID=625) to work on /opt/airflow/dags/model_sample_dags.py
[2025-12-30T18:07:06.544+0000] {processor.py:830} INFO - Processing file /opt/airflow/dags/model_sample_dags.py for tasks to queue
[2025-12-30T18:07:06.554+0000] {logging_mixin.py:188} INFO - [2025-12-30T18:07:06.553+0000] {dagbag.py:545} INFO - Filling up the DagBag from /opt/airflow/dags/model_sample_dags.py
[2025-12-30T18:07:06.670+0000] {processor.py:840} INFO - DAG(s) 'train_model_sample' retrieved from /opt/airflow/dags/model_sample_dags.py
[2025-12-30T18:07:06.856+0000] {logging_mixin.py:188} INFO - [2025-12-30T18:07:06.855+0000] {dag.py:3089} INFO - Sync 1 DAGs
[2025-12-30T18:07:06.986+0000] {logging_mixin.py:188} INFO - [2025-12-30T18:07:06.983+0000] {dag.py:3947} INFO - Setting next_dagrun for train_model_sample to None, run_after=None
[2025-12-30T18:07:07.116+0000] {processor.py:183} INFO - Processing /opt/airflow/dags/model_sample_dags.py took 0.611 seconds
[2025-12-30T18:07:37.605+0000] {processor.py:161} INFO - Started process (PID=630) to work on /opt/airflow/dags/model_sample_dags.py
[2025-12-30T18:07:37.610+0000] {processor.py:830} INFO - Processing file /opt/airflow/dags/model_sample_dags.py for tasks to queue
[2025-12-30T18:07:37.623+0000] {logging_mixin.py:188} INFO - [2025-12-30T18:07:37.620+0000] {dagbag.py:545} INFO - Filling up the DagBag from /opt/airflow/dags/model_sample_dags.py
[2025-12-30T18:07:37.723+0000] {processor.py:840} INFO - DAG(s) 'train_model_sample' retrieved from /opt/airflow/dags/model_sample_dags.py
[2025-12-30T18:07:37.844+0000] {logging_mixin.py:188} INFO - [2025-12-30T18:07:37.842+0000] {dag.py:3089} INFO - Sync 1 DAGs
[2025-12-30T18:07:37.906+0000] {logging_mixin.py:188} INFO - [2025-12-30T18:07:37.905+0000] {dag.py:3947} INFO - Setting next_dagrun for train_model_sample to None, run_after=None
[2025-12-30T18:07:37.999+0000] {processor.py:183} INFO - Processing /opt/airflow/dags/model_sample_dags.py took 0.423 seconds
[2025-12-30T18:08:08.875+0000] {processor.py:161} INFO - Started process (PID=635) to work on /opt/airflow/dags/model_sample_dags.py
[2025-12-30T18:08:08.880+0000] {processor.py:830} INFO - Processing file /opt/airflow/dags/model_sample_dags.py for tasks to queue
[2025-12-30T18:08:08.891+0000] {logging_mixin.py:188} INFO - [2025-12-30T18:08:08.890+0000] {dagbag.py:545} INFO - Filling up the DagBag from /opt/airflow/dags/model_sample_dags.py
[2025-12-30T18:08:08.992+0000] {processor.py:840} INFO - DAG(s) 'train_model_sample' retrieved from /opt/airflow/dags/model_sample_dags.py
[2025-12-30T18:08:09.109+0000] {logging_mixin.py:188} INFO - [2025-12-30T18:08:09.108+0000] {dag.py:3089} INFO - Sync 1 DAGs
[2025-12-30T18:08:09.152+0000] {logging_mixin.py:188} INFO - [2025-12-30T18:08:09.152+0000] {dag.py:3947} INFO - Setting next_dagrun for train_model_sample to None, run_after=None
[2025-12-30T18:08:09.211+0000] {processor.py:183} INFO - Processing /opt/airflow/dags/model_sample_dags.py took 0.357 seconds
[2025-12-30T18:08:39.907+0000] {processor.py:161} INFO - Started process (PID=640) to work on /opt/airflow/dags/model_sample_dags.py
[2025-12-30T18:08:39.911+0000] {processor.py:830} INFO - Processing file /opt/airflow/dags/model_sample_dags.py for tasks to queue
[2025-12-30T18:08:39.917+0000] {logging_mixin.py:188} INFO - [2025-12-30T18:08:39.916+0000] {dagbag.py:545} INFO - Filling up the DagBag from /opt/airflow/dags/model_sample_dags.py
[2025-12-30T18:08:40.005+0000] {processor.py:840} INFO - DAG(s) 'train_model_sample' retrieved from /opt/airflow/dags/model_sample_dags.py
[2025-12-30T18:08:40.084+0000] {logging_mixin.py:188} INFO - [2025-12-30T18:08:40.084+0000] {dag.py:3089} INFO - Sync 1 DAGs
[2025-12-30T18:08:40.130+0000] {logging_mixin.py:188} INFO - [2025-12-30T18:08:40.129+0000] {dag.py:3947} INFO - Setting next_dagrun for train_model_sample to None, run_after=None
[2025-12-30T18:08:40.217+0000] {processor.py:183} INFO - Processing /opt/airflow/dags/model_sample_dags.py took 0.326 seconds
[2025-12-30T18:09:10.951+0000] {processor.py:161} INFO - Started process (PID=645) to work on /opt/airflow/dags/model_sample_dags.py
[2025-12-30T18:09:10.955+0000] {processor.py:830} INFO - Processing file /opt/airflow/dags/model_sample_dags.py for tasks to queue
[2025-12-30T18:09:10.962+0000] {logging_mixin.py:188} INFO - [2025-12-30T18:09:10.961+0000] {dagbag.py:545} INFO - Filling up the DagBag from /opt/airflow/dags/model_sample_dags.py
[2025-12-30T18:09:11.059+0000] {processor.py:840} INFO - DAG(s) 'train_model_sample' retrieved from /opt/airflow/dags/model_sample_dags.py
[2025-12-30T18:09:11.147+0000] {logging_mixin.py:188} INFO - [2025-12-30T18:09:11.146+0000] {dag.py:3089} INFO - Sync 1 DAGs
[2025-12-30T18:09:11.192+0000] {logging_mixin.py:188} INFO - [2025-12-30T18:09:11.191+0000] {dag.py:3947} INFO - Setting next_dagrun for train_model_sample to None, run_after=None
[2025-12-30T18:09:11.283+0000] {processor.py:183} INFO - Processing /opt/airflow/dags/model_sample_dags.py took 0.361 seconds
[2025-12-30T18:09:40.388+0000] {processor.py:161} INFO - Started process (PID=650) to work on /opt/airflow/dags/model_sample_dags.py
[2025-12-30T18:09:40.394+0000] {processor.py:830} INFO - Processing file /opt/airflow/dags/model_sample_dags.py for tasks to queue
[2025-12-30T18:09:40.405+0000] {logging_mixin.py:188} INFO - [2025-12-30T18:09:40.400+0000] {dagbag.py:545} INFO - Filling up the DagBag from /opt/airflow/dags/model_sample_dags.py
[2025-12-30T18:09:40.555+0000] {processor.py:840} INFO - DAG(s) 'train_model_sample' retrieved from /opt/airflow/dags/model_sample_dags.py
[2025-12-30T18:09:40.650+0000] {logging_mixin.py:188} INFO - [2025-12-30T18:09:40.649+0000] {dag.py:3089} INFO - Sync 1 DAGs
[2025-12-30T18:09:40.687+0000] {logging_mixin.py:188} INFO - [2025-12-30T18:09:40.686+0000] {dag.py:3947} INFO - Setting next_dagrun for train_model_sample to None, run_after=None
[2025-12-30T18:09:40.809+0000] {processor.py:183} INFO - Processing /opt/airflow/dags/model_sample_dags.py took 0.450 seconds
[2025-12-30T18:10:11.749+0000] {processor.py:161} INFO - Started process (PID=655) to work on /opt/airflow/dags/model_sample_dags.py
[2025-12-30T18:10:11.753+0000] {processor.py:830} INFO - Processing file /opt/airflow/dags/model_sample_dags.py for tasks to queue
[2025-12-30T18:10:11.758+0000] {logging_mixin.py:188} INFO - [2025-12-30T18:10:11.757+0000] {dagbag.py:545} INFO - Filling up the DagBag from /opt/airflow/dags/model_sample_dags.py
[2025-12-30T18:10:11.842+0000] {processor.py:840} INFO - DAG(s) 'train_model_sample' retrieved from /opt/airflow/dags/model_sample_dags.py
[2025-12-30T18:10:11.916+0000] {logging_mixin.py:188} INFO - [2025-12-30T18:10:11.916+0000] {dag.py:3089} INFO - Sync 1 DAGs
[2025-12-30T18:10:11.953+0000] {logging_mixin.py:188} INFO - [2025-12-30T18:10:11.952+0000] {dag.py:3947} INFO - Setting next_dagrun for train_model_sample to None, run_after=None
[2025-12-30T18:10:12.018+0000] {processor.py:183} INFO - Processing /opt/airflow/dags/model_sample_dags.py took 0.284 seconds
[2025-12-30T18:10:42.939+0000] {processor.py:161} INFO - Started process (PID=686) to work on /opt/airflow/dags/model_sample_dags.py
[2025-12-30T18:10:42.944+0000] {processor.py:830} INFO - Processing file /opt/airflow/dags/model_sample_dags.py for tasks to queue
[2025-12-30T18:10:42.953+0000] {logging_mixin.py:188} INFO - [2025-12-30T18:10:42.951+0000] {dagbag.py:545} INFO - Filling up the DagBag from /opt/airflow/dags/model_sample_dags.py
[2025-12-30T18:10:43.059+0000] {processor.py:840} INFO - DAG(s) 'train_model_sample' retrieved from /opt/airflow/dags/model_sample_dags.py
[2025-12-30T18:10:43.161+0000] {logging_mixin.py:188} INFO - [2025-12-30T18:10:43.160+0000] {dag.py:3089} INFO - Sync 1 DAGs
[2025-12-30T18:10:43.204+0000] {logging_mixin.py:188} INFO - [2025-12-30T18:10:43.203+0000] {dag.py:3947} INFO - Setting next_dagrun for train_model_sample to None, run_after=None
[2025-12-30T18:10:43.276+0000] {processor.py:183} INFO - Processing /opt/airflow/dags/model_sample_dags.py took 0.362 seconds
[2025-12-30T18:11:14.250+0000] {processor.py:161} INFO - Started process (PID=691) to work on /opt/airflow/dags/model_sample_dags.py
[2025-12-30T18:11:14.257+0000] {processor.py:830} INFO - Processing file /opt/airflow/dags/model_sample_dags.py for tasks to queue
[2025-12-30T18:11:14.266+0000] {logging_mixin.py:188} INFO - [2025-12-30T18:11:14.265+0000] {dagbag.py:545} INFO - Filling up the DagBag from /opt/airflow/dags/model_sample_dags.py
[2025-12-30T18:11:14.385+0000] {processor.py:840} INFO - DAG(s) 'train_model_sample' retrieved from /opt/airflow/dags/model_sample_dags.py
[2025-12-30T18:11:14.539+0000] {logging_mixin.py:188} INFO - [2025-12-30T18:11:14.538+0000] {dag.py:3089} INFO - Sync 1 DAGs
[2025-12-30T18:11:14.586+0000] {logging_mixin.py:188} INFO - [2025-12-30T18:11:14.585+0000] {dag.py:3947} INFO - Setting next_dagrun for train_model_sample to None, run_after=None
[2025-12-30T18:11:14.686+0000] {processor.py:183} INFO - Processing /opt/airflow/dags/model_sample_dags.py took 0.479 seconds
[2025-12-30T18:11:45.716+0000] {processor.py:161} INFO - Started process (PID=696) to work on /opt/airflow/dags/model_sample_dags.py
[2025-12-30T18:11:45.791+0000] {processor.py:830} INFO - Processing file /opt/airflow/dags/model_sample_dags.py for tasks to queue
[2025-12-30T18:11:45.866+0000] {logging_mixin.py:188} INFO - [2025-12-30T18:11:45.861+0000] {dagbag.py:545} INFO - Filling up the DagBag from /opt/airflow/dags/model_sample_dags.py
[2025-12-30T18:11:46.055+0000] {processor.py:840} INFO - DAG(s) 'train_model_sample' retrieved from /opt/airflow/dags/model_sample_dags.py
[2025-12-30T18:11:46.236+0000] {logging_mixin.py:188} INFO - [2025-12-30T18:11:46.232+0000] {dag.py:3089} INFO - Sync 1 DAGs
[2025-12-30T18:11:46.375+0000] {logging_mixin.py:188} INFO - [2025-12-30T18:11:46.374+0000] {dag.py:3947} INFO - Setting next_dagrun for train_model_sample to None, run_after=None
[2025-12-30T18:11:46.568+0000] {processor.py:183} INFO - Processing /opt/airflow/dags/model_sample_dags.py took 0.921 seconds
[2025-12-30T18:12:17.686+0000] {processor.py:161} INFO - Started process (PID=701) to work on /opt/airflow/dags/model_sample_dags.py
[2025-12-30T18:12:17.701+0000] {processor.py:830} INFO - Processing file /opt/airflow/dags/model_sample_dags.py for tasks to queue
[2025-12-30T18:12:17.718+0000] {logging_mixin.py:188} INFO - [2025-12-30T18:12:17.716+0000] {dagbag.py:545} INFO - Filling up the DagBag from /opt/airflow/dags/model_sample_dags.py
[2025-12-30T18:12:17.888+0000] {processor.py:840} INFO - DAG(s) 'train_model_sample' retrieved from /opt/airflow/dags/model_sample_dags.py
[2025-12-30T18:12:18.051+0000] {logging_mixin.py:188} INFO - [2025-12-30T18:12:18.050+0000] {dag.py:3089} INFO - Sync 1 DAGs
[2025-12-30T18:12:18.115+0000] {logging_mixin.py:188} INFO - [2025-12-30T18:12:18.113+0000] {dag.py:3947} INFO - Setting next_dagrun for train_model_sample to None, run_after=None
[2025-12-30T18:12:18.222+0000] {processor.py:183} INFO - Processing /opt/airflow/dags/model_sample_dags.py took 0.651 seconds
[2025-12-30T18:12:48.599+0000] {processor.py:161} INFO - Started process (PID=707) to work on /opt/airflow/dags/model_sample_dags.py
[2025-12-30T18:12:48.604+0000] {processor.py:830} INFO - Processing file /opt/airflow/dags/model_sample_dags.py for tasks to queue
[2025-12-30T18:12:48.614+0000] {logging_mixin.py:188} INFO - [2025-12-30T18:12:48.613+0000] {dagbag.py:545} INFO - Filling up the DagBag from /opt/airflow/dags/model_sample_dags.py
[2025-12-30T18:12:48.763+0000] {processor.py:840} INFO - DAG(s) 'train_model_sample' retrieved from /opt/airflow/dags/model_sample_dags.py
[2025-12-30T18:12:48.958+0000] {logging_mixin.py:188} INFO - [2025-12-30T18:12:48.956+0000] {dag.py:3089} INFO - Sync 1 DAGs
[2025-12-30T18:12:49.039+0000] {logging_mixin.py:188} INFO - [2025-12-30T18:12:49.038+0000] {dag.py:3947} INFO - Setting next_dagrun for train_model_sample to None, run_after=None
[2025-12-30T18:12:49.146+0000] {processor.py:183} INFO - Processing /opt/airflow/dags/model_sample_dags.py took 0.579 seconds
[2025-12-30T18:13:20.060+0000] {processor.py:161} INFO - Started process (PID=712) to work on /opt/airflow/dags/model_sample_dags.py
[2025-12-30T18:13:20.065+0000] {processor.py:830} INFO - Processing file /opt/airflow/dags/model_sample_dags.py for tasks to queue
[2025-12-30T18:13:20.071+0000] {logging_mixin.py:188} INFO - [2025-12-30T18:13:20.070+0000] {dagbag.py:545} INFO - Filling up the DagBag from /opt/airflow/dags/model_sample_dags.py
[2025-12-30T18:13:20.182+0000] {processor.py:840} INFO - DAG(s) 'train_model_sample' retrieved from /opt/airflow/dags/model_sample_dags.py
[2025-12-30T18:13:20.284+0000] {logging_mixin.py:188} INFO - [2025-12-30T18:13:20.283+0000] {dag.py:3089} INFO - Sync 1 DAGs
[2025-12-30T18:13:20.326+0000] {logging_mixin.py:188} INFO - [2025-12-30T18:13:20.325+0000] {dag.py:3947} INFO - Setting next_dagrun for train_model_sample to None, run_after=None
[2025-12-30T18:13:20.420+0000] {processor.py:183} INFO - Processing /opt/airflow/dags/model_sample_dags.py took 0.377 seconds
[2025-12-30T18:13:51.513+0000] {processor.py:161} INFO - Started process (PID=717) to work on /opt/airflow/dags/model_sample_dags.py
[2025-12-30T18:13:51.518+0000] {processor.py:830} INFO - Processing file /opt/airflow/dags/model_sample_dags.py for tasks to queue
[2025-12-30T18:13:51.526+0000] {logging_mixin.py:188} INFO - [2025-12-30T18:13:51.525+0000] {dagbag.py:545} INFO - Filling up the DagBag from /opt/airflow/dags/model_sample_dags.py
[2025-12-30T18:13:51.625+0000] {processor.py:840} INFO - DAG(s) 'train_model_sample' retrieved from /opt/airflow/dags/model_sample_dags.py
[2025-12-30T18:13:51.731+0000] {logging_mixin.py:188} INFO - [2025-12-30T18:13:51.730+0000] {dag.py:3089} INFO - Sync 1 DAGs
[2025-12-30T18:13:51.790+0000] {logging_mixin.py:188} INFO - [2025-12-30T18:13:51.789+0000] {dag.py:3947} INFO - Setting next_dagrun for train_model_sample to None, run_after=None
[2025-12-30T18:13:51.883+0000] {processor.py:183} INFO - Processing /opt/airflow/dags/model_sample_dags.py took 0.397 seconds
[2025-12-30T18:14:22.729+0000] {processor.py:161} INFO - Started process (PID=722) to work on /opt/airflow/dags/model_sample_dags.py
[2025-12-30T18:14:22.733+0000] {processor.py:830} INFO - Processing file /opt/airflow/dags/model_sample_dags.py for tasks to queue
[2025-12-30T18:14:22.738+0000] {logging_mixin.py:188} INFO - [2025-12-30T18:14:22.737+0000] {dagbag.py:545} INFO - Filling up the DagBag from /opt/airflow/dags/model_sample_dags.py
[2025-12-30T18:14:22.843+0000] {processor.py:840} INFO - DAG(s) 'train_model_sample' retrieved from /opt/airflow/dags/model_sample_dags.py
[2025-12-30T18:14:22.927+0000] {logging_mixin.py:188} INFO - [2025-12-30T18:14:22.926+0000] {dag.py:3089} INFO - Sync 1 DAGs
[2025-12-30T18:14:22.975+0000] {logging_mixin.py:188} INFO - [2025-12-30T18:14:22.975+0000] {dag.py:3947} INFO - Setting next_dagrun for train_model_sample to None, run_after=None
[2025-12-30T18:14:23.057+0000] {processor.py:183} INFO - Processing /opt/airflow/dags/model_sample_dags.py took 0.345 seconds
[2025-12-30T18:14:54.078+0000] {processor.py:161} INFO - Started process (PID=727) to work on /opt/airflow/dags/model_sample_dags.py
[2025-12-30T18:14:54.083+0000] {processor.py:830} INFO - Processing file /opt/airflow/dags/model_sample_dags.py for tasks to queue
[2025-12-30T18:14:54.097+0000] {logging_mixin.py:188} INFO - [2025-12-30T18:14:54.095+0000] {dagbag.py:545} INFO - Filling up the DagBag from /opt/airflow/dags/model_sample_dags.py
[2025-12-30T18:14:54.191+0000] {processor.py:840} INFO - DAG(s) 'train_model_sample' retrieved from /opt/airflow/dags/model_sample_dags.py
[2025-12-30T18:14:54.311+0000] {logging_mixin.py:188} INFO - [2025-12-30T18:14:54.310+0000] {dag.py:3089} INFO - Sync 1 DAGs
[2025-12-30T18:14:54.347+0000] {logging_mixin.py:188} INFO - [2025-12-30T18:14:54.345+0000] {dag.py:3947} INFO - Setting next_dagrun for train_model_sample to None, run_after=None
[2025-12-30T18:14:54.434+0000] {processor.py:183} INFO - Processing /opt/airflow/dags/model_sample_dags.py took 0.378 seconds
[2025-12-30T18:15:24.689+0000] {processor.py:161} INFO - Started process (PID=732) to work on /opt/airflow/dags/model_sample_dags.py
[2025-12-30T18:15:24.694+0000] {processor.py:830} INFO - Processing file /opt/airflow/dags/model_sample_dags.py for tasks to queue
[2025-12-30T18:15:24.700+0000] {logging_mixin.py:188} INFO - [2025-12-30T18:15:24.699+0000] {dagbag.py:545} INFO - Filling up the DagBag from /opt/airflow/dags/model_sample_dags.py
[2025-12-30T18:15:24.790+0000] {processor.py:840} INFO - DAG(s) 'train_model_sample' retrieved from /opt/airflow/dags/model_sample_dags.py
[2025-12-30T18:15:24.886+0000] {logging_mixin.py:188} INFO - [2025-12-30T18:15:24.885+0000] {dag.py:3089} INFO - Sync 1 DAGs
[2025-12-30T18:15:24.929+0000] {logging_mixin.py:188} INFO - [2025-12-30T18:15:24.928+0000] {dag.py:3947} INFO - Setting next_dagrun for train_model_sample to None, run_after=None
[2025-12-30T18:15:25.016+0000] {processor.py:183} INFO - Processing /opt/airflow/dags/model_sample_dags.py took 0.346 seconds
[2025-12-30T18:15:56.388+0000] {processor.py:161} INFO - Started process (PID=737) to work on /opt/airflow/dags/model_sample_dags.py
[2025-12-30T18:15:56.393+0000] {processor.py:830} INFO - Processing file /opt/airflow/dags/model_sample_dags.py for tasks to queue
[2025-12-30T18:15:56.405+0000] {logging_mixin.py:188} INFO - [2025-12-30T18:15:56.403+0000] {dagbag.py:545} INFO - Filling up the DagBag from /opt/airflow/dags/model_sample_dags.py
[2025-12-30T18:15:56.507+0000] {processor.py:840} INFO - DAG(s) 'train_model_sample' retrieved from /opt/airflow/dags/model_sample_dags.py
[2025-12-30T18:15:56.609+0000] {logging_mixin.py:188} INFO - [2025-12-30T18:15:56.608+0000] {dag.py:3089} INFO - Sync 1 DAGs
[2025-12-30T18:15:56.651+0000] {logging_mixin.py:188} INFO - [2025-12-30T18:15:56.650+0000] {dag.py:3947} INFO - Setting next_dagrun for train_model_sample to None, run_after=None
[2025-12-30T18:15:56.739+0000] {processor.py:183} INFO - Processing /opt/airflow/dags/model_sample_dags.py took 0.371 seconds
[2025-12-30T18:16:27.652+0000] {processor.py:161} INFO - Started process (PID=742) to work on /opt/airflow/dags/model_sample_dags.py
[2025-12-30T18:16:27.657+0000] {processor.py:830} INFO - Processing file /opt/airflow/dags/model_sample_dags.py for tasks to queue
[2025-12-30T18:16:27.665+0000] {logging_mixin.py:188} INFO - [2025-12-30T18:16:27.664+0000] {dagbag.py:545} INFO - Filling up the DagBag from /opt/airflow/dags/model_sample_dags.py
[2025-12-30T18:16:27.752+0000] {processor.py:840} INFO - DAG(s) 'train_model_sample' retrieved from /opt/airflow/dags/model_sample_dags.py
[2025-12-30T18:16:27.850+0000] {logging_mixin.py:188} INFO - [2025-12-30T18:16:27.849+0000] {dag.py:3089} INFO - Sync 1 DAGs
[2025-12-30T18:16:27.884+0000] {logging_mixin.py:188} INFO - [2025-12-30T18:16:27.883+0000] {dag.py:3947} INFO - Setting next_dagrun for train_model_sample to None, run_after=None
[2025-12-30T18:16:27.970+0000] {processor.py:183} INFO - Processing /opt/airflow/dags/model_sample_dags.py took 0.336 seconds
[2025-12-30T18:16:58.928+0000] {processor.py:161} INFO - Started process (PID=747) to work on /opt/airflow/dags/model_sample_dags.py
[2025-12-30T18:16:58.932+0000] {processor.py:830} INFO - Processing file /opt/airflow/dags/model_sample_dags.py for tasks to queue
[2025-12-30T18:16:58.941+0000] {logging_mixin.py:188} INFO - [2025-12-30T18:16:58.940+0000] {dagbag.py:545} INFO - Filling up the DagBag from /opt/airflow/dags/model_sample_dags.py
[2025-12-30T18:16:59.029+0000] {processor.py:840} INFO - DAG(s) 'train_model_sample' retrieved from /opt/airflow/dags/model_sample_dags.py
[2025-12-30T18:16:59.135+0000] {logging_mixin.py:188} INFO - [2025-12-30T18:16:59.135+0000] {dag.py:3089} INFO - Sync 1 DAGs
[2025-12-30T18:16:59.178+0000] {logging_mixin.py:188} INFO - [2025-12-30T18:16:59.177+0000] {dag.py:3947} INFO - Setting next_dagrun for train_model_sample to None, run_after=None
[2025-12-30T18:16:59.256+0000] {processor.py:183} INFO - Processing /opt/airflow/dags/model_sample_dags.py took 0.347 seconds
[2025-12-30T18:17:30.272+0000] {processor.py:161} INFO - Started process (PID=752) to work on /opt/airflow/dags/model_sample_dags.py
[2025-12-30T18:17:30.277+0000] {processor.py:830} INFO - Processing file /opt/airflow/dags/model_sample_dags.py for tasks to queue
[2025-12-30T18:17:30.287+0000] {logging_mixin.py:188} INFO - [2025-12-30T18:17:30.286+0000] {dagbag.py:545} INFO - Filling up the DagBag from /opt/airflow/dags/model_sample_dags.py
[2025-12-30T18:17:30.384+0000] {processor.py:840} INFO - DAG(s) 'train_model_sample' retrieved from /opt/airflow/dags/model_sample_dags.py
[2025-12-30T18:17:30.474+0000] {logging_mixin.py:188} INFO - [2025-12-30T18:17:30.473+0000] {dag.py:3089} INFO - Sync 1 DAGs
[2025-12-30T18:17:30.521+0000] {logging_mixin.py:188} INFO - [2025-12-30T18:17:30.521+0000] {dag.py:3947} INFO - Setting next_dagrun for train_model_sample to None, run_after=None
[2025-12-30T18:17:30.602+0000] {processor.py:183} INFO - Processing /opt/airflow/dags/model_sample_dags.py took 0.349 seconds
[2025-12-30T18:18:01.664+0000] {processor.py:161} INFO - Started process (PID=757) to work on /opt/airflow/dags/model_sample_dags.py
[2025-12-30T18:18:01.669+0000] {processor.py:830} INFO - Processing file /opt/airflow/dags/model_sample_dags.py for tasks to queue
[2025-12-30T18:18:01.682+0000] {logging_mixin.py:188} INFO - [2025-12-30T18:18:01.681+0000] {dagbag.py:545} INFO - Filling up the DagBag from /opt/airflow/dags/model_sample_dags.py
[2025-12-30T18:18:01.783+0000] {processor.py:840} INFO - DAG(s) 'train_model_sample' retrieved from /opt/airflow/dags/model_sample_dags.py
[2025-12-30T18:18:01.904+0000] {logging_mixin.py:188} INFO - [2025-12-30T18:18:01.902+0000] {dag.py:3089} INFO - Sync 1 DAGs
[2025-12-30T18:18:01.989+0000] {logging_mixin.py:188} INFO - [2025-12-30T18:18:01.987+0000] {dag.py:3947} INFO - Setting next_dagrun for train_model_sample to None, run_after=None
[2025-12-30T18:18:02.089+0000] {processor.py:183} INFO - Processing /opt/airflow/dags/model_sample_dags.py took 0.468 seconds
[2025-12-30T18:18:33.041+0000] {processor.py:161} INFO - Started process (PID=762) to work on /opt/airflow/dags/model_sample_dags.py
[2025-12-30T18:18:33.044+0000] {processor.py:830} INFO - Processing file /opt/airflow/dags/model_sample_dags.py for tasks to queue
[2025-12-30T18:18:33.052+0000] {logging_mixin.py:188} INFO - [2025-12-30T18:18:33.051+0000] {dagbag.py:545} INFO - Filling up the DagBag from /opt/airflow/dags/model_sample_dags.py
[2025-12-30T18:18:33.154+0000] {processor.py:840} INFO - DAG(s) 'train_model_sample' retrieved from /opt/airflow/dags/model_sample_dags.py
[2025-12-30T18:18:33.260+0000] {logging_mixin.py:188} INFO - [2025-12-30T18:18:33.259+0000] {dag.py:3089} INFO - Sync 1 DAGs
[2025-12-30T18:18:33.305+0000] {logging_mixin.py:188} INFO - [2025-12-30T18:18:33.304+0000] {dag.py:3947} INFO - Setting next_dagrun for train_model_sample to None, run_after=None
[2025-12-30T18:18:33.384+0000] {processor.py:183} INFO - Processing /opt/airflow/dags/model_sample_dags.py took 0.364 seconds
[2025-12-30T18:19:03.563+0000] {processor.py:161} INFO - Started process (PID=767) to work on /opt/airflow/dags/model_sample_dags.py
[2025-12-30T18:19:03.567+0000] {processor.py:830} INFO - Processing file /opt/airflow/dags/model_sample_dags.py for tasks to queue
[2025-12-30T18:19:03.573+0000] {logging_mixin.py:188} INFO - [2025-12-30T18:19:03.572+0000] {dagbag.py:545} INFO - Filling up the DagBag from /opt/airflow/dags/model_sample_dags.py
[2025-12-30T18:19:03.659+0000] {processor.py:840} INFO - DAG(s) 'train_model_sample' retrieved from /opt/airflow/dags/model_sample_dags.py
[2025-12-30T18:19:03.754+0000] {logging_mixin.py:188} INFO - [2025-12-30T18:19:03.753+0000] {dag.py:3089} INFO - Sync 1 DAGs
[2025-12-30T18:19:03.793+0000] {logging_mixin.py:188} INFO - [2025-12-30T18:19:03.792+0000] {dag.py:3947} INFO - Setting next_dagrun for train_model_sample to None, run_after=None
[2025-12-30T18:19:03.876+0000] {processor.py:183} INFO - Processing /opt/airflow/dags/model_sample_dags.py took 0.335 seconds
[2025-12-30T18:19:34.474+0000] {processor.py:161} INFO - Started process (PID=772) to work on /opt/airflow/dags/model_sample_dags.py
[2025-12-30T18:19:34.478+0000] {processor.py:830} INFO - Processing file /opt/airflow/dags/model_sample_dags.py for tasks to queue
[2025-12-30T18:19:34.490+0000] {logging_mixin.py:188} INFO - [2025-12-30T18:19:34.485+0000] {dagbag.py:545} INFO - Filling up the DagBag from /opt/airflow/dags/model_sample_dags.py
[2025-12-30T18:19:34.594+0000] {processor.py:840} INFO - DAG(s) 'train_model_sample' retrieved from /opt/airflow/dags/model_sample_dags.py
[2025-12-30T18:19:34.709+0000] {logging_mixin.py:188} INFO - [2025-12-30T18:19:34.708+0000] {dag.py:3089} INFO - Sync 1 DAGs
[2025-12-30T18:19:34.760+0000] {logging_mixin.py:188} INFO - [2025-12-30T18:19:34.759+0000] {dag.py:3947} INFO - Setting next_dagrun for train_model_sample to None, run_after=None
[2025-12-30T18:19:35.530+0000] {processor.py:183} INFO - Processing /opt/airflow/dags/model_sample_dags.py took 0.424 seconds
[2025-12-30T18:20:07.443+0000] {processor.py:161} INFO - Started process (PID=777) to work on /opt/airflow/dags/model_sample_dags.py
[2025-12-30T18:20:07.447+0000] {processor.py:830} INFO - Processing file /opt/airflow/dags/model_sample_dags.py for tasks to queue
[2025-12-30T18:20:07.455+0000] {logging_mixin.py:188} INFO - [2025-12-30T18:20:07.454+0000] {dagbag.py:545} INFO - Filling up the DagBag from /opt/airflow/dags/model_sample_dags.py
[2025-12-30T18:20:07.556+0000] {processor.py:840} INFO - DAG(s) 'train_model_sample' retrieved from /opt/airflow/dags/model_sample_dags.py
[2025-12-30T18:20:07.663+0000] {logging_mixin.py:188} INFO - [2025-12-30T18:20:07.662+0000] {dag.py:3089} INFO - Sync 1 DAGs
[2025-12-30T18:20:07.706+0000] {logging_mixin.py:188} INFO - [2025-12-30T18:20:07.706+0000] {dag.py:3947} INFO - Setting next_dagrun for train_model_sample to None, run_after=None
[2025-12-30T18:20:07.775+0000] {processor.py:183} INFO - Processing /opt/airflow/dags/model_sample_dags.py took 0.368 seconds
[2025-12-30T18:20:38.735+0000] {processor.py:161} INFO - Started process (PID=782) to work on /opt/airflow/dags/model_sample_dags.py
[2025-12-30T18:20:38.740+0000] {processor.py:830} INFO - Processing file /opt/airflow/dags/model_sample_dags.py for tasks to queue
[2025-12-30T18:20:38.748+0000] {logging_mixin.py:188} INFO - [2025-12-30T18:20:38.746+0000] {dagbag.py:545} INFO - Filling up the DagBag from /opt/airflow/dags/model_sample_dags.py
[2025-12-30T18:20:38.847+0000] {processor.py:840} INFO - DAG(s) 'train_model_sample' retrieved from /opt/airflow/dags/model_sample_dags.py
[2025-12-30T18:20:38.954+0000] {logging_mixin.py:188} INFO - [2025-12-30T18:20:38.953+0000] {dag.py:3089} INFO - Sync 1 DAGs
[2025-12-30T18:20:39.005+0000] {logging_mixin.py:188} INFO - [2025-12-30T18:20:39.003+0000] {dag.py:3947} INFO - Setting next_dagrun for train_model_sample to None, run_after=None
[2025-12-30T18:20:39.102+0000] {processor.py:183} INFO - Processing /opt/airflow/dags/model_sample_dags.py took 0.397 seconds
[2025-12-30T18:21:10.026+0000] {processor.py:161} INFO - Started process (PID=787) to work on /opt/airflow/dags/model_sample_dags.py
[2025-12-30T18:21:10.030+0000] {processor.py:830} INFO - Processing file /opt/airflow/dags/model_sample_dags.py for tasks to queue
[2025-12-30T18:21:10.037+0000] {logging_mixin.py:188} INFO - [2025-12-30T18:21:10.036+0000] {dagbag.py:545} INFO - Filling up the DagBag from /opt/airflow/dags/model_sample_dags.py
[2025-12-30T18:21:10.126+0000] {processor.py:840} INFO - DAG(s) 'train_model_sample' retrieved from /opt/airflow/dags/model_sample_dags.py
[2025-12-30T18:21:10.221+0000] {logging_mixin.py:188} INFO - [2025-12-30T18:21:10.220+0000] {dag.py:3089} INFO - Sync 1 DAGs
[2025-12-30T18:21:10.258+0000] {logging_mixin.py:188} INFO - [2025-12-30T18:21:10.257+0000] {dag.py:3947} INFO - Setting next_dagrun for train_model_sample to None, run_after=None
[2025-12-30T18:21:10.339+0000] {processor.py:183} INFO - Processing /opt/airflow/dags/model_sample_dags.py took 0.335 seconds
[2025-12-30T18:21:41.283+0000] {processor.py:161} INFO - Started process (PID=792) to work on /opt/airflow/dags/model_sample_dags.py
[2025-12-30T18:21:41.286+0000] {processor.py:830} INFO - Processing file /opt/airflow/dags/model_sample_dags.py for tasks to queue
[2025-12-30T18:21:41.292+0000] {logging_mixin.py:188} INFO - [2025-12-30T18:21:41.291+0000] {dagbag.py:545} INFO - Filling up the DagBag from /opt/airflow/dags/model_sample_dags.py
[2025-12-30T18:21:41.373+0000] {processor.py:840} INFO - DAG(s) 'train_model_sample' retrieved from /opt/airflow/dags/model_sample_dags.py
[2025-12-30T18:21:41.461+0000] {logging_mixin.py:188} INFO - [2025-12-30T18:21:41.460+0000] {dag.py:3089} INFO - Sync 1 DAGs
[2025-12-30T18:21:41.504+0000] {logging_mixin.py:188} INFO - [2025-12-30T18:21:41.503+0000] {dag.py:3947} INFO - Setting next_dagrun for train_model_sample to None, run_after=None
[2025-12-30T18:21:41.594+0000] {processor.py:183} INFO - Processing /opt/airflow/dags/model_sample_dags.py took 0.329 seconds
[2025-12-30T18:22:12.589+0000] {processor.py:161} INFO - Started process (PID=797) to work on /opt/airflow/dags/model_sample_dags.py
[2025-12-30T18:22:12.593+0000] {processor.py:830} INFO - Processing file /opt/airflow/dags/model_sample_dags.py for tasks to queue
[2025-12-30T18:22:12.599+0000] {logging_mixin.py:188} INFO - [2025-12-30T18:22:12.598+0000] {dagbag.py:545} INFO - Filling up the DagBag from /opt/airflow/dags/model_sample_dags.py
[2025-12-30T18:22:12.685+0000] {processor.py:840} INFO - DAG(s) 'train_model_sample' retrieved from /opt/airflow/dags/model_sample_dags.py
[2025-12-30T18:22:12.789+0000] {logging_mixin.py:188} INFO - [2025-12-30T18:22:12.788+0000] {dag.py:3089} INFO - Sync 1 DAGs
[2025-12-30T18:22:12.850+0000] {logging_mixin.py:188} INFO - [2025-12-30T18:22:12.849+0000] {dag.py:3947} INFO - Setting next_dagrun for train_model_sample to None, run_after=None
[2025-12-30T18:22:12.950+0000] {processor.py:183} INFO - Processing /opt/airflow/dags/model_sample_dags.py took 0.381 seconds
[2025-12-30T18:22:43.958+0000] {processor.py:161} INFO - Started process (PID=802) to work on /opt/airflow/dags/model_sample_dags.py
[2025-12-30T18:22:43.962+0000] {processor.py:830} INFO - Processing file /opt/airflow/dags/model_sample_dags.py for tasks to queue
[2025-12-30T18:22:43.970+0000] {logging_mixin.py:188} INFO - [2025-12-30T18:22:43.969+0000] {dagbag.py:545} INFO - Filling up the DagBag from /opt/airflow/dags/model_sample_dags.py
[2025-12-30T18:22:44.064+0000] {processor.py:840} INFO - DAG(s) 'train_model_sample' retrieved from /opt/airflow/dags/model_sample_dags.py
[2025-12-30T18:22:44.162+0000] {logging_mixin.py:188} INFO - [2025-12-30T18:22:44.161+0000] {dag.py:3089} INFO - Sync 1 DAGs
[2025-12-30T18:22:44.210+0000] {logging_mixin.py:188} INFO - [2025-12-30T18:22:44.209+0000] {dag.py:3947} INFO - Setting next_dagrun for train_model_sample to None, run_after=None
[2025-12-30T18:22:44.293+0000] {processor.py:183} INFO - Processing /opt/airflow/dags/model_sample_dags.py took 0.353 seconds
[2025-12-30T18:23:15.809+0000] {processor.py:161} INFO - Started process (PID=807) to work on /opt/airflow/dags/model_sample_dags.py
[2025-12-30T18:23:15.814+0000] {processor.py:830} INFO - Processing file /opt/airflow/dags/model_sample_dags.py for tasks to queue
[2025-12-30T18:23:15.822+0000] {logging_mixin.py:188} INFO - [2025-12-30T18:23:15.820+0000] {dagbag.py:545} INFO - Filling up the DagBag from /opt/airflow/dags/model_sample_dags.py
[2025-12-30T18:23:15.916+0000] {processor.py:840} INFO - DAG(s) 'train_model_sample' retrieved from /opt/airflow/dags/model_sample_dags.py
[2025-12-30T18:23:16.013+0000] {logging_mixin.py:188} INFO - [2025-12-30T18:23:16.012+0000] {dag.py:3089} INFO - Sync 1 DAGs
[2025-12-30T18:23:16.054+0000] {logging_mixin.py:188} INFO - [2025-12-30T18:23:16.053+0000] {dag.py:3947} INFO - Setting next_dagrun for train_model_sample to None, run_after=None
[2025-12-30T18:23:16.143+0000] {processor.py:183} INFO - Processing /opt/airflow/dags/model_sample_dags.py took 0.358 seconds
[2025-12-30T18:23:47.330+0000] {processor.py:161} INFO - Started process (PID=812) to work on /opt/airflow/dags/model_sample_dags.py
[2025-12-30T18:23:47.334+0000] {processor.py:830} INFO - Processing file /opt/airflow/dags/model_sample_dags.py for tasks to queue
[2025-12-30T18:23:47.344+0000] {logging_mixin.py:188} INFO - [2025-12-30T18:23:47.343+0000] {dagbag.py:545} INFO - Filling up the DagBag from /opt/airflow/dags/model_sample_dags.py
[2025-12-30T18:23:47.446+0000] {processor.py:840} INFO - DAG(s) 'train_model_sample' retrieved from /opt/airflow/dags/model_sample_dags.py
[2025-12-30T18:23:47.570+0000] {logging_mixin.py:188} INFO - [2025-12-30T18:23:47.569+0000] {dag.py:3089} INFO - Sync 1 DAGs
[2025-12-30T18:23:47.654+0000] {logging_mixin.py:188} INFO - [2025-12-30T18:23:47.654+0000] {dag.py:3947} INFO - Setting next_dagrun for train_model_sample to None, run_after=None
[2025-12-30T18:23:47.753+0000] {processor.py:183} INFO - Processing /opt/airflow/dags/model_sample_dags.py took 0.444 seconds
[2025-12-30T18:24:18.218+0000] {processor.py:161} INFO - Started process (PID=817) to work on /opt/airflow/dags/model_sample_dags.py
[2025-12-30T18:24:18.223+0000] {processor.py:830} INFO - Processing file /opt/airflow/dags/model_sample_dags.py for tasks to queue
[2025-12-30T18:24:18.233+0000] {logging_mixin.py:188} INFO - [2025-12-30T18:24:18.231+0000] {dagbag.py:545} INFO - Filling up the DagBag from /opt/airflow/dags/model_sample_dags.py
[2025-12-30T18:24:18.332+0000] {processor.py:840} INFO - DAG(s) 'train_model_sample' retrieved from /opt/airflow/dags/model_sample_dags.py
[2025-12-30T18:24:18.443+0000] {logging_mixin.py:188} INFO - [2025-12-30T18:24:18.442+0000] {dag.py:3089} INFO - Sync 1 DAGs
[2025-12-30T18:24:18.483+0000] {logging_mixin.py:188} INFO - [2025-12-30T18:24:18.482+0000] {dag.py:3947} INFO - Setting next_dagrun for train_model_sample to None, run_after=None
[2025-12-30T18:24:18.570+0000] {processor.py:183} INFO - Processing /opt/airflow/dags/model_sample_dags.py took 0.384 seconds
[2025-12-30T18:24:49.615+0000] {processor.py:161} INFO - Started process (PID=822) to work on /opt/airflow/dags/model_sample_dags.py
[2025-12-30T18:24:49.620+0000] {processor.py:830} INFO - Processing file /opt/airflow/dags/model_sample_dags.py for tasks to queue
[2025-12-30T18:24:49.629+0000] {logging_mixin.py:188} INFO - [2025-12-30T18:24:49.628+0000] {dagbag.py:545} INFO - Filling up the DagBag from /opt/airflow/dags/model_sample_dags.py
[2025-12-30T18:24:49.738+0000] {processor.py:840} INFO - DAG(s) 'train_model_sample' retrieved from /opt/airflow/dags/model_sample_dags.py
[2025-12-30T18:24:49.840+0000] {logging_mixin.py:188} INFO - [2025-12-30T18:24:49.838+0000] {dag.py:3089} INFO - Sync 1 DAGs
[2025-12-30T18:24:49.887+0000] {logging_mixin.py:188} INFO - [2025-12-30T18:24:49.886+0000] {dag.py:3947} INFO - Setting next_dagrun for train_model_sample to None, run_after=None
[2025-12-30T18:24:49.987+0000] {processor.py:183} INFO - Processing /opt/airflow/dags/model_sample_dags.py took 0.393 seconds
[2025-12-30T18:25:20.939+0000] {processor.py:161} INFO - Started process (PID=827) to work on /opt/airflow/dags/model_sample_dags.py
[2025-12-30T18:25:20.943+0000] {processor.py:830} INFO - Processing file /opt/airflow/dags/model_sample_dags.py for tasks to queue
[2025-12-30T18:25:20.950+0000] {logging_mixin.py:188} INFO - [2025-12-30T18:25:20.949+0000] {dagbag.py:545} INFO - Filling up the DagBag from /opt/airflow/dags/model_sample_dags.py
[2025-12-30T18:25:21.040+0000] {processor.py:840} INFO - DAG(s) 'train_model_sample' retrieved from /opt/airflow/dags/model_sample_dags.py
[2025-12-30T18:25:21.143+0000] {logging_mixin.py:188} INFO - [2025-12-30T18:25:21.142+0000] {dag.py:3089} INFO - Sync 1 DAGs
[2025-12-30T18:25:21.193+0000] {logging_mixin.py:188} INFO - [2025-12-30T18:25:21.192+0000] {dag.py:3947} INFO - Setting next_dagrun for train_model_sample to None, run_after=None
[2025-12-30T18:25:21.284+0000] {processor.py:183} INFO - Processing /opt/airflow/dags/model_sample_dags.py took 0.369 seconds
[2025-12-30T18:25:52.830+0000] {processor.py:161} INFO - Started process (PID=832) to work on /opt/airflow/dags/model_sample_dags.py
[2025-12-30T18:25:52.834+0000] {processor.py:830} INFO - Processing file /opt/airflow/dags/model_sample_dags.py for tasks to queue
[2025-12-30T18:25:52.842+0000] {logging_mixin.py:188} INFO - [2025-12-30T18:25:52.841+0000] {dagbag.py:545} INFO - Filling up the DagBag from /opt/airflow/dags/model_sample_dags.py
[2025-12-30T18:25:52.945+0000] {processor.py:840} INFO - DAG(s) 'train_model_sample' retrieved from /opt/airflow/dags/model_sample_dags.py
[2025-12-30T18:25:53.056+0000] {logging_mixin.py:188} INFO - [2025-12-30T18:25:53.054+0000] {dag.py:3089} INFO - Sync 1 DAGs
[2025-12-30T18:25:53.102+0000] {logging_mixin.py:188} INFO - [2025-12-30T18:25:53.101+0000] {dag.py:3947} INFO - Setting next_dagrun for train_model_sample to None, run_after=None
[2025-12-30T18:25:53.199+0000] {processor.py:183} INFO - Processing /opt/airflow/dags/model_sample_dags.py took 0.398 seconds
[2025-12-30T18:26:24.145+0000] {processor.py:161} INFO - Started process (PID=837) to work on /opt/airflow/dags/model_sample_dags.py
[2025-12-30T18:26:24.149+0000] {processor.py:830} INFO - Processing file /opt/airflow/dags/model_sample_dags.py for tasks to queue
[2025-12-30T18:26:24.156+0000] {logging_mixin.py:188} INFO - [2025-12-30T18:26:24.155+0000] {dagbag.py:545} INFO - Filling up the DagBag from /opt/airflow/dags/model_sample_dags.py
[2025-12-30T18:26:24.252+0000] {processor.py:840} INFO - DAG(s) 'train_model_sample' retrieved from /opt/airflow/dags/model_sample_dags.py
[2025-12-30T18:26:24.363+0000] {logging_mixin.py:188} INFO - [2025-12-30T18:26:24.362+0000] {dag.py:3089} INFO - Sync 1 DAGs
[2025-12-30T18:26:24.417+0000] {logging_mixin.py:188} INFO - [2025-12-30T18:26:24.416+0000] {dag.py:3947} INFO - Setting next_dagrun for train_model_sample to None, run_after=None
[2025-12-30T18:26:24.491+0000] {processor.py:183} INFO - Processing /opt/airflow/dags/model_sample_dags.py took 0.365 seconds
[2025-12-30T18:26:55.531+0000] {processor.py:161} INFO - Started process (PID=842) to work on /opt/airflow/dags/model_sample_dags.py
[2025-12-30T18:26:55.536+0000] {processor.py:830} INFO - Processing file /opt/airflow/dags/model_sample_dags.py for tasks to queue
[2025-12-30T18:26:55.544+0000] {logging_mixin.py:188} INFO - [2025-12-30T18:26:55.543+0000] {dagbag.py:545} INFO - Filling up the DagBag from /opt/airflow/dags/model_sample_dags.py
[2025-12-30T18:26:55.638+0000] {processor.py:840} INFO - DAG(s) 'train_model_sample' retrieved from /opt/airflow/dags/model_sample_dags.py
[2025-12-30T18:26:55.739+0000] {logging_mixin.py:188} INFO - [2025-12-30T18:26:55.738+0000] {dag.py:3089} INFO - Sync 1 DAGs
[2025-12-30T18:26:55.778+0000] {logging_mixin.py:188} INFO - [2025-12-30T18:26:55.777+0000] {dag.py:3947} INFO - Setting next_dagrun for train_model_sample to None, run_after=None
[2025-12-30T18:26:55.853+0000] {processor.py:183} INFO - Processing /opt/airflow/dags/model_sample_dags.py took 0.342 seconds
[2025-12-30T18:27:26.830+0000] {processor.py:161} INFO - Started process (PID=847) to work on /opt/airflow/dags/model_sample_dags.py
[2025-12-30T18:27:26.834+0000] {processor.py:830} INFO - Processing file /opt/airflow/dags/model_sample_dags.py for tasks to queue
[2025-12-30T18:27:26.845+0000] {logging_mixin.py:188} INFO - [2025-12-30T18:27:26.844+0000] {dagbag.py:545} INFO - Filling up the DagBag from /opt/airflow/dags/model_sample_dags.py
[2025-12-30T18:27:26.932+0000] {processor.py:840} INFO - DAG(s) 'train_model_sample' retrieved from /opt/airflow/dags/model_sample_dags.py
[2025-12-30T18:27:27.035+0000] {logging_mixin.py:188} INFO - [2025-12-30T18:27:27.034+0000] {dag.py:3089} INFO - Sync 1 DAGs
[2025-12-30T18:27:27.077+0000] {logging_mixin.py:188} INFO - [2025-12-30T18:27:27.076+0000] {dag.py:3947} INFO - Setting next_dagrun for train_model_sample to None, run_after=None
[2025-12-30T18:27:27.159+0000] {processor.py:183} INFO - Processing /opt/airflow/dags/model_sample_dags.py took 0.362 seconds
[2025-12-30T18:27:58.091+0000] {processor.py:161} INFO - Started process (PID=852) to work on /opt/airflow/dags/model_sample_dags.py
[2025-12-30T18:27:58.095+0000] {processor.py:830} INFO - Processing file /opt/airflow/dags/model_sample_dags.py for tasks to queue
[2025-12-30T18:27:58.102+0000] {logging_mixin.py:188} INFO - [2025-12-30T18:27:58.101+0000] {dagbag.py:545} INFO - Filling up the DagBag from /opt/airflow/dags/model_sample_dags.py
[2025-12-30T18:27:58.195+0000] {processor.py:840} INFO - DAG(s) 'train_model_sample' retrieved from /opt/airflow/dags/model_sample_dags.py
[2025-12-30T18:27:58.282+0000] {logging_mixin.py:188} INFO - [2025-12-30T18:27:58.281+0000] {dag.py:3089} INFO - Sync 1 DAGs
[2025-12-30T18:27:58.328+0000] {logging_mixin.py:188} INFO - [2025-12-30T18:27:58.327+0000] {dag.py:3947} INFO - Setting next_dagrun for train_model_sample to None, run_after=None
[2025-12-30T18:27:58.409+0000] {processor.py:183} INFO - Processing /opt/airflow/dags/model_sample_dags.py took 0.339 seconds
[2025-12-30T18:28:29.383+0000] {processor.py:161} INFO - Started process (PID=857) to work on /opt/airflow/dags/model_sample_dags.py
[2025-12-30T18:28:29.388+0000] {processor.py:830} INFO - Processing file /opt/airflow/dags/model_sample_dags.py for tasks to queue
[2025-12-30T18:28:29.397+0000] {logging_mixin.py:188} INFO - [2025-12-30T18:28:29.395+0000] {dagbag.py:545} INFO - Filling up the DagBag from /opt/airflow/dags/model_sample_dags.py
[2025-12-30T18:28:29.503+0000] {processor.py:840} INFO - DAG(s) 'train_model_sample' retrieved from /opt/airflow/dags/model_sample_dags.py
[2025-12-30T18:28:29.607+0000] {logging_mixin.py:188} INFO - [2025-12-30T18:28:29.605+0000] {dag.py:3089} INFO - Sync 1 DAGs
[2025-12-30T18:28:29.652+0000] {logging_mixin.py:188} INFO - [2025-12-30T18:28:29.651+0000] {dag.py:3947} INFO - Setting next_dagrun for train_model_sample to None, run_after=None
[2025-12-30T18:28:29.750+0000] {processor.py:183} INFO - Processing /opt/airflow/dags/model_sample_dags.py took 0.386 seconds
[2025-12-30T18:29:00.953+0000] {processor.py:161} INFO - Started process (PID=862) to work on /opt/airflow/dags/model_sample_dags.py
[2025-12-30T18:29:00.957+0000] {processor.py:830} INFO - Processing file /opt/airflow/dags/model_sample_dags.py for tasks to queue
[2025-12-30T18:29:00.966+0000] {logging_mixin.py:188} INFO - [2025-12-30T18:29:00.965+0000] {dagbag.py:545} INFO - Filling up the DagBag from /opt/airflow/dags/model_sample_dags.py
[2025-12-30T18:29:01.069+0000] {processor.py:840} INFO - DAG(s) 'train_model_sample' retrieved from /opt/airflow/dags/model_sample_dags.py
[2025-12-30T18:29:01.180+0000] {logging_mixin.py:188} INFO - [2025-12-30T18:29:01.180+0000] {dag.py:3089} INFO - Sync 1 DAGs
[2025-12-30T18:29:01.224+0000] {logging_mixin.py:188} INFO - [2025-12-30T18:29:01.223+0000] {dag.py:3947} INFO - Setting next_dagrun for train_model_sample to None, run_after=None
[2025-12-30T18:29:01.295+0000] {processor.py:183} INFO - Processing /opt/airflow/dags/model_sample_dags.py took 0.364 seconds
[2025-12-30T18:29:32.257+0000] {processor.py:161} INFO - Started process (PID=867) to work on /opt/airflow/dags/model_sample_dags.py
[2025-12-30T18:29:32.262+0000] {processor.py:830} INFO - Processing file /opt/airflow/dags/model_sample_dags.py for tasks to queue
[2025-12-30T18:29:32.270+0000] {logging_mixin.py:188} INFO - [2025-12-30T18:29:32.268+0000] {dagbag.py:545} INFO - Filling up the DagBag from /opt/airflow/dags/model_sample_dags.py
[2025-12-30T18:29:32.363+0000] {processor.py:840} INFO - DAG(s) 'train_model_sample' retrieved from /opt/airflow/dags/model_sample_dags.py
[2025-12-30T18:29:32.454+0000] {logging_mixin.py:188} INFO - [2025-12-30T18:29:32.453+0000] {dag.py:3089} INFO - Sync 1 DAGs
[2025-12-30T18:29:32.491+0000] {logging_mixin.py:188} INFO - [2025-12-30T18:29:32.490+0000] {dag.py:3947} INFO - Setting next_dagrun for train_model_sample to None, run_after=None
[2025-12-30T18:29:32.582+0000] {processor.py:183} INFO - Processing /opt/airflow/dags/model_sample_dags.py took 0.352 seconds
[2025-12-30T18:30:03.578+0000] {processor.py:161} INFO - Started process (PID=872) to work on /opt/airflow/dags/model_sample_dags.py
[2025-12-30T18:30:03.582+0000] {processor.py:830} INFO - Processing file /opt/airflow/dags/model_sample_dags.py for tasks to queue
[2025-12-30T18:30:03.588+0000] {logging_mixin.py:188} INFO - [2025-12-30T18:30:03.587+0000] {dagbag.py:545} INFO - Filling up the DagBag from /opt/airflow/dags/model_sample_dags.py
[2025-12-30T18:30:03.672+0000] {processor.py:840} INFO - DAG(s) 'train_model_sample' retrieved from /opt/airflow/dags/model_sample_dags.py
[2025-12-30T18:30:03.775+0000] {logging_mixin.py:188} INFO - [2025-12-30T18:30:03.774+0000] {dag.py:3089} INFO - Sync 1 DAGs
[2025-12-30T18:30:03.816+0000] {logging_mixin.py:188} INFO - [2025-12-30T18:30:03.815+0000] {dag.py:3947} INFO - Setting next_dagrun for train_model_sample to None, run_after=None
[2025-12-30T18:30:03.912+0000] {processor.py:183} INFO - Processing /opt/airflow/dags/model_sample_dags.py took 0.352 seconds
[2025-12-30T18:30:34.885+0000] {processor.py:161} INFO - Started process (PID=877) to work on /opt/airflow/dags/model_sample_dags.py
[2025-12-30T18:30:34.888+0000] {processor.py:830} INFO - Processing file /opt/airflow/dags/model_sample_dags.py for tasks to queue
[2025-12-30T18:30:34.897+0000] {logging_mixin.py:188} INFO - [2025-12-30T18:30:34.896+0000] {dagbag.py:545} INFO - Filling up the DagBag from /opt/airflow/dags/model_sample_dags.py
[2025-12-30T18:30:35.003+0000] {processor.py:840} INFO - DAG(s) 'train_model_sample' retrieved from /opt/airflow/dags/model_sample_dags.py
[2025-12-30T18:30:35.130+0000] {logging_mixin.py:188} INFO - [2025-12-30T18:30:35.129+0000] {dag.py:3089} INFO - Sync 1 DAGs
[2025-12-30T18:30:35.182+0000] {logging_mixin.py:188} INFO - [2025-12-30T18:30:35.181+0000] {dag.py:3947} INFO - Setting next_dagrun for train_model_sample to None, run_after=None
[2025-12-30T18:30:35.293+0000] {processor.py:183} INFO - Processing /opt/airflow/dags/model_sample_dags.py took 0.429 seconds
[2025-12-30T18:31:06.300+0000] {processor.py:161} INFO - Started process (PID=882) to work on /opt/airflow/dags/model_sample_dags.py
[2025-12-30T18:31:06.304+0000] {processor.py:830} INFO - Processing file /opt/airflow/dags/model_sample_dags.py for tasks to queue
[2025-12-30T18:31:06.311+0000] {logging_mixin.py:188} INFO - [2025-12-30T18:31:06.309+0000] {dagbag.py:545} INFO - Filling up the DagBag from /opt/airflow/dags/model_sample_dags.py
[2025-12-30T18:31:06.399+0000] {processor.py:840} INFO - DAG(s) 'train_model_sample' retrieved from /opt/airflow/dags/model_sample_dags.py
[2025-12-30T18:31:06.495+0000] {logging_mixin.py:188} INFO - [2025-12-30T18:31:06.495+0000] {dag.py:3089} INFO - Sync 1 DAGs
[2025-12-30T18:31:06.549+0000] {logging_mixin.py:188} INFO - [2025-12-30T18:31:06.549+0000] {dag.py:3947} INFO - Setting next_dagrun for train_model_sample to None, run_after=None
[2025-12-30T18:31:06.645+0000] {processor.py:183} INFO - Processing /opt/airflow/dags/model_sample_dags.py took 0.367 seconds
[2025-12-30T18:31:38.167+0000] {processor.py:161} INFO - Started process (PID=887) to work on /opt/airflow/dags/model_sample_dags.py
[2025-12-30T18:31:38.172+0000] {processor.py:830} INFO - Processing file /opt/airflow/dags/model_sample_dags.py for tasks to queue
[2025-12-30T18:31:38.187+0000] {logging_mixin.py:188} INFO - [2025-12-30T18:31:38.186+0000] {dagbag.py:545} INFO - Filling up the DagBag from /opt/airflow/dags/model_sample_dags.py
[2025-12-30T18:31:38.277+0000] {processor.py:840} INFO - DAG(s) 'train_model_sample' retrieved from /opt/airflow/dags/model_sample_dags.py
[2025-12-30T18:31:38.375+0000] {logging_mixin.py:188} INFO - [2025-12-30T18:31:38.374+0000] {dag.py:3089} INFO - Sync 1 DAGs
[2025-12-30T18:31:38.426+0000] {logging_mixin.py:188} INFO - [2025-12-30T18:31:38.425+0000] {dag.py:3947} INFO - Setting next_dagrun for train_model_sample to None, run_after=None
[2025-12-30T18:31:38.513+0000] {processor.py:183} INFO - Processing /opt/airflow/dags/model_sample_dags.py took 0.370 seconds
[2025-12-30T18:32:09.464+0000] {processor.py:161} INFO - Started process (PID=892) to work on /opt/airflow/dags/model_sample_dags.py
[2025-12-30T18:32:09.468+0000] {processor.py:830} INFO - Processing file /opt/airflow/dags/model_sample_dags.py for tasks to queue
[2025-12-30T18:32:09.477+0000] {logging_mixin.py:188} INFO - [2025-12-30T18:32:09.476+0000] {dagbag.py:545} INFO - Filling up the DagBag from /opt/airflow/dags/model_sample_dags.py
[2025-12-30T18:32:09.592+0000] {processor.py:840} INFO - DAG(s) 'train_model_sample' retrieved from /opt/airflow/dags/model_sample_dags.py
[2025-12-30T18:32:09.692+0000] {logging_mixin.py:188} INFO - [2025-12-30T18:32:09.691+0000] {dag.py:3089} INFO - Sync 1 DAGs
[2025-12-30T18:32:09.741+0000] {logging_mixin.py:188} INFO - [2025-12-30T18:32:09.741+0000] {dag.py:3947} INFO - Setting next_dagrun for train_model_sample to None, run_after=None
[2025-12-30T18:32:09.842+0000] {processor.py:183} INFO - Processing /opt/airflow/dags/model_sample_dags.py took 0.401 seconds
[2025-12-30T18:32:40.838+0000] {processor.py:161} INFO - Started process (PID=897) to work on /opt/airflow/dags/model_sample_dags.py
[2025-12-30T18:32:40.843+0000] {processor.py:830} INFO - Processing file /opt/airflow/dags/model_sample_dags.py for tasks to queue
[2025-12-30T18:32:40.850+0000] {logging_mixin.py:188} INFO - [2025-12-30T18:32:40.849+0000] {dagbag.py:545} INFO - Filling up the DagBag from /opt/airflow/dags/model_sample_dags.py
[2025-12-30T18:32:40.955+0000] {processor.py:840} INFO - DAG(s) 'train_model_sample' retrieved from /opt/airflow/dags/model_sample_dags.py
[2025-12-30T18:32:41.053+0000] {logging_mixin.py:188} INFO - [2025-12-30T18:32:41.052+0000] {dag.py:3089} INFO - Sync 1 DAGs
[2025-12-30T18:32:41.106+0000] {logging_mixin.py:188} INFO - [2025-12-30T18:32:41.105+0000] {dag.py:3947} INFO - Setting next_dagrun for train_model_sample to None, run_after=None
[2025-12-30T18:32:41.207+0000] {processor.py:183} INFO - Processing /opt/airflow/dags/model_sample_dags.py took 0.399 seconds
[2025-12-30T18:33:12.281+0000] {processor.py:161} INFO - Started process (PID=902) to work on /opt/airflow/dags/model_sample_dags.py
[2025-12-30T18:33:12.287+0000] {processor.py:830} INFO - Processing file /opt/airflow/dags/model_sample_dags.py for tasks to queue
[2025-12-30T18:33:12.294+0000] {logging_mixin.py:188} INFO - [2025-12-30T18:33:12.293+0000] {dagbag.py:545} INFO - Filling up the DagBag from /opt/airflow/dags/model_sample_dags.py
[2025-12-30T18:33:12.419+0000] {processor.py:840} INFO - DAG(s) 'train_model_sample' retrieved from /opt/airflow/dags/model_sample_dags.py
[2025-12-30T18:33:12.537+0000] {logging_mixin.py:188} INFO - [2025-12-30T18:33:12.536+0000] {dag.py:3089} INFO - Sync 1 DAGs
[2025-12-30T18:33:12.582+0000] {logging_mixin.py:188} INFO - [2025-12-30T18:33:12.581+0000] {dag.py:3947} INFO - Setting next_dagrun for train_model_sample to None, run_after=None
[2025-12-30T18:33:12.675+0000] {processor.py:183} INFO - Processing /opt/airflow/dags/model_sample_dags.py took 0.420 seconds
[2025-12-30T18:33:44.210+0000] {processor.py:161} INFO - Started process (PID=907) to work on /opt/airflow/dags/model_sample_dags.py
[2025-12-30T18:33:44.213+0000] {processor.py:830} INFO - Processing file /opt/airflow/dags/model_sample_dags.py for tasks to queue
[2025-12-30T18:33:44.220+0000] {logging_mixin.py:188} INFO - [2025-12-30T18:33:44.219+0000] {dagbag.py:545} INFO - Filling up the DagBag from /opt/airflow/dags/model_sample_dags.py
[2025-12-30T18:33:44.312+0000] {processor.py:840} INFO - DAG(s) 'train_model_sample' retrieved from /opt/airflow/dags/model_sample_dags.py
[2025-12-30T18:33:44.416+0000] {logging_mixin.py:188} INFO - [2025-12-30T18:33:44.415+0000] {dag.py:3089} INFO - Sync 1 DAGs
[2025-12-30T18:33:44.466+0000] {logging_mixin.py:188} INFO - [2025-12-30T18:33:44.464+0000] {dag.py:3947} INFO - Setting next_dagrun for train_model_sample to None, run_after=None
[2025-12-30T18:33:44.556+0000] {processor.py:183} INFO - Processing /opt/airflow/dags/model_sample_dags.py took 0.373 seconds
[2025-12-30T18:34:15.098+0000] {processor.py:161} INFO - Started process (PID=912) to work on /opt/airflow/dags/model_sample_dags.py
[2025-12-30T18:34:15.102+0000] {processor.py:830} INFO - Processing file /opt/airflow/dags/model_sample_dags.py for tasks to queue
[2025-12-30T18:34:15.109+0000] {logging_mixin.py:188} INFO - [2025-12-30T18:34:15.108+0000] {dagbag.py:545} INFO - Filling up the DagBag from /opt/airflow/dags/model_sample_dags.py
[2025-12-30T18:34:15.197+0000] {processor.py:840} INFO - DAG(s) 'train_model_sample' retrieved from /opt/airflow/dags/model_sample_dags.py
[2025-12-30T18:34:15.297+0000] {logging_mixin.py:188} INFO - [2025-12-30T18:34:15.296+0000] {dag.py:3089} INFO - Sync 1 DAGs
[2025-12-30T18:34:15.358+0000] {logging_mixin.py:188} INFO - [2025-12-30T18:34:15.357+0000] {dag.py:3947} INFO - Setting next_dagrun for train_model_sample to None, run_after=None
[2025-12-30T18:34:15.447+0000] {processor.py:183} INFO - Processing /opt/airflow/dags/model_sample_dags.py took 0.368 seconds
[2025-12-30T18:34:46.368+0000] {processor.py:161} INFO - Started process (PID=917) to work on /opt/airflow/dags/model_sample_dags.py
[2025-12-30T18:34:46.372+0000] {processor.py:830} INFO - Processing file /opt/airflow/dags/model_sample_dags.py for tasks to queue
[2025-12-30T18:34:46.380+0000] {logging_mixin.py:188} INFO - [2025-12-30T18:34:46.377+0000] {dagbag.py:545} INFO - Filling up the DagBag from /opt/airflow/dags/model_sample_dags.py
[2025-12-30T18:34:46.466+0000] {processor.py:840} INFO - DAG(s) 'train_model_sample' retrieved from /opt/airflow/dags/model_sample_dags.py
[2025-12-30T18:34:46.558+0000] {logging_mixin.py:188} INFO - [2025-12-30T18:34:46.557+0000] {dag.py:3089} INFO - Sync 1 DAGs
[2025-12-30T18:34:46.602+0000] {logging_mixin.py:188} INFO - [2025-12-30T18:34:46.601+0000] {dag.py:3947} INFO - Setting next_dagrun for train_model_sample to None, run_after=None
[2025-12-30T18:34:46.699+0000] {processor.py:183} INFO - Processing /opt/airflow/dags/model_sample_dags.py took 0.349 seconds
[2025-12-30T18:35:17.726+0000] {processor.py:161} INFO - Started process (PID=922) to work on /opt/airflow/dags/model_sample_dags.py
[2025-12-30T18:35:17.731+0000] {processor.py:830} INFO - Processing file /opt/airflow/dags/model_sample_dags.py for tasks to queue
[2025-12-30T18:35:17.745+0000] {logging_mixin.py:188} INFO - [2025-12-30T18:35:17.744+0000] {dagbag.py:545} INFO - Filling up the DagBag from /opt/airflow/dags/model_sample_dags.py
[2025-12-30T18:35:17.850+0000] {processor.py:840} INFO - DAG(s) 'train_model_sample' retrieved from /opt/airflow/dags/model_sample_dags.py
[2025-12-30T18:35:17.961+0000] {logging_mixin.py:188} INFO - [2025-12-30T18:35:17.960+0000] {dag.py:3089} INFO - Sync 1 DAGs
[2025-12-30T18:35:18.017+0000] {logging_mixin.py:188} INFO - [2025-12-30T18:35:18.016+0000] {dag.py:3947} INFO - Setting next_dagrun for train_model_sample to None, run_after=None
[2025-12-30T18:35:18.117+0000] {processor.py:183} INFO - Processing /opt/airflow/dags/model_sample_dags.py took 0.416 seconds
[2025-12-30T18:35:49.153+0000] {processor.py:161} INFO - Started process (PID=927) to work on /opt/airflow/dags/model_sample_dags.py
[2025-12-30T18:35:49.157+0000] {processor.py:830} INFO - Processing file /opt/airflow/dags/model_sample_dags.py for tasks to queue
[2025-12-30T18:35:49.168+0000] {logging_mixin.py:188} INFO - [2025-12-30T18:35:49.166+0000] {dagbag.py:545} INFO - Filling up the DagBag from /opt/airflow/dags/model_sample_dags.py
[2025-12-30T18:35:49.258+0000] {processor.py:840} INFO - DAG(s) 'train_model_sample' retrieved from /opt/airflow/dags/model_sample_dags.py
[2025-12-30T18:35:49.369+0000] {logging_mixin.py:188} INFO - [2025-12-30T18:35:49.368+0000] {dag.py:3089} INFO - Sync 1 DAGs
[2025-12-30T18:35:49.412+0000] {logging_mixin.py:188} INFO - [2025-12-30T18:35:49.411+0000] {dag.py:3947} INFO - Setting next_dagrun for train_model_sample to None, run_after=None
[2025-12-30T18:35:49.518+0000] {processor.py:183} INFO - Processing /opt/airflow/dags/model_sample_dags.py took 0.394 seconds
[2025-12-30T18:36:20.442+0000] {processor.py:161} INFO - Started process (PID=932) to work on /opt/airflow/dags/model_sample_dags.py
[2025-12-30T18:36:20.448+0000] {processor.py:830} INFO - Processing file /opt/airflow/dags/model_sample_dags.py for tasks to queue
[2025-12-30T18:36:20.460+0000] {logging_mixin.py:188} INFO - [2025-12-30T18:36:20.458+0000] {dagbag.py:545} INFO - Filling up the DagBag from /opt/airflow/dags/model_sample_dags.py
[2025-12-30T18:36:20.593+0000] {processor.py:840} INFO - DAG(s) 'train_model_sample' retrieved from /opt/airflow/dags/model_sample_dags.py
[2025-12-30T18:36:20.740+0000] {logging_mixin.py:188} INFO - [2025-12-30T18:36:20.739+0000] {dag.py:3089} INFO - Sync 1 DAGs
[2025-12-30T18:36:20.793+0000] {logging_mixin.py:188} INFO - [2025-12-30T18:36:20.792+0000] {dag.py:3947} INFO - Setting next_dagrun for train_model_sample to None, run_after=None
[2025-12-30T18:36:20.903+0000] {processor.py:183} INFO - Processing /opt/airflow/dags/model_sample_dags.py took 0.479 seconds
[2025-12-30T18:36:52.003+0000] {processor.py:161} INFO - Started process (PID=937) to work on /opt/airflow/dags/model_sample_dags.py
[2025-12-30T18:36:52.009+0000] {processor.py:830} INFO - Processing file /opt/airflow/dags/model_sample_dags.py for tasks to queue
[2025-12-30T18:36:52.021+0000] {logging_mixin.py:188} INFO - [2025-12-30T18:36:52.019+0000] {dagbag.py:545} INFO - Filling up the DagBag from /opt/airflow/dags/model_sample_dags.py
[2025-12-30T18:36:52.121+0000] {processor.py:840} INFO - DAG(s) 'train_model_sample' retrieved from /opt/airflow/dags/model_sample_dags.py
[2025-12-30T18:36:52.247+0000] {logging_mixin.py:188} INFO - [2025-12-30T18:36:52.246+0000] {dag.py:3089} INFO - Sync 1 DAGs
[2025-12-30T18:36:52.303+0000] {logging_mixin.py:188} INFO - [2025-12-30T18:36:52.302+0000] {dag.py:3947} INFO - Setting next_dagrun for train_model_sample to None, run_after=None
[2025-12-30T18:36:52.402+0000] {processor.py:183} INFO - Processing /opt/airflow/dags/model_sample_dags.py took 0.425 seconds
[2025-12-30T18:37:23.334+0000] {processor.py:161} INFO - Started process (PID=942) to work on /opt/airflow/dags/model_sample_dags.py
[2025-12-30T18:37:23.341+0000] {processor.py:830} INFO - Processing file /opt/airflow/dags/model_sample_dags.py for tasks to queue
[2025-12-30T18:37:23.352+0000] {logging_mixin.py:188} INFO - [2025-12-30T18:37:23.351+0000] {dagbag.py:545} INFO - Filling up the DagBag from /opt/airflow/dags/model_sample_dags.py
[2025-12-30T18:37:23.459+0000] {processor.py:840} INFO - DAG(s) 'train_model_sample' retrieved from /opt/airflow/dags/model_sample_dags.py
[2025-12-30T18:37:23.571+0000] {logging_mixin.py:188} INFO - [2025-12-30T18:37:23.569+0000] {dag.py:3089} INFO - Sync 1 DAGs
[2025-12-30T18:37:23.613+0000] {logging_mixin.py:188} INFO - [2025-12-30T18:37:23.612+0000] {dag.py:3947} INFO - Setting next_dagrun for train_model_sample to None, run_after=None
[2025-12-30T18:37:23.701+0000] {processor.py:183} INFO - Processing /opt/airflow/dags/model_sample_dags.py took 0.388 seconds
[2025-12-30T18:37:54.705+0000] {processor.py:161} INFO - Started process (PID=947) to work on /opt/airflow/dags/model_sample_dags.py
[2025-12-30T18:37:54.709+0000] {processor.py:830} INFO - Processing file /opt/airflow/dags/model_sample_dags.py for tasks to queue
[2025-12-30T18:37:54.716+0000] {logging_mixin.py:188} INFO - [2025-12-30T18:37:54.715+0000] {dagbag.py:545} INFO - Filling up the DagBag from /opt/airflow/dags/model_sample_dags.py
[2025-12-30T18:37:54.804+0000] {processor.py:840} INFO - DAG(s) 'train_model_sample' retrieved from /opt/airflow/dags/model_sample_dags.py
[2025-12-30T18:37:54.909+0000] {logging_mixin.py:188} INFO - [2025-12-30T18:37:54.908+0000] {dag.py:3089} INFO - Sync 1 DAGs
[2025-12-30T18:37:54.958+0000] {logging_mixin.py:188} INFO - [2025-12-30T18:37:54.958+0000] {dag.py:3947} INFO - Setting next_dagrun for train_model_sample to None, run_after=None
[2025-12-30T18:37:55.048+0000] {processor.py:183} INFO - Processing /opt/airflow/dags/model_sample_dags.py took 0.363 seconds
[2025-12-30T18:38:26.037+0000] {processor.py:161} INFO - Started process (PID=952) to work on /opt/airflow/dags/model_sample_dags.py
[2025-12-30T18:38:26.042+0000] {processor.py:830} INFO - Processing file /opt/airflow/dags/model_sample_dags.py for tasks to queue
[2025-12-30T18:38:26.049+0000] {logging_mixin.py:188} INFO - [2025-12-30T18:38:26.048+0000] {dagbag.py:545} INFO - Filling up the DagBag from /opt/airflow/dags/model_sample_dags.py
[2025-12-30T18:38:26.145+0000] {processor.py:840} INFO - DAG(s) 'train_model_sample' retrieved from /opt/airflow/dags/model_sample_dags.py
[2025-12-30T18:38:26.243+0000] {logging_mixin.py:188} INFO - [2025-12-30T18:38:26.242+0000] {dag.py:3089} INFO - Sync 1 DAGs
[2025-12-30T18:38:26.278+0000] {logging_mixin.py:188} INFO - [2025-12-30T18:38:26.278+0000] {dag.py:3947} INFO - Setting next_dagrun for train_model_sample to None, run_after=None
[2025-12-30T18:38:26.361+0000] {processor.py:183} INFO - Processing /opt/airflow/dags/model_sample_dags.py took 0.354 seconds
[2025-12-30T18:38:58.190+0000] {processor.py:161} INFO - Started process (PID=957) to work on /opt/airflow/dags/model_sample_dags.py
[2025-12-30T18:38:58.194+0000] {processor.py:830} INFO - Processing file /opt/airflow/dags/model_sample_dags.py for tasks to queue
[2025-12-30T18:38:58.207+0000] {logging_mixin.py:188} INFO - [2025-12-30T18:38:58.202+0000] {dagbag.py:545} INFO - Filling up the DagBag from /opt/airflow/dags/model_sample_dags.py
[2025-12-30T18:38:58.331+0000] {processor.py:840} INFO - DAG(s) 'train_model_sample' retrieved from /opt/airflow/dags/model_sample_dags.py
[2025-12-30T18:38:58.472+0000] {logging_mixin.py:188} INFO - [2025-12-30T18:38:58.471+0000] {dag.py:3089} INFO - Sync 1 DAGs
[2025-12-30T18:38:58.537+0000] {logging_mixin.py:188} INFO - [2025-12-30T18:38:58.535+0000] {dag.py:3947} INFO - Setting next_dagrun for train_model_sample to None, run_after=None
[2025-12-30T18:38:58.611+0000] {processor.py:183} INFO - Processing /opt/airflow/dags/model_sample_dags.py took 0.441 seconds
[2025-12-30T18:39:29.247+0000] {processor.py:161} INFO - Started process (PID=962) to work on /opt/airflow/dags/model_sample_dags.py
[2025-12-30T18:39:29.251+0000] {processor.py:830} INFO - Processing file /opt/airflow/dags/model_sample_dags.py for tasks to queue
[2025-12-30T18:39:29.258+0000] {logging_mixin.py:188} INFO - [2025-12-30T18:39:29.257+0000] {dagbag.py:545} INFO - Filling up the DagBag from /opt/airflow/dags/model_sample_dags.py
[2025-12-30T18:39:29.348+0000] {processor.py:840} INFO - DAG(s) 'train_model_sample' retrieved from /opt/airflow/dags/model_sample_dags.py
[2025-12-30T18:39:29.447+0000] {logging_mixin.py:188} INFO - [2025-12-30T18:39:29.446+0000] {dag.py:3089} INFO - Sync 1 DAGs
[2025-12-30T18:39:29.490+0000] {logging_mixin.py:188} INFO - [2025-12-30T18:39:29.489+0000] {dag.py:3947} INFO - Setting next_dagrun for train_model_sample to None, run_after=None
[2025-12-30T18:39:29.578+0000] {processor.py:183} INFO - Processing /opt/airflow/dags/model_sample_dags.py took 0.353 seconds
[2025-12-30T18:40:00.534+0000] {processor.py:161} INFO - Started process (PID=967) to work on /opt/airflow/dags/model_sample_dags.py
[2025-12-30T18:40:00.540+0000] {processor.py:830} INFO - Processing file /opt/airflow/dags/model_sample_dags.py for tasks to queue
[2025-12-30T18:40:00.547+0000] {logging_mixin.py:188} INFO - [2025-12-30T18:40:00.546+0000] {dagbag.py:545} INFO - Filling up the DagBag from /opt/airflow/dags/model_sample_dags.py
[2025-12-30T18:40:00.647+0000] {processor.py:840} INFO - DAG(s) 'train_model_sample' retrieved from /opt/airflow/dags/model_sample_dags.py
[2025-12-30T18:40:00.782+0000] {logging_mixin.py:188} INFO - [2025-12-30T18:40:00.780+0000] {dag.py:3089} INFO - Sync 1 DAGs
[2025-12-30T18:40:00.840+0000] {logging_mixin.py:188} INFO - [2025-12-30T18:40:00.839+0000] {dag.py:3947} INFO - Setting next_dagrun for train_model_sample to None, run_after=None
[2025-12-30T18:40:00.927+0000] {processor.py:183} INFO - Processing /opt/airflow/dags/model_sample_dags.py took 0.422 seconds
[2025-12-30T18:40:31.911+0000] {processor.py:161} INFO - Started process (PID=972) to work on /opt/airflow/dags/model_sample_dags.py
[2025-12-30T18:40:31.917+0000] {processor.py:830} INFO - Processing file /opt/airflow/dags/model_sample_dags.py for tasks to queue
[2025-12-30T18:40:31.928+0000] {logging_mixin.py:188} INFO - [2025-12-30T18:40:31.926+0000] {dagbag.py:545} INFO - Filling up the DagBag from /opt/airflow/dags/model_sample_dags.py
[2025-12-30T18:40:32.054+0000] {processor.py:840} INFO - DAG(s) 'train_model_sample' retrieved from /opt/airflow/dags/model_sample_dags.py
[2025-12-30T18:40:32.180+0000] {logging_mixin.py:188} INFO - [2025-12-30T18:40:32.178+0000] {dag.py:3089} INFO - Sync 1 DAGs
[2025-12-30T18:40:32.235+0000] {logging_mixin.py:188} INFO - [2025-12-30T18:40:32.234+0000] {dag.py:3947} INFO - Setting next_dagrun for train_model_sample to None, run_after=None
[2025-12-30T18:40:32.347+0000] {processor.py:183} INFO - Processing /opt/airflow/dags/model_sample_dags.py took 0.463 seconds
[2025-12-30T18:41:03.355+0000] {processor.py:161} INFO - Started process (PID=977) to work on /opt/airflow/dags/model_sample_dags.py
[2025-12-30T18:41:03.360+0000] {processor.py:830} INFO - Processing file /opt/airflow/dags/model_sample_dags.py for tasks to queue
[2025-12-30T18:41:03.366+0000] {logging_mixin.py:188} INFO - [2025-12-30T18:41:03.365+0000] {dagbag.py:545} INFO - Filling up the DagBag from /opt/airflow/dags/model_sample_dags.py
[2025-12-30T18:41:03.468+0000] {processor.py:840} INFO - DAG(s) 'train_model_sample' retrieved from /opt/airflow/dags/model_sample_dags.py
[2025-12-30T18:41:03.564+0000] {logging_mixin.py:188} INFO - [2025-12-30T18:41:03.563+0000] {dag.py:3089} INFO - Sync 1 DAGs
[2025-12-30T18:41:03.607+0000] {logging_mixin.py:188} INFO - [2025-12-30T18:41:03.606+0000] {dag.py:3947} INFO - Setting next_dagrun for train_model_sample to None, run_after=None
[2025-12-30T18:41:03.695+0000] {processor.py:183} INFO - Processing /opt/airflow/dags/model_sample_dags.py took 0.367 seconds
[2025-12-30T18:41:34.735+0000] {processor.py:161} INFO - Started process (PID=982) to work on /opt/airflow/dags/model_sample_dags.py
[2025-12-30T18:41:34.743+0000] {processor.py:830} INFO - Processing file /opt/airflow/dags/model_sample_dags.py for tasks to queue
[2025-12-30T18:41:34.751+0000] {logging_mixin.py:188} INFO - [2025-12-30T18:41:34.750+0000] {dagbag.py:545} INFO - Filling up the DagBag from /opt/airflow/dags/model_sample_dags.py
[2025-12-30T18:41:34.861+0000] {processor.py:840} INFO - DAG(s) 'train_model_sample' retrieved from /opt/airflow/dags/model_sample_dags.py
[2025-12-30T18:41:34.969+0000] {logging_mixin.py:188} INFO - [2025-12-30T18:41:34.968+0000] {dag.py:3089} INFO - Sync 1 DAGs
[2025-12-30T18:41:35.017+0000] {logging_mixin.py:188} INFO - [2025-12-30T18:41:35.014+0000] {dag.py:3947} INFO - Setting next_dagrun for train_model_sample to None, run_after=None
[2025-12-30T18:41:35.118+0000] {processor.py:183} INFO - Processing /opt/airflow/dags/model_sample_dags.py took 0.401 seconds
[2025-12-30T18:42:06.199+0000] {processor.py:161} INFO - Started process (PID=987) to work on /opt/airflow/dags/model_sample_dags.py
[2025-12-30T18:42:06.204+0000] {processor.py:830} INFO - Processing file /opt/airflow/dags/model_sample_dags.py for tasks to queue
[2025-12-30T18:42:06.214+0000] {logging_mixin.py:188} INFO - [2025-12-30T18:42:06.213+0000] {dagbag.py:545} INFO - Filling up the DagBag from /opt/airflow/dags/model_sample_dags.py
[2025-12-30T18:42:06.303+0000] {processor.py:840} INFO - DAG(s) 'train_model_sample' retrieved from /opt/airflow/dags/model_sample_dags.py
[2025-12-30T18:42:06.408+0000] {logging_mixin.py:188} INFO - [2025-12-30T18:42:06.407+0000] {dag.py:3089} INFO - Sync 1 DAGs
[2025-12-30T18:42:06.477+0000] {logging_mixin.py:188} INFO - [2025-12-30T18:42:06.476+0000] {dag.py:3947} INFO - Setting next_dagrun for train_model_sample to None, run_after=None
[2025-12-30T18:42:06.569+0000] {processor.py:183} INFO - Processing /opt/airflow/dags/model_sample_dags.py took 0.391 seconds
[2025-12-30T18:42:37.561+0000] {processor.py:161} INFO - Started process (PID=992) to work on /opt/airflow/dags/model_sample_dags.py
[2025-12-30T18:42:37.565+0000] {processor.py:830} INFO - Processing file /opt/airflow/dags/model_sample_dags.py for tasks to queue
[2025-12-30T18:42:37.576+0000] {logging_mixin.py:188} INFO - [2025-12-30T18:42:37.575+0000] {dagbag.py:545} INFO - Filling up the DagBag from /opt/airflow/dags/model_sample_dags.py
[2025-12-30T18:42:37.679+0000] {processor.py:840} INFO - DAG(s) 'train_model_sample' retrieved from /opt/airflow/dags/model_sample_dags.py
[2025-12-30T18:42:37.782+0000] {logging_mixin.py:188} INFO - [2025-12-30T18:42:37.781+0000] {dag.py:3089} INFO - Sync 1 DAGs
[2025-12-30T18:42:37.835+0000] {logging_mixin.py:188} INFO - [2025-12-30T18:42:37.834+0000] {dag.py:3947} INFO - Setting next_dagrun for train_model_sample to None, run_after=None
[2025-12-30T18:42:37.920+0000] {processor.py:183} INFO - Processing /opt/airflow/dags/model_sample_dags.py took 0.388 seconds
[2025-12-30T18:43:08.973+0000] {processor.py:161} INFO - Started process (PID=997) to work on /opt/airflow/dags/model_sample_dags.py
[2025-12-30T18:43:08.977+0000] {processor.py:830} INFO - Processing file /opt/airflow/dags/model_sample_dags.py for tasks to queue
[2025-12-30T18:43:08.984+0000] {logging_mixin.py:188} INFO - [2025-12-30T18:43:08.983+0000] {dagbag.py:545} INFO - Filling up the DagBag from /opt/airflow/dags/model_sample_dags.py
[2025-12-30T18:43:09.134+0000] {processor.py:840} INFO - DAG(s) 'train_model_sample' retrieved from /opt/airflow/dags/model_sample_dags.py
[2025-12-30T18:43:09.286+0000] {logging_mixin.py:188} INFO - [2025-12-30T18:43:09.285+0000] {dag.py:3089} INFO - Sync 1 DAGs
[2025-12-30T18:43:09.352+0000] {logging_mixin.py:188} INFO - [2025-12-30T18:43:09.351+0000] {dag.py:3947} INFO - Setting next_dagrun for train_model_sample to None, run_after=None
[2025-12-30T18:43:09.465+0000] {processor.py:183} INFO - Processing /opt/airflow/dags/model_sample_dags.py took 0.525 seconds
[2025-12-30T18:43:40.572+0000] {processor.py:161} INFO - Started process (PID=1002) to work on /opt/airflow/dags/model_sample_dags.py
[2025-12-30T18:43:40.576+0000] {processor.py:830} INFO - Processing file /opt/airflow/dags/model_sample_dags.py for tasks to queue
[2025-12-30T18:43:40.584+0000] {logging_mixin.py:188} INFO - [2025-12-30T18:43:40.582+0000] {dagbag.py:545} INFO - Filling up the DagBag from /opt/airflow/dags/model_sample_dags.py
[2025-12-30T18:43:40.679+0000] {processor.py:840} INFO - DAG(s) 'train_model_sample' retrieved from /opt/airflow/dags/model_sample_dags.py
[2025-12-30T18:43:40.772+0000] {logging_mixin.py:188} INFO - [2025-12-30T18:43:40.771+0000] {dag.py:3089} INFO - Sync 1 DAGs
[2025-12-30T18:43:40.823+0000] {logging_mixin.py:188} INFO - [2025-12-30T18:43:40.822+0000] {dag.py:3947} INFO - Setting next_dagrun for train_model_sample to None, run_after=None
[2025-12-30T18:43:40.917+0000] {processor.py:183} INFO - Processing /opt/airflow/dags/model_sample_dags.py took 0.368 seconds
[2025-12-30T18:44:11.969+0000] {processor.py:161} INFO - Started process (PID=1007) to work on /opt/airflow/dags/model_sample_dags.py
[2025-12-30T18:44:11.973+0000] {processor.py:830} INFO - Processing file /opt/airflow/dags/model_sample_dags.py for tasks to queue
[2025-12-30T18:44:11.981+0000] {logging_mixin.py:188} INFO - [2025-12-30T18:44:11.979+0000] {dagbag.py:545} INFO - Filling up the DagBag from /opt/airflow/dags/model_sample_dags.py
[2025-12-30T18:44:12.117+0000] {processor.py:840} INFO - DAG(s) 'train_model_sample' retrieved from /opt/airflow/dags/model_sample_dags.py
[2025-12-30T18:44:12.246+0000] {logging_mixin.py:188} INFO - [2025-12-30T18:44:12.245+0000] {dag.py:3089} INFO - Sync 1 DAGs
[2025-12-30T18:44:12.287+0000] {logging_mixin.py:188} INFO - [2025-12-30T18:44:12.286+0000] {dag.py:3947} INFO - Setting next_dagrun for train_model_sample to None, run_after=None
[2025-12-30T18:44:12.379+0000] {processor.py:183} INFO - Processing /opt/airflow/dags/model_sample_dags.py took 0.431 seconds
[2025-12-30T18:44:43.381+0000] {processor.py:161} INFO - Started process (PID=1012) to work on /opt/airflow/dags/model_sample_dags.py
[2025-12-30T18:44:43.386+0000] {processor.py:830} INFO - Processing file /opt/airflow/dags/model_sample_dags.py for tasks to queue
[2025-12-30T18:44:43.395+0000] {logging_mixin.py:188} INFO - [2025-12-30T18:44:43.394+0000] {dagbag.py:545} INFO - Filling up the DagBag from /opt/airflow/dags/model_sample_dags.py
[2025-12-30T18:44:43.491+0000] {processor.py:840} INFO - DAG(s) 'train_model_sample' retrieved from /opt/airflow/dags/model_sample_dags.py
[2025-12-30T18:44:43.584+0000] {logging_mixin.py:188} INFO - [2025-12-30T18:44:43.583+0000] {dag.py:3089} INFO - Sync 1 DAGs
[2025-12-30T18:44:43.639+0000] {logging_mixin.py:188} INFO - [2025-12-30T18:44:43.638+0000] {dag.py:3947} INFO - Setting next_dagrun for train_model_sample to None, run_after=None
[2025-12-30T18:44:43.732+0000] {processor.py:183} INFO - Processing /opt/airflow/dags/model_sample_dags.py took 0.368 seconds
[2025-12-30T18:45:14.781+0000] {processor.py:161} INFO - Started process (PID=1017) to work on /opt/airflow/dags/model_sample_dags.py
[2025-12-30T18:45:14.785+0000] {processor.py:830} INFO - Processing file /opt/airflow/dags/model_sample_dags.py for tasks to queue
[2025-12-30T18:45:14.794+0000] {logging_mixin.py:188} INFO - [2025-12-30T18:45:14.793+0000] {dagbag.py:545} INFO - Filling up the DagBag from /opt/airflow/dags/model_sample_dags.py
[2025-12-30T18:45:14.889+0000] {processor.py:840} INFO - DAG(s) 'train_model_sample' retrieved from /opt/airflow/dags/model_sample_dags.py
[2025-12-30T18:45:14.981+0000] {logging_mixin.py:188} INFO - [2025-12-30T18:45:14.980+0000] {dag.py:3089} INFO - Sync 1 DAGs
[2025-12-30T18:45:15.060+0000] {logging_mixin.py:188} INFO - [2025-12-30T18:45:15.059+0000] {dag.py:3947} INFO - Setting next_dagrun for train_model_sample to None, run_after=None
[2025-12-30T18:45:15.155+0000] {processor.py:183} INFO - Processing /opt/airflow/dags/model_sample_dags.py took 0.394 seconds
[2025-12-30T18:45:46.226+0000] {processor.py:161} INFO - Started process (PID=1022) to work on /opt/airflow/dags/model_sample_dags.py
[2025-12-30T18:45:46.231+0000] {processor.py:830} INFO - Processing file /opt/airflow/dags/model_sample_dags.py for tasks to queue
[2025-12-30T18:45:46.239+0000] {logging_mixin.py:188} INFO - [2025-12-30T18:45:46.238+0000] {dagbag.py:545} INFO - Filling up the DagBag from /opt/airflow/dags/model_sample_dags.py
[2025-12-30T18:45:46.350+0000] {processor.py:840} INFO - DAG(s) 'train_model_sample' retrieved from /opt/airflow/dags/model_sample_dags.py
[2025-12-30T18:45:46.457+0000] {logging_mixin.py:188} INFO - [2025-12-30T18:45:46.456+0000] {dag.py:3089} INFO - Sync 1 DAGs
[2025-12-30T18:45:46.497+0000] {logging_mixin.py:188} INFO - [2025-12-30T18:45:46.496+0000] {dag.py:3947} INFO - Setting next_dagrun for train_model_sample to None, run_after=None
[2025-12-30T18:45:46.590+0000] {processor.py:183} INFO - Processing /opt/airflow/dags/model_sample_dags.py took 0.382 seconds
[2025-12-30T18:46:17.587+0000] {processor.py:161} INFO - Started process (PID=1027) to work on /opt/airflow/dags/model_sample_dags.py
[2025-12-30T18:46:17.591+0000] {processor.py:830} INFO - Processing file /opt/airflow/dags/model_sample_dags.py for tasks to queue
[2025-12-30T18:46:17.600+0000] {logging_mixin.py:188} INFO - [2025-12-30T18:46:17.599+0000] {dagbag.py:545} INFO - Filling up the DagBag from /opt/airflow/dags/model_sample_dags.py
[2025-12-30T18:46:17.689+0000] {processor.py:840} INFO - DAG(s) 'train_model_sample' retrieved from /opt/airflow/dags/model_sample_dags.py
[2025-12-30T18:46:17.786+0000] {logging_mixin.py:188} INFO - [2025-12-30T18:46:17.785+0000] {dag.py:3089} INFO - Sync 1 DAGs
[2025-12-30T18:46:17.839+0000] {logging_mixin.py:188} INFO - [2025-12-30T18:46:17.837+0000] {dag.py:3947} INFO - Setting next_dagrun for train_model_sample to None, run_after=None
[2025-12-30T18:46:17.922+0000] {processor.py:183} INFO - Processing /opt/airflow/dags/model_sample_dags.py took 0.351 seconds
[2025-12-30T18:46:49.007+0000] {processor.py:161} INFO - Started process (PID=1032) to work on /opt/airflow/dags/model_sample_dags.py
[2025-12-30T18:46:49.012+0000] {processor.py:830} INFO - Processing file /opt/airflow/dags/model_sample_dags.py for tasks to queue
[2025-12-30T18:46:49.022+0000] {logging_mixin.py:188} INFO - [2025-12-30T18:46:49.020+0000] {dagbag.py:545} INFO - Filling up the DagBag from /opt/airflow/dags/model_sample_dags.py
[2025-12-30T18:46:49.106+0000] {processor.py:840} INFO - DAG(s) 'train_model_sample' retrieved from /opt/airflow/dags/model_sample_dags.py
[2025-12-30T18:46:49.213+0000] {logging_mixin.py:188} INFO - [2025-12-30T18:46:49.212+0000] {dag.py:3089} INFO - Sync 1 DAGs
[2025-12-30T18:46:49.265+0000] {logging_mixin.py:188} INFO - [2025-12-30T18:46:49.264+0000] {dag.py:3947} INFO - Setting next_dagrun for train_model_sample to None, run_after=None
[2025-12-30T18:46:49.354+0000] {processor.py:183} INFO - Processing /opt/airflow/dags/model_sample_dags.py took 0.371 seconds
[2025-12-30T18:47:20.460+0000] {processor.py:161} INFO - Started process (PID=1037) to work on /opt/airflow/dags/model_sample_dags.py
[2025-12-30T18:47:20.465+0000] {processor.py:830} INFO - Processing file /opt/airflow/dags/model_sample_dags.py for tasks to queue
[2025-12-30T18:47:20.477+0000] {logging_mixin.py:188} INFO - [2025-12-30T18:47:20.475+0000] {dagbag.py:545} INFO - Filling up the DagBag from /opt/airflow/dags/model_sample_dags.py
[2025-12-30T18:47:20.587+0000] {processor.py:840} INFO - DAG(s) 'train_model_sample' retrieved from /opt/airflow/dags/model_sample_dags.py
[2025-12-30T18:47:20.705+0000] {logging_mixin.py:188} INFO - [2025-12-30T18:47:20.705+0000] {dag.py:3089} INFO - Sync 1 DAGs
[2025-12-30T18:47:20.747+0000] {logging_mixin.py:188} INFO - [2025-12-30T18:47:20.747+0000] {dag.py:3947} INFO - Setting next_dagrun for train_model_sample to None, run_after=None
[2025-12-30T18:47:20.837+0000] {processor.py:183} INFO - Processing /opt/airflow/dags/model_sample_dags.py took 0.400 seconds
[2025-12-30T18:47:52.854+0000] {processor.py:161} INFO - Started process (PID=1042) to work on /opt/airflow/dags/model_sample_dags.py
[2025-12-30T18:47:52.860+0000] {processor.py:830} INFO - Processing file /opt/airflow/dags/model_sample_dags.py for tasks to queue
[2025-12-30T18:47:52.867+0000] {logging_mixin.py:188} INFO - [2025-12-30T18:47:52.866+0000] {dagbag.py:545} INFO - Filling up the DagBag from /opt/airflow/dags/model_sample_dags.py
[2025-12-30T18:47:52.962+0000] {processor.py:840} INFO - DAG(s) 'train_model_sample' retrieved from /opt/airflow/dags/model_sample_dags.py
[2025-12-30T18:47:53.079+0000] {logging_mixin.py:188} INFO - [2025-12-30T18:47:53.077+0000] {dag.py:3089} INFO - Sync 1 DAGs
[2025-12-30T18:47:53.136+0000] {logging_mixin.py:188} INFO - [2025-12-30T18:47:53.135+0000] {dag.py:3947} INFO - Setting next_dagrun for train_model_sample to None, run_after=None
[2025-12-30T18:47:53.226+0000] {processor.py:183} INFO - Processing /opt/airflow/dags/model_sample_dags.py took 0.393 seconds
[2025-12-30T18:48:23.840+0000] {processor.py:161} INFO - Started process (PID=1047) to work on /opt/airflow/dags/model_sample_dags.py
[2025-12-30T18:48:23.845+0000] {processor.py:830} INFO - Processing file /opt/airflow/dags/model_sample_dags.py for tasks to queue
[2025-12-30T18:48:23.852+0000] {logging_mixin.py:188} INFO - [2025-12-30T18:48:23.851+0000] {dagbag.py:545} INFO - Filling up the DagBag from /opt/airflow/dags/model_sample_dags.py
[2025-12-30T18:48:23.952+0000] {processor.py:840} INFO - DAG(s) 'train_model_sample' retrieved from /opt/airflow/dags/model_sample_dags.py
[2025-12-30T18:48:24.053+0000] {logging_mixin.py:188} INFO - [2025-12-30T18:48:24.052+0000] {dag.py:3089} INFO - Sync 1 DAGs
[2025-12-30T18:48:24.093+0000] {logging_mixin.py:188} INFO - [2025-12-30T18:48:24.092+0000] {dag.py:3947} INFO - Setting next_dagrun for train_model_sample to None, run_after=None
[2025-12-30T18:48:24.161+0000] {processor.py:183} INFO - Processing /opt/airflow/dags/model_sample_dags.py took 0.362 seconds
[2025-12-30T18:48:55.418+0000] {processor.py:161} INFO - Started process (PID=1052) to work on /opt/airflow/dags/model_sample_dags.py
[2025-12-30T18:48:55.425+0000] {processor.py:830} INFO - Processing file /opt/airflow/dags/model_sample_dags.py for tasks to queue
[2025-12-30T18:48:55.434+0000] {logging_mixin.py:188} INFO - [2025-12-30T18:48:55.432+0000] {dagbag.py:545} INFO - Filling up the DagBag from /opt/airflow/dags/model_sample_dags.py
[2025-12-30T18:48:55.534+0000] {processor.py:840} INFO - DAG(s) 'train_model_sample' retrieved from /opt/airflow/dags/model_sample_dags.py
[2025-12-30T18:48:55.648+0000] {logging_mixin.py:188} INFO - [2025-12-30T18:48:55.647+0000] {dag.py:3089} INFO - Sync 1 DAGs
[2025-12-30T18:48:55.691+0000] {logging_mixin.py:188} INFO - [2025-12-30T18:48:55.690+0000] {dag.py:3947} INFO - Setting next_dagrun for train_model_sample to None, run_after=None
[2025-12-30T18:48:55.792+0000] {processor.py:183} INFO - Processing /opt/airflow/dags/model_sample_dags.py took 0.401 seconds
[2025-12-30T18:49:26.479+0000] {processor.py:161} INFO - Started process (PID=1057) to work on /opt/airflow/dags/model_sample_dags.py
[2025-12-30T18:49:26.483+0000] {processor.py:830} INFO - Processing file /opt/airflow/dags/model_sample_dags.py for tasks to queue
[2025-12-30T18:49:26.490+0000] {logging_mixin.py:188} INFO - [2025-12-30T18:49:26.489+0000] {dagbag.py:545} INFO - Filling up the DagBag from /opt/airflow/dags/model_sample_dags.py
[2025-12-30T18:49:26.588+0000] {processor.py:840} INFO - DAG(s) 'train_model_sample' retrieved from /opt/airflow/dags/model_sample_dags.py
[2025-12-30T18:49:26.682+0000] {logging_mixin.py:188} INFO - [2025-12-30T18:49:26.681+0000] {dag.py:3089} INFO - Sync 1 DAGs
[2025-12-30T18:49:26.731+0000] {logging_mixin.py:188} INFO - [2025-12-30T18:49:26.730+0000] {dag.py:3947} INFO - Setting next_dagrun for train_model_sample to None, run_after=None
[2025-12-30T18:49:26.813+0000] {processor.py:183} INFO - Processing /opt/airflow/dags/model_sample_dags.py took 0.371 seconds
[2025-12-30T18:49:57.795+0000] {processor.py:161} INFO - Started process (PID=1062) to work on /opt/airflow/dags/model_sample_dags.py
[2025-12-30T18:49:57.800+0000] {processor.py:830} INFO - Processing file /opt/airflow/dags/model_sample_dags.py for tasks to queue
[2025-12-30T18:49:57.807+0000] {logging_mixin.py:188} INFO - [2025-12-30T18:49:57.806+0000] {dagbag.py:545} INFO - Filling up the DagBag from /opt/airflow/dags/model_sample_dags.py
[2025-12-30T18:49:57.914+0000] {processor.py:840} INFO - DAG(s) 'train_model_sample' retrieved from /opt/airflow/dags/model_sample_dags.py
[2025-12-30T18:49:58.033+0000] {logging_mixin.py:188} INFO - [2025-12-30T18:49:58.032+0000] {dag.py:3089} INFO - Sync 1 DAGs
[2025-12-30T18:49:58.093+0000] {logging_mixin.py:188} INFO - [2025-12-30T18:49:58.092+0000] {dag.py:3947} INFO - Setting next_dagrun for train_model_sample to None, run_after=None
[2025-12-30T18:49:58.174+0000] {processor.py:183} INFO - Processing /opt/airflow/dags/model_sample_dags.py took 0.397 seconds
[2025-12-30T18:50:29.188+0000] {processor.py:161} INFO - Started process (PID=1067) to work on /opt/airflow/dags/model_sample_dags.py
[2025-12-30T18:50:29.192+0000] {processor.py:830} INFO - Processing file /opt/airflow/dags/model_sample_dags.py for tasks to queue
[2025-12-30T18:50:29.198+0000] {logging_mixin.py:188} INFO - [2025-12-30T18:50:29.197+0000] {dagbag.py:545} INFO - Filling up the DagBag from /opt/airflow/dags/model_sample_dags.py
[2025-12-30T18:50:29.288+0000] {processor.py:840} INFO - DAG(s) 'train_model_sample' retrieved from /opt/airflow/dags/model_sample_dags.py
[2025-12-30T18:50:29.383+0000] {logging_mixin.py:188} INFO - [2025-12-30T18:50:29.382+0000] {dag.py:3089} INFO - Sync 1 DAGs
[2025-12-30T18:50:29.418+0000] {logging_mixin.py:188} INFO - [2025-12-30T18:50:29.417+0000] {dag.py:3947} INFO - Setting next_dagrun for train_model_sample to None, run_after=None
[2025-12-30T18:50:29.499+0000] {processor.py:183} INFO - Processing /opt/airflow/dags/model_sample_dags.py took 0.331 seconds
[2025-12-30T18:51:01.158+0000] {processor.py:161} INFO - Started process (PID=1072) to work on /opt/airflow/dags/model_sample_dags.py
[2025-12-30T18:51:01.162+0000] {processor.py:830} INFO - Processing file /opt/airflow/dags/model_sample_dags.py for tasks to queue
[2025-12-30T18:51:01.169+0000] {logging_mixin.py:188} INFO - [2025-12-30T18:51:01.168+0000] {dagbag.py:545} INFO - Filling up the DagBag from /opt/airflow/dags/model_sample_dags.py
[2025-12-30T18:51:01.298+0000] {processor.py:840} INFO - DAG(s) 'train_model_sample' retrieved from /opt/airflow/dags/model_sample_dags.py
[2025-12-30T18:51:01.407+0000] {logging_mixin.py:188} INFO - [2025-12-30T18:51:01.406+0000] {dag.py:3089} INFO - Sync 1 DAGs
[2025-12-30T18:51:01.457+0000] {logging_mixin.py:188} INFO - [2025-12-30T18:51:01.456+0000] {dag.py:3947} INFO - Setting next_dagrun for train_model_sample to None, run_after=None
[2025-12-30T18:51:01.538+0000] {processor.py:183} INFO - Processing /opt/airflow/dags/model_sample_dags.py took 0.405 seconds
[2025-12-30T18:51:32.497+0000] {processor.py:161} INFO - Started process (PID=1077) to work on /opt/airflow/dags/model_sample_dags.py
[2025-12-30T18:51:32.501+0000] {processor.py:830} INFO - Processing file /opt/airflow/dags/model_sample_dags.py for tasks to queue
[2025-12-30T18:51:32.508+0000] {logging_mixin.py:188} INFO - [2025-12-30T18:51:32.507+0000] {dagbag.py:545} INFO - Filling up the DagBag from /opt/airflow/dags/model_sample_dags.py
[2025-12-30T18:51:32.606+0000] {processor.py:840} INFO - DAG(s) 'train_model_sample' retrieved from /opt/airflow/dags/model_sample_dags.py
[2025-12-30T18:51:32.694+0000] {logging_mixin.py:188} INFO - [2025-12-30T18:51:32.693+0000] {dag.py:3089} INFO - Sync 1 DAGs
[2025-12-30T18:51:32.729+0000] {logging_mixin.py:188} INFO - [2025-12-30T18:51:32.728+0000] {dag.py:3947} INFO - Setting next_dagrun for train_model_sample to None, run_after=None
[2025-12-30T18:51:32.809+0000] {processor.py:183} INFO - Processing /opt/airflow/dags/model_sample_dags.py took 0.329 seconds
[2025-12-30T18:52:03.864+0000] {processor.py:161} INFO - Started process (PID=1082) to work on /opt/airflow/dags/model_sample_dags.py
[2025-12-30T18:52:03.869+0000] {processor.py:830} INFO - Processing file /opt/airflow/dags/model_sample_dags.py for tasks to queue
[2025-12-30T18:52:03.875+0000] {logging_mixin.py:188} INFO - [2025-12-30T18:52:03.874+0000] {dagbag.py:545} INFO - Filling up the DagBag from /opt/airflow/dags/model_sample_dags.py
[2025-12-30T18:52:03.985+0000] {processor.py:840} INFO - DAG(s) 'train_model_sample' retrieved from /opt/airflow/dags/model_sample_dags.py
[2025-12-30T18:52:04.078+0000] {logging_mixin.py:188} INFO - [2025-12-30T18:52:04.078+0000] {dag.py:3089} INFO - Sync 1 DAGs
[2025-12-30T18:52:04.118+0000] {logging_mixin.py:188} INFO - [2025-12-30T18:52:04.118+0000] {dag.py:3947} INFO - Setting next_dagrun for train_model_sample to None, run_after=None
[2025-12-30T18:52:04.203+0000] {processor.py:183} INFO - Processing /opt/airflow/dags/model_sample_dags.py took 0.359 seconds
[2025-12-30T18:52:35.282+0000] {processor.py:161} INFO - Started process (PID=1087) to work on /opt/airflow/dags/model_sample_dags.py
[2025-12-30T18:52:35.286+0000] {processor.py:830} INFO - Processing file /opt/airflow/dags/model_sample_dags.py for tasks to queue
[2025-12-30T18:52:35.293+0000] {logging_mixin.py:188} INFO - [2025-12-30T18:52:35.292+0000] {dagbag.py:545} INFO - Filling up the DagBag from /opt/airflow/dags/model_sample_dags.py
[2025-12-30T18:52:35.390+0000] {processor.py:840} INFO - DAG(s) 'train_model_sample' retrieved from /opt/airflow/dags/model_sample_dags.py
[2025-12-30T18:52:35.490+0000] {logging_mixin.py:188} INFO - [2025-12-30T18:52:35.489+0000] {dag.py:3089} INFO - Sync 1 DAGs
[2025-12-30T18:52:35.542+0000] {logging_mixin.py:188} INFO - [2025-12-30T18:52:35.542+0000] {dag.py:3947} INFO - Setting next_dagrun for train_model_sample to None, run_after=None
[2025-12-30T18:52:35.625+0000] {processor.py:183} INFO - Processing /opt/airflow/dags/model_sample_dags.py took 0.364 seconds
[2025-12-30T18:53:06.722+0000] {processor.py:161} INFO - Started process (PID=1092) to work on /opt/airflow/dags/model_sample_dags.py
[2025-12-30T18:53:06.726+0000] {processor.py:830} INFO - Processing file /opt/airflow/dags/model_sample_dags.py for tasks to queue
[2025-12-30T18:53:06.736+0000] {logging_mixin.py:188} INFO - [2025-12-30T18:53:06.734+0000] {dagbag.py:545} INFO - Filling up the DagBag from /opt/airflow/dags/model_sample_dags.py
[2025-12-30T18:53:06.837+0000] {processor.py:840} INFO - DAG(s) 'train_model_sample' retrieved from /opt/airflow/dags/model_sample_dags.py
[2025-12-30T18:53:06.929+0000] {logging_mixin.py:188} INFO - [2025-12-30T18:53:06.928+0000] {dag.py:3089} INFO - Sync 1 DAGs
[2025-12-30T18:53:06.977+0000] {logging_mixin.py:188} INFO - [2025-12-30T18:53:06.976+0000] {dag.py:3947} INFO - Setting next_dagrun for train_model_sample to None, run_after=None
[2025-12-30T18:53:07.072+0000] {processor.py:183} INFO - Processing /opt/airflow/dags/model_sample_dags.py took 0.379 seconds
[2025-12-30T18:53:38.177+0000] {processor.py:161} INFO - Started process (PID=1097) to work on /opt/airflow/dags/model_sample_dags.py
[2025-12-30T18:53:38.182+0000] {processor.py:830} INFO - Processing file /opt/airflow/dags/model_sample_dags.py for tasks to queue
[2025-12-30T18:53:38.189+0000] {logging_mixin.py:188} INFO - [2025-12-30T18:53:38.188+0000] {dagbag.py:545} INFO - Filling up the DagBag from /opt/airflow/dags/model_sample_dags.py
[2025-12-30T18:53:38.286+0000] {processor.py:840} INFO - DAG(s) 'train_model_sample' retrieved from /opt/airflow/dags/model_sample_dags.py
[2025-12-30T18:53:38.387+0000] {logging_mixin.py:188} INFO - [2025-12-30T18:53:38.386+0000] {dag.py:3089} INFO - Sync 1 DAGs
[2025-12-30T18:53:38.428+0000] {logging_mixin.py:188} INFO - [2025-12-30T18:53:38.427+0000] {dag.py:3947} INFO - Setting next_dagrun for train_model_sample to None, run_after=None
[2025-12-30T18:53:38.519+0000] {processor.py:183} INFO - Processing /opt/airflow/dags/model_sample_dags.py took 0.374 seconds
[2025-12-30T18:54:09.756+0000] {processor.py:161} INFO - Started process (PID=1102) to work on /opt/airflow/dags/model_sample_dags.py
[2025-12-30T18:54:09.759+0000] {processor.py:830} INFO - Processing file /opt/airflow/dags/model_sample_dags.py for tasks to queue
[2025-12-30T18:54:09.769+0000] {logging_mixin.py:188} INFO - [2025-12-30T18:54:09.767+0000] {dagbag.py:545} INFO - Filling up the DagBag from /opt/airflow/dags/model_sample_dags.py
[2025-12-30T18:54:09.864+0000] {processor.py:840} INFO - DAG(s) 'train_model_sample' retrieved from /opt/airflow/dags/model_sample_dags.py
[2025-12-30T18:54:09.958+0000] {logging_mixin.py:188} INFO - [2025-12-30T18:54:09.957+0000] {dag.py:3089} INFO - Sync 1 DAGs
[2025-12-30T18:54:09.996+0000] {logging_mixin.py:188} INFO - [2025-12-30T18:54:09.995+0000] {dag.py:3947} INFO - Setting next_dagrun for train_model_sample to None, run_after=None
[2025-12-30T18:54:10.084+0000] {processor.py:183} INFO - Processing /opt/airflow/dags/model_sample_dags.py took 0.357 seconds
[2025-12-30T18:54:40.972+0000] {processor.py:161} INFO - Started process (PID=1107) to work on /opt/airflow/dags/model_sample_dags.py
[2025-12-30T18:54:40.976+0000] {processor.py:830} INFO - Processing file /opt/airflow/dags/model_sample_dags.py for tasks to queue
[2025-12-30T18:54:40.984+0000] {logging_mixin.py:188} INFO - [2025-12-30T18:54:40.983+0000] {dagbag.py:545} INFO - Filling up the DagBag from /opt/airflow/dags/model_sample_dags.py
[2025-12-30T18:54:41.084+0000] {processor.py:840} INFO - DAG(s) 'train_model_sample' retrieved from /opt/airflow/dags/model_sample_dags.py
[2025-12-30T18:54:41.195+0000] {logging_mixin.py:188} INFO - [2025-12-30T18:54:41.193+0000] {dag.py:3089} INFO - Sync 1 DAGs
[2025-12-30T18:54:41.254+0000] {logging_mixin.py:188} INFO - [2025-12-30T18:54:41.253+0000] {dag.py:3947} INFO - Setting next_dagrun for train_model_sample to None, run_after=None
[2025-12-30T18:54:41.346+0000] {processor.py:183} INFO - Processing /opt/airflow/dags/model_sample_dags.py took 0.402 seconds
[2025-12-30T18:55:12.441+0000] {processor.py:161} INFO - Started process (PID=1112) to work on /opt/airflow/dags/model_sample_dags.py
[2025-12-30T18:55:12.446+0000] {processor.py:830} INFO - Processing file /opt/airflow/dags/model_sample_dags.py for tasks to queue
[2025-12-30T18:55:12.456+0000] {logging_mixin.py:188} INFO - [2025-12-30T18:55:12.454+0000] {dagbag.py:545} INFO - Filling up the DagBag from /opt/airflow/dags/model_sample_dags.py
[2025-12-30T18:55:12.547+0000] {processor.py:840} INFO - DAG(s) 'train_model_sample' retrieved from /opt/airflow/dags/model_sample_dags.py
[2025-12-30T18:55:12.642+0000] {logging_mixin.py:188} INFO - [2025-12-30T18:55:12.641+0000] {dag.py:3089} INFO - Sync 1 DAGs
[2025-12-30T18:55:12.685+0000] {logging_mixin.py:188} INFO - [2025-12-30T18:55:12.684+0000] {dag.py:3947} INFO - Setting next_dagrun for train_model_sample to None, run_after=None
[2025-12-30T18:55:12.778+0000] {processor.py:183} INFO - Processing /opt/airflow/dags/model_sample_dags.py took 0.358 seconds
[2025-12-30T18:55:43.871+0000] {processor.py:161} INFO - Started process (PID=1117) to work on /opt/airflow/dags/model_sample_dags.py
[2025-12-30T18:55:43.875+0000] {processor.py:830} INFO - Processing file /opt/airflow/dags/model_sample_dags.py for tasks to queue
[2025-12-30T18:55:43.884+0000] {logging_mixin.py:188} INFO - [2025-12-30T18:55:43.883+0000] {dagbag.py:545} INFO - Filling up the DagBag from /opt/airflow/dags/model_sample_dags.py
[2025-12-30T18:55:43.981+0000] {processor.py:840} INFO - DAG(s) 'train_model_sample' retrieved from /opt/airflow/dags/model_sample_dags.py
[2025-12-30T18:55:44.096+0000] {logging_mixin.py:188} INFO - [2025-12-30T18:55:44.095+0000] {dag.py:3089} INFO - Sync 1 DAGs
[2025-12-30T18:55:44.154+0000] {logging_mixin.py:188} INFO - [2025-12-30T18:55:44.153+0000] {dag.py:3947} INFO - Setting next_dagrun for train_model_sample to None, run_after=None
[2025-12-30T18:55:44.248+0000] {processor.py:183} INFO - Processing /opt/airflow/dags/model_sample_dags.py took 0.405 seconds
[2025-12-30T18:56:16.279+0000] {processor.py:161} INFO - Started process (PID=1122) to work on /opt/airflow/dags/model_sample_dags.py
[2025-12-30T18:56:16.285+0000] {processor.py:830} INFO - Processing file /opt/airflow/dags/model_sample_dags.py for tasks to queue
[2025-12-30T18:56:16.293+0000] {logging_mixin.py:188} INFO - [2025-12-30T18:56:16.292+0000] {dagbag.py:545} INFO - Filling up the DagBag from /opt/airflow/dags/model_sample_dags.py
[2025-12-30T18:56:16.386+0000] {processor.py:840} INFO - DAG(s) 'train_model_sample' retrieved from /opt/airflow/dags/model_sample_dags.py
[2025-12-30T18:56:16.500+0000] {logging_mixin.py:188} INFO - [2025-12-30T18:56:16.500+0000] {dag.py:3089} INFO - Sync 1 DAGs
[2025-12-30T18:56:16.554+0000] {logging_mixin.py:188} INFO - [2025-12-30T18:56:16.554+0000] {dag.py:3947} INFO - Setting next_dagrun for train_model_sample to None, run_after=None
[2025-12-30T18:56:16.643+0000] {processor.py:183} INFO - Processing /opt/airflow/dags/model_sample_dags.py took 0.385 seconds
[2025-12-30T18:56:47.235+0000] {processor.py:161} INFO - Started process (PID=1127) to work on /opt/airflow/dags/model_sample_dags.py
[2025-12-30T18:56:47.244+0000] {processor.py:830} INFO - Processing file /opt/airflow/dags/model_sample_dags.py for tasks to queue
[2025-12-30T18:56:47.251+0000] {logging_mixin.py:188} INFO - [2025-12-30T18:56:47.250+0000] {dagbag.py:545} INFO - Filling up the DagBag from /opt/airflow/dags/model_sample_dags.py
[2025-12-30T18:56:47.348+0000] {processor.py:840} INFO - DAG(s) 'train_model_sample' retrieved from /opt/airflow/dags/model_sample_dags.py
[2025-12-30T18:56:47.466+0000] {logging_mixin.py:188} INFO - [2025-12-30T18:56:47.465+0000] {dag.py:3089} INFO - Sync 1 DAGs
[2025-12-30T18:56:47.526+0000] {logging_mixin.py:188} INFO - [2025-12-30T18:56:47.522+0000] {dag.py:3947} INFO - Setting next_dagrun for train_model_sample to None, run_after=None
[2025-12-30T18:56:47.624+0000] {processor.py:183} INFO - Processing /opt/airflow/dags/model_sample_dags.py took 0.413 seconds
[2025-12-30T18:57:18.594+0000] {processor.py:161} INFO - Started process (PID=1132) to work on /opt/airflow/dags/model_sample_dags.py
[2025-12-30T18:57:18.598+0000] {processor.py:830} INFO - Processing file /opt/airflow/dags/model_sample_dags.py for tasks to queue
[2025-12-30T18:57:18.604+0000] {logging_mixin.py:188} INFO - [2025-12-30T18:57:18.603+0000] {dagbag.py:545} INFO - Filling up the DagBag from /opt/airflow/dags/model_sample_dags.py
[2025-12-30T18:57:18.702+0000] {processor.py:840} INFO - DAG(s) 'train_model_sample' retrieved from /opt/airflow/dags/model_sample_dags.py
[2025-12-30T18:57:18.799+0000] {logging_mixin.py:188} INFO - [2025-12-30T18:57:18.798+0000] {dag.py:3089} INFO - Sync 1 DAGs
[2025-12-30T18:57:18.869+0000] {logging_mixin.py:188} INFO - [2025-12-30T18:57:18.868+0000] {dag.py:3947} INFO - Setting next_dagrun for train_model_sample to None, run_after=None
[2025-12-30T18:57:18.963+0000] {processor.py:183} INFO - Processing /opt/airflow/dags/model_sample_dags.py took 0.391 seconds
[2025-12-30T18:57:50.040+0000] {processor.py:161} INFO - Started process (PID=1137) to work on /opt/airflow/dags/model_sample_dags.py
[2025-12-30T18:57:50.047+0000] {processor.py:830} INFO - Processing file /opt/airflow/dags/model_sample_dags.py for tasks to queue
[2025-12-30T18:57:50.056+0000] {logging_mixin.py:188} INFO - [2025-12-30T18:57:50.054+0000] {dagbag.py:545} INFO - Filling up the DagBag from /opt/airflow/dags/model_sample_dags.py
[2025-12-30T18:57:50.154+0000] {processor.py:840} INFO - DAG(s) 'train_model_sample' retrieved from /opt/airflow/dags/model_sample_dags.py
[2025-12-30T18:57:50.254+0000] {logging_mixin.py:188} INFO - [2025-12-30T18:57:50.253+0000] {dag.py:3089} INFO - Sync 1 DAGs
[2025-12-30T18:57:50.297+0000] {logging_mixin.py:188} INFO - [2025-12-30T18:57:50.296+0000] {dag.py:3947} INFO - Setting next_dagrun for train_model_sample to None, run_after=None
[2025-12-30T18:57:50.384+0000] {processor.py:183} INFO - Processing /opt/airflow/dags/model_sample_dags.py took 0.370 seconds
[2025-12-30T18:58:21.477+0000] {processor.py:161} INFO - Started process (PID=1142) to work on /opt/airflow/dags/model_sample_dags.py
[2025-12-30T18:58:21.481+0000] {processor.py:830} INFO - Processing file /opt/airflow/dags/model_sample_dags.py for tasks to queue
[2025-12-30T18:58:21.487+0000] {logging_mixin.py:188} INFO - [2025-12-30T18:58:21.486+0000] {dagbag.py:545} INFO - Filling up the DagBag from /opt/airflow/dags/model_sample_dags.py
[2025-12-30T18:58:21.588+0000] {processor.py:840} INFO - DAG(s) 'train_model_sample' retrieved from /opt/airflow/dags/model_sample_dags.py
[2025-12-30T18:58:21.682+0000] {logging_mixin.py:188} INFO - [2025-12-30T18:58:21.682+0000] {dag.py:3089} INFO - Sync 1 DAGs
[2025-12-30T18:58:21.720+0000] {logging_mixin.py:188} INFO - [2025-12-30T18:58:21.719+0000] {dag.py:3947} INFO - Setting next_dagrun for train_model_sample to None, run_after=None
[2025-12-30T18:58:21.804+0000] {processor.py:183} INFO - Processing /opt/airflow/dags/model_sample_dags.py took 0.346 seconds
[2025-12-30T18:58:53.016+0000] {processor.py:161} INFO - Started process (PID=1147) to work on /opt/airflow/dags/model_sample_dags.py
[2025-12-30T18:58:53.020+0000] {processor.py:830} INFO - Processing file /opt/airflow/dags/model_sample_dags.py for tasks to queue
[2025-12-30T18:58:53.026+0000] {logging_mixin.py:188} INFO - [2025-12-30T18:58:53.025+0000] {dagbag.py:545} INFO - Filling up the DagBag from /opt/airflow/dags/model_sample_dags.py
[2025-12-30T18:58:53.126+0000] {processor.py:840} INFO - DAG(s) 'train_model_sample' retrieved from /opt/airflow/dags/model_sample_dags.py
[2025-12-30T18:58:53.220+0000] {logging_mixin.py:188} INFO - [2025-12-30T18:58:53.219+0000] {dag.py:3089} INFO - Sync 1 DAGs
[2025-12-30T18:58:53.271+0000] {logging_mixin.py:188} INFO - [2025-12-30T18:58:53.270+0000] {dag.py:3947} INFO - Setting next_dagrun for train_model_sample to None, run_after=None
[2025-12-30T18:58:53.353+0000] {processor.py:183} INFO - Processing /opt/airflow/dags/model_sample_dags.py took 0.353 seconds
[2025-12-30T18:59:24.417+0000] {processor.py:161} INFO - Started process (PID=1152) to work on /opt/airflow/dags/model_sample_dags.py
[2025-12-30T18:59:24.421+0000] {processor.py:830} INFO - Processing file /opt/airflow/dags/model_sample_dags.py for tasks to queue
[2025-12-30T18:59:24.428+0000] {logging_mixin.py:188} INFO - [2025-12-30T18:59:24.427+0000] {dagbag.py:545} INFO - Filling up the DagBag from /opt/airflow/dags/model_sample_dags.py
[2025-12-30T18:59:24.512+0000] {processor.py:840} INFO - DAG(s) 'train_model_sample' retrieved from /opt/airflow/dags/model_sample_dags.py
[2025-12-30T18:59:24.608+0000] {logging_mixin.py:188} INFO - [2025-12-30T18:59:24.607+0000] {dag.py:3089} INFO - Sync 1 DAGs
[2025-12-30T18:59:24.669+0000] {logging_mixin.py:188} INFO - [2025-12-30T18:59:24.668+0000] {dag.py:3947} INFO - Setting next_dagrun for train_model_sample to None, run_after=None
[2025-12-30T18:59:24.764+0000] {processor.py:183} INFO - Processing /opt/airflow/dags/model_sample_dags.py took 0.369 seconds
[2025-12-30T18:59:55.833+0000] {processor.py:161} INFO - Started process (PID=1157) to work on /opt/airflow/dags/model_sample_dags.py
[2025-12-30T18:59:55.837+0000] {processor.py:830} INFO - Processing file /opt/airflow/dags/model_sample_dags.py for tasks to queue
[2025-12-30T18:59:55.846+0000] {logging_mixin.py:188} INFO - [2025-12-30T18:59:55.845+0000] {dagbag.py:545} INFO - Filling up the DagBag from /opt/airflow/dags/model_sample_dags.py
[2025-12-30T18:59:55.946+0000] {processor.py:840} INFO - DAG(s) 'train_model_sample' retrieved from /opt/airflow/dags/model_sample_dags.py
[2025-12-30T18:59:56.074+0000] {logging_mixin.py:188} INFO - [2025-12-30T18:59:56.073+0000] {dag.py:3089} INFO - Sync 1 DAGs
[2025-12-30T18:59:56.114+0000] {logging_mixin.py:188} INFO - [2025-12-30T18:59:56.113+0000] {dag.py:3947} INFO - Setting next_dagrun for train_model_sample to None, run_after=None
[2025-12-30T18:59:56.198+0000] {processor.py:183} INFO - Processing /opt/airflow/dags/model_sample_dags.py took 0.385 seconds
[2025-12-30T19:00:27.279+0000] {processor.py:161} INFO - Started process (PID=1162) to work on /opt/airflow/dags/model_sample_dags.py
[2025-12-30T19:00:27.285+0000] {processor.py:830} INFO - Processing file /opt/airflow/dags/model_sample_dags.py for tasks to queue
[2025-12-30T19:00:27.292+0000] {logging_mixin.py:188} INFO - [2025-12-30T19:00:27.291+0000] {dagbag.py:545} INFO - Filling up the DagBag from /opt/airflow/dags/model_sample_dags.py
[2025-12-30T19:00:27.399+0000] {processor.py:840} INFO - DAG(s) 'train_model_sample' retrieved from /opt/airflow/dags/model_sample_dags.py
[2025-12-30T19:00:27.497+0000] {logging_mixin.py:188} INFO - [2025-12-30T19:00:27.496+0000] {dag.py:3089} INFO - Sync 1 DAGs
[2025-12-30T19:00:27.537+0000] {logging_mixin.py:188} INFO - [2025-12-30T19:00:27.536+0000] {dag.py:3947} INFO - Setting next_dagrun for train_model_sample to None, run_after=None
[2025-12-30T19:00:27.624+0000] {processor.py:183} INFO - Processing /opt/airflow/dags/model_sample_dags.py took 0.370 seconds
[2025-12-30T19:00:58.709+0000] {processor.py:161} INFO - Started process (PID=1167) to work on /opt/airflow/dags/model_sample_dags.py
[2025-12-30T19:00:58.714+0000] {processor.py:830} INFO - Processing file /opt/airflow/dags/model_sample_dags.py for tasks to queue
[2025-12-30T19:00:58.726+0000] {logging_mixin.py:188} INFO - [2025-12-30T19:00:58.722+0000] {dagbag.py:545} INFO - Filling up the DagBag from /opt/airflow/dags/model_sample_dags.py
[2025-12-30T19:00:58.844+0000] {processor.py:840} INFO - DAG(s) 'train_model_sample' retrieved from /opt/airflow/dags/model_sample_dags.py
[2025-12-30T19:00:58.969+0000] {logging_mixin.py:188} INFO - [2025-12-30T19:00:58.968+0000] {dag.py:3089} INFO - Sync 1 DAGs
[2025-12-30T19:00:59.013+0000] {logging_mixin.py:188} INFO - [2025-12-30T19:00:59.012+0000] {dag.py:3947} INFO - Setting next_dagrun for train_model_sample to None, run_after=None
[2025-12-30T19:00:59.110+0000] {processor.py:183} INFO - Processing /opt/airflow/dags/model_sample_dags.py took 0.438 seconds
[2025-12-30T19:01:30.129+0000] {processor.py:161} INFO - Started process (PID=1172) to work on /opt/airflow/dags/model_sample_dags.py
[2025-12-30T19:01:30.133+0000] {processor.py:830} INFO - Processing file /opt/airflow/dags/model_sample_dags.py for tasks to queue
[2025-12-30T19:01:30.139+0000] {logging_mixin.py:188} INFO - [2025-12-30T19:01:30.138+0000] {dagbag.py:545} INFO - Filling up the DagBag from /opt/airflow/dags/model_sample_dags.py
[2025-12-30T19:01:30.233+0000] {processor.py:840} INFO - DAG(s) 'train_model_sample' retrieved from /opt/airflow/dags/model_sample_dags.py
[2025-12-30T19:01:30.333+0000] {logging_mixin.py:188} INFO - [2025-12-30T19:01:30.332+0000] {dag.py:3089} INFO - Sync 1 DAGs
[2025-12-30T19:01:30.390+0000] {logging_mixin.py:188} INFO - [2025-12-30T19:01:30.389+0000] {dag.py:3947} INFO - Setting next_dagrun for train_model_sample to None, run_after=None
[2025-12-30T19:01:30.495+0000] {processor.py:183} INFO - Processing /opt/airflow/dags/model_sample_dags.py took 0.382 seconds
[2025-12-30T19:02:01.535+0000] {processor.py:161} INFO - Started process (PID=1177) to work on /opt/airflow/dags/model_sample_dags.py
[2025-12-30T19:02:01.540+0000] {processor.py:830} INFO - Processing file /opt/airflow/dags/model_sample_dags.py for tasks to queue
[2025-12-30T19:02:01.548+0000] {logging_mixin.py:188} INFO - [2025-12-30T19:02:01.546+0000] {dagbag.py:545} INFO - Filling up the DagBag from /opt/airflow/dags/model_sample_dags.py
[2025-12-30T19:02:01.649+0000] {processor.py:840} INFO - DAG(s) 'train_model_sample' retrieved from /opt/airflow/dags/model_sample_dags.py
[2025-12-30T19:02:01.765+0000] {logging_mixin.py:188} INFO - [2025-12-30T19:02:01.764+0000] {dag.py:3089} INFO - Sync 1 DAGs
[2025-12-30T19:02:01.822+0000] {logging_mixin.py:188} INFO - [2025-12-30T19:02:01.821+0000] {dag.py:3947} INFO - Setting next_dagrun for train_model_sample to None, run_after=None
[2025-12-30T19:02:01.903+0000] {processor.py:183} INFO - Processing /opt/airflow/dags/model_sample_dags.py took 0.389 seconds
[2025-12-30T19:02:33.007+0000] {processor.py:161} INFO - Started process (PID=1182) to work on /opt/airflow/dags/model_sample_dags.py
[2025-12-30T19:02:33.012+0000] {processor.py:830} INFO - Processing file /opt/airflow/dags/model_sample_dags.py for tasks to queue
[2025-12-30T19:02:33.019+0000] {logging_mixin.py:188} INFO - [2025-12-30T19:02:33.018+0000] {dagbag.py:545} INFO - Filling up the DagBag from /opt/airflow/dags/model_sample_dags.py
[2025-12-30T19:02:33.120+0000] {processor.py:840} INFO - DAG(s) 'train_model_sample' retrieved from /opt/airflow/dags/model_sample_dags.py
[2025-12-30T19:02:33.219+0000] {logging_mixin.py:188} INFO - [2025-12-30T19:02:33.218+0000] {dag.py:3089} INFO - Sync 1 DAGs
[2025-12-30T19:02:33.265+0000] {logging_mixin.py:188} INFO - [2025-12-30T19:02:33.264+0000] {dag.py:3947} INFO - Setting next_dagrun for train_model_sample to None, run_after=None
[2025-12-30T19:02:33.341+0000] {processor.py:183} INFO - Processing /opt/airflow/dags/model_sample_dags.py took 0.353 seconds
[2025-12-30T19:03:04.947+0000] {processor.py:161} INFO - Started process (PID=1187) to work on /opt/airflow/dags/model_sample_dags.py
[2025-12-30T19:03:04.951+0000] {processor.py:830} INFO - Processing file /opt/airflow/dags/model_sample_dags.py for tasks to queue
[2025-12-30T19:03:04.959+0000] {logging_mixin.py:188} INFO - [2025-12-30T19:03:04.957+0000] {dagbag.py:545} INFO - Filling up the DagBag from /opt/airflow/dags/model_sample_dags.py
[2025-12-30T19:03:05.058+0000] {processor.py:840} INFO - DAG(s) 'train_model_sample' retrieved from /opt/airflow/dags/model_sample_dags.py
[2025-12-30T19:03:05.157+0000] {logging_mixin.py:188} INFO - [2025-12-30T19:03:05.156+0000] {dag.py:3089} INFO - Sync 1 DAGs
[2025-12-30T19:03:05.190+0000] {logging_mixin.py:188} INFO - [2025-12-30T19:03:05.189+0000] {dag.py:3947} INFO - Setting next_dagrun for train_model_sample to None, run_after=None
[2025-12-30T19:03:05.270+0000] {processor.py:183} INFO - Processing /opt/airflow/dags/model_sample_dags.py took 0.341 seconds
[2025-12-30T19:03:36.396+0000] {processor.py:161} INFO - Started process (PID=1192) to work on /opt/airflow/dags/model_sample_dags.py
[2025-12-30T19:03:36.402+0000] {processor.py:830} INFO - Processing file /opt/airflow/dags/model_sample_dags.py for tasks to queue
[2025-12-30T19:03:36.412+0000] {logging_mixin.py:188} INFO - [2025-12-30T19:03:36.409+0000] {dagbag.py:545} INFO - Filling up the DagBag from /opt/airflow/dags/model_sample_dags.py
[2025-12-30T19:03:36.579+0000] {processor.py:840} INFO - DAG(s) 'train_model_sample' retrieved from /opt/airflow/dags/model_sample_dags.py
[2025-12-30T19:03:36.756+0000] {logging_mixin.py:188} INFO - [2025-12-30T19:03:36.755+0000] {dag.py:3089} INFO - Sync 1 DAGs
[2025-12-30T19:03:36.802+0000] {logging_mixin.py:188} INFO - [2025-12-30T19:03:36.802+0000] {dag.py:3947} INFO - Setting next_dagrun for train_model_sample to None, run_after=None
[2025-12-30T19:03:36.896+0000] {processor.py:183} INFO - Processing /opt/airflow/dags/model_sample_dags.py took 0.555 seconds
[2025-12-30T19:04:07.526+0000] {processor.py:161} INFO - Started process (PID=1197) to work on /opt/airflow/dags/model_sample_dags.py
[2025-12-30T19:04:07.533+0000] {processor.py:830} INFO - Processing file /opt/airflow/dags/model_sample_dags.py for tasks to queue
[2025-12-30T19:04:07.543+0000] {logging_mixin.py:188} INFO - [2025-12-30T19:04:07.542+0000] {dagbag.py:545} INFO - Filling up the DagBag from /opt/airflow/dags/model_sample_dags.py
[2025-12-30T19:04:07.663+0000] {processor.py:840} INFO - DAG(s) 'train_model_sample' retrieved from /opt/airflow/dags/model_sample_dags.py
[2025-12-30T19:04:07.768+0000] {logging_mixin.py:188} INFO - [2025-12-30T19:04:07.767+0000] {dag.py:3089} INFO - Sync 1 DAGs
[2025-12-30T19:04:07.812+0000] {logging_mixin.py:188} INFO - [2025-12-30T19:04:07.811+0000] {dag.py:3947} INFO - Setting next_dagrun for train_model_sample to None, run_after=None
[2025-12-30T19:04:07.904+0000] {processor.py:183} INFO - Processing /opt/airflow/dags/model_sample_dags.py took 0.407 seconds
[2025-12-30T19:04:39.003+0000] {processor.py:161} INFO - Started process (PID=1202) to work on /opt/airflow/dags/model_sample_dags.py
[2025-12-30T19:04:39.008+0000] {processor.py:830} INFO - Processing file /opt/airflow/dags/model_sample_dags.py for tasks to queue
[2025-12-30T19:04:39.014+0000] {logging_mixin.py:188} INFO - [2025-12-30T19:04:39.013+0000] {dagbag.py:545} INFO - Filling up the DagBag from /opt/airflow/dags/model_sample_dags.py
[2025-12-30T19:04:39.120+0000] {processor.py:840} INFO - DAG(s) 'train_model_sample' retrieved from /opt/airflow/dags/model_sample_dags.py
[2025-12-30T19:04:39.261+0000] {logging_mixin.py:188} INFO - [2025-12-30T19:04:39.260+0000] {dag.py:3089} INFO - Sync 1 DAGs
[2025-12-30T19:04:39.329+0000] {logging_mixin.py:188} INFO - [2025-12-30T19:04:39.328+0000] {dag.py:3947} INFO - Setting next_dagrun for train_model_sample to None, run_after=None
[2025-12-30T19:04:39.443+0000] {processor.py:183} INFO - Processing /opt/airflow/dags/model_sample_dags.py took 0.473 seconds
[2025-12-30T19:05:10.514+0000] {processor.py:161} INFO - Started process (PID=1207) to work on /opt/airflow/dags/model_sample_dags.py
[2025-12-30T19:05:10.523+0000] {processor.py:830} INFO - Processing file /opt/airflow/dags/model_sample_dags.py for tasks to queue
[2025-12-30T19:05:10.530+0000] {logging_mixin.py:188} INFO - [2025-12-30T19:05:10.528+0000] {dagbag.py:545} INFO - Filling up the DagBag from /opt/airflow/dags/model_sample_dags.py
[2025-12-30T19:05:10.619+0000] {processor.py:840} INFO - DAG(s) 'train_model_sample' retrieved from /opt/airflow/dags/model_sample_dags.py
[2025-12-30T19:05:10.719+0000] {logging_mixin.py:188} INFO - [2025-12-30T19:05:10.718+0000] {dag.py:3089} INFO - Sync 1 DAGs
[2025-12-30T19:05:10.788+0000] {logging_mixin.py:188} INFO - [2025-12-30T19:05:10.788+0000] {dag.py:3947} INFO - Setting next_dagrun for train_model_sample to None, run_after=None
[2025-12-30T19:05:10.865+0000] {processor.py:183} INFO - Processing /opt/airflow/dags/model_sample_dags.py took 0.374 seconds
[2025-12-30T19:05:42.723+0000] {processor.py:161} INFO - Started process (PID=1212) to work on /opt/airflow/dags/model_sample_dags.py
[2025-12-30T19:05:42.726+0000] {processor.py:830} INFO - Processing file /opt/airflow/dags/model_sample_dags.py for tasks to queue
[2025-12-30T19:05:42.731+0000] {logging_mixin.py:188} INFO - [2025-12-30T19:05:42.730+0000] {dagbag.py:545} INFO - Filling up the DagBag from /opt/airflow/dags/model_sample_dags.py
[2025-12-30T19:05:42.807+0000] {processor.py:840} INFO - DAG(s) 'train_model_sample' retrieved from /opt/airflow/dags/model_sample_dags.py
[2025-12-30T19:05:42.883+0000] {logging_mixin.py:188} INFO - [2025-12-30T19:05:42.882+0000] {dag.py:3089} INFO - Sync 1 DAGs
[2025-12-30T19:05:42.916+0000] {logging_mixin.py:188} INFO - [2025-12-30T19:05:42.916+0000] {dag.py:3947} INFO - Setting next_dagrun for train_model_sample to None, run_after=None
[2025-12-30T19:05:42.979+0000] {processor.py:183} INFO - Processing /opt/airflow/dags/model_sample_dags.py took 0.273 seconds
[2025-12-30T19:06:13.663+0000] {processor.py:161} INFO - Started process (PID=1217) to work on /opt/airflow/dags/model_sample_dags.py
[2025-12-30T19:06:13.666+0000] {processor.py:830} INFO - Processing file /opt/airflow/dags/model_sample_dags.py for tasks to queue
[2025-12-30T19:06:13.671+0000] {logging_mixin.py:188} INFO - [2025-12-30T19:06:13.670+0000] {dagbag.py:545} INFO - Filling up the DagBag from /opt/airflow/dags/model_sample_dags.py
[2025-12-30T19:06:13.744+0000] {processor.py:840} INFO - DAG(s) 'train_model_sample' retrieved from /opt/airflow/dags/model_sample_dags.py
[2025-12-30T19:06:13.824+0000] {logging_mixin.py:188} INFO - [2025-12-30T19:06:13.823+0000] {dag.py:3089} INFO - Sync 1 DAGs
[2025-12-30T19:06:13.866+0000] {logging_mixin.py:188} INFO - [2025-12-30T19:06:13.866+0000] {dag.py:3947} INFO - Setting next_dagrun for train_model_sample to None, run_after=None
[2025-12-30T19:06:13.941+0000] {processor.py:183} INFO - Processing /opt/airflow/dags/model_sample_dags.py took 0.295 seconds
[2025-12-30T19:06:47.872+0000] {processor.py:161} INFO - Started process (PID=1222) to work on /opt/airflow/dags/model_sample_dags.py
[2025-12-30T19:06:47.894+0000] {processor.py:830} INFO - Processing file /opt/airflow/dags/model_sample_dags.py for tasks to queue
[2025-12-30T19:06:47.903+0000] {logging_mixin.py:188} INFO - [2025-12-30T19:06:47.903+0000] {dagbag.py:545} INFO - Filling up the DagBag from /opt/airflow/dags/model_sample_dags.py
[2025-12-30T19:06:48.076+0000] {processor.py:840} INFO - DAG(s) 'train_model_sample' retrieved from /opt/airflow/dags/model_sample_dags.py
[2025-12-30T19:06:48.183+0000] {logging_mixin.py:188} INFO - [2025-12-30T19:06:48.182+0000] {dag.py:3089} INFO - Sync 1 DAGs
[2025-12-30T19:06:48.235+0000] {logging_mixin.py:188} INFO - [2025-12-30T19:06:48.235+0000] {dag.py:3947} INFO - Setting next_dagrun for train_model_sample to None, run_after=None
[2025-12-30T19:06:48.297+0000] {processor.py:183} INFO - Processing /opt/airflow/dags/model_sample_dags.py took 0.476 seconds
[2025-12-30T19:07:19.682+0000] {processor.py:161} INFO - Started process (PID=1227) to work on /opt/airflow/dags/model_sample_dags.py
[2025-12-30T19:07:19.689+0000] {processor.py:830} INFO - Processing file /opt/airflow/dags/model_sample_dags.py for tasks to queue
[2025-12-30T19:07:19.699+0000] {logging_mixin.py:188} INFO - [2025-12-30T19:07:19.697+0000] {dagbag.py:545} INFO - Filling up the DagBag from /opt/airflow/dags/model_sample_dags.py
[2025-12-30T19:07:19.770+0000] {processor.py:840} INFO - DAG(s) 'train_model_sample' retrieved from /opt/airflow/dags/model_sample_dags.py
[2025-12-30T19:07:19.837+0000] {logging_mixin.py:188} INFO - [2025-12-30T19:07:19.836+0000] {dag.py:3089} INFO - Sync 1 DAGs
[2025-12-30T19:07:19.869+0000] {logging_mixin.py:188} INFO - [2025-12-30T19:07:19.868+0000] {dag.py:3947} INFO - Setting next_dagrun for train_model_sample to None, run_after=None
[2025-12-30T19:07:19.922+0000] {processor.py:183} INFO - Processing /opt/airflow/dags/model_sample_dags.py took 0.263 seconds
[2025-12-30T19:07:50.769+0000] {processor.py:161} INFO - Started process (PID=1232) to work on /opt/airflow/dags/model_sample_dags.py
[2025-12-30T19:07:50.774+0000] {processor.py:830} INFO - Processing file /opt/airflow/dags/model_sample_dags.py for tasks to queue
[2025-12-30T19:07:50.782+0000] {logging_mixin.py:188} INFO - [2025-12-30T19:07:50.780+0000] {dagbag.py:545} INFO - Filling up the DagBag from /opt/airflow/dags/model_sample_dags.py
[2025-12-30T19:07:50.854+0000] {processor.py:840} INFO - DAG(s) 'train_model_sample' retrieved from /opt/airflow/dags/model_sample_dags.py
[2025-12-30T19:07:50.922+0000] {logging_mixin.py:188} INFO - [2025-12-30T19:07:50.921+0000] {dag.py:3089} INFO - Sync 1 DAGs
[2025-12-30T19:07:50.954+0000] {logging_mixin.py:188} INFO - [2025-12-30T19:07:50.953+0000] {dag.py:3947} INFO - Setting next_dagrun for train_model_sample to None, run_after=None
[2025-12-30T19:07:51.030+0000] {processor.py:183} INFO - Processing /opt/airflow/dags/model_sample_dags.py took 0.276 seconds
[2025-12-30T19:08:22.593+0000] {processor.py:161} INFO - Started process (PID=1237) to work on /opt/airflow/dags/model_sample_dags.py
[2025-12-30T19:08:22.596+0000] {processor.py:830} INFO - Processing file /opt/airflow/dags/model_sample_dags.py for tasks to queue
[2025-12-30T19:08:22.600+0000] {logging_mixin.py:188} INFO - [2025-12-30T19:08:22.600+0000] {dagbag.py:545} INFO - Filling up the DagBag from /opt/airflow/dags/model_sample_dags.py
[2025-12-30T19:08:22.663+0000] {processor.py:840} INFO - DAG(s) 'train_model_sample' retrieved from /opt/airflow/dags/model_sample_dags.py
[2025-12-30T19:08:22.738+0000] {logging_mixin.py:188} INFO - [2025-12-30T19:08:22.737+0000] {dag.py:3089} INFO - Sync 1 DAGs
[2025-12-30T19:08:22.774+0000] {logging_mixin.py:188} INFO - [2025-12-30T19:08:22.774+0000] {dag.py:3947} INFO - Setting next_dagrun for train_model_sample to None, run_after=None
[2025-12-30T19:08:22.846+0000] {processor.py:183} INFO - Processing /opt/airflow/dags/model_sample_dags.py took 0.273 seconds
[2025-12-30T19:08:53.819+0000] {processor.py:161} INFO - Started process (PID=1242) to work on /opt/airflow/dags/model_sample_dags.py
[2025-12-30T19:08:53.821+0000] {processor.py:830} INFO - Processing file /opt/airflow/dags/model_sample_dags.py for tasks to queue
[2025-12-30T19:08:53.825+0000] {logging_mixin.py:188} INFO - [2025-12-30T19:08:53.824+0000] {dagbag.py:545} INFO - Filling up the DagBag from /opt/airflow/dags/model_sample_dags.py
[2025-12-30T19:08:53.882+0000] {processor.py:840} INFO - DAG(s) 'train_model_sample' retrieved from /opt/airflow/dags/model_sample_dags.py
[2025-12-30T19:08:53.936+0000] {logging_mixin.py:188} INFO - [2025-12-30T19:08:53.935+0000] {dag.py:3089} INFO - Sync 1 DAGs
[2025-12-30T19:08:53.966+0000] {logging_mixin.py:188} INFO - [2025-12-30T19:08:53.966+0000] {dag.py:3947} INFO - Setting next_dagrun for train_model_sample to None, run_after=None
[2025-12-30T19:08:54.017+0000] {processor.py:183} INFO - Processing /opt/airflow/dags/model_sample_dags.py took 0.213 seconds
[2025-12-30T19:09:25.626+0000] {processor.py:161} INFO - Started process (PID=1247) to work on /opt/airflow/dags/model_sample_dags.py
[2025-12-30T19:09:25.629+0000] {processor.py:830} INFO - Processing file /opt/airflow/dags/model_sample_dags.py for tasks to queue
[2025-12-30T19:09:25.632+0000] {logging_mixin.py:188} INFO - [2025-12-30T19:09:25.632+0000] {dagbag.py:545} INFO - Filling up the DagBag from /opt/airflow/dags/model_sample_dags.py
[2025-12-30T19:09:25.681+0000] {processor.py:840} INFO - DAG(s) 'train_model_sample' retrieved from /opt/airflow/dags/model_sample_dags.py
[2025-12-30T19:09:25.737+0000] {logging_mixin.py:188} INFO - [2025-12-30T19:09:25.736+0000] {dag.py:3089} INFO - Sync 1 DAGs
[2025-12-30T19:09:25.782+0000] {logging_mixin.py:188} INFO - [2025-12-30T19:09:25.782+0000] {dag.py:3947} INFO - Setting next_dagrun for train_model_sample to None, run_after=None
[2025-12-30T19:09:25.839+0000] {processor.py:183} INFO - Processing /opt/airflow/dags/model_sample_dags.py took 0.224 seconds
[2025-12-30T19:09:57.612+0000] {processor.py:161} INFO - Started process (PID=1252) to work on /opt/airflow/dags/model_sample_dags.py
[2025-12-30T19:09:57.614+0000] {processor.py:830} INFO - Processing file /opt/airflow/dags/model_sample_dags.py for tasks to queue
[2025-12-30T19:09:57.618+0000] {logging_mixin.py:188} INFO - [2025-12-30T19:09:57.617+0000] {dagbag.py:545} INFO - Filling up the DagBag from /opt/airflow/dags/model_sample_dags.py
[2025-12-30T19:09:57.671+0000] {processor.py:840} INFO - DAG(s) 'train_model_sample' retrieved from /opt/airflow/dags/model_sample_dags.py
[2025-12-30T19:09:57.725+0000] {logging_mixin.py:188} INFO - [2025-12-30T19:09:57.725+0000] {dag.py:3089} INFO - Sync 1 DAGs
[2025-12-30T19:09:57.748+0000] {logging_mixin.py:188} INFO - [2025-12-30T19:09:57.748+0000] {dag.py:3947} INFO - Setting next_dagrun for train_model_sample to None, run_after=None
[2025-12-30T19:09:57.800+0000] {processor.py:183} INFO - Processing /opt/airflow/dags/model_sample_dags.py took 0.199 seconds
[2025-12-30T19:10:28.469+0000] {processor.py:161} INFO - Started process (PID=1257) to work on /opt/airflow/dags/model_sample_dags.py
[2025-12-30T19:10:28.471+0000] {processor.py:830} INFO - Processing file /opt/airflow/dags/model_sample_dags.py for tasks to queue
[2025-12-30T19:10:28.475+0000] {logging_mixin.py:188} INFO - [2025-12-30T19:10:28.474+0000] {dagbag.py:545} INFO - Filling up the DagBag from /opt/airflow/dags/model_sample_dags.py
[2025-12-30T19:10:28.509+0000] {processor.py:840} INFO - DAG(s) 'train_model_sample' retrieved from /opt/airflow/dags/model_sample_dags.py
[2025-12-30T19:10:28.568+0000] {logging_mixin.py:188} INFO - [2025-12-30T19:10:28.567+0000] {dag.py:3089} INFO - Sync 1 DAGs
[2025-12-30T19:10:28.592+0000] {logging_mixin.py:188} INFO - [2025-12-30T19:10:28.592+0000] {dag.py:3947} INFO - Setting next_dagrun for train_model_sample to None, run_after=None
[2025-12-30T19:10:28.638+0000] {processor.py:183} INFO - Processing /opt/airflow/dags/model_sample_dags.py took 0.184 seconds
[2025-12-30T19:11:00.409+0000] {processor.py:161} INFO - Started process (PID=1262) to work on /opt/airflow/dags/model_sample_dags.py
[2025-12-30T19:11:00.412+0000] {processor.py:830} INFO - Processing file /opt/airflow/dags/model_sample_dags.py for tasks to queue
[2025-12-30T19:11:00.416+0000] {logging_mixin.py:188} INFO - [2025-12-30T19:11:00.415+0000] {dagbag.py:545} INFO - Filling up the DagBag from /opt/airflow/dags/model_sample_dags.py
[2025-12-30T19:11:00.473+0000] {processor.py:840} INFO - DAG(s) 'train_model_sample' retrieved from /opt/airflow/dags/model_sample_dags.py
[2025-12-30T19:11:00.527+0000] {logging_mixin.py:188} INFO - [2025-12-30T19:11:00.526+0000] {dag.py:3089} INFO - Sync 1 DAGs
[2025-12-30T19:11:00.551+0000] {logging_mixin.py:188} INFO - [2025-12-30T19:11:00.550+0000] {dag.py:3947} INFO - Setting next_dagrun for train_model_sample to None, run_after=None
[2025-12-30T19:11:00.594+0000] {processor.py:183} INFO - Processing /opt/airflow/dags/model_sample_dags.py took 0.196 seconds
[2025-12-30T19:11:31.253+0000] {processor.py:161} INFO - Started process (PID=1267) to work on /opt/airflow/dags/model_sample_dags.py
[2025-12-30T19:11:31.255+0000] {processor.py:830} INFO - Processing file /opt/airflow/dags/model_sample_dags.py for tasks to queue
[2025-12-30T19:11:31.260+0000] {logging_mixin.py:188} INFO - [2025-12-30T19:11:31.259+0000] {dagbag.py:545} INFO - Filling up the DagBag from /opt/airflow/dags/model_sample_dags.py
[2025-12-30T19:11:31.313+0000] {processor.py:840} INFO - DAG(s) 'train_model_sample' retrieved from /opt/airflow/dags/model_sample_dags.py
[2025-12-30T19:11:31.368+0000] {logging_mixin.py:188} INFO - [2025-12-30T19:11:31.367+0000] {dag.py:3089} INFO - Sync 1 DAGs
[2025-12-30T19:11:31.391+0000] {logging_mixin.py:188} INFO - [2025-12-30T19:11:31.391+0000] {dag.py:3947} INFO - Setting next_dagrun for train_model_sample to None, run_after=None
[2025-12-30T19:11:31.442+0000] {processor.py:183} INFO - Processing /opt/airflow/dags/model_sample_dags.py took 0.201 seconds
[2025-12-30T19:12:03.202+0000] {processor.py:161} INFO - Started process (PID=1272) to work on /opt/airflow/dags/model_sample_dags.py
[2025-12-30T19:12:03.204+0000] {processor.py:830} INFO - Processing file /opt/airflow/dags/model_sample_dags.py for tasks to queue
[2025-12-30T19:12:03.208+0000] {logging_mixin.py:188} INFO - [2025-12-30T19:12:03.207+0000] {dagbag.py:545} INFO - Filling up the DagBag from /opt/airflow/dags/model_sample_dags.py
[2025-12-30T19:12:03.259+0000] {processor.py:840} INFO - DAG(s) 'train_model_sample' retrieved from /opt/airflow/dags/model_sample_dags.py
[2025-12-30T19:12:03.319+0000] {logging_mixin.py:188} INFO - [2025-12-30T19:12:03.319+0000] {dag.py:3089} INFO - Sync 1 DAGs
[2025-12-30T19:12:03.348+0000] {logging_mixin.py:188} INFO - [2025-12-30T19:12:03.347+0000] {dag.py:3947} INFO - Setting next_dagrun for train_model_sample to None, run_after=None
[2025-12-30T19:12:03.404+0000] {processor.py:183} INFO - Processing /opt/airflow/dags/model_sample_dags.py took 0.214 seconds
[2025-12-30T19:12:34.265+0000] {processor.py:161} INFO - Started process (PID=1277) to work on /opt/airflow/dags/model_sample_dags.py
[2025-12-30T19:12:34.267+0000] {processor.py:830} INFO - Processing file /opt/airflow/dags/model_sample_dags.py for tasks to queue
[2025-12-30T19:12:34.271+0000] {logging_mixin.py:188} INFO - [2025-12-30T19:12:34.271+0000] {dagbag.py:545} INFO - Filling up the DagBag from /opt/airflow/dags/model_sample_dags.py
[2025-12-30T19:12:34.302+0000] {processor.py:840} INFO - DAG(s) 'train_model_sample' retrieved from /opt/airflow/dags/model_sample_dags.py
[2025-12-30T19:12:34.345+0000] {logging_mixin.py:188} INFO - [2025-12-30T19:12:34.344+0000] {dag.py:3089} INFO - Sync 1 DAGs
[2025-12-30T19:12:34.365+0000] {logging_mixin.py:188} INFO - [2025-12-30T19:12:34.365+0000] {dag.py:3947} INFO - Setting next_dagrun for train_model_sample to None, run_after=None
[2025-12-30T19:12:34.397+0000] {processor.py:183} INFO - Processing /opt/airflow/dags/model_sample_dags.py took 0.145 seconds
[2025-12-30T19:13:06.039+0000] {processor.py:161} INFO - Started process (PID=1282) to work on /opt/airflow/dags/model_sample_dags.py
[2025-12-30T19:13:06.041+0000] {processor.py:830} INFO - Processing file /opt/airflow/dags/model_sample_dags.py for tasks to queue
[2025-12-30T19:13:06.045+0000] {logging_mixin.py:188} INFO - [2025-12-30T19:13:06.044+0000] {dagbag.py:545} INFO - Filling up the DagBag from /opt/airflow/dags/model_sample_dags.py
[2025-12-30T19:13:06.077+0000] {processor.py:840} INFO - DAG(s) 'train_model_sample' retrieved from /opt/airflow/dags/model_sample_dags.py
[2025-12-30T19:13:06.150+0000] {logging_mixin.py:188} INFO - [2025-12-30T19:13:06.150+0000] {dag.py:3089} INFO - Sync 1 DAGs
[2025-12-30T19:13:06.191+0000] {logging_mixin.py:188} INFO - [2025-12-30T19:13:06.191+0000] {dag.py:3947} INFO - Setting next_dagrun for train_model_sample to None, run_after=None
[2025-12-30T19:13:06.247+0000] {processor.py:183} INFO - Processing /opt/airflow/dags/model_sample_dags.py took 0.220 seconds
[2025-12-30T19:13:38.013+0000] {processor.py:161} INFO - Started process (PID=1287) to work on /opt/airflow/dags/model_sample_dags.py
[2025-12-30T19:13:38.016+0000] {processor.py:830} INFO - Processing file /opt/airflow/dags/model_sample_dags.py for tasks to queue
[2025-12-30T19:13:38.021+0000] {logging_mixin.py:188} INFO - [2025-12-30T19:13:38.020+0000] {dagbag.py:545} INFO - Filling up the DagBag from /opt/airflow/dags/model_sample_dags.py
[2025-12-30T19:13:38.071+0000] {processor.py:840} INFO - DAG(s) 'train_model_sample' retrieved from /opt/airflow/dags/model_sample_dags.py
[2025-12-30T19:13:38.126+0000] {logging_mixin.py:188} INFO - [2025-12-30T19:13:38.126+0000] {dag.py:3089} INFO - Sync 1 DAGs
[2025-12-30T19:13:38.157+0000] {logging_mixin.py:188} INFO - [2025-12-30T19:13:38.156+0000] {dag.py:3947} INFO - Setting next_dagrun for train_model_sample to None, run_after=None
[2025-12-30T19:13:38.205+0000] {processor.py:183} INFO - Processing /opt/airflow/dags/model_sample_dags.py took 0.211 seconds
[2025-12-30T19:14:09.094+0000] {processor.py:161} INFO - Started process (PID=1292) to work on /opt/airflow/dags/model_sample_dags.py
[2025-12-30T19:14:09.097+0000] {processor.py:830} INFO - Processing file /opt/airflow/dags/model_sample_dags.py for tasks to queue
[2025-12-30T19:14:09.103+0000] {logging_mixin.py:188} INFO - [2025-12-30T19:14:09.102+0000] {dagbag.py:545} INFO - Filling up the DagBag from /opt/airflow/dags/model_sample_dags.py
[2025-12-30T19:14:09.182+0000] {processor.py:840} INFO - DAG(s) 'train_model_sample' retrieved from /opt/airflow/dags/model_sample_dags.py
[2025-12-30T19:14:09.261+0000] {logging_mixin.py:188} INFO - [2025-12-30T19:14:09.260+0000] {dag.py:3089} INFO - Sync 1 DAGs
[2025-12-30T19:14:09.301+0000] {logging_mixin.py:188} INFO - [2025-12-30T19:14:09.300+0000] {dag.py:3947} INFO - Setting next_dagrun for train_model_sample to None, run_after=None
[2025-12-30T19:14:09.361+0000] {processor.py:183} INFO - Processing /opt/airflow/dags/model_sample_dags.py took 0.284 seconds
[2025-12-30T19:14:40.967+0000] {processor.py:161} INFO - Started process (PID=1297) to work on /opt/airflow/dags/model_sample_dags.py
[2025-12-30T19:14:40.969+0000] {processor.py:830} INFO - Processing file /opt/airflow/dags/model_sample_dags.py for tasks to queue
[2025-12-30T19:14:40.973+0000] {logging_mixin.py:188} INFO - [2025-12-30T19:14:40.972+0000] {dagbag.py:545} INFO - Filling up the DagBag from /opt/airflow/dags/model_sample_dags.py
[2025-12-30T19:14:41.012+0000] {processor.py:840} INFO - DAG(s) 'train_model_sample' retrieved from /opt/airflow/dags/model_sample_dags.py
[2025-12-30T19:14:41.080+0000] {logging_mixin.py:188} INFO - [2025-12-30T19:14:41.079+0000] {dag.py:3089} INFO - Sync 1 DAGs
[2025-12-30T19:14:41.110+0000] {logging_mixin.py:188} INFO - [2025-12-30T19:14:41.110+0000] {dag.py:3947} INFO - Setting next_dagrun for train_model_sample to None, run_after=None
[2025-12-30T19:14:41.156+0000] {processor.py:183} INFO - Processing /opt/airflow/dags/model_sample_dags.py took 0.201 seconds
[2025-12-30T19:15:11.992+0000] {processor.py:161} INFO - Started process (PID=1302) to work on /opt/airflow/dags/model_sample_dags.py
[2025-12-30T19:15:11.996+0000] {processor.py:830} INFO - Processing file /opt/airflow/dags/model_sample_dags.py for tasks to queue
[2025-12-30T19:15:12.001+0000] {logging_mixin.py:188} INFO - [2025-12-30T19:15:12.000+0000] {dagbag.py:545} INFO - Filling up the DagBag from /opt/airflow/dags/model_sample_dags.py
[2025-12-30T19:15:12.068+0000] {processor.py:840} INFO - DAG(s) 'train_model_sample' retrieved from /opt/airflow/dags/model_sample_dags.py
[2025-12-30T19:15:12.122+0000] {logging_mixin.py:188} INFO - [2025-12-30T19:15:12.121+0000] {dag.py:3089} INFO - Sync 1 DAGs
[2025-12-30T19:15:12.147+0000] {logging_mixin.py:188} INFO - [2025-12-30T19:15:12.146+0000] {dag.py:3947} INFO - Setting next_dagrun for train_model_sample to None, run_after=None
[2025-12-30T19:15:12.217+0000] {processor.py:183} INFO - Processing /opt/airflow/dags/model_sample_dags.py took 0.242 seconds
[2025-12-30T19:15:43.796+0000] {processor.py:161} INFO - Started process (PID=1307) to work on /opt/airflow/dags/model_sample_dags.py
[2025-12-30T19:15:43.798+0000] {processor.py:830} INFO - Processing file /opt/airflow/dags/model_sample_dags.py for tasks to queue
[2025-12-30T19:15:43.801+0000] {logging_mixin.py:188} INFO - [2025-12-30T19:15:43.801+0000] {dagbag.py:545} INFO - Filling up the DagBag from /opt/airflow/dags/model_sample_dags.py
[2025-12-30T19:15:43.855+0000] {processor.py:840} INFO - DAG(s) 'train_model_sample' retrieved from /opt/airflow/dags/model_sample_dags.py
[2025-12-30T19:15:43.916+0000] {logging_mixin.py:188} INFO - [2025-12-30T19:15:43.915+0000] {dag.py:3089} INFO - Sync 1 DAGs
[2025-12-30T19:15:43.939+0000] {logging_mixin.py:188} INFO - [2025-12-30T19:15:43.939+0000] {dag.py:3947} INFO - Setting next_dagrun for train_model_sample to None, run_after=None
[2025-12-30T19:15:43.980+0000] {processor.py:183} INFO - Processing /opt/airflow/dags/model_sample_dags.py took 0.197 seconds
[2025-12-30T19:16:14.916+0000] {processor.py:161} INFO - Started process (PID=1312) to work on /opt/airflow/dags/model_sample_dags.py
[2025-12-30T19:16:14.919+0000] {processor.py:830} INFO - Processing file /opt/airflow/dags/model_sample_dags.py for tasks to queue
[2025-12-30T19:16:14.924+0000] {logging_mixin.py:188} INFO - [2025-12-30T19:16:14.923+0000] {dagbag.py:545} INFO - Filling up the DagBag from /opt/airflow/dags/model_sample_dags.py
[2025-12-30T19:16:14.994+0000] {processor.py:840} INFO - DAG(s) 'train_model_sample' retrieved from /opt/airflow/dags/model_sample_dags.py
[2025-12-30T19:16:15.053+0000] {logging_mixin.py:188} INFO - [2025-12-30T19:16:15.052+0000] {dag.py:3089} INFO - Sync 1 DAGs
[2025-12-30T19:16:15.085+0000] {logging_mixin.py:188} INFO - [2025-12-30T19:16:15.084+0000] {dag.py:3947} INFO - Setting next_dagrun for train_model_sample to None, run_after=None
[2025-12-30T19:16:15.135+0000] {processor.py:183} INFO - Processing /opt/airflow/dags/model_sample_dags.py took 0.234 seconds
[2025-12-30T19:16:46.735+0000] {processor.py:161} INFO - Started process (PID=1317) to work on /opt/airflow/dags/model_sample_dags.py
[2025-12-30T19:16:46.738+0000] {processor.py:830} INFO - Processing file /opt/airflow/dags/model_sample_dags.py for tasks to queue
[2025-12-30T19:16:46.741+0000] {logging_mixin.py:188} INFO - [2025-12-30T19:16:46.741+0000] {dagbag.py:545} INFO - Filling up the DagBag from /opt/airflow/dags/model_sample_dags.py
[2025-12-30T19:16:46.774+0000] {processor.py:840} INFO - DAG(s) 'train_model_sample' retrieved from /opt/airflow/dags/model_sample_dags.py
[2025-12-30T19:16:46.834+0000] {logging_mixin.py:188} INFO - [2025-12-30T19:16:46.834+0000] {dag.py:3089} INFO - Sync 1 DAGs
[2025-12-30T19:16:46.857+0000] {logging_mixin.py:188} INFO - [2025-12-30T19:16:46.857+0000] {dag.py:3947} INFO - Setting next_dagrun for train_model_sample to None, run_after=None
[2025-12-30T19:16:46.897+0000] {processor.py:183} INFO - Processing /opt/airflow/dags/model_sample_dags.py took 0.173 seconds
[2025-12-30T19:17:18.492+0000] {processor.py:161} INFO - Started process (PID=1322) to work on /opt/airflow/dags/model_sample_dags.py
[2025-12-30T19:17:18.494+0000] {processor.py:830} INFO - Processing file /opt/airflow/dags/model_sample_dags.py for tasks to queue
[2025-12-30T19:17:18.499+0000] {logging_mixin.py:188} INFO - [2025-12-30T19:17:18.498+0000] {dagbag.py:545} INFO - Filling up the DagBag from /opt/airflow/dags/model_sample_dags.py
[2025-12-30T19:17:18.533+0000] {processor.py:840} INFO - DAG(s) 'train_model_sample' retrieved from /opt/airflow/dags/model_sample_dags.py
[2025-12-30T19:17:18.581+0000] {logging_mixin.py:188} INFO - [2025-12-30T19:17:18.581+0000] {dag.py:3089} INFO - Sync 1 DAGs
[2025-12-30T19:17:18.603+0000] {logging_mixin.py:188} INFO - [2025-12-30T19:17:18.603+0000] {dag.py:3947} INFO - Setting next_dagrun for train_model_sample to None, run_after=None
[2025-12-30T19:17:18.642+0000] {processor.py:183} INFO - Processing /opt/airflow/dags/model_sample_dags.py took 0.162 seconds
[2025-12-30T19:17:49.503+0000] {processor.py:161} INFO - Started process (PID=1327) to work on /opt/airflow/dags/model_sample_dags.py
[2025-12-30T19:17:49.505+0000] {processor.py:830} INFO - Processing file /opt/airflow/dags/model_sample_dags.py for tasks to queue
[2025-12-30T19:17:49.509+0000] {logging_mixin.py:188} INFO - [2025-12-30T19:17:49.509+0000] {dagbag.py:545} INFO - Filling up the DagBag from /opt/airflow/dags/model_sample_dags.py
[2025-12-30T19:17:49.564+0000] {processor.py:840} INFO - DAG(s) 'train_model_sample' retrieved from /opt/airflow/dags/model_sample_dags.py
[2025-12-30T19:17:49.615+0000] {logging_mixin.py:188} INFO - [2025-12-30T19:17:49.615+0000] {dag.py:3089} INFO - Sync 1 DAGs
[2025-12-30T19:17:49.640+0000] {logging_mixin.py:188} INFO - [2025-12-30T19:17:49.639+0000] {dag.py:3947} INFO - Setting next_dagrun for train_model_sample to None, run_after=None
[2025-12-30T19:17:49.683+0000] {processor.py:183} INFO - Processing /opt/airflow/dags/model_sample_dags.py took 0.191 seconds
[2025-12-30T19:18:21.399+0000] {processor.py:161} INFO - Started process (PID=1332) to work on /opt/airflow/dags/model_sample_dags.py
[2025-12-30T19:18:21.402+0000] {processor.py:830} INFO - Processing file /opt/airflow/dags/model_sample_dags.py for tasks to queue
[2025-12-30T19:18:21.413+0000] {logging_mixin.py:188} INFO - [2025-12-30T19:18:21.412+0000] {dagbag.py:545} INFO - Filling up the DagBag from /opt/airflow/dags/model_sample_dags.py
[2025-12-30T19:18:21.486+0000] {processor.py:840} INFO - DAG(s) 'train_model_sample' retrieved from /opt/airflow/dags/model_sample_dags.py
[2025-12-30T19:18:21.568+0000] {logging_mixin.py:188} INFO - [2025-12-30T19:18:21.567+0000] {dag.py:3089} INFO - Sync 1 DAGs
[2025-12-30T19:18:21.594+0000] {logging_mixin.py:188} INFO - [2025-12-30T19:18:21.594+0000] {dag.py:3947} INFO - Setting next_dagrun for train_model_sample to None, run_after=None
[2025-12-30T19:18:21.631+0000] {processor.py:183} INFO - Processing /opt/airflow/dags/model_sample_dags.py took 0.295 seconds
[2025-12-30T19:18:52.606+0000] {processor.py:161} INFO - Started process (PID=1337) to work on /opt/airflow/dags/model_sample_dags.py
[2025-12-30T19:18:52.609+0000] {processor.py:830} INFO - Processing file /opt/airflow/dags/model_sample_dags.py for tasks to queue
[2025-12-30T19:18:52.613+0000] {logging_mixin.py:188} INFO - [2025-12-30T19:18:52.612+0000] {dagbag.py:545} INFO - Filling up the DagBag from /opt/airflow/dags/model_sample_dags.py
[2025-12-30T19:18:52.670+0000] {processor.py:840} INFO - DAG(s) 'train_model_sample' retrieved from /opt/airflow/dags/model_sample_dags.py
[2025-12-30T19:18:52.721+0000] {logging_mixin.py:188} INFO - [2025-12-30T19:18:52.720+0000] {dag.py:3089} INFO - Sync 1 DAGs
[2025-12-30T19:18:52.752+0000] {logging_mixin.py:188} INFO - [2025-12-30T19:18:52.752+0000] {dag.py:3947} INFO - Setting next_dagrun for train_model_sample to None, run_after=None
[2025-12-30T19:18:52.788+0000] {processor.py:183} INFO - Processing /opt/airflow/dags/model_sample_dags.py took 0.200 seconds
[2025-12-30T19:19:24.361+0000] {processor.py:161} INFO - Started process (PID=1342) to work on /opt/airflow/dags/model_sample_dags.py
[2025-12-30T19:19:24.363+0000] {processor.py:830} INFO - Processing file /opt/airflow/dags/model_sample_dags.py for tasks to queue
[2025-12-30T19:19:24.367+0000] {logging_mixin.py:188} INFO - [2025-12-30T19:19:24.366+0000] {dagbag.py:545} INFO - Filling up the DagBag from /opt/airflow/dags/model_sample_dags.py
[2025-12-30T19:19:24.422+0000] {processor.py:840} INFO - DAG(s) 'train_model_sample' retrieved from /opt/airflow/dags/model_sample_dags.py
[2025-12-30T19:19:24.471+0000] {logging_mixin.py:188} INFO - [2025-12-30T19:19:24.471+0000] {dag.py:3089} INFO - Sync 1 DAGs
[2025-12-30T19:19:24.494+0000] {logging_mixin.py:188} INFO - [2025-12-30T19:19:24.493+0000] {dag.py:3947} INFO - Setting next_dagrun for train_model_sample to None, run_after=None
[2025-12-30T19:19:24.535+0000] {processor.py:183} INFO - Processing /opt/airflow/dags/model_sample_dags.py took 0.186 seconds
[2025-12-30T19:19:56.221+0000] {processor.py:161} INFO - Started process (PID=1347) to work on /opt/airflow/dags/model_sample_dags.py
[2025-12-30T19:19:56.224+0000] {processor.py:830} INFO - Processing file /opt/airflow/dags/model_sample_dags.py for tasks to queue
[2025-12-30T19:19:56.230+0000] {logging_mixin.py:188} INFO - [2025-12-30T19:19:56.229+0000] {dagbag.py:545} INFO - Filling up the DagBag from /opt/airflow/dags/model_sample_dags.py
[2025-12-30T19:19:56.290+0000] {processor.py:840} INFO - DAG(s) 'train_model_sample' retrieved from /opt/airflow/dags/model_sample_dags.py
[2025-12-30T19:19:56.345+0000] {logging_mixin.py:188} INFO - [2025-12-30T19:19:56.344+0000] {dag.py:3089} INFO - Sync 1 DAGs
[2025-12-30T19:19:56.369+0000] {logging_mixin.py:188} INFO - [2025-12-30T19:19:56.369+0000] {dag.py:3947} INFO - Setting next_dagrun for train_model_sample to None, run_after=None
[2025-12-30T19:19:56.413+0000] {processor.py:183} INFO - Processing /opt/airflow/dags/model_sample_dags.py took 0.208 seconds
[2025-12-30T19:20:27.206+0000] {processor.py:161} INFO - Started process (PID=1352) to work on /opt/airflow/dags/model_sample_dags.py
[2025-12-30T19:20:27.208+0000] {processor.py:830} INFO - Processing file /opt/airflow/dags/model_sample_dags.py for tasks to queue
[2025-12-30T19:20:27.211+0000] {logging_mixin.py:188} INFO - [2025-12-30T19:20:27.211+0000] {dagbag.py:545} INFO - Filling up the DagBag from /opt/airflow/dags/model_sample_dags.py
[2025-12-30T19:20:27.248+0000] {processor.py:840} INFO - DAG(s) 'train_model_sample' retrieved from /opt/airflow/dags/model_sample_dags.py
[2025-12-30T19:20:27.306+0000] {logging_mixin.py:188} INFO - [2025-12-30T19:20:27.305+0000] {dag.py:3089} INFO - Sync 1 DAGs
[2025-12-30T19:20:27.338+0000] {logging_mixin.py:188} INFO - [2025-12-30T19:20:27.337+0000] {dag.py:3947} INFO - Setting next_dagrun for train_model_sample to None, run_after=None
[2025-12-30T19:20:27.388+0000] {processor.py:183} INFO - Processing /opt/airflow/dags/model_sample_dags.py took 0.194 seconds
[2025-12-30T19:20:59.082+0000] {processor.py:161} INFO - Started process (PID=1357) to work on /opt/airflow/dags/model_sample_dags.py
[2025-12-30T19:20:59.084+0000] {processor.py:830} INFO - Processing file /opt/airflow/dags/model_sample_dags.py for tasks to queue
[2025-12-30T19:20:59.087+0000] {logging_mixin.py:188} INFO - [2025-12-30T19:20:59.087+0000] {dagbag.py:545} INFO - Filling up the DagBag from /opt/airflow/dags/model_sample_dags.py
[2025-12-30T19:20:59.123+0000] {processor.py:840} INFO - DAG(s) 'train_model_sample' retrieved from /opt/airflow/dags/model_sample_dags.py
[2025-12-30T19:20:59.178+0000] {logging_mixin.py:188} INFO - [2025-12-30T19:20:59.177+0000] {dag.py:3089} INFO - Sync 1 DAGs
[2025-12-30T19:20:59.206+0000] {logging_mixin.py:188} INFO - [2025-12-30T19:20:59.206+0000] {dag.py:3947} INFO - Setting next_dagrun for train_model_sample to None, run_after=None
[2025-12-30T19:20:59.248+0000] {processor.py:183} INFO - Processing /opt/airflow/dags/model_sample_dags.py took 0.178 seconds
[2025-12-30T19:21:31.079+0000] {processor.py:161} INFO - Started process (PID=1362) to work on /opt/airflow/dags/model_sample_dags.py
[2025-12-30T19:21:31.082+0000] {processor.py:830} INFO - Processing file /opt/airflow/dags/model_sample_dags.py for tasks to queue
[2025-12-30T19:21:31.085+0000] {logging_mixin.py:188} INFO - [2025-12-30T19:21:31.085+0000] {dagbag.py:545} INFO - Filling up the DagBag from /opt/airflow/dags/model_sample_dags.py
[2025-12-30T19:21:31.142+0000] {processor.py:840} INFO - DAG(s) 'train_model_sample' retrieved from /opt/airflow/dags/model_sample_dags.py
[2025-12-30T19:21:31.189+0000] {logging_mixin.py:188} INFO - [2025-12-30T19:21:31.189+0000] {dag.py:3089} INFO - Sync 1 DAGs
[2025-12-30T19:21:31.210+0000] {logging_mixin.py:188} INFO - [2025-12-30T19:21:31.209+0000] {dag.py:3947} INFO - Setting next_dagrun for train_model_sample to None, run_after=None
[2025-12-30T19:21:31.250+0000] {processor.py:183} INFO - Processing /opt/airflow/dags/model_sample_dags.py took 0.181 seconds
[2025-12-30T19:22:01.896+0000] {processor.py:161} INFO - Started process (PID=1367) to work on /opt/airflow/dags/model_sample_dags.py
[2025-12-30T19:22:01.899+0000] {processor.py:830} INFO - Processing file /opt/airflow/dags/model_sample_dags.py for tasks to queue
[2025-12-30T19:22:01.902+0000] {logging_mixin.py:188} INFO - [2025-12-30T19:22:01.902+0000] {dagbag.py:545} INFO - Filling up the DagBag from /opt/airflow/dags/model_sample_dags.py
[2025-12-30T19:22:01.964+0000] {processor.py:840} INFO - DAG(s) 'train_model_sample' retrieved from /opt/airflow/dags/model_sample_dags.py
[2025-12-30T19:22:02.023+0000] {logging_mixin.py:188} INFO - [2025-12-30T19:22:02.022+0000] {dag.py:3089} INFO - Sync 1 DAGs
[2025-12-30T19:22:02.049+0000] {logging_mixin.py:188} INFO - [2025-12-30T19:22:02.049+0000] {dag.py:3947} INFO - Setting next_dagrun for train_model_sample to None, run_after=None
[2025-12-30T19:22:02.097+0000] {processor.py:183} INFO - Processing /opt/airflow/dags/model_sample_dags.py took 0.212 seconds
[2025-12-30T19:22:33.949+0000] {processor.py:161} INFO - Started process (PID=1372) to work on /opt/airflow/dags/model_sample_dags.py
[2025-12-30T19:22:33.951+0000] {processor.py:830} INFO - Processing file /opt/airflow/dags/model_sample_dags.py for tasks to queue
[2025-12-30T19:22:33.955+0000] {logging_mixin.py:188} INFO - [2025-12-30T19:22:33.955+0000] {dagbag.py:545} INFO - Filling up the DagBag from /opt/airflow/dags/model_sample_dags.py
[2025-12-30T19:22:34.007+0000] {processor.py:840} INFO - DAG(s) 'train_model_sample' retrieved from /opt/airflow/dags/model_sample_dags.py
[2025-12-30T19:22:34.071+0000] {logging_mixin.py:188} INFO - [2025-12-30T19:22:34.070+0000] {dag.py:3089} INFO - Sync 1 DAGs
[2025-12-30T19:22:34.102+0000] {logging_mixin.py:188} INFO - [2025-12-30T19:22:34.101+0000] {dag.py:3947} INFO - Setting next_dagrun for train_model_sample to None, run_after=None
[2025-12-30T19:22:34.151+0000] {processor.py:183} INFO - Processing /opt/airflow/dags/model_sample_dags.py took 0.216 seconds
[2025-12-30T19:23:04.833+0000] {processor.py:161} INFO - Started process (PID=1377) to work on /opt/airflow/dags/model_sample_dags.py
[2025-12-30T19:23:04.836+0000] {processor.py:830} INFO - Processing file /opt/airflow/dags/model_sample_dags.py for tasks to queue
[2025-12-30T19:23:04.841+0000] {logging_mixin.py:188} INFO - [2025-12-30T19:23:04.840+0000] {dagbag.py:545} INFO - Filling up the DagBag from /opt/airflow/dags/model_sample_dags.py
[2025-12-30T19:23:04.900+0000] {processor.py:840} INFO - DAG(s) 'train_model_sample' retrieved from /opt/airflow/dags/model_sample_dags.py
[2025-12-30T19:23:04.960+0000] {logging_mixin.py:188} INFO - [2025-12-30T19:23:04.959+0000] {dag.py:3089} INFO - Sync 1 DAGs
[2025-12-30T19:23:04.986+0000] {logging_mixin.py:188} INFO - [2025-12-30T19:23:04.986+0000] {dag.py:3947} INFO - Setting next_dagrun for train_model_sample to None, run_after=None
[2025-12-30T19:23:05.030+0000] {processor.py:183} INFO - Processing /opt/airflow/dags/model_sample_dags.py took 0.214 seconds
[2025-12-30T19:23:36.935+0000] {processor.py:161} INFO - Started process (PID=1382) to work on /opt/airflow/dags/model_sample_dags.py
[2025-12-30T19:23:36.939+0000] {processor.py:830} INFO - Processing file /opt/airflow/dags/model_sample_dags.py for tasks to queue
[2025-12-30T19:23:36.945+0000] {logging_mixin.py:188} INFO - [2025-12-30T19:23:36.944+0000] {dagbag.py:545} INFO - Filling up the DagBag from /opt/airflow/dags/model_sample_dags.py
[2025-12-30T19:23:37.005+0000] {processor.py:840} INFO - DAG(s) 'train_model_sample' retrieved from /opt/airflow/dags/model_sample_dags.py
[2025-12-30T19:23:37.066+0000] {logging_mixin.py:188} INFO - [2025-12-30T19:23:37.065+0000] {dag.py:3089} INFO - Sync 1 DAGs
[2025-12-30T19:23:37.097+0000] {logging_mixin.py:188} INFO - [2025-12-30T19:23:37.096+0000] {dag.py:3947} INFO - Setting next_dagrun for train_model_sample to None, run_after=None
[2025-12-30T19:23:37.151+0000] {processor.py:183} INFO - Processing /opt/airflow/dags/model_sample_dags.py took 0.237 seconds
[2025-12-30T19:24:07.854+0000] {processor.py:161} INFO - Started process (PID=1387) to work on /opt/airflow/dags/model_sample_dags.py
[2025-12-30T19:24:07.856+0000] {processor.py:830} INFO - Processing file /opt/airflow/dags/model_sample_dags.py for tasks to queue
[2025-12-30T19:24:07.862+0000] {logging_mixin.py:188} INFO - [2025-12-30T19:24:07.861+0000] {dagbag.py:545} INFO - Filling up the DagBag from /opt/airflow/dags/model_sample_dags.py
[2025-12-30T19:24:07.912+0000] {processor.py:840} INFO - DAG(s) 'train_model_sample' retrieved from /opt/airflow/dags/model_sample_dags.py
[2025-12-30T19:24:07.969+0000] {logging_mixin.py:188} INFO - [2025-12-30T19:24:07.968+0000] {dag.py:3089} INFO - Sync 1 DAGs
[2025-12-30T19:24:07.992+0000] {logging_mixin.py:188} INFO - [2025-12-30T19:24:07.992+0000] {dag.py:3947} INFO - Setting next_dagrun for train_model_sample to None, run_after=None
[2025-12-30T19:24:08.034+0000] {processor.py:183} INFO - Processing /opt/airflow/dags/model_sample_dags.py took 0.193 seconds
[2025-12-30T19:24:39.788+0000] {processor.py:161} INFO - Started process (PID=1392) to work on /opt/airflow/dags/model_sample_dags.py
[2025-12-30T19:24:39.791+0000] {processor.py:830} INFO - Processing file /opt/airflow/dags/model_sample_dags.py for tasks to queue
[2025-12-30T19:24:39.794+0000] {logging_mixin.py:188} INFO - [2025-12-30T19:24:39.794+0000] {dagbag.py:545} INFO - Filling up the DagBag from /opt/airflow/dags/model_sample_dags.py
[2025-12-30T19:24:39.833+0000] {processor.py:840} INFO - DAG(s) 'train_model_sample' retrieved from /opt/airflow/dags/model_sample_dags.py
[2025-12-30T19:24:39.896+0000] {logging_mixin.py:188} INFO - [2025-12-30T19:24:39.896+0000] {dag.py:3089} INFO - Sync 1 DAGs
[2025-12-30T19:24:39.924+0000] {logging_mixin.py:188} INFO - [2025-12-30T19:24:39.923+0000] {dag.py:3947} INFO - Setting next_dagrun for train_model_sample to None, run_after=None
[2025-12-30T19:24:39.960+0000] {processor.py:183} INFO - Processing /opt/airflow/dags/model_sample_dags.py took 0.185 seconds
[2025-12-30T19:25:10.861+0000] {processor.py:161} INFO - Started process (PID=1397) to work on /opt/airflow/dags/model_sample_dags.py
[2025-12-30T19:25:10.863+0000] {processor.py:830} INFO - Processing file /opt/airflow/dags/model_sample_dags.py for tasks to queue
[2025-12-30T19:25:10.866+0000] {logging_mixin.py:188} INFO - [2025-12-30T19:25:10.866+0000] {dagbag.py:545} INFO - Filling up the DagBag from /opt/airflow/dags/model_sample_dags.py
[2025-12-30T19:25:10.899+0000] {processor.py:840} INFO - DAG(s) 'train_model_sample' retrieved from /opt/airflow/dags/model_sample_dags.py
[2025-12-30T19:25:10.951+0000] {logging_mixin.py:188} INFO - [2025-12-30T19:25:10.951+0000] {dag.py:3089} INFO - Sync 1 DAGs
[2025-12-30T19:25:10.979+0000] {logging_mixin.py:188} INFO - [2025-12-30T19:25:10.978+0000] {dag.py:3947} INFO - Setting next_dagrun for train_model_sample to None, run_after=None
[2025-12-30T19:25:11.021+0000] {processor.py:183} INFO - Processing /opt/airflow/dags/model_sample_dags.py took 0.173 seconds
[2025-12-30T19:25:42.682+0000] {processor.py:161} INFO - Started process (PID=1402) to work on /opt/airflow/dags/model_sample_dags.py
[2025-12-30T19:25:42.684+0000] {processor.py:830} INFO - Processing file /opt/airflow/dags/model_sample_dags.py for tasks to queue
[2025-12-30T19:25:42.688+0000] {logging_mixin.py:188} INFO - [2025-12-30T19:25:42.687+0000] {dagbag.py:545} INFO - Filling up the DagBag from /opt/airflow/dags/model_sample_dags.py
[2025-12-30T19:25:42.733+0000] {processor.py:840} INFO - DAG(s) 'train_model_sample' retrieved from /opt/airflow/dags/model_sample_dags.py
[2025-12-30T19:25:42.808+0000] {logging_mixin.py:188} INFO - [2025-12-30T19:25:42.807+0000] {dag.py:3089} INFO - Sync 1 DAGs
[2025-12-30T19:25:42.849+0000] {logging_mixin.py:188} INFO - [2025-12-30T19:25:42.848+0000] {dag.py:3947} INFO - Setting next_dagrun for train_model_sample to None, run_after=None
[2025-12-30T19:25:42.905+0000] {processor.py:183} INFO - Processing /opt/airflow/dags/model_sample_dags.py took 0.234 seconds
[2025-12-30T19:26:14.766+0000] {processor.py:161} INFO - Started process (PID=1407) to work on /opt/airflow/dags/model_sample_dags.py
[2025-12-30T19:26:14.769+0000] {processor.py:830} INFO - Processing file /opt/airflow/dags/model_sample_dags.py for tasks to queue
[2025-12-30T19:26:14.774+0000] {logging_mixin.py:188} INFO - [2025-12-30T19:26:14.773+0000] {dagbag.py:545} INFO - Filling up the DagBag from /opt/airflow/dags/model_sample_dags.py
[2025-12-30T19:26:14.834+0000] {processor.py:840} INFO - DAG(s) 'train_model_sample' retrieved from /opt/airflow/dags/model_sample_dags.py
[2025-12-30T19:26:14.887+0000] {logging_mixin.py:188} INFO - [2025-12-30T19:26:14.886+0000] {dag.py:3089} INFO - Sync 1 DAGs
[2025-12-30T19:26:14.915+0000] {logging_mixin.py:188} INFO - [2025-12-30T19:26:14.915+0000] {dag.py:3947} INFO - Setting next_dagrun for train_model_sample to None, run_after=None
[2025-12-30T19:26:14.961+0000] {processor.py:183} INFO - Processing /opt/airflow/dags/model_sample_dags.py took 0.207 seconds
[2025-12-30T19:26:45.571+0000] {processor.py:161} INFO - Started process (PID=1412) to work on /opt/airflow/dags/model_sample_dags.py
[2025-12-30T19:26:45.573+0000] {processor.py:830} INFO - Processing file /opt/airflow/dags/model_sample_dags.py for tasks to queue
[2025-12-30T19:26:45.576+0000] {logging_mixin.py:188} INFO - [2025-12-30T19:26:45.576+0000] {dagbag.py:545} INFO - Filling up the DagBag from /opt/airflow/dags/model_sample_dags.py
[2025-12-30T19:26:45.610+0000] {processor.py:840} INFO - DAG(s) 'train_model_sample' retrieved from /opt/airflow/dags/model_sample_dags.py
[2025-12-30T19:26:45.657+0000] {logging_mixin.py:188} INFO - [2025-12-30T19:26:45.657+0000] {dag.py:3089} INFO - Sync 1 DAGs
[2025-12-30T19:26:45.681+0000] {logging_mixin.py:188} INFO - [2025-12-30T19:26:45.680+0000] {dag.py:3947} INFO - Setting next_dagrun for train_model_sample to None, run_after=None
[2025-12-30T19:26:45.731+0000] {processor.py:183} INFO - Processing /opt/airflow/dags/model_sample_dags.py took 0.174 seconds
[2025-12-30T19:27:17.454+0000] {processor.py:161} INFO - Started process (PID=1417) to work on /opt/airflow/dags/model_sample_dags.py
[2025-12-30T19:27:17.457+0000] {processor.py:830} INFO - Processing file /opt/airflow/dags/model_sample_dags.py for tasks to queue
[2025-12-30T19:27:17.462+0000] {logging_mixin.py:188} INFO - [2025-12-30T19:27:17.461+0000] {dagbag.py:545} INFO - Filling up the DagBag from /opt/airflow/dags/model_sample_dags.py
[2025-12-30T19:27:17.538+0000] {processor.py:840} INFO - DAG(s) 'train_model_sample' retrieved from /opt/airflow/dags/model_sample_dags.py
[2025-12-30T19:27:17.592+0000] {logging_mixin.py:188} INFO - [2025-12-30T19:27:17.592+0000] {dag.py:3089} INFO - Sync 1 DAGs
[2025-12-30T19:27:17.616+0000] {logging_mixin.py:188} INFO - [2025-12-30T19:27:17.615+0000] {dag.py:3947} INFO - Setting next_dagrun for train_model_sample to None, run_after=None
[2025-12-30T19:27:17.656+0000] {processor.py:183} INFO - Processing /opt/airflow/dags/model_sample_dags.py took 0.218 seconds
[2025-12-30T19:27:48.531+0000] {processor.py:161} INFO - Started process (PID=1422) to work on /opt/airflow/dags/model_sample_dags.py
[2025-12-30T19:27:48.533+0000] {processor.py:830} INFO - Processing file /opt/airflow/dags/model_sample_dags.py for tasks to queue
[2025-12-30T19:27:48.537+0000] {logging_mixin.py:188} INFO - [2025-12-30T19:27:48.536+0000] {dagbag.py:545} INFO - Filling up the DagBag from /opt/airflow/dags/model_sample_dags.py
[2025-12-30T19:27:48.592+0000] {processor.py:840} INFO - DAG(s) 'train_model_sample' retrieved from /opt/airflow/dags/model_sample_dags.py
[2025-12-30T19:27:48.669+0000] {logging_mixin.py:188} INFO - [2025-12-30T19:27:48.668+0000] {dag.py:3089} INFO - Sync 1 DAGs
[2025-12-30T19:27:48.700+0000] {logging_mixin.py:188} INFO - [2025-12-30T19:27:48.700+0000] {dag.py:3947} INFO - Setting next_dagrun for train_model_sample to None, run_after=None
[2025-12-30T19:27:48.754+0000] {processor.py:183} INFO - Processing /opt/airflow/dags/model_sample_dags.py took 0.235 seconds
[2025-12-30T19:28:20.382+0000] {processor.py:161} INFO - Started process (PID=1427) to work on /opt/airflow/dags/model_sample_dags.py
[2025-12-30T19:28:20.385+0000] {processor.py:830} INFO - Processing file /opt/airflow/dags/model_sample_dags.py for tasks to queue
[2025-12-30T19:28:20.388+0000] {logging_mixin.py:188} INFO - [2025-12-30T19:28:20.387+0000] {dagbag.py:545} INFO - Filling up the DagBag from /opt/airflow/dags/model_sample_dags.py
[2025-12-30T19:28:20.429+0000] {processor.py:840} INFO - DAG(s) 'train_model_sample' retrieved from /opt/airflow/dags/model_sample_dags.py
[2025-12-30T19:28:20.506+0000] {logging_mixin.py:188} INFO - [2025-12-30T19:28:20.506+0000] {dag.py:3089} INFO - Sync 1 DAGs
[2025-12-30T19:28:20.543+0000] {logging_mixin.py:188} INFO - [2025-12-30T19:28:20.542+0000] {dag.py:3947} INFO - Setting next_dagrun for train_model_sample to None, run_after=None
[2025-12-30T19:28:20.595+0000] {processor.py:183} INFO - Processing /opt/airflow/dags/model_sample_dags.py took 0.224 seconds
[2025-12-30T19:28:52.482+0000] {processor.py:161} INFO - Started process (PID=1432) to work on /opt/airflow/dags/model_sample_dags.py
[2025-12-30T19:28:52.484+0000] {processor.py:830} INFO - Processing file /opt/airflow/dags/model_sample_dags.py for tasks to queue
[2025-12-30T19:28:52.488+0000] {logging_mixin.py:188} INFO - [2025-12-30T19:28:52.488+0000] {dagbag.py:545} INFO - Filling up the DagBag from /opt/airflow/dags/model_sample_dags.py
[2025-12-30T19:28:52.539+0000] {processor.py:840} INFO - DAG(s) 'train_model_sample' retrieved from /opt/airflow/dags/model_sample_dags.py
[2025-12-30T19:28:52.595+0000] {logging_mixin.py:188} INFO - [2025-12-30T19:28:52.594+0000] {dag.py:3089} INFO - Sync 1 DAGs
[2025-12-30T19:28:52.618+0000] {logging_mixin.py:188} INFO - [2025-12-30T19:28:52.617+0000] {dag.py:3947} INFO - Setting next_dagrun for train_model_sample to None, run_after=None
[2025-12-30T19:28:52.655+0000] {processor.py:183} INFO - Processing /opt/airflow/dags/model_sample_dags.py took 0.183 seconds
[2025-12-30T19:29:23.346+0000] {processor.py:161} INFO - Started process (PID=1437) to work on /opt/airflow/dags/model_sample_dags.py
[2025-12-30T19:29:23.349+0000] {processor.py:830} INFO - Processing file /opt/airflow/dags/model_sample_dags.py for tasks to queue
[2025-12-30T19:29:23.353+0000] {logging_mixin.py:188} INFO - [2025-12-30T19:29:23.352+0000] {dagbag.py:545} INFO - Filling up the DagBag from /opt/airflow/dags/model_sample_dags.py
[2025-12-30T19:29:23.405+0000] {processor.py:840} INFO - DAG(s) 'train_model_sample' retrieved from /opt/airflow/dags/model_sample_dags.py
[2025-12-30T19:29:23.458+0000] {logging_mixin.py:188} INFO - [2025-12-30T19:29:23.458+0000] {dag.py:3089} INFO - Sync 1 DAGs
[2025-12-30T19:29:23.483+0000] {logging_mixin.py:188} INFO - [2025-12-30T19:29:23.483+0000] {dag.py:3947} INFO - Setting next_dagrun for train_model_sample to None, run_after=None
[2025-12-30T19:29:23.526+0000] {processor.py:183} INFO - Processing /opt/airflow/dags/model_sample_dags.py took 0.192 seconds
[2025-12-30T19:29:55.394+0000] {processor.py:161} INFO - Started process (PID=1442) to work on /opt/airflow/dags/model_sample_dags.py
[2025-12-30T19:29:55.397+0000] {processor.py:830} INFO - Processing file /opt/airflow/dags/model_sample_dags.py for tasks to queue
[2025-12-30T19:29:55.403+0000] {logging_mixin.py:188} INFO - [2025-12-30T19:29:55.402+0000] {dagbag.py:545} INFO - Filling up the DagBag from /opt/airflow/dags/model_sample_dags.py
[2025-12-30T19:29:55.458+0000] {processor.py:840} INFO - DAG(s) 'train_model_sample' retrieved from /opt/airflow/dags/model_sample_dags.py
[2025-12-30T19:29:55.504+0000] {logging_mixin.py:188} INFO - [2025-12-30T19:29:55.504+0000] {dag.py:3089} INFO - Sync 1 DAGs
[2025-12-30T19:29:55.526+0000] {logging_mixin.py:188} INFO - [2025-12-30T19:29:55.525+0000] {dag.py:3947} INFO - Setting next_dagrun for train_model_sample to None, run_after=None
[2025-12-30T19:29:55.567+0000] {processor.py:183} INFO - Processing /opt/airflow/dags/model_sample_dags.py took 0.185 seconds
[2025-12-30T19:30:26.251+0000] {processor.py:161} INFO - Started process (PID=1447) to work on /opt/airflow/dags/model_sample_dags.py
[2025-12-30T19:30:26.253+0000] {processor.py:830} INFO - Processing file /opt/airflow/dags/model_sample_dags.py for tasks to queue
[2025-12-30T19:30:26.258+0000] {logging_mixin.py:188} INFO - [2025-12-30T19:30:26.257+0000] {dagbag.py:545} INFO - Filling up the DagBag from /opt/airflow/dags/model_sample_dags.py
[2025-12-30T19:30:26.291+0000] {processor.py:840} INFO - DAG(s) 'train_model_sample' retrieved from /opt/airflow/dags/model_sample_dags.py
[2025-12-30T19:30:26.344+0000] {logging_mixin.py:188} INFO - [2025-12-30T19:30:26.343+0000] {dag.py:3089} INFO - Sync 1 DAGs
[2025-12-30T19:30:26.367+0000] {logging_mixin.py:188} INFO - [2025-12-30T19:30:26.366+0000] {dag.py:3947} INFO - Setting next_dagrun for train_model_sample to None, run_after=None
[2025-12-30T19:30:26.414+0000] {processor.py:183} INFO - Processing /opt/airflow/dags/model_sample_dags.py took 0.174 seconds
[2025-12-30T19:30:58.240+0000] {processor.py:161} INFO - Started process (PID=1452) to work on /opt/airflow/dags/model_sample_dags.py
[2025-12-30T19:30:58.242+0000] {processor.py:830} INFO - Processing file /opt/airflow/dags/model_sample_dags.py for tasks to queue
[2025-12-30T19:30:58.248+0000] {logging_mixin.py:188} INFO - [2025-12-30T19:30:58.247+0000] {dagbag.py:545} INFO - Filling up the DagBag from /opt/airflow/dags/model_sample_dags.py
[2025-12-30T19:30:58.300+0000] {processor.py:840} INFO - DAG(s) 'train_model_sample' retrieved from /opt/airflow/dags/model_sample_dags.py
[2025-12-30T19:30:58.353+0000] {logging_mixin.py:188} INFO - [2025-12-30T19:30:58.352+0000] {dag.py:3089} INFO - Sync 1 DAGs
[2025-12-30T19:30:58.375+0000] {logging_mixin.py:188} INFO - [2025-12-30T19:30:58.375+0000] {dag.py:3947} INFO - Setting next_dagrun for train_model_sample to None, run_after=None
[2025-12-30T19:30:58.411+0000] {processor.py:183} INFO - Processing /opt/airflow/dags/model_sample_dags.py took 0.187 seconds
[2025-12-30T19:31:29.286+0000] {processor.py:161} INFO - Started process (PID=1457) to work on /opt/airflow/dags/model_sample_dags.py
[2025-12-30T19:31:29.288+0000] {processor.py:830} INFO - Processing file /opt/airflow/dags/model_sample_dags.py for tasks to queue
[2025-12-30T19:31:29.292+0000] {logging_mixin.py:188} INFO - [2025-12-30T19:31:29.292+0000] {dagbag.py:545} INFO - Filling up the DagBag from /opt/airflow/dags/model_sample_dags.py
[2025-12-30T19:31:29.340+0000] {processor.py:840} INFO - DAG(s) 'train_model_sample' retrieved from /opt/airflow/dags/model_sample_dags.py
[2025-12-30T19:31:29.391+0000] {logging_mixin.py:188} INFO - [2025-12-30T19:31:29.390+0000] {dag.py:3089} INFO - Sync 1 DAGs
[2025-12-30T19:31:29.414+0000] {logging_mixin.py:188} INFO - [2025-12-30T19:31:29.413+0000] {dag.py:3947} INFO - Setting next_dagrun for train_model_sample to None, run_after=None
[2025-12-30T19:31:29.454+0000] {processor.py:183} INFO - Processing /opt/airflow/dags/model_sample_dags.py took 0.179 seconds
[2025-12-30T19:32:01.196+0000] {processor.py:161} INFO - Started process (PID=1462) to work on /opt/airflow/dags/model_sample_dags.py
[2025-12-30T19:32:01.199+0000] {processor.py:830} INFO - Processing file /opt/airflow/dags/model_sample_dags.py for tasks to queue
[2025-12-30T19:32:01.204+0000] {logging_mixin.py:188} INFO - [2025-12-30T19:32:01.203+0000] {dagbag.py:545} INFO - Filling up the DagBag from /opt/airflow/dags/model_sample_dags.py
[2025-12-30T19:32:01.271+0000] {processor.py:840} INFO - DAG(s) 'train_model_sample' retrieved from /opt/airflow/dags/model_sample_dags.py
[2025-12-30T19:32:01.345+0000] {logging_mixin.py:188} INFO - [2025-12-30T19:32:01.345+0000] {dag.py:3089} INFO - Sync 1 DAGs
[2025-12-30T19:32:01.382+0000] {logging_mixin.py:188} INFO - [2025-12-30T19:32:01.381+0000] {dag.py:3947} INFO - Setting next_dagrun for train_model_sample to None, run_after=None
[2025-12-30T19:32:01.425+0000] {processor.py:183} INFO - Processing /opt/airflow/dags/model_sample_dags.py took 0.246 seconds
[2025-12-30T20:55:42.337+0000] {processor.py:161} INFO - Started process (PID=1467) to work on /opt/airflow/dags/model_sample_dags.py
[2025-12-30T20:55:42.355+0000] {processor.py:830} INFO - Processing file /opt/airflow/dags/model_sample_dags.py for tasks to queue
[2025-12-30T20:55:42.413+0000] {logging_mixin.py:188} INFO - [2025-12-30T20:55:42.410+0000] {dagbag.py:545} INFO - Filling up the DagBag from /opt/airflow/dags/model_sample_dags.py
[2025-12-30T20:55:42.805+0000] {processor.py:840} INFO - DAG(s) 'train_model_sample' retrieved from /opt/airflow/dags/model_sample_dags.py
[2025-12-30T20:55:43.425+0000] {logging_mixin.py:188} INFO - [2025-12-30T20:55:43.422+0000] {dag.py:3089} INFO - Sync 1 DAGs
[2025-12-30T20:55:43.754+0000] {logging_mixin.py:188} INFO - [2025-12-30T20:55:43.752+0000] {dag.py:3947} INFO - Setting next_dagrun for train_model_sample to None, run_after=None
[2025-12-30T20:55:44.075+0000] {processor.py:183} INFO - Processing /opt/airflow/dags/model_sample_dags.py took 1.872 seconds
[2025-12-30T20:56:14.672+0000] {processor.py:161} INFO - Started process (PID=1472) to work on /opt/airflow/dags/model_sample_dags.py
[2025-12-30T20:56:14.687+0000] {processor.py:830} INFO - Processing file /opt/airflow/dags/model_sample_dags.py for tasks to queue
[2025-12-30T20:56:14.714+0000] {logging_mixin.py:188} INFO - [2025-12-30T20:56:14.712+0000] {dagbag.py:545} INFO - Filling up the DagBag from /opt/airflow/dags/model_sample_dags.py
[2025-12-30T20:56:14.908+0000] {processor.py:840} INFO - DAG(s) 'train_model_sample' retrieved from /opt/airflow/dags/model_sample_dags.py
[2025-12-30T20:56:15.099+0000] {logging_mixin.py:188} INFO - [2025-12-30T20:56:15.097+0000] {dag.py:3089} INFO - Sync 1 DAGs
[2025-12-30T20:56:15.183+0000] {logging_mixin.py:188} INFO - [2025-12-30T20:56:15.182+0000] {dag.py:3947} INFO - Setting next_dagrun for train_model_sample to None, run_after=None
[2025-12-30T20:56:15.409+0000] {processor.py:183} INFO - Processing /opt/airflow/dags/model_sample_dags.py took 0.802 seconds
[2025-12-30T20:56:46.187+0000] {processor.py:161} INFO - Started process (PID=1477) to work on /opt/airflow/dags/model_sample_dags.py
[2025-12-30T20:56:46.190+0000] {processor.py:830} INFO - Processing file /opt/airflow/dags/model_sample_dags.py for tasks to queue
[2025-12-30T20:56:46.194+0000] {logging_mixin.py:188} INFO - [2025-12-30T20:56:46.194+0000] {dagbag.py:545} INFO - Filling up the DagBag from /opt/airflow/dags/model_sample_dags.py
[2025-12-30T20:56:46.331+0000] {processor.py:840} INFO - DAG(s) 'train_model_sample' retrieved from /opt/airflow/dags/model_sample_dags.py
[2025-12-30T20:56:46.444+0000] {logging_mixin.py:188} INFO - [2025-12-30T20:56:46.443+0000] {dag.py:3089} INFO - Sync 1 DAGs
[2025-12-30T20:56:46.502+0000] {logging_mixin.py:188} INFO - [2025-12-30T20:56:46.501+0000] {dag.py:3947} INFO - Setting next_dagrun for train_model_sample to None, run_after=None
[2025-12-30T20:56:46.559+0000] {processor.py:183} INFO - Processing /opt/airflow/dags/model_sample_dags.py took 0.386 seconds
[2025-12-30T20:57:16.816+0000] {processor.py:161} INFO - Started process (PID=1482) to work on /opt/airflow/dags/model_sample_dags.py
[2025-12-30T20:57:16.825+0000] {processor.py:830} INFO - Processing file /opt/airflow/dags/model_sample_dags.py for tasks to queue
[2025-12-30T20:57:16.841+0000] {logging_mixin.py:188} INFO - [2025-12-30T20:57:16.839+0000] {dagbag.py:545} INFO - Filling up the DagBag from /opt/airflow/dags/model_sample_dags.py
[2025-12-30T20:57:16.976+0000] {processor.py:840} INFO - DAG(s) 'train_model_sample' retrieved from /opt/airflow/dags/model_sample_dags.py
[2025-12-30T20:57:17.140+0000] {logging_mixin.py:188} INFO - [2025-12-30T20:57:17.139+0000] {dag.py:3089} INFO - Sync 1 DAGs
[2025-12-30T20:57:17.202+0000] {logging_mixin.py:188} INFO - [2025-12-30T20:57:17.201+0000] {dag.py:3947} INFO - Setting next_dagrun for train_model_sample to None, run_after=None
[2025-12-30T20:57:17.298+0000] {processor.py:183} INFO - Processing /opt/airflow/dags/model_sample_dags.py took 0.523 seconds
[2025-12-30T20:57:47.757+0000] {processor.py:161} INFO - Started process (PID=1487) to work on /opt/airflow/dags/model_sample_dags.py
[2025-12-30T20:57:47.875+0000] {processor.py:830} INFO - Processing file /opt/airflow/dags/model_sample_dags.py for tasks to queue
[2025-12-30T20:57:48.195+0000] {logging_mixin.py:188} INFO - [2025-12-30T20:57:48.193+0000] {dagbag.py:545} INFO - Filling up the DagBag from /opt/airflow/dags/model_sample_dags.py
[2025-12-30T20:57:48.488+0000] {processor.py:840} INFO - DAG(s) 'train_model_sample' retrieved from /opt/airflow/dags/model_sample_dags.py
[2025-12-30T20:57:49.154+0000] {logging_mixin.py:188} INFO - [2025-12-30T20:57:49.153+0000] {dag.py:3089} INFO - Sync 1 DAGs
[2025-12-30T20:57:49.322+0000] {logging_mixin.py:188} INFO - [2025-12-30T20:57:49.321+0000] {dag.py:3947} INFO - Setting next_dagrun for train_model_sample to None, run_after=None
[2025-12-30T20:57:49.573+0000] {processor.py:183} INFO - Processing /opt/airflow/dags/model_sample_dags.py took 1.884 seconds
[2025-12-30T20:58:19.942+0000] {processor.py:161} INFO - Started process (PID=1492) to work on /opt/airflow/dags/model_sample_dags.py
[2025-12-30T20:58:19.946+0000] {processor.py:830} INFO - Processing file /opt/airflow/dags/model_sample_dags.py for tasks to queue
[2025-12-30T20:58:19.952+0000] {logging_mixin.py:188} INFO - [2025-12-30T20:58:19.951+0000] {dagbag.py:545} INFO - Filling up the DagBag from /opt/airflow/dags/model_sample_dags.py
[2025-12-30T20:58:20.041+0000] {processor.py:840} INFO - DAG(s) 'train_model_sample' retrieved from /opt/airflow/dags/model_sample_dags.py
[2025-12-30T20:58:20.127+0000] {logging_mixin.py:188} INFO - [2025-12-30T20:58:20.127+0000] {dag.py:3089} INFO - Sync 1 DAGs
[2025-12-30T20:58:20.173+0000] {logging_mixin.py:188} INFO - [2025-12-30T20:58:20.172+0000] {dag.py:3947} INFO - Setting next_dagrun for train_model_sample to None, run_after=None
[2025-12-30T20:58:20.326+0000] {processor.py:183} INFO - Processing /opt/airflow/dags/model_sample_dags.py took 0.406 seconds
[2025-12-30T20:58:50.570+0000] {processor.py:161} INFO - Started process (PID=1497) to work on /opt/airflow/dags/model_sample_dags.py
[2025-12-30T20:58:50.574+0000] {processor.py:830} INFO - Processing file /opt/airflow/dags/model_sample_dags.py for tasks to queue
[2025-12-30T20:58:50.585+0000] {logging_mixin.py:188} INFO - [2025-12-30T20:58:50.584+0000] {dagbag.py:545} INFO - Filling up the DagBag from /opt/airflow/dags/model_sample_dags.py
[2025-12-30T20:58:50.788+0000] {processor.py:840} INFO - DAG(s) 'train_model_sample' retrieved from /opt/airflow/dags/model_sample_dags.py
[2025-12-30T20:58:50.946+0000] {logging_mixin.py:188} INFO - [2025-12-30T20:58:50.946+0000] {dag.py:3089} INFO - Sync 1 DAGs
[2025-12-30T20:58:51.006+0000] {logging_mixin.py:188} INFO - [2025-12-30T20:58:51.006+0000] {dag.py:3947} INFO - Setting next_dagrun for train_model_sample to None, run_after=None
[2025-12-30T20:58:51.063+0000] {processor.py:183} INFO - Processing /opt/airflow/dags/model_sample_dags.py took 0.510 seconds
[2025-12-30T20:59:21.758+0000] {processor.py:161} INFO - Started process (PID=1502) to work on /opt/airflow/dags/model_sample_dags.py
[2025-12-30T20:59:21.761+0000] {processor.py:830} INFO - Processing file /opt/airflow/dags/model_sample_dags.py for tasks to queue
[2025-12-30T20:59:21.766+0000] {logging_mixin.py:188} INFO - [2025-12-30T20:59:21.765+0000] {dagbag.py:545} INFO - Filling up the DagBag from /opt/airflow/dags/model_sample_dags.py
[2025-12-30T20:59:21.812+0000] {processor.py:840} INFO - DAG(s) 'train_model_sample' retrieved from /opt/airflow/dags/model_sample_dags.py
[2025-12-30T20:59:21.890+0000] {logging_mixin.py:188} INFO - [2025-12-30T20:59:21.889+0000] {dag.py:3089} INFO - Sync 1 DAGs
[2025-12-30T20:59:21.932+0000] {logging_mixin.py:188} INFO - [2025-12-30T20:59:21.931+0000] {dag.py:3947} INFO - Setting next_dagrun for train_model_sample to None, run_after=None
[2025-12-30T20:59:21.996+0000] {processor.py:183} INFO - Processing /opt/airflow/dags/model_sample_dags.py took 0.252 seconds
[2025-12-30T20:59:52.381+0000] {processor.py:161} INFO - Started process (PID=1507) to work on /opt/airflow/dags/model_sample_dags.py
[2025-12-30T20:59:52.384+0000] {processor.py:830} INFO - Processing file /opt/airflow/dags/model_sample_dags.py for tasks to queue
[2025-12-30T20:59:52.389+0000] {logging_mixin.py:188} INFO - [2025-12-30T20:59:52.388+0000] {dagbag.py:545} INFO - Filling up the DagBag from /opt/airflow/dags/model_sample_dags.py
[2025-12-30T20:59:52.449+0000] {processor.py:840} INFO - DAG(s) 'train_model_sample' retrieved from /opt/airflow/dags/model_sample_dags.py
[2025-12-30T20:59:52.507+0000] {logging_mixin.py:188} INFO - [2025-12-30T20:59:52.507+0000] {dag.py:3089} INFO - Sync 1 DAGs
[2025-12-30T20:59:52.549+0000] {logging_mixin.py:188} INFO - [2025-12-30T20:59:52.548+0000] {dag.py:3947} INFO - Setting next_dagrun for train_model_sample to None, run_after=None
[2025-12-30T20:59:52.607+0000] {processor.py:183} INFO - Processing /opt/airflow/dags/model_sample_dags.py took 0.242 seconds
[2025-12-30T21:00:23.290+0000] {processor.py:161} INFO - Started process (PID=1512) to work on /opt/airflow/dags/model_sample_dags.py
[2025-12-30T21:00:23.293+0000] {processor.py:830} INFO - Processing file /opt/airflow/dags/model_sample_dags.py for tasks to queue
[2025-12-30T21:00:23.301+0000] {logging_mixin.py:188} INFO - [2025-12-30T21:00:23.300+0000] {dagbag.py:545} INFO - Filling up the DagBag from /opt/airflow/dags/model_sample_dags.py
[2025-12-30T21:00:23.365+0000] {processor.py:840} INFO - DAG(s) 'train_model_sample' retrieved from /opt/airflow/dags/model_sample_dags.py
[2025-12-30T21:00:23.446+0000] {logging_mixin.py:188} INFO - [2025-12-30T21:00:23.445+0000] {dag.py:3089} INFO - Sync 1 DAGs
[2025-12-30T21:00:23.482+0000] {logging_mixin.py:188} INFO - [2025-12-30T21:00:23.481+0000] {dag.py:3947} INFO - Setting next_dagrun for train_model_sample to None, run_after=None
[2025-12-30T21:00:23.552+0000] {processor.py:183} INFO - Processing /opt/airflow/dags/model_sample_dags.py took 0.308 seconds
[2025-12-30T21:00:53.921+0000] {processor.py:161} INFO - Started process (PID=1517) to work on /opt/airflow/dags/model_sample_dags.py
[2025-12-30T21:00:53.924+0000] {processor.py:830} INFO - Processing file /opt/airflow/dags/model_sample_dags.py for tasks to queue
[2025-12-30T21:00:53.930+0000] {logging_mixin.py:188} INFO - [2025-12-30T21:00:53.929+0000] {dagbag.py:545} INFO - Filling up the DagBag from /opt/airflow/dags/model_sample_dags.py
[2025-12-30T21:00:53.997+0000] {processor.py:840} INFO - DAG(s) 'train_model_sample' retrieved from /opt/airflow/dags/model_sample_dags.py
[2025-12-30T21:00:54.079+0000] {logging_mixin.py:188} INFO - [2025-12-30T21:00:54.078+0000] {dag.py:3089} INFO - Sync 1 DAGs
[2025-12-30T21:00:54.111+0000] {logging_mixin.py:188} INFO - [2025-12-30T21:00:54.111+0000] {dag.py:3947} INFO - Setting next_dagrun for train_model_sample to None, run_after=None
[2025-12-30T21:00:54.172+0000] {processor.py:183} INFO - Processing /opt/airflow/dags/model_sample_dags.py took 0.268 seconds
[2025-12-30T21:01:24.571+0000] {processor.py:161} INFO - Started process (PID=1522) to work on /opt/airflow/dags/model_sample_dags.py
[2025-12-30T21:01:24.574+0000] {processor.py:830} INFO - Processing file /opt/airflow/dags/model_sample_dags.py for tasks to queue
[2025-12-30T21:01:24.581+0000] {logging_mixin.py:188} INFO - [2025-12-30T21:01:24.579+0000] {dagbag.py:545} INFO - Filling up the DagBag from /opt/airflow/dags/model_sample_dags.py
[2025-12-30T21:01:24.662+0000] {processor.py:840} INFO - DAG(s) 'train_model_sample' retrieved from /opt/airflow/dags/model_sample_dags.py
[2025-12-30T21:01:24.792+0000] {logging_mixin.py:188} INFO - [2025-12-30T21:01:24.791+0000] {dag.py:3089} INFO - Sync 1 DAGs
[2025-12-30T21:01:24.845+0000] {logging_mixin.py:188} INFO - [2025-12-30T21:01:24.844+0000] {dag.py:3947} INFO - Setting next_dagrun for train_model_sample to None, run_after=None
[2025-12-30T21:01:24.912+0000] {processor.py:183} INFO - Processing /opt/airflow/dags/model_sample_dags.py took 0.367 seconds
[2025-12-30T21:01:55.491+0000] {processor.py:161} INFO - Started process (PID=1527) to work on /opt/airflow/dags/model_sample_dags.py
[2025-12-30T21:01:55.494+0000] {processor.py:830} INFO - Processing file /opt/airflow/dags/model_sample_dags.py for tasks to queue
[2025-12-30T21:01:55.499+0000] {logging_mixin.py:188} INFO - [2025-12-30T21:01:55.498+0000] {dagbag.py:545} INFO - Filling up the DagBag from /opt/airflow/dags/model_sample_dags.py
[2025-12-30T21:01:55.572+0000] {processor.py:840} INFO - DAG(s) 'train_model_sample' retrieved from /opt/airflow/dags/model_sample_dags.py
[2025-12-30T21:01:55.674+0000] {logging_mixin.py:188} INFO - [2025-12-30T21:01:55.673+0000] {dag.py:3089} INFO - Sync 1 DAGs
[2025-12-30T21:01:55.723+0000] {logging_mixin.py:188} INFO - [2025-12-30T21:01:55.722+0000] {dag.py:3947} INFO - Setting next_dagrun for train_model_sample to None, run_after=None
[2025-12-30T21:01:55.797+0000] {processor.py:183} INFO - Processing /opt/airflow/dags/model_sample_dags.py took 0.321 seconds
[2025-12-30T21:02:26.125+0000] {processor.py:161} INFO - Started process (PID=1532) to work on /opt/airflow/dags/model_sample_dags.py
[2025-12-30T21:02:26.129+0000] {processor.py:830} INFO - Processing file /opt/airflow/dags/model_sample_dags.py for tasks to queue
[2025-12-30T21:02:26.134+0000] {logging_mixin.py:188} INFO - [2025-12-30T21:02:26.134+0000] {dagbag.py:545} INFO - Filling up the DagBag from /opt/airflow/dags/model_sample_dags.py
[2025-12-30T21:02:26.209+0000] {processor.py:840} INFO - DAG(s) 'train_model_sample' retrieved from /opt/airflow/dags/model_sample_dags.py
[2025-12-30T21:02:26.298+0000] {logging_mixin.py:188} INFO - [2025-12-30T21:02:26.297+0000] {dag.py:3089} INFO - Sync 1 DAGs
[2025-12-30T21:02:26.343+0000] {logging_mixin.py:188} INFO - [2025-12-30T21:02:26.342+0000] {dag.py:3947} INFO - Setting next_dagrun for train_model_sample to None, run_after=None
[2025-12-30T21:02:26.415+0000] {processor.py:183} INFO - Processing /opt/airflow/dags/model_sample_dags.py took 0.307 seconds
[2025-12-30T21:02:57.041+0000] {processor.py:161} INFO - Started process (PID=1537) to work on /opt/airflow/dags/model_sample_dags.py
[2025-12-30T21:02:57.044+0000] {processor.py:830} INFO - Processing file /opt/airflow/dags/model_sample_dags.py for tasks to queue
[2025-12-30T21:02:57.048+0000] {logging_mixin.py:188} INFO - [2025-12-30T21:02:57.048+0000] {dagbag.py:545} INFO - Filling up the DagBag from /opt/airflow/dags/model_sample_dags.py
[2025-12-30T21:02:57.118+0000] {processor.py:840} INFO - DAG(s) 'train_model_sample' retrieved from /opt/airflow/dags/model_sample_dags.py
[2025-12-30T21:02:57.188+0000] {logging_mixin.py:188} INFO - [2025-12-30T21:02:57.186+0000] {dag.py:3089} INFO - Sync 1 DAGs
[2025-12-30T21:02:57.228+0000] {logging_mixin.py:188} INFO - [2025-12-30T21:02:57.228+0000] {dag.py:3947} INFO - Setting next_dagrun for train_model_sample to None, run_after=None
[2025-12-30T21:02:57.285+0000] {processor.py:183} INFO - Processing /opt/airflow/dags/model_sample_dags.py took 0.256 seconds
[2025-12-30T21:03:27.765+0000] {processor.py:161} INFO - Started process (PID=1542) to work on /opt/airflow/dags/model_sample_dags.py
[2025-12-30T21:03:27.768+0000] {processor.py:830} INFO - Processing file /opt/airflow/dags/model_sample_dags.py for tasks to queue
[2025-12-30T21:03:27.772+0000] {logging_mixin.py:188} INFO - [2025-12-30T21:03:27.771+0000] {dagbag.py:545} INFO - Filling up the DagBag from /opt/airflow/dags/model_sample_dags.py
[2025-12-30T21:03:27.846+0000] {processor.py:840} INFO - DAG(s) 'train_model_sample' retrieved from /opt/airflow/dags/model_sample_dags.py
[2025-12-30T21:03:27.918+0000] {logging_mixin.py:188} INFO - [2025-12-30T21:03:27.917+0000] {dag.py:3089} INFO - Sync 1 DAGs
[2025-12-30T21:03:27.950+0000] {logging_mixin.py:188} INFO - [2025-12-30T21:03:27.949+0000] {dag.py:3947} INFO - Setting next_dagrun for train_model_sample to None, run_after=None
[2025-12-30T21:03:28.018+0000] {processor.py:183} INFO - Processing /opt/airflow/dags/model_sample_dags.py took 0.267 seconds
[2025-12-30T21:03:58.583+0000] {processor.py:161} INFO - Started process (PID=1547) to work on /opt/airflow/dags/model_sample_dags.py
[2025-12-30T21:03:58.586+0000] {processor.py:830} INFO - Processing file /opt/airflow/dags/model_sample_dags.py for tasks to queue
[2025-12-30T21:03:58.591+0000] {logging_mixin.py:188} INFO - [2025-12-30T21:03:58.590+0000] {dagbag.py:545} INFO - Filling up the DagBag from /opt/airflow/dags/model_sample_dags.py
[2025-12-30T21:03:58.647+0000] {processor.py:840} INFO - DAG(s) 'train_model_sample' retrieved from /opt/airflow/dags/model_sample_dags.py
[2025-12-30T21:03:58.708+0000] {logging_mixin.py:188} INFO - [2025-12-30T21:03:58.708+0000] {dag.py:3089} INFO - Sync 1 DAGs
[2025-12-30T21:03:58.736+0000] {logging_mixin.py:188} INFO - [2025-12-30T21:03:58.736+0000] {dag.py:3947} INFO - Setting next_dagrun for train_model_sample to None, run_after=None
[2025-12-30T21:03:58.779+0000] {processor.py:183} INFO - Processing /opt/airflow/dags/model_sample_dags.py took 0.209 seconds
[2025-12-30T21:04:29.175+0000] {processor.py:161} INFO - Started process (PID=1552) to work on /opt/airflow/dags/model_sample_dags.py
[2025-12-30T21:04:29.177+0000] {processor.py:830} INFO - Processing file /opt/airflow/dags/model_sample_dags.py for tasks to queue
[2025-12-30T21:04:29.181+0000] {logging_mixin.py:188} INFO - [2025-12-30T21:04:29.181+0000] {dagbag.py:545} INFO - Filling up the DagBag from /opt/airflow/dags/model_sample_dags.py
[2025-12-30T21:04:29.238+0000] {processor.py:840} INFO - DAG(s) 'train_model_sample' retrieved from /opt/airflow/dags/model_sample_dags.py
[2025-12-30T21:04:29.291+0000] {logging_mixin.py:188} INFO - [2025-12-30T21:04:29.290+0000] {dag.py:3089} INFO - Sync 1 DAGs
[2025-12-30T21:04:29.315+0000] {logging_mixin.py:188} INFO - [2025-12-30T21:04:29.314+0000] {dag.py:3947} INFO - Setting next_dagrun for train_model_sample to None, run_after=None
[2025-12-30T21:04:29.373+0000] {processor.py:183} INFO - Processing /opt/airflow/dags/model_sample_dags.py took 0.210 seconds
[2025-12-30T21:05:00.058+0000] {processor.py:161} INFO - Started process (PID=1557) to work on /opt/airflow/dags/model_sample_dags.py
[2025-12-30T21:05:00.061+0000] {processor.py:830} INFO - Processing file /opt/airflow/dags/model_sample_dags.py for tasks to queue
[2025-12-30T21:05:00.066+0000] {logging_mixin.py:188} INFO - [2025-12-30T21:05:00.065+0000] {dagbag.py:545} INFO - Filling up the DagBag from /opt/airflow/dags/model_sample_dags.py
[2025-12-30T21:05:00.126+0000] {processor.py:840} INFO - DAG(s) 'train_model_sample' retrieved from /opt/airflow/dags/model_sample_dags.py
[2025-12-30T21:05:00.199+0000] {logging_mixin.py:188} INFO - [2025-12-30T21:05:00.198+0000] {dag.py:3089} INFO - Sync 1 DAGs
[2025-12-30T21:05:00.235+0000] {logging_mixin.py:188} INFO - [2025-12-30T21:05:00.234+0000] {dag.py:3947} INFO - Setting next_dagrun for train_model_sample to None, run_after=None
[2025-12-30T21:05:00.285+0000] {processor.py:183} INFO - Processing /opt/airflow/dags/model_sample_dags.py took 0.242 seconds
[2025-12-30T21:05:30.809+0000] {processor.py:161} INFO - Started process (PID=1562) to work on /opt/airflow/dags/model_sample_dags.py
[2025-12-30T21:05:30.812+0000] {processor.py:830} INFO - Processing file /opt/airflow/dags/model_sample_dags.py for tasks to queue
[2025-12-30T21:05:30.817+0000] {logging_mixin.py:188} INFO - [2025-12-30T21:05:30.817+0000] {dagbag.py:545} INFO - Filling up the DagBag from /opt/airflow/dags/model_sample_dags.py
[2025-12-30T21:05:30.906+0000] {processor.py:840} INFO - DAG(s) 'train_model_sample' retrieved from /opt/airflow/dags/model_sample_dags.py
[2025-12-30T21:05:30.965+0000] {logging_mixin.py:188} INFO - [2025-12-30T21:05:30.965+0000] {dag.py:3089} INFO - Sync 1 DAGs
[2025-12-30T21:05:30.991+0000] {logging_mixin.py:188} INFO - [2025-12-30T21:05:30.990+0000] {dag.py:3947} INFO - Setting next_dagrun for train_model_sample to None, run_after=None
[2025-12-30T21:05:31.032+0000] {processor.py:183} INFO - Processing /opt/airflow/dags/model_sample_dags.py took 0.242 seconds
[2025-12-30T21:06:01.719+0000] {processor.py:161} INFO - Started process (PID=1567) to work on /opt/airflow/dags/model_sample_dags.py
[2025-12-30T21:06:01.722+0000] {processor.py:830} INFO - Processing file /opt/airflow/dags/model_sample_dags.py for tasks to queue
[2025-12-30T21:06:01.726+0000] {logging_mixin.py:188} INFO - [2025-12-30T21:06:01.725+0000] {dagbag.py:545} INFO - Filling up the DagBag from /opt/airflow/dags/model_sample_dags.py
[2025-12-30T21:06:01.788+0000] {processor.py:840} INFO - DAG(s) 'train_model_sample' retrieved from /opt/airflow/dags/model_sample_dags.py
[2025-12-30T21:06:01.844+0000] {logging_mixin.py:188} INFO - [2025-12-30T21:06:01.844+0000] {dag.py:3089} INFO - Sync 1 DAGs
[2025-12-30T21:06:01.872+0000] {logging_mixin.py:188} INFO - [2025-12-30T21:06:01.871+0000] {dag.py:3947} INFO - Setting next_dagrun for train_model_sample to None, run_after=None
[2025-12-30T21:06:01.937+0000] {processor.py:183} INFO - Processing /opt/airflow/dags/model_sample_dags.py took 0.230 seconds
[2025-12-30T21:06:32.346+0000] {processor.py:161} INFO - Started process (PID=1572) to work on /opt/airflow/dags/model_sample_dags.py
[2025-12-30T21:06:32.349+0000] {processor.py:830} INFO - Processing file /opt/airflow/dags/model_sample_dags.py for tasks to queue
[2025-12-30T21:06:32.354+0000] {logging_mixin.py:188} INFO - [2025-12-30T21:06:32.353+0000] {dagbag.py:545} INFO - Filling up the DagBag from /opt/airflow/dags/model_sample_dags.py
[2025-12-30T21:06:32.434+0000] {processor.py:840} INFO - DAG(s) 'train_model_sample' retrieved from /opt/airflow/dags/model_sample_dags.py
[2025-12-30T21:06:32.515+0000] {logging_mixin.py:188} INFO - [2025-12-30T21:06:32.514+0000] {dag.py:3089} INFO - Sync 1 DAGs
[2025-12-30T21:06:32.542+0000] {logging_mixin.py:188} INFO - [2025-12-30T21:06:32.541+0000] {dag.py:3947} INFO - Setting next_dagrun for train_model_sample to None, run_after=None
[2025-12-30T21:06:32.601+0000] {processor.py:183} INFO - Processing /opt/airflow/dags/model_sample_dags.py took 0.274 seconds
[2025-12-30T21:07:03.250+0000] {processor.py:161} INFO - Started process (PID=1577) to work on /opt/airflow/dags/model_sample_dags.py
[2025-12-30T21:07:03.254+0000] {processor.py:830} INFO - Processing file /opt/airflow/dags/model_sample_dags.py for tasks to queue
[2025-12-30T21:07:03.261+0000] {logging_mixin.py:188} INFO - [2025-12-30T21:07:03.259+0000] {dagbag.py:545} INFO - Filling up the DagBag from /opt/airflow/dags/model_sample_dags.py
[2025-12-30T21:07:03.336+0000] {processor.py:840} INFO - DAG(s) 'train_model_sample' retrieved from /opt/airflow/dags/model_sample_dags.py
[2025-12-30T21:07:03.401+0000] {logging_mixin.py:188} INFO - [2025-12-30T21:07:03.400+0000] {dag.py:3089} INFO - Sync 1 DAGs
[2025-12-30T21:07:03.438+0000] {logging_mixin.py:188} INFO - [2025-12-30T21:07:03.437+0000] {dag.py:3947} INFO - Setting next_dagrun for train_model_sample to None, run_after=None
[2025-12-30T21:07:03.488+0000] {processor.py:183} INFO - Processing /opt/airflow/dags/model_sample_dags.py took 0.257 seconds
[2025-12-30T21:07:34.064+0000] {processor.py:161} INFO - Started process (PID=1582) to work on /opt/airflow/dags/model_sample_dags.py
[2025-12-30T21:07:34.067+0000] {processor.py:830} INFO - Processing file /opt/airflow/dags/model_sample_dags.py for tasks to queue
[2025-12-30T21:07:34.073+0000] {logging_mixin.py:188} INFO - [2025-12-30T21:07:34.072+0000] {dagbag.py:545} INFO - Filling up the DagBag from /opt/airflow/dags/model_sample_dags.py
[2025-12-30T21:07:34.143+0000] {processor.py:840} INFO - DAG(s) 'train_model_sample' retrieved from /opt/airflow/dags/model_sample_dags.py
[2025-12-30T21:07:34.241+0000] {logging_mixin.py:188} INFO - [2025-12-30T21:07:34.240+0000] {dag.py:3089} INFO - Sync 1 DAGs
[2025-12-30T21:07:34.282+0000] {logging_mixin.py:188} INFO - [2025-12-30T21:07:34.281+0000] {dag.py:3947} INFO - Setting next_dagrun for train_model_sample to None, run_after=None
[2025-12-30T21:07:34.361+0000] {processor.py:183} INFO - Processing /opt/airflow/dags/model_sample_dags.py took 0.314 seconds
[2025-12-30T21:08:04.681+0000] {processor.py:161} INFO - Started process (PID=1587) to work on /opt/airflow/dags/model_sample_dags.py
[2025-12-30T21:08:04.684+0000] {processor.py:830} INFO - Processing file /opt/airflow/dags/model_sample_dags.py for tasks to queue
[2025-12-30T21:08:04.689+0000] {logging_mixin.py:188} INFO - [2025-12-30T21:08:04.688+0000] {dagbag.py:545} INFO - Filling up the DagBag from /opt/airflow/dags/model_sample_dags.py
[2025-12-30T21:08:04.760+0000] {processor.py:840} INFO - DAG(s) 'train_model_sample' retrieved from /opt/airflow/dags/model_sample_dags.py
[2025-12-30T21:08:04.848+0000] {logging_mixin.py:188} INFO - [2025-12-30T21:08:04.847+0000] {dag.py:3089} INFO - Sync 1 DAGs
[2025-12-30T21:08:04.895+0000] {logging_mixin.py:188} INFO - [2025-12-30T21:08:04.894+0000] {dag.py:3947} INFO - Setting next_dagrun for train_model_sample to None, run_after=None
[2025-12-30T21:08:04.982+0000] {processor.py:183} INFO - Processing /opt/airflow/dags/model_sample_dags.py took 0.318 seconds
[2025-12-30T21:08:35.441+0000] {processor.py:161} INFO - Started process (PID=1592) to work on /opt/airflow/dags/model_sample_dags.py
[2025-12-30T21:08:35.444+0000] {processor.py:830} INFO - Processing file /opt/airflow/dags/model_sample_dags.py for tasks to queue
[2025-12-30T21:08:35.448+0000] {logging_mixin.py:188} INFO - [2025-12-30T21:08:35.447+0000] {dagbag.py:545} INFO - Filling up the DagBag from /opt/airflow/dags/model_sample_dags.py
[2025-12-30T21:08:35.494+0000] {processor.py:840} INFO - DAG(s) 'train_model_sample' retrieved from /opt/airflow/dags/model_sample_dags.py
[2025-12-30T21:08:35.555+0000] {logging_mixin.py:188} INFO - [2025-12-30T21:08:35.554+0000] {dag.py:3089} INFO - Sync 1 DAGs
[2025-12-30T21:08:35.581+0000] {logging_mixin.py:188} INFO - [2025-12-30T21:08:35.581+0000] {dag.py:3947} INFO - Setting next_dagrun for train_model_sample to None, run_after=None
[2025-12-30T21:08:35.634+0000] {processor.py:183} INFO - Processing /opt/airflow/dags/model_sample_dags.py took 0.208 seconds
[2025-12-30T21:09:06.322+0000] {processor.py:161} INFO - Started process (PID=1597) to work on /opt/airflow/dags/model_sample_dags.py
[2025-12-30T21:09:06.325+0000] {processor.py:830} INFO - Processing file /opt/airflow/dags/model_sample_dags.py for tasks to queue
[2025-12-30T21:09:06.331+0000] {logging_mixin.py:188} INFO - [2025-12-30T21:09:06.330+0000] {dagbag.py:545} INFO - Filling up the DagBag from /opt/airflow/dags/model_sample_dags.py
[2025-12-30T21:09:06.393+0000] {processor.py:840} INFO - DAG(s) 'train_model_sample' retrieved from /opt/airflow/dags/model_sample_dags.py
[2025-12-30T21:09:06.480+0000] {logging_mixin.py:188} INFO - [2025-12-30T21:09:06.480+0000] {dag.py:3089} INFO - Sync 1 DAGs
[2025-12-30T21:09:06.524+0000] {logging_mixin.py:188} INFO - [2025-12-30T21:09:06.523+0000] {dag.py:3947} INFO - Setting next_dagrun for train_model_sample to None, run_after=None
[2025-12-30T21:09:06.592+0000] {processor.py:183} INFO - Processing /opt/airflow/dags/model_sample_dags.py took 0.288 seconds
[2025-12-30T21:09:37.038+0000] {processor.py:161} INFO - Started process (PID=1602) to work on /opt/airflow/dags/model_sample_dags.py
[2025-12-30T21:09:37.042+0000] {processor.py:830} INFO - Processing file /opt/airflow/dags/model_sample_dags.py for tasks to queue
[2025-12-30T21:09:37.049+0000] {logging_mixin.py:188} INFO - [2025-12-30T21:09:37.048+0000] {dagbag.py:545} INFO - Filling up the DagBag from /opt/airflow/dags/model_sample_dags.py
[2025-12-30T21:09:37.147+0000] {processor.py:840} INFO - DAG(s) 'train_model_sample' retrieved from /opt/airflow/dags/model_sample_dags.py
[2025-12-30T21:09:37.230+0000] {logging_mixin.py:188} INFO - [2025-12-30T21:09:37.229+0000] {dag.py:3089} INFO - Sync 1 DAGs
[2025-12-30T21:09:37.262+0000] {logging_mixin.py:188} INFO - [2025-12-30T21:09:37.262+0000] {dag.py:3947} INFO - Setting next_dagrun for train_model_sample to None, run_after=None
[2025-12-30T21:09:37.337+0000] {processor.py:183} INFO - Processing /opt/airflow/dags/model_sample_dags.py took 0.322 seconds
[2025-12-30T21:10:07.807+0000] {processor.py:161} INFO - Started process (PID=1607) to work on /opt/airflow/dags/model_sample_dags.py
[2025-12-30T21:10:07.810+0000] {processor.py:830} INFO - Processing file /opt/airflow/dags/model_sample_dags.py for tasks to queue
[2025-12-30T21:10:07.815+0000] {logging_mixin.py:188} INFO - [2025-12-30T21:10:07.814+0000] {dagbag.py:545} INFO - Filling up the DagBag from /opt/airflow/dags/model_sample_dags.py
[2025-12-30T21:10:07.887+0000] {processor.py:840} INFO - DAG(s) 'train_model_sample' retrieved from /opt/airflow/dags/model_sample_dags.py
[2025-12-30T21:10:07.972+0000] {logging_mixin.py:188} INFO - [2025-12-30T21:10:07.971+0000] {dag.py:3089} INFO - Sync 1 DAGs
[2025-12-30T21:10:08.027+0000] {logging_mixin.py:188} INFO - [2025-12-30T21:10:08.026+0000] {dag.py:3947} INFO - Setting next_dagrun for train_model_sample to None, run_after=None
[2025-12-30T21:10:08.108+0000] {processor.py:183} INFO - Processing /opt/airflow/dags/model_sample_dags.py took 0.319 seconds
[2025-12-30T21:10:38.621+0000] {processor.py:161} INFO - Started process (PID=1612) to work on /opt/airflow/dags/model_sample_dags.py
[2025-12-30T21:10:38.627+0000] {processor.py:830} INFO - Processing file /opt/airflow/dags/model_sample_dags.py for tasks to queue
[2025-12-30T21:10:38.635+0000] {logging_mixin.py:188} INFO - [2025-12-30T21:10:38.634+0000] {dagbag.py:545} INFO - Filling up the DagBag from /opt/airflow/dags/model_sample_dags.py
[2025-12-30T21:10:38.723+0000] {processor.py:840} INFO - DAG(s) 'train_model_sample' retrieved from /opt/airflow/dags/model_sample_dags.py
[2025-12-30T21:10:38.788+0000] {logging_mixin.py:188} INFO - [2025-12-30T21:10:38.787+0000] {dag.py:3089} INFO - Sync 1 DAGs
[2025-12-30T21:10:38.817+0000] {logging_mixin.py:188} INFO - [2025-12-30T21:10:38.816+0000] {dag.py:3947} INFO - Setting next_dagrun for train_model_sample to None, run_after=None
[2025-12-30T21:10:38.883+0000] {processor.py:183} INFO - Processing /opt/airflow/dags/model_sample_dags.py took 0.290 seconds
[2025-12-30T21:11:09.647+0000] {processor.py:161} INFO - Started process (PID=1617) to work on /opt/airflow/dags/model_sample_dags.py
[2025-12-30T21:11:09.650+0000] {processor.py:830} INFO - Processing file /opt/airflow/dags/model_sample_dags.py for tasks to queue
[2025-12-30T21:11:09.655+0000] {logging_mixin.py:188} INFO - [2025-12-30T21:11:09.654+0000] {dagbag.py:545} INFO - Filling up the DagBag from /opt/airflow/dags/model_sample_dags.py
[2025-12-30T21:11:09.730+0000] {processor.py:840} INFO - DAG(s) 'train_model_sample' retrieved from /opt/airflow/dags/model_sample_dags.py
[2025-12-30T21:11:09.807+0000] {logging_mixin.py:188} INFO - [2025-12-30T21:11:09.807+0000] {dag.py:3089} INFO - Sync 1 DAGs
[2025-12-30T21:11:09.844+0000] {logging_mixin.py:188} INFO - [2025-12-30T21:11:09.843+0000] {dag.py:3947} INFO - Setting next_dagrun for train_model_sample to None, run_after=None
[2025-12-30T21:11:09.911+0000] {processor.py:183} INFO - Processing /opt/airflow/dags/model_sample_dags.py took 0.282 seconds
[2025-12-30T21:11:40.225+0000] {processor.py:161} INFO - Started process (PID=1622) to work on /opt/airflow/dags/model_sample_dags.py
[2025-12-30T21:11:40.228+0000] {processor.py:830} INFO - Processing file /opt/airflow/dags/model_sample_dags.py for tasks to queue
[2025-12-30T21:11:40.233+0000] {logging_mixin.py:188} INFO - [2025-12-30T21:11:40.232+0000] {dagbag.py:545} INFO - Filling up the DagBag from /opt/airflow/dags/model_sample_dags.py
[2025-12-30T21:11:40.285+0000] {processor.py:840} INFO - DAG(s) 'train_model_sample' retrieved from /opt/airflow/dags/model_sample_dags.py
[2025-12-30T21:11:40.367+0000] {logging_mixin.py:188} INFO - [2025-12-30T21:11:40.366+0000] {dag.py:3089} INFO - Sync 1 DAGs
[2025-12-30T21:11:40.398+0000] {logging_mixin.py:188} INFO - [2025-12-30T21:11:40.397+0000] {dag.py:3947} INFO - Setting next_dagrun for train_model_sample to None, run_after=None
[2025-12-30T21:11:40.442+0000] {processor.py:183} INFO - Processing /opt/airflow/dags/model_sample_dags.py took 0.234 seconds
[2025-12-30T21:12:11.145+0000] {processor.py:161} INFO - Started process (PID=1627) to work on /opt/airflow/dags/model_sample_dags.py
[2025-12-30T21:12:11.147+0000] {processor.py:830} INFO - Processing file /opt/airflow/dags/model_sample_dags.py for tasks to queue
[2025-12-30T21:12:11.152+0000] {logging_mixin.py:188} INFO - [2025-12-30T21:12:11.151+0000] {dagbag.py:545} INFO - Filling up the DagBag from /opt/airflow/dags/model_sample_dags.py
[2025-12-30T21:12:11.210+0000] {processor.py:840} INFO - DAG(s) 'train_model_sample' retrieved from /opt/airflow/dags/model_sample_dags.py
[2025-12-30T21:12:11.270+0000] {logging_mixin.py:188} INFO - [2025-12-30T21:12:11.270+0000] {dag.py:3089} INFO - Sync 1 DAGs
[2025-12-30T21:12:11.303+0000] {logging_mixin.py:188} INFO - [2025-12-30T21:12:11.303+0000] {dag.py:3947} INFO - Setting next_dagrun for train_model_sample to None, run_after=None
[2025-12-30T21:12:11.378+0000] {processor.py:183} INFO - Processing /opt/airflow/dags/model_sample_dags.py took 0.245 seconds
[2025-12-30T21:12:42.103+0000] {processor.py:161} INFO - Started process (PID=1632) to work on /opt/airflow/dags/model_sample_dags.py
[2025-12-30T21:12:42.106+0000] {processor.py:830} INFO - Processing file /opt/airflow/dags/model_sample_dags.py for tasks to queue
[2025-12-30T21:12:42.110+0000] {logging_mixin.py:188} INFO - [2025-12-30T21:12:42.110+0000] {dagbag.py:545} INFO - Filling up the DagBag from /opt/airflow/dags/model_sample_dags.py
[2025-12-30T21:12:42.173+0000] {processor.py:840} INFO - DAG(s) 'train_model_sample' retrieved from /opt/airflow/dags/model_sample_dags.py
[2025-12-30T21:12:42.230+0000] {logging_mixin.py:188} INFO - [2025-12-30T21:12:42.229+0000] {dag.py:3089} INFO - Sync 1 DAGs
[2025-12-30T21:12:42.256+0000] {logging_mixin.py:188} INFO - [2025-12-30T21:12:42.255+0000] {dag.py:3947} INFO - Setting next_dagrun for train_model_sample to None, run_after=None
[2025-12-30T21:12:42.302+0000] {processor.py:183} INFO - Processing /opt/airflow/dags/model_sample_dags.py took 0.214 seconds
[2025-12-30T21:13:12.988+0000] {processor.py:161} INFO - Started process (PID=1637) to work on /opt/airflow/dags/model_sample_dags.py
[2025-12-30T21:13:12.991+0000] {processor.py:830} INFO - Processing file /opt/airflow/dags/model_sample_dags.py for tasks to queue
[2025-12-30T21:13:12.995+0000] {logging_mixin.py:188} INFO - [2025-12-30T21:13:12.994+0000] {dagbag.py:545} INFO - Filling up the DagBag from /opt/airflow/dags/model_sample_dags.py
[2025-12-30T21:13:13.053+0000] {processor.py:840} INFO - DAG(s) 'train_model_sample' retrieved from /opt/airflow/dags/model_sample_dags.py
[2025-12-30T21:13:13.105+0000] {logging_mixin.py:188} INFO - [2025-12-30T21:13:13.105+0000] {dag.py:3089} INFO - Sync 1 DAGs
[2025-12-30T21:13:13.131+0000] {logging_mixin.py:188} INFO - [2025-12-30T21:13:13.130+0000] {dag.py:3947} INFO - Setting next_dagrun for train_model_sample to None, run_after=None
[2025-12-30T21:13:13.235+0000] {processor.py:183} INFO - Processing /opt/airflow/dags/model_sample_dags.py took 0.260 seconds
[2025-12-30T21:13:44.009+0000] {processor.py:161} INFO - Started process (PID=1642) to work on /opt/airflow/dags/model_sample_dags.py
[2025-12-30T21:13:44.012+0000] {processor.py:830} INFO - Processing file /opt/airflow/dags/model_sample_dags.py for tasks to queue
[2025-12-30T21:13:44.016+0000] {logging_mixin.py:188} INFO - [2025-12-30T21:13:44.015+0000] {dagbag.py:545} INFO - Filling up the DagBag from /opt/airflow/dags/model_sample_dags.py
[2025-12-30T21:13:44.079+0000] {processor.py:840} INFO - DAG(s) 'train_model_sample' retrieved from /opt/airflow/dags/model_sample_dags.py
[2025-12-30T21:13:44.146+0000] {logging_mixin.py:188} INFO - [2025-12-30T21:13:44.145+0000] {dag.py:3089} INFO - Sync 1 DAGs
[2025-12-30T21:13:44.181+0000] {logging_mixin.py:188} INFO - [2025-12-30T21:13:44.180+0000] {dag.py:3947} INFO - Setting next_dagrun for train_model_sample to None, run_after=None
[2025-12-30T21:13:44.242+0000] {processor.py:183} INFO - Processing /opt/airflow/dags/model_sample_dags.py took 0.248 seconds
[2025-12-30T21:14:15.641+0000] {processor.py:161} INFO - Started process (PID=1647) to work on /opt/airflow/dags/model_sample_dags.py
[2025-12-30T21:14:15.644+0000] {processor.py:830} INFO - Processing file /opt/airflow/dags/model_sample_dags.py for tasks to queue
[2025-12-30T21:14:15.649+0000] {logging_mixin.py:188} INFO - [2025-12-30T21:14:15.649+0000] {dagbag.py:545} INFO - Filling up the DagBag from /opt/airflow/dags/model_sample_dags.py
[2025-12-30T21:14:15.708+0000] {processor.py:840} INFO - DAG(s) 'train_model_sample' retrieved from /opt/airflow/dags/model_sample_dags.py
[2025-12-30T21:14:15.765+0000] {logging_mixin.py:188} INFO - [2025-12-30T21:14:15.764+0000] {dag.py:3089} INFO - Sync 1 DAGs
[2025-12-30T21:14:15.794+0000] {logging_mixin.py:188} INFO - [2025-12-30T21:14:15.793+0000] {dag.py:3947} INFO - Setting next_dagrun for train_model_sample to None, run_after=None
[2025-12-30T21:14:15.844+0000] {processor.py:183} INFO - Processing /opt/airflow/dags/model_sample_dags.py took 0.218 seconds
[2025-12-30T21:14:46.683+0000] {processor.py:161} INFO - Started process (PID=1652) to work on /opt/airflow/dags/model_sample_dags.py
[2025-12-30T21:14:46.687+0000] {processor.py:830} INFO - Processing file /opt/airflow/dags/model_sample_dags.py for tasks to queue
[2025-12-30T21:14:46.693+0000] {logging_mixin.py:188} INFO - [2025-12-30T21:14:46.692+0000] {dagbag.py:545} INFO - Filling up the DagBag from /opt/airflow/dags/model_sample_dags.py
[2025-12-30T21:14:46.800+0000] {processor.py:840} INFO - DAG(s) 'train_model_sample' retrieved from /opt/airflow/dags/model_sample_dags.py
[2025-12-30T21:14:46.894+0000] {logging_mixin.py:188} INFO - [2025-12-30T21:14:46.893+0000] {dag.py:3089} INFO - Sync 1 DAGs
[2025-12-30T21:14:46.931+0000] {logging_mixin.py:188} INFO - [2025-12-30T21:14:46.930+0000] {dag.py:3947} INFO - Setting next_dagrun for train_model_sample to None, run_after=None
[2025-12-30T21:14:47.011+0000] {processor.py:183} INFO - Processing /opt/airflow/dags/model_sample_dags.py took 0.348 seconds
[2025-12-30T21:15:18.595+0000] {processor.py:161} INFO - Started process (PID=1657) to work on /opt/airflow/dags/model_sample_dags.py
[2025-12-30T21:15:18.599+0000] {processor.py:830} INFO - Processing file /opt/airflow/dags/model_sample_dags.py for tasks to queue
[2025-12-30T21:15:18.606+0000] {logging_mixin.py:188} INFO - [2025-12-30T21:15:18.605+0000] {dagbag.py:545} INFO - Filling up the DagBag from /opt/airflow/dags/model_sample_dags.py
[2025-12-30T21:15:18.665+0000] {processor.py:840} INFO - DAG(s) 'train_model_sample' retrieved from /opt/airflow/dags/model_sample_dags.py
[2025-12-30T21:15:18.717+0000] {logging_mixin.py:188} INFO - [2025-12-30T21:15:18.717+0000] {dag.py:3089} INFO - Sync 1 DAGs
[2025-12-30T21:15:18.738+0000] {logging_mixin.py:188} INFO - [2025-12-30T21:15:18.737+0000] {dag.py:3947} INFO - Setting next_dagrun for train_model_sample to None, run_after=None
[2025-12-30T21:15:18.785+0000] {processor.py:183} INFO - Processing /opt/airflow/dags/model_sample_dags.py took 0.211 seconds
[2025-12-30T21:15:49.538+0000] {processor.py:161} INFO - Started process (PID=1662) to work on /opt/airflow/dags/model_sample_dags.py
[2025-12-30T21:15:49.542+0000] {processor.py:830} INFO - Processing file /opt/airflow/dags/model_sample_dags.py for tasks to queue
[2025-12-30T21:15:49.551+0000] {logging_mixin.py:188} INFO - [2025-12-30T21:15:49.550+0000] {dagbag.py:545} INFO - Filling up the DagBag from /opt/airflow/dags/model_sample_dags.py
[2025-12-30T21:15:49.609+0000] {processor.py:840} INFO - DAG(s) 'train_model_sample' retrieved from /opt/airflow/dags/model_sample_dags.py
[2025-12-30T21:15:49.692+0000] {logging_mixin.py:188} INFO - [2025-12-30T21:15:49.692+0000] {dag.py:3089} INFO - Sync 1 DAGs
[2025-12-30T21:15:49.728+0000] {logging_mixin.py:188} INFO - [2025-12-30T21:15:49.727+0000] {dag.py:3947} INFO - Setting next_dagrun for train_model_sample to None, run_after=None
[2025-12-30T21:15:49.794+0000] {processor.py:183} INFO - Processing /opt/airflow/dags/model_sample_dags.py took 0.277 seconds
[2025-12-30T21:16:21.211+0000] {processor.py:161} INFO - Started process (PID=1667) to work on /opt/airflow/dags/model_sample_dags.py
[2025-12-30T21:16:21.213+0000] {processor.py:830} INFO - Processing file /opt/airflow/dags/model_sample_dags.py for tasks to queue
[2025-12-30T21:16:21.216+0000] {logging_mixin.py:188} INFO - [2025-12-30T21:16:21.216+0000] {dagbag.py:545} INFO - Filling up the DagBag from /opt/airflow/dags/model_sample_dags.py
[2025-12-30T21:16:21.250+0000] {processor.py:840} INFO - DAG(s) 'train_model_sample' retrieved from /opt/airflow/dags/model_sample_dags.py
[2025-12-30T21:16:21.300+0000] {logging_mixin.py:188} INFO - [2025-12-30T21:16:21.300+0000] {dag.py:3089} INFO - Sync 1 DAGs
[2025-12-30T21:16:21.323+0000] {logging_mixin.py:188} INFO - [2025-12-30T21:16:21.323+0000] {dag.py:3947} INFO - Setting next_dagrun for train_model_sample to None, run_after=None
[2025-12-30T21:16:21.375+0000] {processor.py:183} INFO - Processing /opt/airflow/dags/model_sample_dags.py took 0.178 seconds
[2025-12-30T21:16:53.001+0000] {processor.py:161} INFO - Started process (PID=1672) to work on /opt/airflow/dags/model_sample_dags.py
[2025-12-30T21:16:53.003+0000] {processor.py:830} INFO - Processing file /opt/airflow/dags/model_sample_dags.py for tasks to queue
[2025-12-30T21:16:53.007+0000] {logging_mixin.py:188} INFO - [2025-12-30T21:16:53.007+0000] {dagbag.py:545} INFO - Filling up the DagBag from /opt/airflow/dags/model_sample_dags.py
[2025-12-30T21:16:53.065+0000] {processor.py:840} INFO - DAG(s) 'train_model_sample' retrieved from /opt/airflow/dags/model_sample_dags.py
[2025-12-30T21:16:53.122+0000] {logging_mixin.py:188} INFO - [2025-12-30T21:16:53.121+0000] {dag.py:3089} INFO - Sync 1 DAGs
[2025-12-30T21:16:53.156+0000] {logging_mixin.py:188} INFO - [2025-12-30T21:16:53.155+0000] {dag.py:3947} INFO - Setting next_dagrun for train_model_sample to None, run_after=None
[2025-12-30T21:16:53.206+0000] {processor.py:183} INFO - Processing /opt/airflow/dags/model_sample_dags.py took 0.218 seconds
[2025-12-30T21:17:23.911+0000] {processor.py:161} INFO - Started process (PID=1677) to work on /opt/airflow/dags/model_sample_dags.py
[2025-12-30T21:17:23.915+0000] {processor.py:830} INFO - Processing file /opt/airflow/dags/model_sample_dags.py for tasks to queue
[2025-12-30T21:17:23.920+0000] {logging_mixin.py:188} INFO - [2025-12-30T21:17:23.920+0000] {dagbag.py:545} INFO - Filling up the DagBag from /opt/airflow/dags/model_sample_dags.py
[2025-12-30T21:17:24.003+0000] {processor.py:840} INFO - DAG(s) 'train_model_sample' retrieved from /opt/airflow/dags/model_sample_dags.py
[2025-12-30T21:17:24.069+0000] {logging_mixin.py:188} INFO - [2025-12-30T21:17:24.068+0000] {dag.py:3089} INFO - Sync 1 DAGs
[2025-12-30T21:17:24.100+0000] {logging_mixin.py:188} INFO - [2025-12-30T21:17:24.099+0000] {dag.py:3947} INFO - Setting next_dagrun for train_model_sample to None, run_after=None
[2025-12-30T21:17:24.171+0000] {processor.py:183} INFO - Processing /opt/airflow/dags/model_sample_dags.py took 0.277 seconds
[2025-12-30T21:17:55.940+0000] {processor.py:161} INFO - Started process (PID=1682) to work on /opt/airflow/dags/model_sample_dags.py
[2025-12-30T21:17:55.942+0000] {processor.py:830} INFO - Processing file /opt/airflow/dags/model_sample_dags.py for tasks to queue
[2025-12-30T21:17:55.946+0000] {logging_mixin.py:188} INFO - [2025-12-30T21:17:55.946+0000] {dagbag.py:545} INFO - Filling up the DagBag from /opt/airflow/dags/model_sample_dags.py
[2025-12-30T21:17:56.013+0000] {processor.py:840} INFO - DAG(s) 'train_model_sample' retrieved from /opt/airflow/dags/model_sample_dags.py
[2025-12-30T21:17:56.073+0000] {logging_mixin.py:188} INFO - [2025-12-30T21:17:56.072+0000] {dag.py:3089} INFO - Sync 1 DAGs
[2025-12-30T21:17:56.099+0000] {logging_mixin.py:188} INFO - [2025-12-30T21:17:56.099+0000] {dag.py:3947} INFO - Setting next_dagrun for train_model_sample to None, run_after=None
[2025-12-30T21:17:56.147+0000] {processor.py:183} INFO - Processing /opt/airflow/dags/model_sample_dags.py took 0.218 seconds
[2025-12-30T21:18:26.693+0000] {processor.py:161} INFO - Started process (PID=1687) to work on /opt/airflow/dags/model_sample_dags.py
[2025-12-30T21:18:26.696+0000] {processor.py:830} INFO - Processing file /opt/airflow/dags/model_sample_dags.py for tasks to queue
[2025-12-30T21:18:26.700+0000] {logging_mixin.py:188} INFO - [2025-12-30T21:18:26.699+0000] {dagbag.py:545} INFO - Filling up the DagBag from /opt/airflow/dags/model_sample_dags.py
[2025-12-30T21:18:26.756+0000] {processor.py:840} INFO - DAG(s) 'train_model_sample' retrieved from /opt/airflow/dags/model_sample_dags.py
[2025-12-30T21:18:26.809+0000] {logging_mixin.py:188} INFO - [2025-12-30T21:18:26.808+0000] {dag.py:3089} INFO - Sync 1 DAGs
[2025-12-30T21:18:26.833+0000] {logging_mixin.py:188} INFO - [2025-12-30T21:18:26.833+0000] {dag.py:3947} INFO - Setting next_dagrun for train_model_sample to None, run_after=None
[2025-12-30T21:18:26.882+0000] {processor.py:183} INFO - Processing /opt/airflow/dags/model_sample_dags.py took 0.200 seconds
[2025-12-30T21:18:58.802+0000] {processor.py:161} INFO - Started process (PID=1692) to work on /opt/airflow/dags/model_sample_dags.py
[2025-12-30T21:18:58.804+0000] {processor.py:830} INFO - Processing file /opt/airflow/dags/model_sample_dags.py for tasks to queue
[2025-12-30T21:18:58.809+0000] {logging_mixin.py:188} INFO - [2025-12-30T21:18:58.808+0000] {dagbag.py:545} INFO - Filling up the DagBag from /opt/airflow/dags/model_sample_dags.py
[2025-12-30T21:18:58.871+0000] {processor.py:840} INFO - DAG(s) 'train_model_sample' retrieved from /opt/airflow/dags/model_sample_dags.py
[2025-12-30T21:18:58.927+0000] {logging_mixin.py:188} INFO - [2025-12-30T21:18:58.927+0000] {dag.py:3089} INFO - Sync 1 DAGs
[2025-12-30T21:18:58.951+0000] {logging_mixin.py:188} INFO - [2025-12-30T21:18:58.951+0000] {dag.py:3947} INFO - Setting next_dagrun for train_model_sample to None, run_after=None
[2025-12-30T21:18:58.996+0000] {processor.py:183} INFO - Processing /opt/airflow/dags/model_sample_dags.py took 0.209 seconds
[2025-12-30T21:19:29.906+0000] {processor.py:161} INFO - Started process (PID=1697) to work on /opt/airflow/dags/model_sample_dags.py
[2025-12-30T21:19:29.910+0000] {processor.py:830} INFO - Processing file /opt/airflow/dags/model_sample_dags.py for tasks to queue
[2025-12-30T21:19:29.915+0000] {logging_mixin.py:188} INFO - [2025-12-30T21:19:29.914+0000] {dagbag.py:545} INFO - Filling up the DagBag from /opt/airflow/dags/model_sample_dags.py
[2025-12-30T21:19:29.985+0000] {processor.py:840} INFO - DAG(s) 'train_model_sample' retrieved from /opt/airflow/dags/model_sample_dags.py
[2025-12-30T21:19:30.061+0000] {logging_mixin.py:188} INFO - [2025-12-30T21:19:30.060+0000] {dag.py:3089} INFO - Sync 1 DAGs
[2025-12-30T21:19:30.090+0000] {logging_mixin.py:188} INFO - [2025-12-30T21:19:30.090+0000] {dag.py:3947} INFO - Setting next_dagrun for train_model_sample to None, run_after=None
[2025-12-30T21:19:30.148+0000] {processor.py:183} INFO - Processing /opt/airflow/dags/model_sample_dags.py took 0.259 seconds
[2025-12-30T21:20:01.688+0000] {processor.py:161} INFO - Started process (PID=1702) to work on /opt/airflow/dags/model_sample_dags.py
[2025-12-30T21:20:01.691+0000] {processor.py:830} INFO - Processing file /opt/airflow/dags/model_sample_dags.py for tasks to queue
[2025-12-30T21:20:01.696+0000] {logging_mixin.py:188} INFO - [2025-12-30T21:20:01.695+0000] {dagbag.py:545} INFO - Filling up the DagBag from /opt/airflow/dags/model_sample_dags.py
[2025-12-30T21:20:01.756+0000] {processor.py:840} INFO - DAG(s) 'train_model_sample' retrieved from /opt/airflow/dags/model_sample_dags.py
[2025-12-30T21:20:01.816+0000] {logging_mixin.py:188} INFO - [2025-12-30T21:20:01.816+0000] {dag.py:3089} INFO - Sync 1 DAGs
[2025-12-30T21:20:01.844+0000] {logging_mixin.py:188} INFO - [2025-12-30T21:20:01.843+0000] {dag.py:3947} INFO - Setting next_dagrun for train_model_sample to None, run_after=None
[2025-12-30T21:20:01.884+0000] {processor.py:183} INFO - Processing /opt/airflow/dags/model_sample_dags.py took 0.208 seconds
[2025-12-30T21:20:32.749+0000] {processor.py:161} INFO - Started process (PID=1707) to work on /opt/airflow/dags/model_sample_dags.py
[2025-12-30T21:20:32.751+0000] {processor.py:830} INFO - Processing file /opt/airflow/dags/model_sample_dags.py for tasks to queue
[2025-12-30T21:20:32.755+0000] {logging_mixin.py:188} INFO - [2025-12-30T21:20:32.754+0000] {dagbag.py:545} INFO - Filling up the DagBag from /opt/airflow/dags/model_sample_dags.py
[2025-12-30T21:20:32.810+0000] {processor.py:840} INFO - DAG(s) 'train_model_sample' retrieved from /opt/airflow/dags/model_sample_dags.py
[2025-12-30T21:20:32.864+0000] {logging_mixin.py:188} INFO - [2025-12-30T21:20:32.864+0000] {dag.py:3089} INFO - Sync 1 DAGs
[2025-12-30T21:20:32.893+0000] {logging_mixin.py:188} INFO - [2025-12-30T21:20:32.893+0000] {dag.py:3947} INFO - Setting next_dagrun for train_model_sample to None, run_after=None
[2025-12-30T21:20:32.943+0000] {processor.py:183} INFO - Processing /opt/airflow/dags/model_sample_dags.py took 0.206 seconds
[2025-12-30T21:21:04.713+0000] {processor.py:161} INFO - Started process (PID=1712) to work on /opt/airflow/dags/model_sample_dags.py
[2025-12-30T21:21:04.717+0000] {processor.py:830} INFO - Processing file /opt/airflow/dags/model_sample_dags.py for tasks to queue
[2025-12-30T21:21:04.723+0000] {logging_mixin.py:188} INFO - [2025-12-30T21:21:04.722+0000] {dagbag.py:545} INFO - Filling up the DagBag from /opt/airflow/dags/model_sample_dags.py
[2025-12-30T21:21:04.805+0000] {processor.py:840} INFO - DAG(s) 'train_model_sample' retrieved from /opt/airflow/dags/model_sample_dags.py
[2025-12-30T21:21:04.880+0000] {logging_mixin.py:188} INFO - [2025-12-30T21:21:04.880+0000] {dag.py:3089} INFO - Sync 1 DAGs
[2025-12-30T21:21:04.919+0000] {logging_mixin.py:188} INFO - [2025-12-30T21:21:04.918+0000] {dag.py:3947} INFO - Setting next_dagrun for train_model_sample to None, run_after=None
[2025-12-30T21:21:04.979+0000] {processor.py:183} INFO - Processing /opt/airflow/dags/model_sample_dags.py took 0.284 seconds
[2025-12-30T21:21:35.864+0000] {processor.py:161} INFO - Started process (PID=1717) to work on /opt/airflow/dags/model_sample_dags.py
[2025-12-30T21:21:35.867+0000] {processor.py:830} INFO - Processing file /opt/airflow/dags/model_sample_dags.py for tasks to queue
[2025-12-30T21:21:35.872+0000] {logging_mixin.py:188} INFO - [2025-12-30T21:21:35.871+0000] {dagbag.py:545} INFO - Filling up the DagBag from /opt/airflow/dags/model_sample_dags.py
[2025-12-30T21:21:35.942+0000] {processor.py:840} INFO - DAG(s) 'train_model_sample' retrieved from /opt/airflow/dags/model_sample_dags.py
[2025-12-30T21:21:36.017+0000] {logging_mixin.py:188} INFO - [2025-12-30T21:21:36.017+0000] {dag.py:3089} INFO - Sync 1 DAGs
[2025-12-30T21:21:36.049+0000] {logging_mixin.py:188} INFO - [2025-12-30T21:21:36.048+0000] {dag.py:3947} INFO - Setting next_dagrun for train_model_sample to None, run_after=None
[2025-12-30T21:21:36.118+0000] {processor.py:183} INFO - Processing /opt/airflow/dags/model_sample_dags.py took 0.270 seconds
[2025-12-30T21:22:07.674+0000] {processor.py:161} INFO - Started process (PID=1722) to work on /opt/airflow/dags/model_sample_dags.py
[2025-12-30T21:22:07.677+0000] {processor.py:830} INFO - Processing file /opt/airflow/dags/model_sample_dags.py for tasks to queue
[2025-12-30T21:22:07.681+0000] {logging_mixin.py:188} INFO - [2025-12-30T21:22:07.681+0000] {dagbag.py:545} INFO - Filling up the DagBag from /opt/airflow/dags/model_sample_dags.py
[2025-12-30T21:22:07.737+0000] {processor.py:840} INFO - DAG(s) 'train_model_sample' retrieved from /opt/airflow/dags/model_sample_dags.py
[2025-12-30T21:22:07.799+0000] {logging_mixin.py:188} INFO - [2025-12-30T21:22:07.798+0000] {dag.py:3089} INFO - Sync 1 DAGs
[2025-12-30T21:22:07.820+0000] {logging_mixin.py:188} INFO - [2025-12-30T21:22:07.819+0000] {dag.py:3947} INFO - Setting next_dagrun for train_model_sample to None, run_after=None
[2025-12-30T21:22:07.859+0000] {processor.py:183} INFO - Processing /opt/airflow/dags/model_sample_dags.py took 0.200 seconds
[2025-12-30T21:22:38.748+0000] {processor.py:161} INFO - Started process (PID=1727) to work on /opt/airflow/dags/model_sample_dags.py
[2025-12-30T21:22:38.753+0000] {processor.py:830} INFO - Processing file /opt/airflow/dags/model_sample_dags.py for tasks to queue
[2025-12-30T21:22:38.761+0000] {logging_mixin.py:188} INFO - [2025-12-30T21:22:38.760+0000] {dagbag.py:545} INFO - Filling up the DagBag from /opt/airflow/dags/model_sample_dags.py
[2025-12-30T21:22:38.842+0000] {processor.py:840} INFO - DAG(s) 'train_model_sample' retrieved from /opt/airflow/dags/model_sample_dags.py
[2025-12-30T21:22:38.938+0000] {logging_mixin.py:188} INFO - [2025-12-30T21:22:38.937+0000] {dag.py:3089} INFO - Sync 1 DAGs
[2025-12-30T21:22:38.970+0000] {logging_mixin.py:188} INFO - [2025-12-30T21:22:38.969+0000] {dag.py:3947} INFO - Setting next_dagrun for train_model_sample to None, run_after=None
[2025-12-30T21:22:39.011+0000] {processor.py:183} INFO - Processing /opt/airflow/dags/model_sample_dags.py took 0.284 seconds
[2025-12-30T21:23:10.663+0000] {processor.py:161} INFO - Started process (PID=1732) to work on /opt/airflow/dags/model_sample_dags.py
[2025-12-30T21:23:10.665+0000] {processor.py:830} INFO - Processing file /opt/airflow/dags/model_sample_dags.py for tasks to queue
[2025-12-30T21:23:10.670+0000] {logging_mixin.py:188} INFO - [2025-12-30T21:23:10.669+0000] {dagbag.py:545} INFO - Filling up the DagBag from /opt/airflow/dags/model_sample_dags.py
[2025-12-30T21:23:10.717+0000] {processor.py:840} INFO - DAG(s) 'train_model_sample' retrieved from /opt/airflow/dags/model_sample_dags.py
[2025-12-30T21:23:10.776+0000] {logging_mixin.py:188} INFO - [2025-12-30T21:23:10.776+0000] {dag.py:3089} INFO - Sync 1 DAGs
[2025-12-30T21:23:10.805+0000] {logging_mixin.py:188} INFO - [2025-12-30T21:23:10.805+0000] {dag.py:3947} INFO - Setting next_dagrun for train_model_sample to None, run_after=None
[2025-12-30T21:23:10.852+0000] {processor.py:183} INFO - Processing /opt/airflow/dags/model_sample_dags.py took 0.201 seconds
[2025-12-30T21:23:41.770+0000] {processor.py:161} INFO - Started process (PID=1737) to work on /opt/airflow/dags/model_sample_dags.py
[2025-12-30T21:23:41.774+0000] {processor.py:830} INFO - Processing file /opt/airflow/dags/model_sample_dags.py for tasks to queue
[2025-12-30T21:23:41.780+0000] {logging_mixin.py:188} INFO - [2025-12-30T21:23:41.779+0000] {dagbag.py:545} INFO - Filling up the DagBag from /opt/airflow/dags/model_sample_dags.py
[2025-12-30T21:23:41.854+0000] {processor.py:840} INFO - DAG(s) 'train_model_sample' retrieved from /opt/airflow/dags/model_sample_dags.py
[2025-12-30T21:23:41.934+0000] {logging_mixin.py:188} INFO - [2025-12-30T21:23:41.933+0000] {dag.py:3089} INFO - Sync 1 DAGs
[2025-12-30T21:23:41.970+0000] {logging_mixin.py:188} INFO - [2025-12-30T21:23:41.969+0000] {dag.py:3947} INFO - Setting next_dagrun for train_model_sample to None, run_after=None
[2025-12-30T21:23:42.016+0000] {processor.py:183} INFO - Processing /opt/airflow/dags/model_sample_dags.py took 0.262 seconds
[2025-12-30T21:24:13.776+0000] {processor.py:161} INFO - Started process (PID=1742) to work on /opt/airflow/dags/model_sample_dags.py
[2025-12-30T21:24:13.781+0000] {processor.py:830} INFO - Processing file /opt/airflow/dags/model_sample_dags.py for tasks to queue
[2025-12-30T21:24:13.788+0000] {logging_mixin.py:188} INFO - [2025-12-30T21:24:13.787+0000] {dagbag.py:545} INFO - Filling up the DagBag from /opt/airflow/dags/model_sample_dags.py
[2025-12-30T21:24:13.877+0000] {processor.py:840} INFO - DAG(s) 'train_model_sample' retrieved from /opt/airflow/dags/model_sample_dags.py
[2025-12-30T21:24:13.975+0000] {logging_mixin.py:188} INFO - [2025-12-30T21:24:13.974+0000] {dag.py:3089} INFO - Sync 1 DAGs
[2025-12-30T21:24:14.013+0000] {logging_mixin.py:188} INFO - [2025-12-30T21:24:14.012+0000] {dag.py:3947} INFO - Setting next_dagrun for train_model_sample to None, run_after=None
[2025-12-30T21:24:14.088+0000] {processor.py:183} INFO - Processing /opt/airflow/dags/model_sample_dags.py took 0.335 seconds
[2025-12-30T21:24:44.843+0000] {processor.py:161} INFO - Started process (PID=1747) to work on /opt/airflow/dags/model_sample_dags.py
[2025-12-30T21:24:44.846+0000] {processor.py:830} INFO - Processing file /opt/airflow/dags/model_sample_dags.py for tasks to queue
[2025-12-30T21:24:44.854+0000] {logging_mixin.py:188} INFO - [2025-12-30T21:24:44.853+0000] {dagbag.py:545} INFO - Filling up the DagBag from /opt/airflow/dags/model_sample_dags.py
[2025-12-30T21:24:44.937+0000] {processor.py:840} INFO - DAG(s) 'train_model_sample' retrieved from /opt/airflow/dags/model_sample_dags.py
[2025-12-30T21:24:45.043+0000] {logging_mixin.py:188} INFO - [2025-12-30T21:24:45.042+0000] {dag.py:3089} INFO - Sync 1 DAGs
[2025-12-30T21:24:45.104+0000] {logging_mixin.py:188} INFO - [2025-12-30T21:24:45.104+0000] {dag.py:3947} INFO - Setting next_dagrun for train_model_sample to None, run_after=None
[2025-12-30T21:24:45.213+0000] {processor.py:183} INFO - Processing /opt/airflow/dags/model_sample_dags.py took 0.389 seconds
[2025-12-30T21:25:16.856+0000] {processor.py:161} INFO - Started process (PID=1752) to work on /opt/airflow/dags/model_sample_dags.py
[2025-12-30T21:25:16.859+0000] {processor.py:830} INFO - Processing file /opt/airflow/dags/model_sample_dags.py for tasks to queue
[2025-12-30T21:25:16.864+0000] {logging_mixin.py:188} INFO - [2025-12-30T21:25:16.863+0000] {dagbag.py:545} INFO - Filling up the DagBag from /opt/airflow/dags/model_sample_dags.py
[2025-12-30T21:25:16.917+0000] {processor.py:840} INFO - DAG(s) 'train_model_sample' retrieved from /opt/airflow/dags/model_sample_dags.py
[2025-12-30T21:25:16.974+0000] {logging_mixin.py:188} INFO - [2025-12-30T21:25:16.973+0000] {dag.py:3089} INFO - Sync 1 DAGs
[2025-12-30T21:25:16.998+0000] {logging_mixin.py:188} INFO - [2025-12-30T21:25:16.998+0000] {dag.py:3947} INFO - Setting next_dagrun for train_model_sample to None, run_after=None
[2025-12-30T21:25:17.041+0000] {processor.py:183} INFO - Processing /opt/airflow/dags/model_sample_dags.py took 0.198 seconds
[2025-12-30T21:25:48.009+0000] {processor.py:161} INFO - Started process (PID=1757) to work on /opt/airflow/dags/model_sample_dags.py
[2025-12-30T21:25:48.012+0000] {processor.py:830} INFO - Processing file /opt/airflow/dags/model_sample_dags.py for tasks to queue
[2025-12-30T21:25:48.016+0000] {logging_mixin.py:188} INFO - [2025-12-30T21:25:48.015+0000] {dagbag.py:545} INFO - Filling up the DagBag from /opt/airflow/dags/model_sample_dags.py
[2025-12-30T21:25:48.072+0000] {processor.py:840} INFO - DAG(s) 'train_model_sample' retrieved from /opt/airflow/dags/model_sample_dags.py
[2025-12-30T21:25:48.136+0000] {logging_mixin.py:188} INFO - [2025-12-30T21:25:48.135+0000] {dag.py:3089} INFO - Sync 1 DAGs
[2025-12-30T21:25:48.162+0000] {logging_mixin.py:188} INFO - [2025-12-30T21:25:48.162+0000] {dag.py:3947} INFO - Setting next_dagrun for train_model_sample to None, run_after=None
[2025-12-30T21:25:48.214+0000] {processor.py:183} INFO - Processing /opt/airflow/dags/model_sample_dags.py took 0.217 seconds
[2025-12-30T21:26:19.932+0000] {processor.py:161} INFO - Started process (PID=1762) to work on /opt/airflow/dags/model_sample_dags.py
[2025-12-30T21:26:19.935+0000] {processor.py:830} INFO - Processing file /opt/airflow/dags/model_sample_dags.py for tasks to queue
[2025-12-30T21:26:19.939+0000] {logging_mixin.py:188} INFO - [2025-12-30T21:26:19.939+0000] {dagbag.py:545} INFO - Filling up the DagBag from /opt/airflow/dags/model_sample_dags.py
[2025-12-30T21:26:19.995+0000] {processor.py:840} INFO - DAG(s) 'train_model_sample' retrieved from /opt/airflow/dags/model_sample_dags.py
[2025-12-30T21:26:20.057+0000] {logging_mixin.py:188} INFO - [2025-12-30T21:26:20.056+0000] {dag.py:3089} INFO - Sync 1 DAGs
[2025-12-30T21:26:20.103+0000] {logging_mixin.py:188} INFO - [2025-12-30T21:26:20.102+0000] {dag.py:3947} INFO - Setting next_dagrun for train_model_sample to None, run_after=None
[2025-12-30T21:26:20.168+0000] {processor.py:183} INFO - Processing /opt/airflow/dags/model_sample_dags.py took 0.250 seconds
[2025-12-30T21:26:51.084+0000] {processor.py:161} INFO - Started process (PID=1767) to work on /opt/airflow/dags/model_sample_dags.py
[2025-12-30T21:26:51.087+0000] {processor.py:830} INFO - Processing file /opt/airflow/dags/model_sample_dags.py for tasks to queue
[2025-12-30T21:26:51.091+0000] {logging_mixin.py:188} INFO - [2025-12-30T21:26:51.091+0000] {dagbag.py:545} INFO - Filling up the DagBag from /opt/airflow/dags/model_sample_dags.py
[2025-12-30T21:26:51.156+0000] {processor.py:840} INFO - DAG(s) 'train_model_sample' retrieved from /opt/airflow/dags/model_sample_dags.py
[2025-12-30T21:26:51.240+0000] {logging_mixin.py:188} INFO - [2025-12-30T21:26:51.239+0000] {dag.py:3089} INFO - Sync 1 DAGs
[2025-12-30T21:26:51.298+0000] {logging_mixin.py:188} INFO - [2025-12-30T21:26:51.297+0000] {dag.py:3947} INFO - Setting next_dagrun for train_model_sample to None, run_after=None
[2025-12-30T21:26:51.388+0000] {processor.py:183} INFO - Processing /opt/airflow/dags/model_sample_dags.py took 0.317 seconds
[2025-12-30T21:27:23.100+0000] {processor.py:161} INFO - Started process (PID=1772) to work on /opt/airflow/dags/model_sample_dags.py
[2025-12-30T21:27:23.104+0000] {processor.py:830} INFO - Processing file /opt/airflow/dags/model_sample_dags.py for tasks to queue
[2025-12-30T21:27:23.111+0000] {logging_mixin.py:188} INFO - [2025-12-30T21:27:23.109+0000] {dagbag.py:545} INFO - Filling up the DagBag from /opt/airflow/dags/model_sample_dags.py
[2025-12-30T21:27:23.187+0000] {processor.py:840} INFO - DAG(s) 'train_model_sample' retrieved from /opt/airflow/dags/model_sample_dags.py
[2025-12-30T21:27:23.262+0000] {logging_mixin.py:188} INFO - [2025-12-30T21:27:23.261+0000] {dag.py:3089} INFO - Sync 1 DAGs
[2025-12-30T21:27:23.291+0000] {logging_mixin.py:188} INFO - [2025-12-30T21:27:23.291+0000] {dag.py:3947} INFO - Setting next_dagrun for train_model_sample to None, run_after=None
[2025-12-30T21:27:23.336+0000] {processor.py:183} INFO - Processing /opt/airflow/dags/model_sample_dags.py took 0.256 seconds
[2025-12-30T21:27:54.260+0000] {processor.py:161} INFO - Started process (PID=1777) to work on /opt/airflow/dags/model_sample_dags.py
[2025-12-30T21:27:54.263+0000] {processor.py:830} INFO - Processing file /opt/airflow/dags/model_sample_dags.py for tasks to queue
[2025-12-30T21:27:54.267+0000] {logging_mixin.py:188} INFO - [2025-12-30T21:27:54.267+0000] {dagbag.py:545} INFO - Filling up the DagBag from /opt/airflow/dags/model_sample_dags.py
[2025-12-30T21:27:54.332+0000] {processor.py:840} INFO - DAG(s) 'train_model_sample' retrieved from /opt/airflow/dags/model_sample_dags.py
[2025-12-30T21:27:54.386+0000] {logging_mixin.py:188} INFO - [2025-12-30T21:27:54.385+0000] {dag.py:3089} INFO - Sync 1 DAGs
[2025-12-30T21:27:54.410+0000] {logging_mixin.py:188} INFO - [2025-12-30T21:27:54.409+0000] {dag.py:3947} INFO - Setting next_dagrun for train_model_sample to None, run_after=None
[2025-12-30T21:27:54.466+0000] {processor.py:183} INFO - Processing /opt/airflow/dags/model_sample_dags.py took 0.221 seconds
[2025-12-30T21:28:26.231+0000] {processor.py:161} INFO - Started process (PID=1782) to work on /opt/airflow/dags/model_sample_dags.py
[2025-12-30T21:28:26.235+0000] {processor.py:830} INFO - Processing file /opt/airflow/dags/model_sample_dags.py for tasks to queue
[2025-12-30T21:28:26.241+0000] {logging_mixin.py:188} INFO - [2025-12-30T21:28:26.240+0000] {dagbag.py:545} INFO - Filling up the DagBag from /opt/airflow/dags/model_sample_dags.py
[2025-12-30T21:28:26.311+0000] {processor.py:840} INFO - DAG(s) 'train_model_sample' retrieved from /opt/airflow/dags/model_sample_dags.py
[2025-12-30T21:28:26.377+0000] {logging_mixin.py:188} INFO - [2025-12-30T21:28:26.375+0000] {dag.py:3089} INFO - Sync 1 DAGs
[2025-12-30T21:28:26.406+0000] {logging_mixin.py:188} INFO - [2025-12-30T21:28:26.406+0000] {dag.py:3947} INFO - Setting next_dagrun for train_model_sample to None, run_after=None
[2025-12-30T21:28:26.470+0000] {processor.py:183} INFO - Processing /opt/airflow/dags/model_sample_dags.py took 0.262 seconds
[2025-12-30T21:28:57.451+0000] {processor.py:161} INFO - Started process (PID=1787) to work on /opt/airflow/dags/model_sample_dags.py
[2025-12-30T21:28:57.454+0000] {processor.py:830} INFO - Processing file /opt/airflow/dags/model_sample_dags.py for tasks to queue
[2025-12-30T21:28:57.460+0000] {logging_mixin.py:188} INFO - [2025-12-30T21:28:57.459+0000] {dagbag.py:545} INFO - Filling up the DagBag from /opt/airflow/dags/model_sample_dags.py
[2025-12-30T21:28:57.556+0000] {processor.py:840} INFO - DAG(s) 'train_model_sample' retrieved from /opt/airflow/dags/model_sample_dags.py
[2025-12-30T21:28:57.658+0000] {logging_mixin.py:188} INFO - [2025-12-30T21:28:57.657+0000] {dag.py:3089} INFO - Sync 1 DAGs
[2025-12-30T21:28:57.711+0000] {logging_mixin.py:188} INFO - [2025-12-30T21:28:57.710+0000] {dag.py:3947} INFO - Setting next_dagrun for train_model_sample to None, run_after=None
[2025-12-30T21:28:57.785+0000] {processor.py:183} INFO - Processing /opt/airflow/dags/model_sample_dags.py took 0.350 seconds
[2025-12-30T21:29:29.422+0000] {processor.py:161} INFO - Started process (PID=1792) to work on /opt/airflow/dags/model_sample_dags.py
[2025-12-30T21:29:29.425+0000] {processor.py:830} INFO - Processing file /opt/airflow/dags/model_sample_dags.py for tasks to queue
[2025-12-30T21:29:29.430+0000] {logging_mixin.py:188} INFO - [2025-12-30T21:29:29.429+0000] {dagbag.py:545} INFO - Filling up the DagBag from /opt/airflow/dags/model_sample_dags.py
[2025-12-30T21:29:29.507+0000] {processor.py:840} INFO - DAG(s) 'train_model_sample' retrieved from /opt/airflow/dags/model_sample_dags.py
[2025-12-30T21:29:29.587+0000] {logging_mixin.py:188} INFO - [2025-12-30T21:29:29.587+0000] {dag.py:3089} INFO - Sync 1 DAGs
[2025-12-30T21:29:29.625+0000] {logging_mixin.py:188} INFO - [2025-12-30T21:29:29.624+0000] {dag.py:3947} INFO - Setting next_dagrun for train_model_sample to None, run_after=None
[2025-12-30T21:29:29.701+0000] {processor.py:183} INFO - Processing /opt/airflow/dags/model_sample_dags.py took 0.294 seconds
[2025-12-30T21:30:00.646+0000] {processor.py:161} INFO - Started process (PID=1797) to work on /opt/airflow/dags/model_sample_dags.py
[2025-12-30T21:30:00.649+0000] {processor.py:830} INFO - Processing file /opt/airflow/dags/model_sample_dags.py for tasks to queue
[2025-12-30T21:30:00.654+0000] {logging_mixin.py:188} INFO - [2025-12-30T21:30:00.653+0000] {dagbag.py:545} INFO - Filling up the DagBag from /opt/airflow/dags/model_sample_dags.py
[2025-12-30T21:30:00.708+0000] {processor.py:840} INFO - DAG(s) 'train_model_sample' retrieved from /opt/airflow/dags/model_sample_dags.py
[2025-12-30T21:30:00.760+0000] {logging_mixin.py:188} INFO - [2025-12-30T21:30:00.759+0000] {dag.py:3089} INFO - Sync 1 DAGs
[2025-12-30T21:30:00.783+0000] {logging_mixin.py:188} INFO - [2025-12-30T21:30:00.782+0000] {dag.py:3947} INFO - Setting next_dagrun for train_model_sample to None, run_after=None
[2025-12-30T21:30:00.824+0000] {processor.py:183} INFO - Processing /opt/airflow/dags/model_sample_dags.py took 0.192 seconds
[2025-12-30T21:30:32.535+0000] {processor.py:161} INFO - Started process (PID=1802) to work on /opt/airflow/dags/model_sample_dags.py
[2025-12-30T21:30:32.538+0000] {processor.py:830} INFO - Processing file /opt/airflow/dags/model_sample_dags.py for tasks to queue
[2025-12-30T21:30:32.542+0000] {logging_mixin.py:188} INFO - [2025-12-30T21:30:32.541+0000] {dagbag.py:545} INFO - Filling up the DagBag from /opt/airflow/dags/model_sample_dags.py
[2025-12-30T21:30:32.607+0000] {processor.py:840} INFO - DAG(s) 'train_model_sample' retrieved from /opt/airflow/dags/model_sample_dags.py
[2025-12-30T21:30:32.698+0000] {logging_mixin.py:188} INFO - [2025-12-30T21:30:32.697+0000] {dag.py:3089} INFO - Sync 1 DAGs
[2025-12-30T21:30:32.743+0000] {logging_mixin.py:188} INFO - [2025-12-30T21:30:32.742+0000] {dag.py:3947} INFO - Setting next_dagrun for train_model_sample to None, run_after=None
[2025-12-30T21:30:32.812+0000] {processor.py:183} INFO - Processing /opt/airflow/dags/model_sample_dags.py took 0.290 seconds
[2025-12-30T21:31:03.814+0000] {processor.py:161} INFO - Started process (PID=1807) to work on /opt/airflow/dags/model_sample_dags.py
[2025-12-30T21:31:03.817+0000] {processor.py:830} INFO - Processing file /opt/airflow/dags/model_sample_dags.py for tasks to queue
[2025-12-30T21:31:03.826+0000] {logging_mixin.py:188} INFO - [2025-12-30T21:31:03.825+0000] {dagbag.py:545} INFO - Filling up the DagBag from /opt/airflow/dags/model_sample_dags.py
[2025-12-30T21:31:03.906+0000] {processor.py:840} INFO - DAG(s) 'train_model_sample' retrieved from /opt/airflow/dags/model_sample_dags.py
[2025-12-30T21:31:03.987+0000] {logging_mixin.py:188} INFO - [2025-12-30T21:31:03.986+0000] {dag.py:3089} INFO - Sync 1 DAGs
[2025-12-30T21:31:04.019+0000] {logging_mixin.py:188} INFO - [2025-12-30T21:31:04.019+0000] {dag.py:3947} INFO - Setting next_dagrun for train_model_sample to None, run_after=None
[2025-12-30T21:31:04.067+0000] {processor.py:183} INFO - Processing /opt/airflow/dags/model_sample_dags.py took 0.272 seconds
[2025-12-30T21:31:35.767+0000] {processor.py:161} INFO - Started process (PID=1812) to work on /opt/airflow/dags/model_sample_dags.py
[2025-12-30T21:31:35.771+0000] {processor.py:830} INFO - Processing file /opt/airflow/dags/model_sample_dags.py for tasks to queue
[2025-12-30T21:31:35.776+0000] {logging_mixin.py:188} INFO - [2025-12-30T21:31:35.776+0000] {dagbag.py:545} INFO - Filling up the DagBag from /opt/airflow/dags/model_sample_dags.py
[2025-12-30T21:31:35.837+0000] {processor.py:840} INFO - DAG(s) 'train_model_sample' retrieved from /opt/airflow/dags/model_sample_dags.py
[2025-12-30T21:31:35.895+0000] {logging_mixin.py:188} INFO - [2025-12-30T21:31:35.895+0000] {dag.py:3089} INFO - Sync 1 DAGs
[2025-12-30T21:31:35.920+0000] {logging_mixin.py:188} INFO - [2025-12-30T21:31:35.920+0000] {dag.py:3947} INFO - Setting next_dagrun for train_model_sample to None, run_after=None
[2025-12-30T21:31:35.977+0000] {processor.py:183} INFO - Processing /opt/airflow/dags/model_sample_dags.py took 0.230 seconds
[2025-12-30T21:32:06.997+0000] {processor.py:161} INFO - Started process (PID=1817) to work on /opt/airflow/dags/model_sample_dags.py
[2025-12-30T21:32:06.999+0000] {processor.py:830} INFO - Processing file /opt/airflow/dags/model_sample_dags.py for tasks to queue
[2025-12-30T21:32:07.004+0000] {logging_mixin.py:188} INFO - [2025-12-30T21:32:07.003+0000] {dagbag.py:545} INFO - Filling up the DagBag from /opt/airflow/dags/model_sample_dags.py
[2025-12-30T21:32:07.077+0000] {processor.py:840} INFO - DAG(s) 'train_model_sample' retrieved from /opt/airflow/dags/model_sample_dags.py
[2025-12-30T21:32:07.143+0000] {logging_mixin.py:188} INFO - [2025-12-30T21:32:07.142+0000] {dag.py:3089} INFO - Sync 1 DAGs
[2025-12-30T21:32:07.169+0000] {logging_mixin.py:188} INFO - [2025-12-30T21:32:07.169+0000] {dag.py:3947} INFO - Setting next_dagrun for train_model_sample to None, run_after=None
[2025-12-30T21:32:07.211+0000] {processor.py:183} INFO - Processing /opt/airflow/dags/model_sample_dags.py took 0.227 seconds
[2025-12-30T21:32:38.932+0000] {processor.py:161} INFO - Started process (PID=1822) to work on /opt/airflow/dags/model_sample_dags.py
[2025-12-30T21:32:38.934+0000] {processor.py:830} INFO - Processing file /opt/airflow/dags/model_sample_dags.py for tasks to queue
[2025-12-30T21:32:38.938+0000] {logging_mixin.py:188} INFO - [2025-12-30T21:32:38.938+0000] {dagbag.py:545} INFO - Filling up the DagBag from /opt/airflow/dags/model_sample_dags.py
[2025-12-30T21:32:38.983+0000] {processor.py:840} INFO - DAG(s) 'train_model_sample' retrieved from /opt/airflow/dags/model_sample_dags.py
[2025-12-30T21:32:39.059+0000] {logging_mixin.py:188} INFO - [2025-12-30T21:32:39.059+0000] {dag.py:3089} INFO - Sync 1 DAGs
[2025-12-30T21:32:39.094+0000] {logging_mixin.py:188} INFO - [2025-12-30T21:32:39.093+0000] {dag.py:3947} INFO - Setting next_dagrun for train_model_sample to None, run_after=None
[2025-12-30T21:32:39.159+0000] {processor.py:183} INFO - Processing /opt/airflow/dags/model_sample_dags.py took 0.239 seconds
[2025-12-30T21:33:10.107+0000] {processor.py:161} INFO - Started process (PID=1827) to work on /opt/airflow/dags/model_sample_dags.py
[2025-12-30T21:33:10.110+0000] {processor.py:830} INFO - Processing file /opt/airflow/dags/model_sample_dags.py for tasks to queue
[2025-12-30T21:33:10.114+0000] {logging_mixin.py:188} INFO - [2025-12-30T21:33:10.113+0000] {dagbag.py:545} INFO - Filling up the DagBag from /opt/airflow/dags/model_sample_dags.py
[2025-12-30T21:33:10.172+0000] {processor.py:840} INFO - DAG(s) 'train_model_sample' retrieved from /opt/airflow/dags/model_sample_dags.py
[2025-12-30T21:33:10.227+0000] {logging_mixin.py:188} INFO - [2025-12-30T21:33:10.227+0000] {dag.py:3089} INFO - Sync 1 DAGs
[2025-12-30T21:33:10.251+0000] {logging_mixin.py:188} INFO - [2025-12-30T21:33:10.251+0000] {dag.py:3947} INFO - Setting next_dagrun for train_model_sample to None, run_after=None
[2025-12-30T21:33:10.299+0000] {processor.py:183} INFO - Processing /opt/airflow/dags/model_sample_dags.py took 0.204 seconds
[2025-12-30T21:33:42.097+0000] {processor.py:161} INFO - Started process (PID=1832) to work on /opt/airflow/dags/model_sample_dags.py
[2025-12-30T21:33:42.100+0000] {processor.py:830} INFO - Processing file /opt/airflow/dags/model_sample_dags.py for tasks to queue
[2025-12-30T21:33:42.106+0000] {logging_mixin.py:188} INFO - [2025-12-30T21:33:42.105+0000] {dagbag.py:545} INFO - Filling up the DagBag from /opt/airflow/dags/model_sample_dags.py
[2025-12-30T21:33:42.171+0000] {processor.py:840} INFO - DAG(s) 'train_model_sample' retrieved from /opt/airflow/dags/model_sample_dags.py
[2025-12-30T21:33:42.246+0000] {logging_mixin.py:188} INFO - [2025-12-30T21:33:42.245+0000] {dag.py:3089} INFO - Sync 1 DAGs
[2025-12-30T21:33:42.279+0000] {logging_mixin.py:188} INFO - [2025-12-30T21:33:42.279+0000] {dag.py:3947} INFO - Setting next_dagrun for train_model_sample to None, run_after=None
[2025-12-30T21:33:42.349+0000] {processor.py:183} INFO - Processing /opt/airflow/dags/model_sample_dags.py took 0.270 seconds
[2025-12-30T21:34:13.197+0000] {processor.py:161} INFO - Started process (PID=1837) to work on /opt/airflow/dags/model_sample_dags.py
[2025-12-30T21:34:13.200+0000] {processor.py:830} INFO - Processing file /opt/airflow/dags/model_sample_dags.py for tasks to queue
[2025-12-30T21:34:13.204+0000] {logging_mixin.py:188} INFO - [2025-12-30T21:34:13.203+0000] {dagbag.py:545} INFO - Filling up the DagBag from /opt/airflow/dags/model_sample_dags.py
[2025-12-30T21:34:13.260+0000] {processor.py:840} INFO - DAG(s) 'train_model_sample' retrieved from /opt/airflow/dags/model_sample_dags.py
[2025-12-30T21:34:13.322+0000] {logging_mixin.py:188} INFO - [2025-12-30T21:34:13.322+0000] {dag.py:3089} INFO - Sync 1 DAGs
[2025-12-30T21:34:13.352+0000] {logging_mixin.py:188} INFO - [2025-12-30T21:34:13.351+0000] {dag.py:3947} INFO - Setting next_dagrun for train_model_sample to None, run_after=None
[2025-12-30T21:34:13.402+0000] {processor.py:183} INFO - Processing /opt/airflow/dags/model_sample_dags.py took 0.220 seconds
[2025-12-30T21:34:45.273+0000] {processor.py:161} INFO - Started process (PID=1842) to work on /opt/airflow/dags/model_sample_dags.py
[2025-12-30T21:34:45.277+0000] {processor.py:830} INFO - Processing file /opt/airflow/dags/model_sample_dags.py for tasks to queue
[2025-12-30T21:34:45.283+0000] {logging_mixin.py:188} INFO - [2025-12-30T21:34:45.282+0000] {dagbag.py:545} INFO - Filling up the DagBag from /opt/airflow/dags/model_sample_dags.py
[2025-12-30T21:34:45.348+0000] {processor.py:840} INFO - DAG(s) 'train_model_sample' retrieved from /opt/airflow/dags/model_sample_dags.py
[2025-12-30T21:34:45.425+0000] {logging_mixin.py:188} INFO - [2025-12-30T21:34:45.424+0000] {dag.py:3089} INFO - Sync 1 DAGs
[2025-12-30T21:34:45.469+0000] {logging_mixin.py:188} INFO - [2025-12-30T21:34:45.468+0000] {dag.py:3947} INFO - Setting next_dagrun for train_model_sample to None, run_after=None
[2025-12-30T21:34:45.551+0000] {processor.py:183} INFO - Processing /opt/airflow/dags/model_sample_dags.py took 0.295 seconds
[2025-12-30T21:35:16.318+0000] {processor.py:161} INFO - Started process (PID=1847) to work on /opt/airflow/dags/model_sample_dags.py
[2025-12-30T21:35:16.322+0000] {processor.py:830} INFO - Processing file /opt/airflow/dags/model_sample_dags.py for tasks to queue
[2025-12-30T21:35:16.327+0000] {logging_mixin.py:188} INFO - [2025-12-30T21:35:16.326+0000] {dagbag.py:545} INFO - Filling up the DagBag from /opt/airflow/dags/model_sample_dags.py
[2025-12-30T21:35:16.402+0000] {processor.py:840} INFO - DAG(s) 'train_model_sample' retrieved from /opt/airflow/dags/model_sample_dags.py
[2025-12-30T21:35:16.483+0000] {logging_mixin.py:188} INFO - [2025-12-30T21:35:16.483+0000] {dag.py:3089} INFO - Sync 1 DAGs
[2025-12-30T21:35:16.523+0000] {logging_mixin.py:188} INFO - [2025-12-30T21:35:16.522+0000] {dag.py:3947} INFO - Setting next_dagrun for train_model_sample to None, run_after=None
[2025-12-30T21:35:16.580+0000] {processor.py:183} INFO - Processing /opt/airflow/dags/model_sample_dags.py took 0.280 seconds
[2025-12-30T21:35:48.497+0000] {processor.py:161} INFO - Started process (PID=1852) to work on /opt/airflow/dags/model_sample_dags.py
[2025-12-30T21:35:48.501+0000] {processor.py:830} INFO - Processing file /opt/airflow/dags/model_sample_dags.py for tasks to queue
[2025-12-30T21:35:48.507+0000] {logging_mixin.py:188} INFO - [2025-12-30T21:35:48.506+0000] {dagbag.py:545} INFO - Filling up the DagBag from /opt/airflow/dags/model_sample_dags.py
[2025-12-30T21:35:48.579+0000] {processor.py:840} INFO - DAG(s) 'train_model_sample' retrieved from /opt/airflow/dags/model_sample_dags.py
[2025-12-30T21:35:48.659+0000] {logging_mixin.py:188} INFO - [2025-12-30T21:35:48.658+0000] {dag.py:3089} INFO - Sync 1 DAGs
[2025-12-30T21:35:48.705+0000] {logging_mixin.py:188} INFO - [2025-12-30T21:35:48.704+0000] {dag.py:3947} INFO - Setting next_dagrun for train_model_sample to None, run_after=None
[2025-12-30T21:35:48.763+0000] {processor.py:183} INFO - Processing /opt/airflow/dags/model_sample_dags.py took 0.284 seconds
[2025-12-30T21:36:19.599+0000] {processor.py:161} INFO - Started process (PID=1857) to work on /opt/airflow/dags/model_sample_dags.py
[2025-12-30T21:36:19.602+0000] {processor.py:830} INFO - Processing file /opt/airflow/dags/model_sample_dags.py for tasks to queue
[2025-12-30T21:36:19.605+0000] {logging_mixin.py:188} INFO - [2025-12-30T21:36:19.604+0000] {dagbag.py:545} INFO - Filling up the DagBag from /opt/airflow/dags/model_sample_dags.py
[2025-12-30T21:36:19.649+0000] {processor.py:840} INFO - DAG(s) 'train_model_sample' retrieved from /opt/airflow/dags/model_sample_dags.py
[2025-12-30T21:36:19.697+0000] {logging_mixin.py:188} INFO - [2025-12-30T21:36:19.697+0000] {dag.py:3089} INFO - Sync 1 DAGs
[2025-12-30T21:36:19.718+0000] {logging_mixin.py:188} INFO - [2025-12-30T21:36:19.717+0000] {dag.py:3947} INFO - Setting next_dagrun for train_model_sample to None, run_after=None
[2025-12-30T21:36:19.754+0000] {processor.py:183} INFO - Processing /opt/airflow/dags/model_sample_dags.py took 0.167 seconds
[2025-12-30T21:36:51.630+0000] {processor.py:161} INFO - Started process (PID=1862) to work on /opt/airflow/dags/model_sample_dags.py
[2025-12-30T21:36:51.633+0000] {processor.py:830} INFO - Processing file /opt/airflow/dags/model_sample_dags.py for tasks to queue
[2025-12-30T21:36:51.638+0000] {logging_mixin.py:188} INFO - [2025-12-30T21:36:51.638+0000] {dagbag.py:545} INFO - Filling up the DagBag from /opt/airflow/dags/model_sample_dags.py
[2025-12-30T21:36:51.726+0000] {processor.py:840} INFO - DAG(s) 'train_model_sample' retrieved from /opt/airflow/dags/model_sample_dags.py
[2025-12-30T21:36:51.797+0000] {logging_mixin.py:188} INFO - [2025-12-30T21:36:51.797+0000] {dag.py:3089} INFO - Sync 1 DAGs
[2025-12-30T21:36:51.834+0000] {logging_mixin.py:188} INFO - [2025-12-30T21:36:51.833+0000] {dag.py:3947} INFO - Setting next_dagrun for train_model_sample to None, run_after=None
[2025-12-30T21:36:51.878+0000] {processor.py:183} INFO - Processing /opt/airflow/dags/model_sample_dags.py took 0.265 seconds
[2025-12-30T21:37:22.623+0000] {processor.py:161} INFO - Started process (PID=1867) to work on /opt/airflow/dags/model_sample_dags.py
[2025-12-30T21:37:22.626+0000] {processor.py:830} INFO - Processing file /opt/airflow/dags/model_sample_dags.py for tasks to queue
[2025-12-30T21:37:22.630+0000] {logging_mixin.py:188} INFO - [2025-12-30T21:37:22.629+0000] {dagbag.py:545} INFO - Filling up the DagBag from /opt/airflow/dags/model_sample_dags.py
[2025-12-30T21:37:22.691+0000] {processor.py:840} INFO - DAG(s) 'train_model_sample' retrieved from /opt/airflow/dags/model_sample_dags.py
[2025-12-30T21:37:22.756+0000] {logging_mixin.py:188} INFO - [2025-12-30T21:37:22.756+0000] {dag.py:3089} INFO - Sync 1 DAGs
[2025-12-30T21:37:22.784+0000] {logging_mixin.py:188} INFO - [2025-12-30T21:37:22.783+0000] {dag.py:3947} INFO - Setting next_dagrun for train_model_sample to None, run_after=None
[2025-12-30T21:37:22.836+0000] {processor.py:183} INFO - Processing /opt/airflow/dags/model_sample_dags.py took 0.226 seconds
[2025-12-30T21:37:54.780+0000] {processor.py:161} INFO - Started process (PID=1872) to work on /opt/airflow/dags/model_sample_dags.py
[2025-12-30T21:37:54.783+0000] {processor.py:830} INFO - Processing file /opt/airflow/dags/model_sample_dags.py for tasks to queue
[2025-12-30T21:37:54.788+0000] {logging_mixin.py:188} INFO - [2025-12-30T21:37:54.787+0000] {dagbag.py:545} INFO - Filling up the DagBag from /opt/airflow/dags/model_sample_dags.py
[2025-12-30T21:37:54.852+0000] {processor.py:840} INFO - DAG(s) 'train_model_sample' retrieved from /opt/airflow/dags/model_sample_dags.py
[2025-12-30T21:37:54.919+0000] {logging_mixin.py:188} INFO - [2025-12-30T21:37:54.918+0000] {dag.py:3089} INFO - Sync 1 DAGs
[2025-12-30T21:37:54.950+0000] {logging_mixin.py:188} INFO - [2025-12-30T21:37:54.950+0000] {dag.py:3947} INFO - Setting next_dagrun for train_model_sample to None, run_after=None
[2025-12-30T21:37:54.994+0000] {processor.py:183} INFO - Processing /opt/airflow/dags/model_sample_dags.py took 0.225 seconds
[2025-12-30T21:38:25.759+0000] {processor.py:161} INFO - Started process (PID=1877) to work on /opt/airflow/dags/model_sample_dags.py
[2025-12-30T21:38:25.762+0000] {processor.py:830} INFO - Processing file /opt/airflow/dags/model_sample_dags.py for tasks to queue
[2025-12-30T21:38:25.767+0000] {logging_mixin.py:188} INFO - [2025-12-30T21:38:25.766+0000] {dagbag.py:545} INFO - Filling up the DagBag from /opt/airflow/dags/model_sample_dags.py
[2025-12-30T21:38:25.818+0000] {processor.py:840} INFO - DAG(s) 'train_model_sample' retrieved from /opt/airflow/dags/model_sample_dags.py
[2025-12-30T21:38:25.867+0000] {logging_mixin.py:188} INFO - [2025-12-30T21:38:25.867+0000] {dag.py:3089} INFO - Sync 1 DAGs
[2025-12-30T21:38:25.894+0000] {logging_mixin.py:188} INFO - [2025-12-30T21:38:25.893+0000] {dag.py:3947} INFO - Setting next_dagrun for train_model_sample to None, run_after=None
[2025-12-30T21:38:25.943+0000] {processor.py:183} INFO - Processing /opt/airflow/dags/model_sample_dags.py took 0.195 seconds
[2025-12-30T21:38:57.861+0000] {processor.py:161} INFO - Started process (PID=1882) to work on /opt/airflow/dags/model_sample_dags.py
[2025-12-30T21:38:57.865+0000] {processor.py:830} INFO - Processing file /opt/airflow/dags/model_sample_dags.py for tasks to queue
[2025-12-30T21:38:57.870+0000] {logging_mixin.py:188} INFO - [2025-12-30T21:38:57.869+0000] {dagbag.py:545} INFO - Filling up the DagBag from /opt/airflow/dags/model_sample_dags.py
[2025-12-30T21:38:57.954+0000] {processor.py:840} INFO - DAG(s) 'train_model_sample' retrieved from /opt/airflow/dags/model_sample_dags.py
[2025-12-30T21:38:58.032+0000] {logging_mixin.py:188} INFO - [2025-12-30T21:38:58.031+0000] {dag.py:3089} INFO - Sync 1 DAGs
[2025-12-30T21:38:58.070+0000] {logging_mixin.py:188} INFO - [2025-12-30T21:38:58.069+0000] {dag.py:3947} INFO - Setting next_dagrun for train_model_sample to None, run_after=None
[2025-12-30T21:38:58.146+0000] {processor.py:183} INFO - Processing /opt/airflow/dags/model_sample_dags.py took 0.301 seconds
[2025-12-30T21:39:28.882+0000] {processor.py:161} INFO - Started process (PID=1887) to work on /opt/airflow/dags/model_sample_dags.py
[2025-12-30T21:39:28.885+0000] {processor.py:830} INFO - Processing file /opt/airflow/dags/model_sample_dags.py for tasks to queue
[2025-12-30T21:39:28.892+0000] {logging_mixin.py:188} INFO - [2025-12-30T21:39:28.891+0000] {dagbag.py:545} INFO - Filling up the DagBag from /opt/airflow/dags/model_sample_dags.py
[2025-12-30T21:39:28.961+0000] {processor.py:840} INFO - DAG(s) 'train_model_sample' retrieved from /opt/airflow/dags/model_sample_dags.py
[2025-12-30T21:39:29.028+0000] {logging_mixin.py:188} INFO - [2025-12-30T21:39:29.028+0000] {dag.py:3089} INFO - Sync 1 DAGs
[2025-12-30T21:39:29.058+0000] {logging_mixin.py:188} INFO - [2025-12-30T21:39:29.058+0000] {dag.py:3947} INFO - Setting next_dagrun for train_model_sample to None, run_after=None
[2025-12-30T21:39:29.118+0000] {processor.py:183} INFO - Processing /opt/airflow/dags/model_sample_dags.py took 0.253 seconds
[2025-12-30T21:40:01.115+0000] {processor.py:161} INFO - Started process (PID=1892) to work on /opt/airflow/dags/model_sample_dags.py
[2025-12-30T21:40:01.118+0000] {processor.py:830} INFO - Processing file /opt/airflow/dags/model_sample_dags.py for tasks to queue
[2025-12-30T21:40:01.123+0000] {logging_mixin.py:188} INFO - [2025-12-30T21:40:01.122+0000] {dagbag.py:545} INFO - Filling up the DagBag from /opt/airflow/dags/model_sample_dags.py
[2025-12-30T21:40:01.207+0000] {processor.py:840} INFO - DAG(s) 'train_model_sample' retrieved from /opt/airflow/dags/model_sample_dags.py
[2025-12-30T21:40:01.267+0000] {logging_mixin.py:188} INFO - [2025-12-30T21:40:01.266+0000] {dag.py:3089} INFO - Sync 1 DAGs
[2025-12-30T21:40:01.299+0000] {logging_mixin.py:188} INFO - [2025-12-30T21:40:01.299+0000] {dag.py:3947} INFO - Setting next_dagrun for train_model_sample to None, run_after=None
[2025-12-30T21:40:01.353+0000] {processor.py:183} INFO - Processing /opt/airflow/dags/model_sample_dags.py took 0.255 seconds
[2025-12-30T21:40:32.094+0000] {processor.py:161} INFO - Started process (PID=1897) to work on /opt/airflow/dags/model_sample_dags.py
[2025-12-30T21:40:32.098+0000] {processor.py:830} INFO - Processing file /opt/airflow/dags/model_sample_dags.py for tasks to queue
[2025-12-30T21:40:32.104+0000] {logging_mixin.py:188} INFO - [2025-12-30T21:40:32.103+0000] {dagbag.py:545} INFO - Filling up the DagBag from /opt/airflow/dags/model_sample_dags.py
[2025-12-30T21:40:32.197+0000] {processor.py:840} INFO - DAG(s) 'train_model_sample' retrieved from /opt/airflow/dags/model_sample_dags.py
[2025-12-30T21:40:32.296+0000] {logging_mixin.py:188} INFO - [2025-12-30T21:40:32.295+0000] {dag.py:3089} INFO - Sync 1 DAGs
[2025-12-30T21:40:32.334+0000] {logging_mixin.py:188} INFO - [2025-12-30T21:40:32.334+0000] {dag.py:3947} INFO - Setting next_dagrun for train_model_sample to None, run_after=None
[2025-12-30T21:40:32.404+0000] {processor.py:183} INFO - Processing /opt/airflow/dags/model_sample_dags.py took 0.329 seconds
[2025-12-30T21:41:04.454+0000] {processor.py:161} INFO - Started process (PID=1902) to work on /opt/airflow/dags/model_sample_dags.py
[2025-12-30T21:41:04.458+0000] {processor.py:830} INFO - Processing file /opt/airflow/dags/model_sample_dags.py for tasks to queue
[2025-12-30T21:41:04.464+0000] {logging_mixin.py:188} INFO - [2025-12-30T21:41:04.463+0000] {dagbag.py:545} INFO - Filling up the DagBag from /opt/airflow/dags/model_sample_dags.py
[2025-12-30T21:41:04.539+0000] {processor.py:840} INFO - DAG(s) 'train_model_sample' retrieved from /opt/airflow/dags/model_sample_dags.py
[2025-12-30T21:41:04.614+0000] {logging_mixin.py:188} INFO - [2025-12-30T21:41:04.613+0000] {dag.py:3089} INFO - Sync 1 DAGs
[2025-12-30T21:41:04.657+0000] {logging_mixin.py:188} INFO - [2025-12-30T21:41:04.656+0000] {dag.py:3947} INFO - Setting next_dagrun for train_model_sample to None, run_after=None
[2025-12-30T21:41:04.721+0000] {processor.py:183} INFO - Processing /opt/airflow/dags/model_sample_dags.py took 0.284 seconds
[2025-12-30T21:41:35.360+0000] {processor.py:161} INFO - Started process (PID=1907) to work on /opt/airflow/dags/model_sample_dags.py
[2025-12-30T21:41:35.363+0000] {processor.py:830} INFO - Processing file /opt/airflow/dags/model_sample_dags.py for tasks to queue
[2025-12-30T21:41:35.367+0000] {logging_mixin.py:188} INFO - [2025-12-30T21:41:35.367+0000] {dagbag.py:545} INFO - Filling up the DagBag from /opt/airflow/dags/model_sample_dags.py
[2025-12-30T21:41:35.430+0000] {processor.py:840} INFO - DAG(s) 'train_model_sample' retrieved from /opt/airflow/dags/model_sample_dags.py
[2025-12-30T21:41:35.488+0000] {logging_mixin.py:188} INFO - [2025-12-30T21:41:35.487+0000] {dag.py:3089} INFO - Sync 1 DAGs
[2025-12-30T21:41:35.514+0000] {logging_mixin.py:188} INFO - [2025-12-30T21:41:35.513+0000] {dag.py:3947} INFO - Setting next_dagrun for train_model_sample to None, run_after=None
[2025-12-30T21:41:35.556+0000] {processor.py:183} INFO - Processing /opt/airflow/dags/model_sample_dags.py took 0.210 seconds
[2025-12-30T21:42:07.298+0000] {processor.py:161} INFO - Started process (PID=1912) to work on /opt/airflow/dags/model_sample_dags.py
[2025-12-30T21:42:07.301+0000] {processor.py:830} INFO - Processing file /opt/airflow/dags/model_sample_dags.py for tasks to queue
[2025-12-30T21:42:07.305+0000] {logging_mixin.py:188} INFO - [2025-12-30T21:42:07.304+0000] {dagbag.py:545} INFO - Filling up the DagBag from /opt/airflow/dags/model_sample_dags.py
[2025-12-30T21:42:07.372+0000] {processor.py:840} INFO - DAG(s) 'train_model_sample' retrieved from /opt/airflow/dags/model_sample_dags.py
[2025-12-30T21:42:07.459+0000] {logging_mixin.py:188} INFO - [2025-12-30T21:42:07.458+0000] {dag.py:3089} INFO - Sync 1 DAGs
[2025-12-30T21:42:07.487+0000] {logging_mixin.py:188} INFO - [2025-12-30T21:42:07.487+0000] {dag.py:3947} INFO - Setting next_dagrun for train_model_sample to None, run_after=None
[2025-12-30T21:42:07.530+0000] {processor.py:183} INFO - Processing /opt/airflow/dags/model_sample_dags.py took 0.245 seconds
[2025-12-30T21:42:38.511+0000] {processor.py:161} INFO - Started process (PID=1917) to work on /opt/airflow/dags/model_sample_dags.py
[2025-12-30T21:42:38.514+0000] {processor.py:830} INFO - Processing file /opt/airflow/dags/model_sample_dags.py for tasks to queue
[2025-12-30T21:42:38.519+0000] {logging_mixin.py:188} INFO - [2025-12-30T21:42:38.518+0000] {dagbag.py:545} INFO - Filling up the DagBag from /opt/airflow/dags/model_sample_dags.py
[2025-12-30T21:42:38.582+0000] {processor.py:840} INFO - DAG(s) 'train_model_sample' retrieved from /opt/airflow/dags/model_sample_dags.py
[2025-12-30T21:42:38.637+0000] {logging_mixin.py:188} INFO - [2025-12-30T21:42:38.637+0000] {dag.py:3089} INFO - Sync 1 DAGs
[2025-12-30T21:42:38.659+0000] {logging_mixin.py:188} INFO - [2025-12-30T21:42:38.658+0000] {dag.py:3947} INFO - Setting next_dagrun for train_model_sample to None, run_after=None
[2025-12-30T21:42:38.712+0000] {processor.py:183} INFO - Processing /opt/airflow/dags/model_sample_dags.py took 0.213 seconds
[2025-12-30T21:43:10.434+0000] {processor.py:161} INFO - Started process (PID=1922) to work on /opt/airflow/dags/model_sample_dags.py
[2025-12-30T21:43:10.437+0000] {processor.py:830} INFO - Processing file /opt/airflow/dags/model_sample_dags.py for tasks to queue
[2025-12-30T21:43:10.441+0000] {logging_mixin.py:188} INFO - [2025-12-30T21:43:10.440+0000] {dagbag.py:545} INFO - Filling up the DagBag from /opt/airflow/dags/model_sample_dags.py
[2025-12-30T21:43:10.507+0000] {processor.py:840} INFO - DAG(s) 'train_model_sample' retrieved from /opt/airflow/dags/model_sample_dags.py
[2025-12-30T21:43:10.569+0000] {logging_mixin.py:188} INFO - [2025-12-30T21:43:10.569+0000] {dag.py:3089} INFO - Sync 1 DAGs
[2025-12-30T21:43:10.594+0000] {logging_mixin.py:188} INFO - [2025-12-30T21:43:10.594+0000] {dag.py:3947} INFO - Setting next_dagrun for train_model_sample to None, run_after=None
[2025-12-30T21:43:10.636+0000] {processor.py:183} INFO - Processing /opt/airflow/dags/model_sample_dags.py took 0.215 seconds
[2025-12-30T21:43:41.634+0000] {processor.py:161} INFO - Started process (PID=1927) to work on /opt/airflow/dags/model_sample_dags.py
[2025-12-30T21:43:41.638+0000] {processor.py:830} INFO - Processing file /opt/airflow/dags/model_sample_dags.py for tasks to queue
[2025-12-30T21:43:41.644+0000] {logging_mixin.py:188} INFO - [2025-12-30T21:43:41.643+0000] {dagbag.py:545} INFO - Filling up the DagBag from /opt/airflow/dags/model_sample_dags.py
[2025-12-30T21:43:41.727+0000] {processor.py:840} INFO - DAG(s) 'train_model_sample' retrieved from /opt/airflow/dags/model_sample_dags.py
[2025-12-30T21:43:41.802+0000] {logging_mixin.py:188} INFO - [2025-12-30T21:43:41.801+0000] {dag.py:3089} INFO - Sync 1 DAGs
[2025-12-30T21:43:41.830+0000] {logging_mixin.py:188} INFO - [2025-12-30T21:43:41.829+0000] {dag.py:3947} INFO - Setting next_dagrun for train_model_sample to None, run_after=None
[2025-12-30T21:43:41.882+0000] {processor.py:183} INFO - Processing /opt/airflow/dags/model_sample_dags.py took 0.265 seconds
[2025-12-30T21:44:13.552+0000] {processor.py:161} INFO - Started process (PID=1932) to work on /opt/airflow/dags/model_sample_dags.py
[2025-12-30T21:44:13.555+0000] {processor.py:830} INFO - Processing file /opt/airflow/dags/model_sample_dags.py for tasks to queue
[2025-12-30T21:44:13.559+0000] {logging_mixin.py:188} INFO - [2025-12-30T21:44:13.558+0000] {dagbag.py:545} INFO - Filling up the DagBag from /opt/airflow/dags/model_sample_dags.py
[2025-12-30T21:44:13.602+0000] {processor.py:840} INFO - DAG(s) 'train_model_sample' retrieved from /opt/airflow/dags/model_sample_dags.py
[2025-12-30T21:44:13.662+0000] {logging_mixin.py:188} INFO - [2025-12-30T21:44:13.662+0000] {dag.py:3089} INFO - Sync 1 DAGs
[2025-12-30T21:44:13.700+0000] {logging_mixin.py:188} INFO - [2025-12-30T21:44:13.699+0000] {dag.py:3947} INFO - Setting next_dagrun for train_model_sample to None, run_after=None
[2025-12-30T21:44:13.746+0000] {processor.py:183} INFO - Processing /opt/airflow/dags/model_sample_dags.py took 0.204 seconds
[2025-12-30T21:44:44.754+0000] {processor.py:161} INFO - Started process (PID=1937) to work on /opt/airflow/dags/model_sample_dags.py
[2025-12-30T21:44:44.759+0000] {processor.py:830} INFO - Processing file /opt/airflow/dags/model_sample_dags.py for tasks to queue
[2025-12-30T21:44:44.767+0000] {logging_mixin.py:188} INFO - [2025-12-30T21:44:44.766+0000] {dagbag.py:545} INFO - Filling up the DagBag from /opt/airflow/dags/model_sample_dags.py
[2025-12-30T21:44:44.821+0000] {processor.py:840} INFO - DAG(s) 'train_model_sample' retrieved from /opt/airflow/dags/model_sample_dags.py
[2025-12-30T21:44:44.898+0000] {logging_mixin.py:188} INFO - [2025-12-30T21:44:44.895+0000] {dag.py:3089} INFO - Sync 1 DAGs
[2025-12-30T21:44:44.946+0000] {logging_mixin.py:188} INFO - [2025-12-30T21:44:44.945+0000] {dag.py:3947} INFO - Setting next_dagrun for train_model_sample to None, run_after=None
[2025-12-30T21:44:45.036+0000] {processor.py:183} INFO - Processing /opt/airflow/dags/model_sample_dags.py took 0.302 seconds
[2025-12-30T21:45:16.695+0000] {processor.py:161} INFO - Started process (PID=1942) to work on /opt/airflow/dags/model_sample_dags.py
[2025-12-30T21:45:16.698+0000] {processor.py:830} INFO - Processing file /opt/airflow/dags/model_sample_dags.py for tasks to queue
[2025-12-30T21:45:16.703+0000] {logging_mixin.py:188} INFO - [2025-12-30T21:45:16.702+0000] {dagbag.py:545} INFO - Filling up the DagBag from /opt/airflow/dags/model_sample_dags.py
[2025-12-30T21:45:16.784+0000] {processor.py:840} INFO - DAG(s) 'train_model_sample' retrieved from /opt/airflow/dags/model_sample_dags.py
[2025-12-30T21:45:16.851+0000] {logging_mixin.py:188} INFO - [2025-12-30T21:45:16.851+0000] {dag.py:3089} INFO - Sync 1 DAGs
[2025-12-30T21:45:16.876+0000] {logging_mixin.py:188} INFO - [2025-12-30T21:45:16.875+0000] {dag.py:3947} INFO - Setting next_dagrun for train_model_sample to None, run_after=None
[2025-12-30T21:45:16.918+0000] {processor.py:183} INFO - Processing /opt/airflow/dags/model_sample_dags.py took 0.239 seconds
[2025-12-30T21:45:47.950+0000] {processor.py:161} INFO - Started process (PID=1947) to work on /opt/airflow/dags/model_sample_dags.py
[2025-12-30T21:45:47.954+0000] {processor.py:830} INFO - Processing file /opt/airflow/dags/model_sample_dags.py for tasks to queue
[2025-12-30T21:45:47.959+0000] {logging_mixin.py:188} INFO - [2025-12-30T21:45:47.958+0000] {dagbag.py:545} INFO - Filling up the DagBag from /opt/airflow/dags/model_sample_dags.py
[2025-12-30T21:45:48.032+0000] {processor.py:840} INFO - DAG(s) 'train_model_sample' retrieved from /opt/airflow/dags/model_sample_dags.py
[2025-12-30T21:45:48.091+0000] {logging_mixin.py:188} INFO - [2025-12-30T21:45:48.090+0000] {dag.py:3089} INFO - Sync 1 DAGs
[2025-12-30T21:45:48.124+0000] {logging_mixin.py:188} INFO - [2025-12-30T21:45:48.124+0000] {dag.py:3947} INFO - Setting next_dagrun for train_model_sample to None, run_after=None
[2025-12-30T21:45:48.179+0000] {processor.py:183} INFO - Processing /opt/airflow/dags/model_sample_dags.py took 0.245 seconds
[2025-12-30T21:46:19.942+0000] {processor.py:161} INFO - Started process (PID=1952) to work on /opt/airflow/dags/model_sample_dags.py
[2025-12-30T21:46:19.947+0000] {processor.py:830} INFO - Processing file /opt/airflow/dags/model_sample_dags.py for tasks to queue
[2025-12-30T21:46:19.956+0000] {logging_mixin.py:188} INFO - [2025-12-30T21:46:19.955+0000] {dagbag.py:545} INFO - Filling up the DagBag from /opt/airflow/dags/model_sample_dags.py
[2025-12-30T21:46:20.040+0000] {processor.py:840} INFO - DAG(s) 'train_model_sample' retrieved from /opt/airflow/dags/model_sample_dags.py
[2025-12-30T21:46:20.110+0000] {logging_mixin.py:188} INFO - [2025-12-30T21:46:20.109+0000] {dag.py:3089} INFO - Sync 1 DAGs
[2025-12-30T21:46:20.136+0000] {logging_mixin.py:188} INFO - [2025-12-30T21:46:20.136+0000] {dag.py:3947} INFO - Setting next_dagrun for train_model_sample to None, run_after=None
[2025-12-30T21:46:20.184+0000] {processor.py:183} INFO - Processing /opt/airflow/dags/model_sample_dags.py took 0.268 seconds
[2025-12-30T21:46:51.151+0000] {processor.py:161} INFO - Started process (PID=1957) to work on /opt/airflow/dags/model_sample_dags.py
[2025-12-30T21:46:51.154+0000] {processor.py:830} INFO - Processing file /opt/airflow/dags/model_sample_dags.py for tasks to queue
[2025-12-30T21:46:51.158+0000] {logging_mixin.py:188} INFO - [2025-12-30T21:46:51.157+0000] {dagbag.py:545} INFO - Filling up the DagBag from /opt/airflow/dags/model_sample_dags.py
[2025-12-30T21:46:51.214+0000] {processor.py:840} INFO - DAG(s) 'train_model_sample' retrieved from /opt/airflow/dags/model_sample_dags.py
[2025-12-30T21:46:51.279+0000] {logging_mixin.py:188} INFO - [2025-12-30T21:46:51.279+0000] {dag.py:3089} INFO - Sync 1 DAGs
[2025-12-30T21:46:51.302+0000] {logging_mixin.py:188} INFO - [2025-12-30T21:46:51.301+0000] {dag.py:3947} INFO - Setting next_dagrun for train_model_sample to None, run_after=None
[2025-12-30T21:46:51.352+0000] {processor.py:183} INFO - Processing /opt/airflow/dags/model_sample_dags.py took 0.216 seconds
[2025-12-30T21:47:23.107+0000] {processor.py:161} INFO - Started process (PID=1962) to work on /opt/airflow/dags/model_sample_dags.py
[2025-12-30T21:47:23.110+0000] {processor.py:830} INFO - Processing file /opt/airflow/dags/model_sample_dags.py for tasks to queue
[2025-12-30T21:47:23.114+0000] {logging_mixin.py:188} INFO - [2025-12-30T21:47:23.114+0000] {dagbag.py:545} INFO - Filling up the DagBag from /opt/airflow/dags/model_sample_dags.py
[2025-12-30T21:47:23.166+0000] {processor.py:840} INFO - DAG(s) 'train_model_sample' retrieved from /opt/airflow/dags/model_sample_dags.py
[2025-12-30T21:47:23.224+0000] {logging_mixin.py:188} INFO - [2025-12-30T21:47:23.224+0000] {dag.py:3089} INFO - Sync 1 DAGs
[2025-12-30T21:47:23.249+0000] {logging_mixin.py:188} INFO - [2025-12-30T21:47:23.249+0000] {dag.py:3947} INFO - Setting next_dagrun for train_model_sample to None, run_after=None
[2025-12-30T21:47:23.296+0000] {processor.py:183} INFO - Processing /opt/airflow/dags/model_sample_dags.py took 0.204 seconds
[2025-12-30T21:47:54.276+0000] {processor.py:161} INFO - Started process (PID=1967) to work on /opt/airflow/dags/model_sample_dags.py
[2025-12-30T21:47:54.279+0000] {processor.py:830} INFO - Processing file /opt/airflow/dags/model_sample_dags.py for tasks to queue
[2025-12-30T21:47:54.285+0000] {logging_mixin.py:188} INFO - [2025-12-30T21:47:54.284+0000] {dagbag.py:545} INFO - Filling up the DagBag from /opt/airflow/dags/model_sample_dags.py
[2025-12-30T21:47:54.349+0000] {processor.py:840} INFO - DAG(s) 'train_model_sample' retrieved from /opt/airflow/dags/model_sample_dags.py
[2025-12-30T21:47:54.431+0000] {logging_mixin.py:188} INFO - [2025-12-30T21:47:54.430+0000] {dag.py:3089} INFO - Sync 1 DAGs
[2025-12-30T21:47:54.469+0000] {logging_mixin.py:188} INFO - [2025-12-30T21:47:54.469+0000] {dag.py:3947} INFO - Setting next_dagrun for train_model_sample to None, run_after=None
[2025-12-30T21:47:54.534+0000] {processor.py:183} INFO - Processing /opt/airflow/dags/model_sample_dags.py took 0.276 seconds
[2025-12-30T21:48:26.300+0000] {processor.py:161} INFO - Started process (PID=1972) to work on /opt/airflow/dags/model_sample_dags.py
[2025-12-30T21:48:26.305+0000] {processor.py:830} INFO - Processing file /opt/airflow/dags/model_sample_dags.py for tasks to queue
[2025-12-30T21:48:26.310+0000] {logging_mixin.py:188} INFO - [2025-12-30T21:48:26.310+0000] {dagbag.py:545} INFO - Filling up the DagBag from /opt/airflow/dags/model_sample_dags.py
[2025-12-30T21:48:26.378+0000] {processor.py:840} INFO - DAG(s) 'train_model_sample' retrieved from /opt/airflow/dags/model_sample_dags.py
[2025-12-30T21:48:26.460+0000] {logging_mixin.py:188} INFO - [2025-12-30T21:48:26.459+0000] {dag.py:3089} INFO - Sync 1 DAGs
[2025-12-30T21:48:26.502+0000] {logging_mixin.py:188} INFO - [2025-12-30T21:48:26.501+0000] {dag.py:3947} INFO - Setting next_dagrun for train_model_sample to None, run_after=None
[2025-12-30T21:48:26.565+0000] {processor.py:183} INFO - Processing /opt/airflow/dags/model_sample_dags.py took 0.284 seconds
[2025-12-30T21:48:57.540+0000] {processor.py:161} INFO - Started process (PID=1977) to work on /opt/airflow/dags/model_sample_dags.py
[2025-12-30T21:48:57.543+0000] {processor.py:830} INFO - Processing file /opt/airflow/dags/model_sample_dags.py for tasks to queue
[2025-12-30T21:48:57.548+0000] {logging_mixin.py:188} INFO - [2025-12-30T21:48:57.548+0000] {dagbag.py:545} INFO - Filling up the DagBag from /opt/airflow/dags/model_sample_dags.py
[2025-12-30T21:48:57.629+0000] {processor.py:840} INFO - DAG(s) 'train_model_sample' retrieved from /opt/airflow/dags/model_sample_dags.py
[2025-12-30T21:48:57.717+0000] {logging_mixin.py:188} INFO - [2025-12-30T21:48:57.716+0000] {dag.py:3089} INFO - Sync 1 DAGs
[2025-12-30T21:48:57.747+0000] {logging_mixin.py:188} INFO - [2025-12-30T21:48:57.746+0000] {dag.py:3947} INFO - Setting next_dagrun for train_model_sample to None, run_after=None
[2025-12-30T21:48:57.802+0000] {processor.py:183} INFO - Processing /opt/airflow/dags/model_sample_dags.py took 0.283 seconds
[2025-12-30T21:49:29.534+0000] {processor.py:161} INFO - Started process (PID=1982) to work on /opt/airflow/dags/model_sample_dags.py
[2025-12-30T21:49:29.538+0000] {processor.py:830} INFO - Processing file /opt/airflow/dags/model_sample_dags.py for tasks to queue
[2025-12-30T21:49:29.544+0000] {logging_mixin.py:188} INFO - [2025-12-30T21:49:29.543+0000] {dagbag.py:545} INFO - Filling up the DagBag from /opt/airflow/dags/model_sample_dags.py
[2025-12-30T21:49:29.610+0000] {processor.py:840} INFO - DAG(s) 'train_model_sample' retrieved from /opt/airflow/dags/model_sample_dags.py
[2025-12-30T21:49:29.675+0000] {logging_mixin.py:188} INFO - [2025-12-30T21:49:29.674+0000] {dag.py:3089} INFO - Sync 1 DAGs
[2025-12-30T21:49:29.708+0000] {logging_mixin.py:188} INFO - [2025-12-30T21:49:29.707+0000] {dag.py:3947} INFO - Setting next_dagrun for train_model_sample to None, run_after=None
[2025-12-30T21:49:29.792+0000] {processor.py:183} INFO - Processing /opt/airflow/dags/model_sample_dags.py took 0.274 seconds
[2025-12-30T21:50:00.732+0000] {processor.py:161} INFO - Started process (PID=1987) to work on /opt/airflow/dags/model_sample_dags.py
[2025-12-30T21:50:00.735+0000] {processor.py:830} INFO - Processing file /opt/airflow/dags/model_sample_dags.py for tasks to queue
[2025-12-30T21:50:00.739+0000] {logging_mixin.py:188} INFO - [2025-12-30T21:50:00.738+0000] {dagbag.py:545} INFO - Filling up the DagBag from /opt/airflow/dags/model_sample_dags.py
[2025-12-30T21:50:00.811+0000] {processor.py:840} INFO - DAG(s) 'train_model_sample' retrieved from /opt/airflow/dags/model_sample_dags.py
[2025-12-30T21:50:00.872+0000] {logging_mixin.py:188} INFO - [2025-12-30T21:50:00.871+0000] {dag.py:3089} INFO - Sync 1 DAGs
[2025-12-30T21:50:00.909+0000] {logging_mixin.py:188} INFO - [2025-12-30T21:50:00.907+0000] {dag.py:3947} INFO - Setting next_dagrun for train_model_sample to None, run_after=None
[2025-12-30T21:50:00.971+0000] {processor.py:183} INFO - Processing /opt/airflow/dags/model_sample_dags.py took 0.253 seconds
[2025-12-30T21:50:32.753+0000] {processor.py:161} INFO - Started process (PID=1992) to work on /opt/airflow/dags/model_sample_dags.py
[2025-12-30T21:50:32.756+0000] {processor.py:830} INFO - Processing file /opt/airflow/dags/model_sample_dags.py for tasks to queue
[2025-12-30T21:50:32.760+0000] {logging_mixin.py:188} INFO - [2025-12-30T21:50:32.759+0000] {dagbag.py:545} INFO - Filling up the DagBag from /opt/airflow/dags/model_sample_dags.py
[2025-12-30T21:50:32.820+0000] {processor.py:840} INFO - DAG(s) 'train_model_sample' retrieved from /opt/airflow/dags/model_sample_dags.py
[2025-12-30T21:50:32.876+0000] {logging_mixin.py:188} INFO - [2025-12-30T21:50:32.875+0000] {dag.py:3089} INFO - Sync 1 DAGs
[2025-12-30T21:50:32.911+0000] {logging_mixin.py:188} INFO - [2025-12-30T21:50:32.911+0000] {dag.py:3947} INFO - Setting next_dagrun for train_model_sample to None, run_after=None
[2025-12-30T21:50:32.967+0000] {processor.py:183} INFO - Processing /opt/airflow/dags/model_sample_dags.py took 0.227 seconds
[2025-12-30T21:51:04.111+0000] {processor.py:161} INFO - Started process (PID=1997) to work on /opt/airflow/dags/model_sample_dags.py
[2025-12-30T21:51:04.113+0000] {processor.py:830} INFO - Processing file /opt/airflow/dags/model_sample_dags.py for tasks to queue
[2025-12-30T21:51:04.117+0000] {logging_mixin.py:188} INFO - [2025-12-30T21:51:04.116+0000] {dagbag.py:545} INFO - Filling up the DagBag from /opt/airflow/dags/model_sample_dags.py
[2025-12-30T21:51:04.177+0000] {processor.py:840} INFO - DAG(s) 'train_model_sample' retrieved from /opt/airflow/dags/model_sample_dags.py
[2025-12-30T21:51:04.229+0000] {logging_mixin.py:188} INFO - [2025-12-30T21:51:04.228+0000] {dag.py:3089} INFO - Sync 1 DAGs
[2025-12-30T21:51:04.252+0000] {logging_mixin.py:188} INFO - [2025-12-30T21:51:04.251+0000] {dag.py:3947} INFO - Setting next_dagrun for train_model_sample to None, run_after=None
[2025-12-30T21:51:04.292+0000] {processor.py:183} INFO - Processing /opt/airflow/dags/model_sample_dags.py took 0.193 seconds
[2025-12-30T21:51:36.088+0000] {processor.py:161} INFO - Started process (PID=2002) to work on /opt/airflow/dags/model_sample_dags.py
[2025-12-30T21:51:36.091+0000] {processor.py:830} INFO - Processing file /opt/airflow/dags/model_sample_dags.py for tasks to queue
[2025-12-30T21:51:36.095+0000] {logging_mixin.py:188} INFO - [2025-12-30T21:51:36.095+0000] {dagbag.py:545} INFO - Filling up the DagBag from /opt/airflow/dags/model_sample_dags.py
[2025-12-30T21:51:36.160+0000] {processor.py:840} INFO - DAG(s) 'train_model_sample' retrieved from /opt/airflow/dags/model_sample_dags.py
[2025-12-30T21:51:36.239+0000] {logging_mixin.py:188} INFO - [2025-12-30T21:51:36.238+0000] {dag.py:3089} INFO - Sync 1 DAGs
[2025-12-30T21:51:36.268+0000] {logging_mixin.py:188} INFO - [2025-12-30T21:51:36.267+0000] {dag.py:3947} INFO - Setting next_dagrun for train_model_sample to None, run_after=None
[2025-12-30T21:51:36.320+0000] {processor.py:183} INFO - Processing /opt/airflow/dags/model_sample_dags.py took 0.245 seconds
[2025-12-30T21:52:07.420+0000] {processor.py:161} INFO - Started process (PID=2007) to work on /opt/airflow/dags/model_sample_dags.py
[2025-12-30T21:52:07.423+0000] {processor.py:830} INFO - Processing file /opt/airflow/dags/model_sample_dags.py for tasks to queue
[2025-12-30T21:52:07.433+0000] {logging_mixin.py:188} INFO - [2025-12-30T21:52:07.427+0000] {dagbag.py:545} INFO - Filling up the DagBag from /opt/airflow/dags/model_sample_dags.py
[2025-12-30T21:52:07.518+0000] {processor.py:840} INFO - DAG(s) 'train_model_sample' retrieved from /opt/airflow/dags/model_sample_dags.py
[2025-12-30T21:52:07.583+0000] {logging_mixin.py:188} INFO - [2025-12-30T21:52:07.583+0000] {dag.py:3089} INFO - Sync 1 DAGs
[2025-12-30T21:52:07.614+0000] {logging_mixin.py:188} INFO - [2025-12-30T21:52:07.613+0000] {dag.py:3947} INFO - Setting next_dagrun for train_model_sample to None, run_after=None
[2025-12-30T21:52:07.674+0000] {processor.py:183} INFO - Processing /opt/airflow/dags/model_sample_dags.py took 0.273 seconds
[2025-12-30T21:52:39.402+0000] {processor.py:161} INFO - Started process (PID=2012) to work on /opt/airflow/dags/model_sample_dags.py
[2025-12-30T21:52:39.404+0000] {processor.py:830} INFO - Processing file /opt/airflow/dags/model_sample_dags.py for tasks to queue
[2025-12-30T21:52:39.408+0000] {logging_mixin.py:188} INFO - [2025-12-30T21:52:39.408+0000] {dagbag.py:545} INFO - Filling up the DagBag from /opt/airflow/dags/model_sample_dags.py
[2025-12-30T21:52:39.469+0000] {processor.py:840} INFO - DAG(s) 'train_model_sample' retrieved from /opt/airflow/dags/model_sample_dags.py
[2025-12-30T21:52:39.523+0000] {logging_mixin.py:188} INFO - [2025-12-30T21:52:39.523+0000] {dag.py:3089} INFO - Sync 1 DAGs
[2025-12-30T21:52:39.558+0000] {logging_mixin.py:188} INFO - [2025-12-30T21:52:39.557+0000] {dag.py:3947} INFO - Setting next_dagrun for train_model_sample to None, run_after=None
[2025-12-30T21:52:39.630+0000] {processor.py:183} INFO - Processing /opt/airflow/dags/model_sample_dags.py took 0.242 seconds
[2025-12-30T21:53:10.745+0000] {processor.py:161} INFO - Started process (PID=2017) to work on /opt/airflow/dags/model_sample_dags.py
[2025-12-30T21:53:10.749+0000] {processor.py:830} INFO - Processing file /opt/airflow/dags/model_sample_dags.py for tasks to queue
[2025-12-30T21:53:10.755+0000] {logging_mixin.py:188} INFO - [2025-12-30T21:53:10.754+0000] {dagbag.py:545} INFO - Filling up the DagBag from /opt/airflow/dags/model_sample_dags.py
[2025-12-30T21:53:10.844+0000] {processor.py:840} INFO - DAG(s) 'train_model_sample' retrieved from /opt/airflow/dags/model_sample_dags.py
[2025-12-30T21:53:10.927+0000] {logging_mixin.py:188} INFO - [2025-12-30T21:53:10.926+0000] {dag.py:3089} INFO - Sync 1 DAGs
[2025-12-30T21:53:10.960+0000] {logging_mixin.py:188} INFO - [2025-12-30T21:53:10.960+0000] {dag.py:3947} INFO - Setting next_dagrun for train_model_sample to None, run_after=None
[2025-12-30T21:53:11.024+0000] {processor.py:183} INFO - Processing /opt/airflow/dags/model_sample_dags.py took 0.297 seconds
[2025-12-30T21:53:42.923+0000] {processor.py:161} INFO - Started process (PID=2022) to work on /opt/airflow/dags/model_sample_dags.py
[2025-12-30T21:53:42.927+0000] {processor.py:830} INFO - Processing file /opt/airflow/dags/model_sample_dags.py for tasks to queue
[2025-12-30T21:53:42.933+0000] {logging_mixin.py:188} INFO - [2025-12-30T21:53:42.932+0000] {dagbag.py:545} INFO - Filling up the DagBag from /opt/airflow/dags/model_sample_dags.py
[2025-12-30T21:53:43.038+0000] {processor.py:840} INFO - DAG(s) 'train_model_sample' retrieved from /opt/airflow/dags/model_sample_dags.py
[2025-12-30T21:53:43.148+0000] {logging_mixin.py:188} INFO - [2025-12-30T21:53:43.147+0000] {dag.py:3089} INFO - Sync 1 DAGs
[2025-12-30T21:53:43.194+0000] {logging_mixin.py:188} INFO - [2025-12-30T21:53:43.193+0000] {dag.py:3947} INFO - Setting next_dagrun for train_model_sample to None, run_after=None
[2025-12-30T21:53:43.261+0000] {processor.py:183} INFO - Processing /opt/airflow/dags/model_sample_dags.py took 0.356 seconds
[2025-12-30T21:54:14.433+0000] {processor.py:161} INFO - Started process (PID=2027) to work on /opt/airflow/dags/model_sample_dags.py
[2025-12-30T21:54:14.438+0000] {processor.py:830} INFO - Processing file /opt/airflow/dags/model_sample_dags.py for tasks to queue
[2025-12-30T21:54:14.446+0000] {logging_mixin.py:188} INFO - [2025-12-30T21:54:14.445+0000] {dagbag.py:545} INFO - Filling up the DagBag from /opt/airflow/dags/model_sample_dags.py
[2025-12-30T21:54:14.549+0000] {processor.py:840} INFO - DAG(s) 'train_model_sample' retrieved from /opt/airflow/dags/model_sample_dags.py
[2025-12-30T21:54:14.606+0000] {logging_mixin.py:188} INFO - [2025-12-30T21:54:14.605+0000] {dag.py:3089} INFO - Sync 1 DAGs
[2025-12-30T21:54:14.629+0000] {logging_mixin.py:188} INFO - [2025-12-30T21:54:14.628+0000] {dag.py:3947} INFO - Setting next_dagrun for train_model_sample to None, run_after=None
[2025-12-30T21:54:14.672+0000] {processor.py:183} INFO - Processing /opt/airflow/dags/model_sample_dags.py took 0.259 seconds
[2025-12-30T21:54:46.434+0000] {processor.py:161} INFO - Started process (PID=2032) to work on /opt/airflow/dags/model_sample_dags.py
[2025-12-30T21:54:46.437+0000] {processor.py:830} INFO - Processing file /opt/airflow/dags/model_sample_dags.py for tasks to queue
[2025-12-30T21:54:46.441+0000] {logging_mixin.py:188} INFO - [2025-12-30T21:54:46.441+0000] {dagbag.py:545} INFO - Filling up the DagBag from /opt/airflow/dags/model_sample_dags.py
[2025-12-30T21:54:46.503+0000] {processor.py:840} INFO - DAG(s) 'train_model_sample' retrieved from /opt/airflow/dags/model_sample_dags.py
[2025-12-30T21:54:46.575+0000] {logging_mixin.py:188} INFO - [2025-12-30T21:54:46.574+0000] {dag.py:3089} INFO - Sync 1 DAGs
[2025-12-30T21:54:46.611+0000] {logging_mixin.py:188} INFO - [2025-12-30T21:54:46.611+0000] {dag.py:3947} INFO - Setting next_dagrun for train_model_sample to None, run_after=None
[2025-12-30T21:54:46.675+0000] {processor.py:183} INFO - Processing /opt/airflow/dags/model_sample_dags.py took 0.258 seconds
[2025-12-30T21:55:17.673+0000] {processor.py:161} INFO - Started process (PID=2037) to work on /opt/airflow/dags/model_sample_dags.py
[2025-12-30T21:55:17.675+0000] {processor.py:830} INFO - Processing file /opt/airflow/dags/model_sample_dags.py for tasks to queue
[2025-12-30T21:55:17.680+0000] {logging_mixin.py:188} INFO - [2025-12-30T21:55:17.679+0000] {dagbag.py:545} INFO - Filling up the DagBag from /opt/airflow/dags/model_sample_dags.py
[2025-12-30T21:55:17.739+0000] {processor.py:840} INFO - DAG(s) 'train_model_sample' retrieved from /opt/airflow/dags/model_sample_dags.py
[2025-12-30T21:55:17.799+0000] {logging_mixin.py:188} INFO - [2025-12-30T21:55:17.799+0000] {dag.py:3089} INFO - Sync 1 DAGs
[2025-12-30T21:55:17.825+0000] {logging_mixin.py:188} INFO - [2025-12-30T21:55:17.824+0000] {dag.py:3947} INFO - Setting next_dagrun for train_model_sample to None, run_after=None
[2025-12-30T21:55:17.868+0000] {processor.py:183} INFO - Processing /opt/airflow/dags/model_sample_dags.py took 0.207 seconds
[2025-12-30T21:55:49.821+0000] {processor.py:161} INFO - Started process (PID=2042) to work on /opt/airflow/dags/model_sample_dags.py
[2025-12-30T21:55:49.823+0000] {processor.py:830} INFO - Processing file /opt/airflow/dags/model_sample_dags.py for tasks to queue
[2025-12-30T21:55:49.827+0000] {logging_mixin.py:188} INFO - [2025-12-30T21:55:49.826+0000] {dagbag.py:545} INFO - Filling up the DagBag from /opt/airflow/dags/model_sample_dags.py
[2025-12-30T21:55:49.878+0000] {processor.py:840} INFO - DAG(s) 'train_model_sample' retrieved from /opt/airflow/dags/model_sample_dags.py
[2025-12-30T21:55:49.940+0000] {logging_mixin.py:188} INFO - [2025-12-30T21:55:49.939+0000] {dag.py:3089} INFO - Sync 1 DAGs
[2025-12-30T21:55:49.980+0000] {logging_mixin.py:188} INFO - [2025-12-30T21:55:49.980+0000] {dag.py:3947} INFO - Setting next_dagrun for train_model_sample to None, run_after=None
[2025-12-30T21:55:50.048+0000] {processor.py:183} INFO - Processing /opt/airflow/dags/model_sample_dags.py took 0.238 seconds
[2025-12-30T21:56:21.272+0000] {processor.py:161} INFO - Started process (PID=2047) to work on /opt/airflow/dags/model_sample_dags.py
[2025-12-30T21:56:21.274+0000] {processor.py:830} INFO - Processing file /opt/airflow/dags/model_sample_dags.py for tasks to queue
[2025-12-30T21:56:21.279+0000] {logging_mixin.py:188} INFO - [2025-12-30T21:56:21.278+0000] {dagbag.py:545} INFO - Filling up the DagBag from /opt/airflow/dags/model_sample_dags.py
[2025-12-30T21:56:21.332+0000] {processor.py:840} INFO - DAG(s) 'train_model_sample' retrieved from /opt/airflow/dags/model_sample_dags.py
[2025-12-30T21:56:21.380+0000] {logging_mixin.py:188} INFO - [2025-12-30T21:56:21.379+0000] {dag.py:3089} INFO - Sync 1 DAGs
[2025-12-30T21:56:21.407+0000] {logging_mixin.py:188} INFO - [2025-12-30T21:56:21.407+0000] {dag.py:3947} INFO - Setting next_dagrun for train_model_sample to None, run_after=None
[2025-12-30T21:56:21.451+0000] {processor.py:183} INFO - Processing /opt/airflow/dags/model_sample_dags.py took 0.191 seconds
[2025-12-30T21:56:53.234+0000] {processor.py:161} INFO - Started process (PID=2052) to work on /opt/airflow/dags/model_sample_dags.py
[2025-12-30T21:56:53.238+0000] {processor.py:830} INFO - Processing file /opt/airflow/dags/model_sample_dags.py for tasks to queue
[2025-12-30T21:56:53.244+0000] {logging_mixin.py:188} INFO - [2025-12-30T21:56:53.243+0000] {dagbag.py:545} INFO - Filling up the DagBag from /opt/airflow/dags/model_sample_dags.py
[2025-12-30T21:56:53.308+0000] {processor.py:840} INFO - DAG(s) 'train_model_sample' retrieved from /opt/airflow/dags/model_sample_dags.py
[2025-12-30T21:56:53.365+0000] {logging_mixin.py:188} INFO - [2025-12-30T21:56:53.364+0000] {dag.py:3089} INFO - Sync 1 DAGs
[2025-12-30T21:56:53.387+0000] {logging_mixin.py:188} INFO - [2025-12-30T21:56:53.387+0000] {dag.py:3947} INFO - Setting next_dagrun for train_model_sample to None, run_after=None
[2025-12-30T21:56:53.427+0000] {processor.py:183} INFO - Processing /opt/airflow/dags/model_sample_dags.py took 0.211 seconds
[2025-12-30T21:57:24.455+0000] {processor.py:161} INFO - Started process (PID=2057) to work on /opt/airflow/dags/model_sample_dags.py
[2025-12-30T21:57:24.457+0000] {processor.py:830} INFO - Processing file /opt/airflow/dags/model_sample_dags.py for tasks to queue
[2025-12-30T21:57:24.462+0000] {logging_mixin.py:188} INFO - [2025-12-30T21:57:24.462+0000] {dagbag.py:545} INFO - Filling up the DagBag from /opt/airflow/dags/model_sample_dags.py
[2025-12-30T21:57:24.512+0000] {processor.py:840} INFO - DAG(s) 'train_model_sample' retrieved from /opt/airflow/dags/model_sample_dags.py
[2025-12-30T21:57:24.560+0000] {logging_mixin.py:188} INFO - [2025-12-30T21:57:24.559+0000] {dag.py:3089} INFO - Sync 1 DAGs
[2025-12-30T21:57:24.581+0000] {logging_mixin.py:188} INFO - [2025-12-30T21:57:24.580+0000] {dag.py:3947} INFO - Setting next_dagrun for train_model_sample to None, run_after=None
[2025-12-30T21:57:24.620+0000] {processor.py:183} INFO - Processing /opt/airflow/dags/model_sample_dags.py took 0.177 seconds
[2025-12-30T21:57:56.624+0000] {processor.py:161} INFO - Started process (PID=2062) to work on /opt/airflow/dags/model_sample_dags.py
[2025-12-30T21:57:56.627+0000] {processor.py:830} INFO - Processing file /opt/airflow/dags/model_sample_dags.py for tasks to queue
[2025-12-30T21:57:56.631+0000] {logging_mixin.py:188} INFO - [2025-12-30T21:57:56.630+0000] {dagbag.py:545} INFO - Filling up the DagBag from /opt/airflow/dags/model_sample_dags.py
[2025-12-30T21:57:56.681+0000] {processor.py:840} INFO - DAG(s) 'train_model_sample' retrieved from /opt/airflow/dags/model_sample_dags.py
[2025-12-30T21:57:56.748+0000] {logging_mixin.py:188} INFO - [2025-12-30T21:57:56.747+0000] {dag.py:3089} INFO - Sync 1 DAGs
[2025-12-30T21:57:56.793+0000] {logging_mixin.py:188} INFO - [2025-12-30T21:57:56.792+0000] {dag.py:3947} INFO - Setting next_dagrun for train_model_sample to None, run_after=None
[2025-12-30T21:57:56.865+0000] {processor.py:183} INFO - Processing /opt/airflow/dags/model_sample_dags.py took 0.255 seconds
[2025-12-30T21:58:27.991+0000] {processor.py:161} INFO - Started process (PID=2067) to work on /opt/airflow/dags/model_sample_dags.py
[2025-12-30T21:58:27.998+0000] {processor.py:830} INFO - Processing file /opt/airflow/dags/model_sample_dags.py for tasks to queue
[2025-12-30T21:58:28.010+0000] {logging_mixin.py:188} INFO - [2025-12-30T21:58:28.007+0000] {dagbag.py:545} INFO - Filling up the DagBag from /opt/airflow/dags/model_sample_dags.py
[2025-12-30T21:58:28.123+0000] {processor.py:840} INFO - DAG(s) 'train_model_sample' retrieved from /opt/airflow/dags/model_sample_dags.py
[2025-12-30T21:58:28.302+0000] {logging_mixin.py:188} INFO - [2025-12-30T21:58:28.301+0000] {dag.py:3089} INFO - Sync 1 DAGs
[2025-12-30T21:58:28.341+0000] {logging_mixin.py:188} INFO - [2025-12-30T21:58:28.340+0000] {dag.py:3947} INFO - Setting next_dagrun for train_model_sample to None, run_after=None
[2025-12-30T21:58:28.406+0000] {processor.py:183} INFO - Processing /opt/airflow/dags/model_sample_dags.py took 0.453 seconds
[2025-12-30T21:58:59.472+0000] {processor.py:161} INFO - Started process (PID=2072) to work on /opt/airflow/dags/model_sample_dags.py
[2025-12-30T21:58:59.474+0000] {processor.py:830} INFO - Processing file /opt/airflow/dags/model_sample_dags.py for tasks to queue
[2025-12-30T21:58:59.478+0000] {logging_mixin.py:188} INFO - [2025-12-30T21:58:59.477+0000] {dagbag.py:545} INFO - Filling up the DagBag from /opt/airflow/dags/model_sample_dags.py
[2025-12-30T21:58:59.512+0000] {processor.py:840} INFO - DAG(s) 'train_model_sample' retrieved from /opt/airflow/dags/model_sample_dags.py
[2025-12-30T21:58:59.562+0000] {logging_mixin.py:188} INFO - [2025-12-30T21:58:59.561+0000] {dag.py:3089} INFO - Sync 1 DAGs
[2025-12-30T21:58:59.587+0000] {logging_mixin.py:188} INFO - [2025-12-30T21:58:59.586+0000] {dag.py:3947} INFO - Setting next_dagrun for train_model_sample to None, run_after=None
[2025-12-30T21:58:59.628+0000] {processor.py:183} INFO - Processing /opt/airflow/dags/model_sample_dags.py took 0.168 seconds
[2025-12-30T21:59:31.557+0000] {processor.py:161} INFO - Started process (PID=2077) to work on /opt/airflow/dags/model_sample_dags.py
[2025-12-30T21:59:31.559+0000] {processor.py:830} INFO - Processing file /opt/airflow/dags/model_sample_dags.py for tasks to queue
[2025-12-30T21:59:31.565+0000] {logging_mixin.py:188} INFO - [2025-12-30T21:59:31.564+0000] {dagbag.py:545} INFO - Filling up the DagBag from /opt/airflow/dags/model_sample_dags.py
[2025-12-30T21:59:31.631+0000] {processor.py:840} INFO - DAG(s) 'train_model_sample' retrieved from /opt/airflow/dags/model_sample_dags.py
[2025-12-30T21:59:31.735+0000] {logging_mixin.py:188} INFO - [2025-12-30T21:59:31.734+0000] {dag.py:3089} INFO - Sync 1 DAGs
[2025-12-30T21:59:31.777+0000] {logging_mixin.py:188} INFO - [2025-12-30T21:59:31.777+0000] {dag.py:3947} INFO - Setting next_dagrun for train_model_sample to None, run_after=None
[2025-12-30T21:59:31.817+0000] {processor.py:183} INFO - Processing /opt/airflow/dags/model_sample_dags.py took 0.281 seconds
[2025-12-30T22:00:03.016+0000] {processor.py:161} INFO - Started process (PID=2082) to work on /opt/airflow/dags/model_sample_dags.py
[2025-12-30T22:00:03.019+0000] {processor.py:830} INFO - Processing file /opt/airflow/dags/model_sample_dags.py for tasks to queue
[2025-12-30T22:00:03.027+0000] {logging_mixin.py:188} INFO - [2025-12-30T22:00:03.026+0000] {dagbag.py:545} INFO - Filling up the DagBag from /opt/airflow/dags/model_sample_dags.py
[2025-12-30T22:00:03.104+0000] {processor.py:840} INFO - DAG(s) 'train_model_sample' retrieved from /opt/airflow/dags/model_sample_dags.py
[2025-12-30T22:00:03.198+0000] {logging_mixin.py:188} INFO - [2025-12-30T22:00:03.197+0000] {dag.py:3089} INFO - Sync 1 DAGs
[2025-12-30T22:00:03.239+0000] {logging_mixin.py:188} INFO - [2025-12-30T22:00:03.238+0000] {dag.py:3947} INFO - Setting next_dagrun for train_model_sample to None, run_after=None
[2025-12-30T22:00:03.301+0000] {processor.py:183} INFO - Processing /opt/airflow/dags/model_sample_dags.py took 0.304 seconds
[2025-12-30T22:00:35.084+0000] {processor.py:161} INFO - Started process (PID=2087) to work on /opt/airflow/dags/model_sample_dags.py
[2025-12-30T22:00:35.090+0000] {processor.py:830} INFO - Processing file /opt/airflow/dags/model_sample_dags.py for tasks to queue
[2025-12-30T22:00:35.095+0000] {logging_mixin.py:188} INFO - [2025-12-30T22:00:35.095+0000] {dagbag.py:545} INFO - Filling up the DagBag from /opt/airflow/dags/model_sample_dags.py
[2025-12-30T22:00:35.160+0000] {processor.py:840} INFO - DAG(s) 'train_model_sample' retrieved from /opt/airflow/dags/model_sample_dags.py
[2025-12-30T22:00:35.237+0000] {logging_mixin.py:188} INFO - [2025-12-30T22:00:35.236+0000] {dag.py:3089} INFO - Sync 1 DAGs
[2025-12-30T22:00:35.275+0000] {logging_mixin.py:188} INFO - [2025-12-30T22:00:35.274+0000] {dag.py:3947} INFO - Setting next_dagrun for train_model_sample to None, run_after=None
[2025-12-30T22:00:35.337+0000] {processor.py:183} INFO - Processing /opt/airflow/dags/model_sample_dags.py took 0.272 seconds
[2025-12-30T22:01:06.587+0000] {processor.py:161} INFO - Started process (PID=2092) to work on /opt/airflow/dags/model_sample_dags.py
[2025-12-30T22:01:06.590+0000] {processor.py:830} INFO - Processing file /opt/airflow/dags/model_sample_dags.py for tasks to queue
[2025-12-30T22:01:06.595+0000] {logging_mixin.py:188} INFO - [2025-12-30T22:01:06.594+0000] {dagbag.py:545} INFO - Filling up the DagBag from /opt/airflow/dags/model_sample_dags.py
[2025-12-30T22:01:06.665+0000] {processor.py:840} INFO - DAG(s) 'train_model_sample' retrieved from /opt/airflow/dags/model_sample_dags.py
[2025-12-30T22:01:06.752+0000] {logging_mixin.py:188} INFO - [2025-12-30T22:01:06.751+0000] {dag.py:3089} INFO - Sync 1 DAGs
[2025-12-30T22:01:06.790+0000] {logging_mixin.py:188} INFO - [2025-12-30T22:01:06.789+0000] {dag.py:3947} INFO - Setting next_dagrun for train_model_sample to None, run_after=None
[2025-12-30T22:01:06.836+0000] {processor.py:183} INFO - Processing /opt/airflow/dags/model_sample_dags.py took 0.268 seconds
[2025-12-30T22:01:38.689+0000] {processor.py:161} INFO - Started process (PID=2097) to work on /opt/airflow/dags/model_sample_dags.py
[2025-12-30T22:01:38.693+0000] {processor.py:830} INFO - Processing file /opt/airflow/dags/model_sample_dags.py for tasks to queue
[2025-12-30T22:01:38.699+0000] {logging_mixin.py:188} INFO - [2025-12-30T22:01:38.698+0000] {dagbag.py:545} INFO - Filling up the DagBag from /opt/airflow/dags/model_sample_dags.py
[2025-12-30T22:01:38.771+0000] {processor.py:840} INFO - DAG(s) 'train_model_sample' retrieved from /opt/airflow/dags/model_sample_dags.py
[2025-12-30T22:01:38.831+0000] {logging_mixin.py:188} INFO - [2025-12-30T22:01:38.831+0000] {dag.py:3089} INFO - Sync 1 DAGs
[2025-12-30T22:01:38.857+0000] {logging_mixin.py:188} INFO - [2025-12-30T22:01:38.857+0000] {dag.py:3947} INFO - Setting next_dagrun for train_model_sample to None, run_after=None
[2025-12-30T22:01:38.909+0000] {processor.py:183} INFO - Processing /opt/airflow/dags/model_sample_dags.py took 0.239 seconds
[2025-12-30T22:02:09.973+0000] {processor.py:161} INFO - Started process (PID=2102) to work on /opt/airflow/dags/model_sample_dags.py
[2025-12-30T22:02:09.976+0000] {processor.py:830} INFO - Processing file /opt/airflow/dags/model_sample_dags.py for tasks to queue
[2025-12-30T22:02:09.980+0000] {logging_mixin.py:188} INFO - [2025-12-30T22:02:09.979+0000] {dagbag.py:545} INFO - Filling up the DagBag from /opt/airflow/dags/model_sample_dags.py
[2025-12-30T22:02:10.044+0000] {processor.py:840} INFO - DAG(s) 'train_model_sample' retrieved from /opt/airflow/dags/model_sample_dags.py
[2025-12-30T22:02:10.123+0000] {logging_mixin.py:188} INFO - [2025-12-30T22:02:10.122+0000] {dag.py:3089} INFO - Sync 1 DAGs
[2025-12-30T22:02:10.173+0000] {logging_mixin.py:188} INFO - [2025-12-30T22:02:10.172+0000] {dag.py:3947} INFO - Setting next_dagrun for train_model_sample to None, run_after=None
[2025-12-30T22:02:10.248+0000] {processor.py:183} INFO - Processing /opt/airflow/dags/model_sample_dags.py took 0.286 seconds
[2025-12-30T22:02:42.166+0000] {processor.py:161} INFO - Started process (PID=2107) to work on /opt/airflow/dags/model_sample_dags.py
[2025-12-30T22:02:42.169+0000] {processor.py:830} INFO - Processing file /opt/airflow/dags/model_sample_dags.py for tasks to queue
[2025-12-30T22:02:42.172+0000] {logging_mixin.py:188} INFO - [2025-12-30T22:02:42.172+0000] {dagbag.py:545} INFO - Filling up the DagBag from /opt/airflow/dags/model_sample_dags.py
[2025-12-30T22:02:42.232+0000] {processor.py:840} INFO - DAG(s) 'train_model_sample' retrieved from /opt/airflow/dags/model_sample_dags.py
[2025-12-30T22:02:42.291+0000] {logging_mixin.py:188} INFO - [2025-12-30T22:02:42.290+0000] {dag.py:3089} INFO - Sync 1 DAGs
[2025-12-30T22:02:42.324+0000] {logging_mixin.py:188} INFO - [2025-12-30T22:02:42.324+0000] {dag.py:3947} INFO - Setting next_dagrun for train_model_sample to None, run_after=None
[2025-12-30T22:02:42.392+0000] {processor.py:183} INFO - Processing /opt/airflow/dags/model_sample_dags.py took 0.240 seconds
[2025-12-30T22:03:13.499+0000] {processor.py:161} INFO - Started process (PID=2112) to work on /opt/airflow/dags/model_sample_dags.py
[2025-12-30T22:03:13.503+0000] {processor.py:830} INFO - Processing file /opt/airflow/dags/model_sample_dags.py for tasks to queue
[2025-12-30T22:03:13.510+0000] {logging_mixin.py:188} INFO - [2025-12-30T22:03:13.509+0000] {dagbag.py:545} INFO - Filling up the DagBag from /opt/airflow/dags/model_sample_dags.py
[2025-12-30T22:03:13.587+0000] {processor.py:840} INFO - DAG(s) 'train_model_sample' retrieved from /opt/airflow/dags/model_sample_dags.py
[2025-12-30T22:03:13.671+0000] {logging_mixin.py:188} INFO - [2025-12-30T22:03:13.670+0000] {dag.py:3089} INFO - Sync 1 DAGs
[2025-12-30T22:03:13.710+0000] {logging_mixin.py:188} INFO - [2025-12-30T22:03:13.709+0000] {dag.py:3947} INFO - Setting next_dagrun for train_model_sample to None, run_after=None
[2025-12-30T22:03:13.760+0000] {processor.py:183} INFO - Processing /opt/airflow/dags/model_sample_dags.py took 0.285 seconds
[2025-12-30T22:03:45.613+0000] {processor.py:161} INFO - Started process (PID=2117) to work on /opt/airflow/dags/model_sample_dags.py
[2025-12-30T22:03:45.619+0000] {processor.py:830} INFO - Processing file /opt/airflow/dags/model_sample_dags.py for tasks to queue
[2025-12-30T22:03:45.630+0000] {logging_mixin.py:188} INFO - [2025-12-30T22:03:45.629+0000] {dagbag.py:545} INFO - Filling up the DagBag from /opt/airflow/dags/model_sample_dags.py
[2025-12-30T22:03:45.728+0000] {processor.py:840} INFO - DAG(s) 'train_model_sample' retrieved from /opt/airflow/dags/model_sample_dags.py
[2025-12-30T22:03:45.834+0000] {logging_mixin.py:188} INFO - [2025-12-30T22:03:45.833+0000] {dag.py:3089} INFO - Sync 1 DAGs
[2025-12-30T22:03:45.873+0000] {logging_mixin.py:188} INFO - [2025-12-30T22:03:45.872+0000] {dag.py:3947} INFO - Setting next_dagrun for train_model_sample to None, run_after=None
[2025-12-30T22:03:45.950+0000] {processor.py:183} INFO - Processing /opt/airflow/dags/model_sample_dags.py took 0.363 seconds
[2025-12-30T22:04:17.012+0000] {processor.py:161} INFO - Started process (PID=2122) to work on /opt/airflow/dags/model_sample_dags.py
[2025-12-30T22:04:17.017+0000] {processor.py:830} INFO - Processing file /opt/airflow/dags/model_sample_dags.py for tasks to queue
[2025-12-30T22:04:17.022+0000] {logging_mixin.py:188} INFO - [2025-12-30T22:04:17.021+0000] {dagbag.py:545} INFO - Filling up the DagBag from /opt/airflow/dags/model_sample_dags.py
[2025-12-30T22:04:17.097+0000] {processor.py:840} INFO - DAG(s) 'train_model_sample' retrieved from /opt/airflow/dags/model_sample_dags.py
[2025-12-30T22:04:17.172+0000] {logging_mixin.py:188} INFO - [2025-12-30T22:04:17.171+0000] {dag.py:3089} INFO - Sync 1 DAGs
[2025-12-30T22:04:17.196+0000] {logging_mixin.py:188} INFO - [2025-12-30T22:04:17.196+0000] {dag.py:3947} INFO - Setting next_dagrun for train_model_sample to None, run_after=None
[2025-12-30T22:04:17.248+0000] {processor.py:183} INFO - Processing /opt/airflow/dags/model_sample_dags.py took 0.255 seconds
[2025-12-30T22:04:49.216+0000] {processor.py:161} INFO - Started process (PID=2127) to work on /opt/airflow/dags/model_sample_dags.py
[2025-12-30T22:04:49.220+0000] {processor.py:830} INFO - Processing file /opt/airflow/dags/model_sample_dags.py for tasks to queue
[2025-12-30T22:04:49.226+0000] {logging_mixin.py:188} INFO - [2025-12-30T22:04:49.225+0000] {dagbag.py:545} INFO - Filling up the DagBag from /opt/airflow/dags/model_sample_dags.py
[2025-12-30T22:04:49.300+0000] {processor.py:840} INFO - DAG(s) 'train_model_sample' retrieved from /opt/airflow/dags/model_sample_dags.py
[2025-12-30T22:04:49.403+0000] {logging_mixin.py:188} INFO - [2025-12-30T22:04:49.402+0000] {dag.py:3089} INFO - Sync 1 DAGs
[2025-12-30T22:04:49.468+0000] {logging_mixin.py:188} INFO - [2025-12-30T22:04:49.467+0000] {dag.py:3947} INFO - Setting next_dagrun for train_model_sample to None, run_after=None
[2025-12-30T22:04:49.553+0000] {processor.py:183} INFO - Processing /opt/airflow/dags/model_sample_dags.py took 0.354 seconds
[2025-12-30T22:05:20.483+0000] {processor.py:161} INFO - Started process (PID=2132) to work on /opt/airflow/dags/model_sample_dags.py
[2025-12-30T22:05:20.487+0000] {processor.py:830} INFO - Processing file /opt/airflow/dags/model_sample_dags.py for tasks to queue
[2025-12-30T22:05:20.496+0000] {logging_mixin.py:188} INFO - [2025-12-30T22:05:20.495+0000] {dagbag.py:545} INFO - Filling up the DagBag from /opt/airflow/dags/model_sample_dags.py
[2025-12-30T22:05:20.579+0000] {processor.py:840} INFO - DAG(s) 'train_model_sample' retrieved from /opt/airflow/dags/model_sample_dags.py
[2025-12-30T22:05:20.680+0000] {logging_mixin.py:188} INFO - [2025-12-30T22:05:20.679+0000] {dag.py:3089} INFO - Sync 1 DAGs
[2025-12-30T22:05:20.743+0000] {logging_mixin.py:188} INFO - [2025-12-30T22:05:20.742+0000] {dag.py:3947} INFO - Setting next_dagrun for train_model_sample to None, run_after=None
[2025-12-30T22:05:20.828+0000] {processor.py:183} INFO - Processing /opt/airflow/dags/model_sample_dags.py took 0.367 seconds
[2025-12-30T22:05:51.946+0000] {processor.py:161} INFO - Started process (PID=2137) to work on /opt/airflow/dags/model_sample_dags.py
[2025-12-30T22:05:51.949+0000] {processor.py:830} INFO - Processing file /opt/airflow/dags/model_sample_dags.py for tasks to queue
[2025-12-30T22:05:51.953+0000] {logging_mixin.py:188} INFO - [2025-12-30T22:05:51.952+0000] {dagbag.py:545} INFO - Filling up the DagBag from /opt/airflow/dags/model_sample_dags.py
[2025-12-30T22:05:52.006+0000] {processor.py:840} INFO - DAG(s) 'train_model_sample' retrieved from /opt/airflow/dags/model_sample_dags.py
[2025-12-30T22:05:52.073+0000] {logging_mixin.py:188} INFO - [2025-12-30T22:05:52.072+0000] {dag.py:3089} INFO - Sync 1 DAGs
[2025-12-30T22:05:52.103+0000] {logging_mixin.py:188} INFO - [2025-12-30T22:05:52.103+0000] {dag.py:3947} INFO - Setting next_dagrun for train_model_sample to None, run_after=None
[2025-12-30T22:05:52.154+0000] {processor.py:183} INFO - Processing /opt/airflow/dags/model_sample_dags.py took 0.221 seconds
[2025-12-30T22:06:24.024+0000] {processor.py:161} INFO - Started process (PID=2142) to work on /opt/airflow/dags/model_sample_dags.py
[2025-12-30T22:06:24.028+0000] {processor.py:830} INFO - Processing file /opt/airflow/dags/model_sample_dags.py for tasks to queue
[2025-12-30T22:06:24.035+0000] {logging_mixin.py:188} INFO - [2025-12-30T22:06:24.033+0000] {dagbag.py:545} INFO - Filling up the DagBag from /opt/airflow/dags/model_sample_dags.py
[2025-12-30T22:06:24.090+0000] {processor.py:840} INFO - DAG(s) 'train_model_sample' retrieved from /opt/airflow/dags/model_sample_dags.py
[2025-12-30T22:06:24.146+0000] {logging_mixin.py:188} INFO - [2025-12-30T22:06:24.146+0000] {dag.py:3089} INFO - Sync 1 DAGs
[2025-12-30T22:06:24.173+0000] {logging_mixin.py:188} INFO - [2025-12-30T22:06:24.172+0000] {dag.py:3947} INFO - Setting next_dagrun for train_model_sample to None, run_after=None
[2025-12-30T22:06:24.236+0000] {processor.py:183} INFO - Processing /opt/airflow/dags/model_sample_dags.py took 0.233 seconds
[2025-12-30T22:06:55.427+0000] {processor.py:161} INFO - Started process (PID=2147) to work on /opt/airflow/dags/model_sample_dags.py
[2025-12-30T22:06:55.431+0000] {processor.py:830} INFO - Processing file /opt/airflow/dags/model_sample_dags.py for tasks to queue
[2025-12-30T22:06:55.435+0000] {logging_mixin.py:188} INFO - [2025-12-30T22:06:55.435+0000] {dagbag.py:545} INFO - Filling up the DagBag from /opt/airflow/dags/model_sample_dags.py
[2025-12-30T22:06:55.495+0000] {processor.py:840} INFO - DAG(s) 'train_model_sample' retrieved from /opt/airflow/dags/model_sample_dags.py
[2025-12-30T22:06:55.551+0000] {logging_mixin.py:188} INFO - [2025-12-30T22:06:55.551+0000] {dag.py:3089} INFO - Sync 1 DAGs
[2025-12-30T22:06:55.578+0000] {logging_mixin.py:188} INFO - [2025-12-30T22:06:55.577+0000] {dag.py:3947} INFO - Setting next_dagrun for train_model_sample to None, run_after=None
[2025-12-30T22:06:55.625+0000] {processor.py:183} INFO - Processing /opt/airflow/dags/model_sample_dags.py took 0.215 seconds
[2025-12-30T22:07:27.572+0000] {processor.py:161} INFO - Started process (PID=2152) to work on /opt/airflow/dags/model_sample_dags.py
[2025-12-30T22:07:27.578+0000] {processor.py:830} INFO - Processing file /opt/airflow/dags/model_sample_dags.py for tasks to queue
[2025-12-30T22:07:27.587+0000] {logging_mixin.py:188} INFO - [2025-12-30T22:07:27.586+0000] {dagbag.py:545} INFO - Filling up the DagBag from /opt/airflow/dags/model_sample_dags.py
[2025-12-30T22:07:27.687+0000] {processor.py:840} INFO - DAG(s) 'train_model_sample' retrieved from /opt/airflow/dags/model_sample_dags.py
[2025-12-30T22:07:27.785+0000] {logging_mixin.py:188} INFO - [2025-12-30T22:07:27.783+0000] {dag.py:3089} INFO - Sync 1 DAGs
[2025-12-30T22:07:27.863+0000] {logging_mixin.py:188} INFO - [2025-12-30T22:07:27.860+0000] {dag.py:3947} INFO - Setting next_dagrun for train_model_sample to None, run_after=None
[2025-12-30T22:07:28.018+0000] {processor.py:183} INFO - Processing /opt/airflow/dags/model_sample_dags.py took 0.474 seconds
[2025-12-30T22:07:59.181+0000] {processor.py:161} INFO - Started process (PID=2157) to work on /opt/airflow/dags/model_sample_dags.py
[2025-12-30T22:07:59.183+0000] {processor.py:830} INFO - Processing file /opt/airflow/dags/model_sample_dags.py for tasks to queue
[2025-12-30T22:07:59.186+0000] {logging_mixin.py:188} INFO - [2025-12-30T22:07:59.186+0000] {dagbag.py:545} INFO - Filling up the DagBag from /opt/airflow/dags/model_sample_dags.py
[2025-12-30T22:07:59.237+0000] {processor.py:840} INFO - DAG(s) 'train_model_sample' retrieved from /opt/airflow/dags/model_sample_dags.py
[2025-12-30T22:07:59.295+0000] {logging_mixin.py:188} INFO - [2025-12-30T22:07:59.294+0000] {dag.py:3089} INFO - Sync 1 DAGs
[2025-12-30T22:07:59.330+0000] {logging_mixin.py:188} INFO - [2025-12-30T22:07:59.329+0000] {dag.py:3947} INFO - Setting next_dagrun for train_model_sample to None, run_after=None
[2025-12-30T22:07:59.387+0000] {processor.py:183} INFO - Processing /opt/airflow/dags/model_sample_dags.py took 0.219 seconds
[2025-12-30T22:08:30.534+0000] {processor.py:161} INFO - Started process (PID=2162) to work on /opt/airflow/dags/model_sample_dags.py
[2025-12-30T22:08:30.536+0000] {processor.py:830} INFO - Processing file /opt/airflow/dags/model_sample_dags.py for tasks to queue
[2025-12-30T22:08:30.540+0000] {logging_mixin.py:188} INFO - [2025-12-30T22:08:30.539+0000] {dagbag.py:545} INFO - Filling up the DagBag from /opt/airflow/dags/model_sample_dags.py
[2025-12-30T22:08:30.581+0000] {processor.py:840} INFO - DAG(s) 'train_model_sample' retrieved from /opt/airflow/dags/model_sample_dags.py
[2025-12-30T22:08:30.667+0000] {logging_mixin.py:188} INFO - [2025-12-30T22:08:30.666+0000] {dag.py:3089} INFO - Sync 1 DAGs
[2025-12-30T22:08:30.709+0000] {logging_mixin.py:188} INFO - [2025-12-30T22:08:30.708+0000] {dag.py:3947} INFO - Setting next_dagrun for train_model_sample to None, run_after=None
[2025-12-30T22:08:30.773+0000] {processor.py:183} INFO - Processing /opt/airflow/dags/model_sample_dags.py took 0.251 seconds
[2025-12-30T22:09:02.599+0000] {processor.py:161} INFO - Started process (PID=2167) to work on /opt/airflow/dags/model_sample_dags.py
[2025-12-30T22:09:02.602+0000] {processor.py:830} INFO - Processing file /opt/airflow/dags/model_sample_dags.py for tasks to queue
[2025-12-30T22:09:02.607+0000] {logging_mixin.py:188} INFO - [2025-12-30T22:09:02.606+0000] {dagbag.py:545} INFO - Filling up the DagBag from /opt/airflow/dags/model_sample_dags.py
[2025-12-30T22:09:02.666+0000] {processor.py:840} INFO - DAG(s) 'train_model_sample' retrieved from /opt/airflow/dags/model_sample_dags.py
[2025-12-30T22:09:02.722+0000] {logging_mixin.py:188} INFO - [2025-12-30T22:09:02.722+0000] {dag.py:3089} INFO - Sync 1 DAGs
[2025-12-30T22:09:02.747+0000] {logging_mixin.py:188} INFO - [2025-12-30T22:09:02.747+0000] {dag.py:3947} INFO - Setting next_dagrun for train_model_sample to None, run_after=None
[2025-12-30T22:09:02.795+0000] {processor.py:183} INFO - Processing /opt/airflow/dags/model_sample_dags.py took 0.210 seconds
[2025-12-30T22:09:34.734+0000] {processor.py:161} INFO - Started process (PID=2172) to work on /opt/airflow/dags/model_sample_dags.py
[2025-12-30T22:09:34.737+0000] {processor.py:830} INFO - Processing file /opt/airflow/dags/model_sample_dags.py for tasks to queue
[2025-12-30T22:09:34.741+0000] {logging_mixin.py:188} INFO - [2025-12-30T22:09:34.740+0000] {dagbag.py:545} INFO - Filling up the DagBag from /opt/airflow/dags/model_sample_dags.py
[2025-12-30T22:09:34.786+0000] {processor.py:840} INFO - DAG(s) 'train_model_sample' retrieved from /opt/airflow/dags/model_sample_dags.py
[2025-12-30T22:09:34.837+0000] {logging_mixin.py:188} INFO - [2025-12-30T22:09:34.837+0000] {dag.py:3089} INFO - Sync 1 DAGs
[2025-12-30T22:09:34.861+0000] {logging_mixin.py:188} INFO - [2025-12-30T22:09:34.861+0000] {dag.py:3947} INFO - Setting next_dagrun for train_model_sample to None, run_after=None
[2025-12-30T22:09:34.902+0000] {processor.py:183} INFO - Processing /opt/airflow/dags/model_sample_dags.py took 0.182 seconds
[2025-12-30T22:10:05.751+0000] {processor.py:161} INFO - Started process (PID=2177) to work on /opt/airflow/dags/model_sample_dags.py
[2025-12-30T22:10:05.755+0000] {processor.py:830} INFO - Processing file /opt/airflow/dags/model_sample_dags.py for tasks to queue
[2025-12-30T22:10:05.760+0000] {logging_mixin.py:188} INFO - [2025-12-30T22:10:05.759+0000] {dagbag.py:545} INFO - Filling up the DagBag from /opt/airflow/dags/model_sample_dags.py
[2025-12-30T22:10:05.826+0000] {processor.py:840} INFO - DAG(s) 'train_model_sample' retrieved from /opt/airflow/dags/model_sample_dags.py
[2025-12-30T22:10:05.904+0000] {logging_mixin.py:188} INFO - [2025-12-30T22:10:05.903+0000] {dag.py:3089} INFO - Sync 1 DAGs
[2025-12-30T22:10:05.940+0000] {logging_mixin.py:188} INFO - [2025-12-30T22:10:05.939+0000] {dag.py:3947} INFO - Setting next_dagrun for train_model_sample to None, run_after=None
[2025-12-30T22:10:06.011+0000] {processor.py:183} INFO - Processing /opt/airflow/dags/model_sample_dags.py took 0.275 seconds
[2025-12-30T22:10:38.163+0000] {processor.py:161} INFO - Started process (PID=2182) to work on /opt/airflow/dags/model_sample_dags.py
[2025-12-30T22:10:38.167+0000] {processor.py:830} INFO - Processing file /opt/airflow/dags/model_sample_dags.py for tasks to queue
[2025-12-30T22:10:38.176+0000] {logging_mixin.py:188} INFO - [2025-12-30T22:10:38.175+0000] {dagbag.py:545} INFO - Filling up the DagBag from /opt/airflow/dags/model_sample_dags.py
[2025-12-30T22:10:38.314+0000] {processor.py:840} INFO - DAG(s) 'train_model_sample' retrieved from /opt/airflow/dags/model_sample_dags.py
[2025-12-30T22:10:38.457+0000] {logging_mixin.py:188} INFO - [2025-12-30T22:10:38.456+0000] {dag.py:3089} INFO - Sync 1 DAGs
[2025-12-30T22:10:38.501+0000] {logging_mixin.py:188} INFO - [2025-12-30T22:10:38.500+0000] {dag.py:3947} INFO - Setting next_dagrun for train_model_sample to None, run_after=None
[2025-12-30T22:10:38.560+0000] {processor.py:183} INFO - Processing /opt/airflow/dags/model_sample_dags.py took 0.437 seconds
[2025-12-30T22:11:09.447+0000] {processor.py:161} INFO - Started process (PID=2187) to work on /opt/airflow/dags/model_sample_dags.py
[2025-12-30T22:11:09.450+0000] {processor.py:830} INFO - Processing file /opt/airflow/dags/model_sample_dags.py for tasks to queue
[2025-12-30T22:11:09.454+0000] {logging_mixin.py:188} INFO - [2025-12-30T22:11:09.454+0000] {dagbag.py:545} INFO - Filling up the DagBag from /opt/airflow/dags/model_sample_dags.py
[2025-12-30T22:11:09.512+0000] {processor.py:840} INFO - DAG(s) 'train_model_sample' retrieved from /opt/airflow/dags/model_sample_dags.py
[2025-12-30T22:11:09.581+0000] {logging_mixin.py:188} INFO - [2025-12-30T22:11:09.580+0000] {dag.py:3089} INFO - Sync 1 DAGs
[2025-12-30T22:11:09.612+0000] {logging_mixin.py:188} INFO - [2025-12-30T22:11:09.612+0000] {dag.py:3947} INFO - Setting next_dagrun for train_model_sample to None, run_after=None
[2025-12-30T22:11:09.678+0000] {processor.py:183} INFO - Processing /opt/airflow/dags/model_sample_dags.py took 0.246 seconds
[2025-12-30T22:11:41.903+0000] {processor.py:161} INFO - Started process (PID=2192) to work on /opt/airflow/dags/model_sample_dags.py
[2025-12-30T22:11:41.907+0000] {processor.py:830} INFO - Processing file /opt/airflow/dags/model_sample_dags.py for tasks to queue
[2025-12-30T22:11:41.913+0000] {logging_mixin.py:188} INFO - [2025-12-30T22:11:41.912+0000] {dagbag.py:545} INFO - Filling up the DagBag from /opt/airflow/dags/model_sample_dags.py
[2025-12-30T22:11:41.983+0000] {processor.py:840} INFO - DAG(s) 'train_model_sample' retrieved from /opt/airflow/dags/model_sample_dags.py
[2025-12-30T22:11:42.059+0000] {logging_mixin.py:188} INFO - [2025-12-30T22:11:42.059+0000] {dag.py:3089} INFO - Sync 1 DAGs
[2025-12-30T22:11:42.088+0000] {logging_mixin.py:188} INFO - [2025-12-30T22:11:42.087+0000] {dag.py:3947} INFO - Setting next_dagrun for train_model_sample to None, run_after=None
[2025-12-30T22:11:42.143+0000] {processor.py:183} INFO - Processing /opt/airflow/dags/model_sample_dags.py took 0.253 seconds
[2025-12-30T22:12:12.945+0000] {processor.py:161} INFO - Started process (PID=2197) to work on /opt/airflow/dags/model_sample_dags.py
[2025-12-30T22:12:12.949+0000] {processor.py:830} INFO - Processing file /opt/airflow/dags/model_sample_dags.py for tasks to queue
[2025-12-30T22:12:12.954+0000] {logging_mixin.py:188} INFO - [2025-12-30T22:12:12.953+0000] {dagbag.py:545} INFO - Filling up the DagBag from /opt/airflow/dags/model_sample_dags.py
[2025-12-30T22:12:13.020+0000] {processor.py:840} INFO - DAG(s) 'train_model_sample' retrieved from /opt/airflow/dags/model_sample_dags.py
[2025-12-30T22:12:13.083+0000] {logging_mixin.py:188} INFO - [2025-12-30T22:12:13.082+0000] {dag.py:3089} INFO - Sync 1 DAGs
[2025-12-30T22:12:13.108+0000] {logging_mixin.py:188} INFO - [2025-12-30T22:12:13.107+0000] {dag.py:3947} INFO - Setting next_dagrun for train_model_sample to None, run_after=None
[2025-12-30T22:12:13.159+0000] {processor.py:183} INFO - Processing /opt/airflow/dags/model_sample_dags.py took 0.228 seconds
[2025-12-30T22:12:45.368+0000] {processor.py:161} INFO - Started process (PID=2202) to work on /opt/airflow/dags/model_sample_dags.py
[2025-12-30T22:12:45.372+0000] {processor.py:830} INFO - Processing file /opt/airflow/dags/model_sample_dags.py for tasks to queue
[2025-12-30T22:12:45.379+0000] {logging_mixin.py:188} INFO - [2025-12-30T22:12:45.378+0000] {dagbag.py:545} INFO - Filling up the DagBag from /opt/airflow/dags/model_sample_dags.py
[2025-12-30T22:12:45.456+0000] {processor.py:840} INFO - DAG(s) 'train_model_sample' retrieved from /opt/airflow/dags/model_sample_dags.py
[2025-12-30T22:12:45.514+0000] {logging_mixin.py:188} INFO - [2025-12-30T22:12:45.514+0000] {dag.py:3089} INFO - Sync 1 DAGs
[2025-12-30T22:12:45.538+0000] {logging_mixin.py:188} INFO - [2025-12-30T22:12:45.537+0000] {dag.py:3947} INFO - Setting next_dagrun for train_model_sample to None, run_after=None
[2025-12-30T22:12:45.597+0000] {processor.py:183} INFO - Processing /opt/airflow/dags/model_sample_dags.py took 0.248 seconds
[2025-12-30T22:13:16.474+0000] {processor.py:161} INFO - Started process (PID=2207) to work on /opt/airflow/dags/model_sample_dags.py
[2025-12-30T22:13:16.477+0000] {processor.py:830} INFO - Processing file /opt/airflow/dags/model_sample_dags.py for tasks to queue
[2025-12-30T22:13:16.482+0000] {logging_mixin.py:188} INFO - [2025-12-30T22:13:16.481+0000] {dagbag.py:545} INFO - Filling up the DagBag from /opt/airflow/dags/model_sample_dags.py
[2025-12-30T22:13:16.531+0000] {processor.py:840} INFO - DAG(s) 'train_model_sample' retrieved from /opt/airflow/dags/model_sample_dags.py
[2025-12-30T22:13:16.597+0000] {logging_mixin.py:188} INFO - [2025-12-30T22:13:16.596+0000] {dag.py:3089} INFO - Sync 1 DAGs
[2025-12-30T22:13:16.629+0000] {logging_mixin.py:188} INFO - [2025-12-30T22:13:16.628+0000] {dag.py:3947} INFO - Setting next_dagrun for train_model_sample to None, run_after=None
[2025-12-30T22:13:16.686+0000] {processor.py:183} INFO - Processing /opt/airflow/dags/model_sample_dags.py took 0.226 seconds
[2025-12-30T22:13:48.932+0000] {processor.py:161} INFO - Started process (PID=2212) to work on /opt/airflow/dags/model_sample_dags.py
[2025-12-30T22:13:48.936+0000] {processor.py:830} INFO - Processing file /opt/airflow/dags/model_sample_dags.py for tasks to queue
[2025-12-30T22:13:48.941+0000] {logging_mixin.py:188} INFO - [2025-12-30T22:13:48.940+0000] {dagbag.py:545} INFO - Filling up the DagBag from /opt/airflow/dags/model_sample_dags.py
[2025-12-30T22:13:49.024+0000] {processor.py:840} INFO - DAG(s) 'train_model_sample' retrieved from /opt/airflow/dags/model_sample_dags.py
[2025-12-30T22:13:49.091+0000] {logging_mixin.py:188} INFO - [2025-12-30T22:13:49.091+0000] {dag.py:3089} INFO - Sync 1 DAGs
[2025-12-30T22:13:49.118+0000] {logging_mixin.py:188} INFO - [2025-12-30T22:13:49.118+0000] {dag.py:3947} INFO - Setting next_dagrun for train_model_sample to None, run_after=None
[2025-12-30T22:13:49.162+0000] {processor.py:183} INFO - Processing /opt/airflow/dags/model_sample_dags.py took 0.246 seconds
[2025-12-30T22:14:19.993+0000] {processor.py:161} INFO - Started process (PID=2217) to work on /opt/airflow/dags/model_sample_dags.py
[2025-12-30T22:14:19.996+0000] {processor.py:830} INFO - Processing file /opt/airflow/dags/model_sample_dags.py for tasks to queue
[2025-12-30T22:14:20.001+0000] {logging_mixin.py:188} INFO - [2025-12-30T22:14:20.000+0000] {dagbag.py:545} INFO - Filling up the DagBag from /opt/airflow/dags/model_sample_dags.py
[2025-12-30T22:14:20.086+0000] {processor.py:840} INFO - DAG(s) 'train_model_sample' retrieved from /opt/airflow/dags/model_sample_dags.py
[2025-12-30T22:14:20.144+0000] {logging_mixin.py:188} INFO - [2025-12-30T22:14:20.143+0000] {dag.py:3089} INFO - Sync 1 DAGs
[2025-12-30T22:14:20.169+0000] {logging_mixin.py:188} INFO - [2025-12-30T22:14:20.168+0000] {dag.py:3947} INFO - Setting next_dagrun for train_model_sample to None, run_after=None
[2025-12-30T22:14:20.222+0000] {processor.py:183} INFO - Processing /opt/airflow/dags/model_sample_dags.py took 0.247 seconds
[2025-12-30T22:14:52.376+0000] {processor.py:161} INFO - Started process (PID=2222) to work on /opt/airflow/dags/model_sample_dags.py
[2025-12-30T22:14:52.380+0000] {processor.py:830} INFO - Processing file /opt/airflow/dags/model_sample_dags.py for tasks to queue
[2025-12-30T22:14:52.385+0000] {logging_mixin.py:188} INFO - [2025-12-30T22:14:52.384+0000] {dagbag.py:545} INFO - Filling up the DagBag from /opt/airflow/dags/model_sample_dags.py
[2025-12-30T22:14:52.450+0000] {processor.py:840} INFO - DAG(s) 'train_model_sample' retrieved from /opt/airflow/dags/model_sample_dags.py
[2025-12-30T22:14:52.528+0000] {logging_mixin.py:188} INFO - [2025-12-30T22:14:52.527+0000] {dag.py:3089} INFO - Sync 1 DAGs
[2025-12-30T22:14:52.564+0000] {logging_mixin.py:188} INFO - [2025-12-30T22:14:52.563+0000] {dag.py:3947} INFO - Setting next_dagrun for train_model_sample to None, run_after=None
[2025-12-30T22:14:52.641+0000] {processor.py:183} INFO - Processing /opt/airflow/dags/model_sample_dags.py took 0.281 seconds
[2025-12-30T22:15:23.587+0000] {processor.py:161} INFO - Started process (PID=2227) to work on /opt/airflow/dags/model_sample_dags.py
[2025-12-30T22:15:23.597+0000] {processor.py:830} INFO - Processing file /opt/airflow/dags/model_sample_dags.py for tasks to queue
[2025-12-30T22:15:23.609+0000] {logging_mixin.py:188} INFO - [2025-12-30T22:15:23.607+0000] {dagbag.py:545} INFO - Filling up the DagBag from /opt/airflow/dags/model_sample_dags.py
[2025-12-30T22:15:23.695+0000] {processor.py:840} INFO - DAG(s) 'train_model_sample' retrieved from /opt/airflow/dags/model_sample_dags.py
[2025-12-30T22:15:23.807+0000] {logging_mixin.py:188} INFO - [2025-12-30T22:15:23.806+0000] {dag.py:3089} INFO - Sync 1 DAGs
[2025-12-30T22:15:23.839+0000] {logging_mixin.py:188} INFO - [2025-12-30T22:15:23.838+0000] {dag.py:3947} INFO - Setting next_dagrun for train_model_sample to None, run_after=None
[2025-12-30T22:15:23.890+0000] {processor.py:183} INFO - Processing /opt/airflow/dags/model_sample_dags.py took 0.348 seconds
[2025-12-30T22:15:55.123+0000] {processor.py:161} INFO - Started process (PID=2232) to work on /opt/airflow/dags/model_sample_dags.py
[2025-12-30T22:15:55.125+0000] {processor.py:830} INFO - Processing file /opt/airflow/dags/model_sample_dags.py for tasks to queue
[2025-12-30T22:15:55.130+0000] {logging_mixin.py:188} INFO - [2025-12-30T22:15:55.129+0000] {dagbag.py:545} INFO - Filling up the DagBag from /opt/airflow/dags/model_sample_dags.py
[2025-12-30T22:15:55.204+0000] {processor.py:840} INFO - DAG(s) 'train_model_sample' retrieved from /opt/airflow/dags/model_sample_dags.py
[2025-12-30T22:15:55.274+0000] {logging_mixin.py:188} INFO - [2025-12-30T22:15:55.273+0000] {dag.py:3089} INFO - Sync 1 DAGs
[2025-12-30T22:15:55.302+0000] {logging_mixin.py:188} INFO - [2025-12-30T22:15:55.301+0000] {dag.py:3947} INFO - Setting next_dagrun for train_model_sample to None, run_after=None
[2025-12-30T22:15:55.355+0000] {processor.py:183} INFO - Processing /opt/airflow/dags/model_sample_dags.py took 0.247 seconds
[2025-12-30T22:16:27.323+0000] {processor.py:161} INFO - Started process (PID=2237) to work on /opt/airflow/dags/model_sample_dags.py
[2025-12-30T22:16:27.329+0000] {processor.py:830} INFO - Processing file /opt/airflow/dags/model_sample_dags.py for tasks to queue
[2025-12-30T22:16:27.343+0000] {logging_mixin.py:188} INFO - [2025-12-30T22:16:27.341+0000] {dagbag.py:545} INFO - Filling up the DagBag from /opt/airflow/dags/model_sample_dags.py
[2025-12-30T22:16:27.447+0000] {processor.py:840} INFO - DAG(s) 'train_model_sample' retrieved from /opt/airflow/dags/model_sample_dags.py
[2025-12-30T22:16:27.550+0000] {logging_mixin.py:188} INFO - [2025-12-30T22:16:27.549+0000] {dag.py:3089} INFO - Sync 1 DAGs
[2025-12-30T22:16:27.592+0000] {logging_mixin.py:188} INFO - [2025-12-30T22:16:27.591+0000] {dag.py:3947} INFO - Setting next_dagrun for train_model_sample to None, run_after=None
[2025-12-30T22:16:27.703+0000] {processor.py:183} INFO - Processing /opt/airflow/dags/model_sample_dags.py took 0.403 seconds
[2025-12-30T22:16:58.628+0000] {processor.py:161} INFO - Started process (PID=2242) to work on /opt/airflow/dags/model_sample_dags.py
[2025-12-30T22:16:58.631+0000] {processor.py:830} INFO - Processing file /opt/airflow/dags/model_sample_dags.py for tasks to queue
[2025-12-30T22:16:58.635+0000] {logging_mixin.py:188} INFO - [2025-12-30T22:16:58.634+0000] {dagbag.py:545} INFO - Filling up the DagBag from /opt/airflow/dags/model_sample_dags.py
[2025-12-30T22:16:58.691+0000] {processor.py:840} INFO - DAG(s) 'train_model_sample' retrieved from /opt/airflow/dags/model_sample_dags.py
[2025-12-30T22:16:58.747+0000] {logging_mixin.py:188} INFO - [2025-12-30T22:16:58.746+0000] {dag.py:3089} INFO - Sync 1 DAGs
[2025-12-30T22:16:58.776+0000] {logging_mixin.py:188} INFO - [2025-12-30T22:16:58.775+0000] {dag.py:3947} INFO - Setting next_dagrun for train_model_sample to None, run_after=None
[2025-12-30T22:16:58.828+0000] {processor.py:183} INFO - Processing /opt/airflow/dags/model_sample_dags.py took 0.212 seconds
[2025-12-30T22:17:31.031+0000] {processor.py:161} INFO - Started process (PID=2247) to work on /opt/airflow/dags/model_sample_dags.py
[2025-12-30T22:17:31.035+0000] {processor.py:830} INFO - Processing file /opt/airflow/dags/model_sample_dags.py for tasks to queue
[2025-12-30T22:17:31.042+0000] {logging_mixin.py:188} INFO - [2025-12-30T22:17:31.040+0000] {dagbag.py:545} INFO - Filling up the DagBag from /opt/airflow/dags/model_sample_dags.py
[2025-12-30T22:17:31.109+0000] {processor.py:840} INFO - DAG(s) 'train_model_sample' retrieved from /opt/airflow/dags/model_sample_dags.py
[2025-12-30T22:17:31.197+0000] {logging_mixin.py:188} INFO - [2025-12-30T22:17:31.196+0000] {dag.py:3089} INFO - Sync 1 DAGs
[2025-12-30T22:17:31.233+0000] {logging_mixin.py:188} INFO - [2025-12-30T22:17:31.232+0000] {dag.py:3947} INFO - Setting next_dagrun for train_model_sample to None, run_after=None
[2025-12-30T22:17:31.333+0000] {processor.py:183} INFO - Processing /opt/airflow/dags/model_sample_dags.py took 0.318 seconds
[2025-12-30T22:18:02.176+0000] {processor.py:161} INFO - Started process (PID=2252) to work on /opt/airflow/dags/model_sample_dags.py
[2025-12-30T22:18:02.179+0000] {processor.py:830} INFO - Processing file /opt/airflow/dags/model_sample_dags.py for tasks to queue
[2025-12-30T22:18:02.183+0000] {logging_mixin.py:188} INFO - [2025-12-30T22:18:02.182+0000] {dagbag.py:545} INFO - Filling up the DagBag from /opt/airflow/dags/model_sample_dags.py
[2025-12-30T22:18:02.235+0000] {processor.py:840} INFO - DAG(s) 'train_model_sample' retrieved from /opt/airflow/dags/model_sample_dags.py
[2025-12-30T22:18:02.297+0000] {logging_mixin.py:188} INFO - [2025-12-30T22:18:02.296+0000] {dag.py:3089} INFO - Sync 1 DAGs
[2025-12-30T22:18:02.328+0000] {logging_mixin.py:188} INFO - [2025-12-30T22:18:02.328+0000] {dag.py:3947} INFO - Setting next_dagrun for train_model_sample to None, run_after=None
[2025-12-30T22:18:02.384+0000] {processor.py:183} INFO - Processing /opt/airflow/dags/model_sample_dags.py took 0.220 seconds
[2025-12-30T22:18:34.358+0000] {processor.py:161} INFO - Started process (PID=2257) to work on /opt/airflow/dags/model_sample_dags.py
[2025-12-30T22:18:34.360+0000] {processor.py:830} INFO - Processing file /opt/airflow/dags/model_sample_dags.py for tasks to queue
[2025-12-30T22:18:34.363+0000] {logging_mixin.py:188} INFO - [2025-12-30T22:18:34.363+0000] {dagbag.py:545} INFO - Filling up the DagBag from /opt/airflow/dags/model_sample_dags.py
[2025-12-30T22:18:34.405+0000] {processor.py:840} INFO - DAG(s) 'train_model_sample' retrieved from /opt/airflow/dags/model_sample_dags.py
[2025-12-30T22:18:34.463+0000] {logging_mixin.py:188} INFO - [2025-12-30T22:18:34.462+0000] {dag.py:3089} INFO - Sync 1 DAGs
[2025-12-30T22:18:34.488+0000] {logging_mixin.py:188} INFO - [2025-12-30T22:18:34.487+0000] {dag.py:3947} INFO - Setting next_dagrun for train_model_sample to None, run_after=None
[2025-12-30T22:18:34.546+0000] {processor.py:183} INFO - Processing /opt/airflow/dags/model_sample_dags.py took 0.201 seconds
[2025-12-30T22:19:06.502+0000] {processor.py:161} INFO - Started process (PID=2262) to work on /opt/airflow/dags/model_sample_dags.py
[2025-12-30T22:19:06.504+0000] {processor.py:830} INFO - Processing file /opt/airflow/dags/model_sample_dags.py for tasks to queue
[2025-12-30T22:19:06.508+0000] {logging_mixin.py:188} INFO - [2025-12-30T22:19:06.508+0000] {dagbag.py:545} INFO - Filling up the DagBag from /opt/airflow/dags/model_sample_dags.py
[2025-12-30T22:19:06.544+0000] {processor.py:840} INFO - DAG(s) 'train_model_sample' retrieved from /opt/airflow/dags/model_sample_dags.py
[2025-12-30T22:19:06.598+0000] {logging_mixin.py:188} INFO - [2025-12-30T22:19:06.597+0000] {dag.py:3089} INFO - Sync 1 DAGs
[2025-12-30T22:19:06.625+0000] {logging_mixin.py:188} INFO - [2025-12-30T22:19:06.625+0000] {dag.py:3947} INFO - Setting next_dagrun for train_model_sample to None, run_after=None
[2025-12-30T22:19:06.668+0000] {processor.py:183} INFO - Processing /opt/airflow/dags/model_sample_dags.py took 0.178 seconds
[2025-12-30T22:19:37.671+0000] {processor.py:161} INFO - Started process (PID=2267) to work on /opt/airflow/dags/model_sample_dags.py
[2025-12-30T22:19:37.674+0000] {processor.py:830} INFO - Processing file /opt/airflow/dags/model_sample_dags.py for tasks to queue
[2025-12-30T22:19:37.680+0000] {logging_mixin.py:188} INFO - [2025-12-30T22:19:37.679+0000] {dagbag.py:545} INFO - Filling up the DagBag from /opt/airflow/dags/model_sample_dags.py
[2025-12-30T22:19:37.771+0000] {processor.py:840} INFO - DAG(s) 'train_model_sample' retrieved from /opt/airflow/dags/model_sample_dags.py
[2025-12-30T22:19:37.868+0000] {logging_mixin.py:188} INFO - [2025-12-30T22:19:37.867+0000] {dag.py:3089} INFO - Sync 1 DAGs
[2025-12-30T22:19:37.914+0000] {logging_mixin.py:188} INFO - [2025-12-30T22:19:37.913+0000] {dag.py:3947} INFO - Setting next_dagrun for train_model_sample to None, run_after=None
[2025-12-30T22:19:37.971+0000] {processor.py:183} INFO - Processing /opt/airflow/dags/model_sample_dags.py took 0.322 seconds
[2025-12-30T22:20:09.924+0000] {processor.py:161} INFO - Started process (PID=2272) to work on /opt/airflow/dags/model_sample_dags.py
[2025-12-30T22:20:09.927+0000] {processor.py:830} INFO - Processing file /opt/airflow/dags/model_sample_dags.py for tasks to queue
[2025-12-30T22:20:09.932+0000] {logging_mixin.py:188} INFO - [2025-12-30T22:20:09.931+0000] {dagbag.py:545} INFO - Filling up the DagBag from /opt/airflow/dags/model_sample_dags.py
[2025-12-30T22:20:09.989+0000] {processor.py:840} INFO - DAG(s) 'train_model_sample' retrieved from /opt/airflow/dags/model_sample_dags.py
[2025-12-30T22:20:10.045+0000] {logging_mixin.py:188} INFO - [2025-12-30T22:20:10.044+0000] {dag.py:3089} INFO - Sync 1 DAGs
[2025-12-30T22:20:10.070+0000] {logging_mixin.py:188} INFO - [2025-12-30T22:20:10.069+0000] {dag.py:3947} INFO - Setting next_dagrun for train_model_sample to None, run_after=None
[2025-12-30T22:20:10.112+0000] {processor.py:183} INFO - Processing /opt/airflow/dags/model_sample_dags.py took 0.200 seconds
[2025-12-30T22:20:41.340+0000] {processor.py:161} INFO - Started process (PID=2277) to work on /opt/airflow/dags/model_sample_dags.py
[2025-12-30T22:20:41.344+0000] {processor.py:830} INFO - Processing file /opt/airflow/dags/model_sample_dags.py for tasks to queue
[2025-12-30T22:20:41.351+0000] {logging_mixin.py:188} INFO - [2025-12-30T22:20:41.350+0000] {dagbag.py:545} INFO - Filling up the DagBag from /opt/airflow/dags/model_sample_dags.py
[2025-12-30T22:20:41.439+0000] {processor.py:840} INFO - DAG(s) 'train_model_sample' retrieved from /opt/airflow/dags/model_sample_dags.py
[2025-12-30T22:20:41.545+0000] {logging_mixin.py:188} INFO - [2025-12-30T22:20:41.544+0000] {dag.py:3089} INFO - Sync 1 DAGs
[2025-12-30T22:20:41.582+0000] {logging_mixin.py:188} INFO - [2025-12-30T22:20:41.582+0000] {dag.py:3947} INFO - Setting next_dagrun for train_model_sample to None, run_after=None
[2025-12-30T22:20:41.644+0000] {processor.py:183} INFO - Processing /opt/airflow/dags/model_sample_dags.py took 0.321 seconds
[2025-12-30T22:21:13.727+0000] {processor.py:161} INFO - Started process (PID=2282) to work on /opt/airflow/dags/model_sample_dags.py
[2025-12-30T22:21:13.729+0000] {processor.py:830} INFO - Processing file /opt/airflow/dags/model_sample_dags.py for tasks to queue
[2025-12-30T22:21:13.733+0000] {logging_mixin.py:188} INFO - [2025-12-30T22:21:13.732+0000] {dagbag.py:545} INFO - Filling up the DagBag from /opt/airflow/dags/model_sample_dags.py
[2025-12-30T22:21:13.783+0000] {processor.py:840} INFO - DAG(s) 'train_model_sample' retrieved from /opt/airflow/dags/model_sample_dags.py
[2025-12-30T22:21:13.839+0000] {logging_mixin.py:188} INFO - [2025-12-30T22:21:13.839+0000] {dag.py:3089} INFO - Sync 1 DAGs
[2025-12-30T22:21:13.867+0000] {logging_mixin.py:188} INFO - [2025-12-30T22:21:13.866+0000] {dag.py:3947} INFO - Setting next_dagrun for train_model_sample to None, run_after=None
[2025-12-30T22:21:13.913+0000] {processor.py:183} INFO - Processing /opt/airflow/dags/model_sample_dags.py took 0.200 seconds
[2025-12-30T22:21:45.028+0000] {processor.py:161} INFO - Started process (PID=2287) to work on /opt/airflow/dags/model_sample_dags.py
[2025-12-30T22:21:45.031+0000] {processor.py:830} INFO - Processing file /opt/airflow/dags/model_sample_dags.py for tasks to queue
[2025-12-30T22:21:45.034+0000] {logging_mixin.py:188} INFO - [2025-12-30T22:21:45.034+0000] {dagbag.py:545} INFO - Filling up the DagBag from /opt/airflow/dags/model_sample_dags.py
[2025-12-30T22:21:45.089+0000] {processor.py:840} INFO - DAG(s) 'train_model_sample' retrieved from /opt/airflow/dags/model_sample_dags.py
[2025-12-30T22:21:45.150+0000] {logging_mixin.py:188} INFO - [2025-12-30T22:21:45.149+0000] {dag.py:3089} INFO - Sync 1 DAGs
[2025-12-30T22:21:45.174+0000] {logging_mixin.py:188} INFO - [2025-12-30T22:21:45.174+0000] {dag.py:3947} INFO - Setting next_dagrun for train_model_sample to None, run_after=None
[2025-12-30T22:21:45.218+0000] {processor.py:183} INFO - Processing /opt/airflow/dags/model_sample_dags.py took 0.201 seconds
[2025-12-30T22:22:17.127+0000] {processor.py:161} INFO - Started process (PID=2292) to work on /opt/airflow/dags/model_sample_dags.py
[2025-12-30T22:22:17.130+0000] {processor.py:830} INFO - Processing file /opt/airflow/dags/model_sample_dags.py for tasks to queue
[2025-12-30T22:22:17.133+0000] {logging_mixin.py:188} INFO - [2025-12-30T22:22:17.133+0000] {dagbag.py:545} INFO - Filling up the DagBag from /opt/airflow/dags/model_sample_dags.py
[2025-12-30T22:22:17.189+0000] {processor.py:840} INFO - DAG(s) 'train_model_sample' retrieved from /opt/airflow/dags/model_sample_dags.py
[2025-12-30T22:22:17.244+0000] {logging_mixin.py:188} INFO - [2025-12-30T22:22:17.243+0000] {dag.py:3089} INFO - Sync 1 DAGs
[2025-12-30T22:22:17.269+0000] {logging_mixin.py:188} INFO - [2025-12-30T22:22:17.269+0000] {dag.py:3947} INFO - Setting next_dagrun for train_model_sample to None, run_after=None
[2025-12-30T22:22:17.317+0000] {processor.py:183} INFO - Processing /opt/airflow/dags/model_sample_dags.py took 0.203 seconds
[2025-12-30T22:22:48.467+0000] {processor.py:161} INFO - Started process (PID=2297) to work on /opt/airflow/dags/model_sample_dags.py
[2025-12-30T22:22:48.469+0000] {processor.py:830} INFO - Processing file /opt/airflow/dags/model_sample_dags.py for tasks to queue
[2025-12-30T22:22:48.473+0000] {logging_mixin.py:188} INFO - [2025-12-30T22:22:48.472+0000] {dagbag.py:545} INFO - Filling up the DagBag from /opt/airflow/dags/model_sample_dags.py
[2025-12-30T22:22:48.531+0000] {processor.py:840} INFO - DAG(s) 'train_model_sample' retrieved from /opt/airflow/dags/model_sample_dags.py
[2025-12-30T22:22:48.586+0000] {logging_mixin.py:188} INFO - [2025-12-30T22:22:48.586+0000] {dag.py:3089} INFO - Sync 1 DAGs
[2025-12-30T22:22:48.611+0000] {logging_mixin.py:188} INFO - [2025-12-30T22:22:48.610+0000] {dag.py:3947} INFO - Setting next_dagrun for train_model_sample to None, run_after=None
[2025-12-30T22:22:48.653+0000] {processor.py:183} INFO - Processing /opt/airflow/dags/model_sample_dags.py took 0.197 seconds
[2025-12-30T22:23:20.654+0000] {processor.py:161} INFO - Started process (PID=2302) to work on /opt/airflow/dags/model_sample_dags.py
[2025-12-30T22:23:20.657+0000] {processor.py:830} INFO - Processing file /opt/airflow/dags/model_sample_dags.py for tasks to queue
[2025-12-30T22:23:20.661+0000] {logging_mixin.py:188} INFO - [2025-12-30T22:23:20.660+0000] {dagbag.py:545} INFO - Filling up the DagBag from /opt/airflow/dags/model_sample_dags.py
[2025-12-30T22:23:20.716+0000] {processor.py:840} INFO - DAG(s) 'train_model_sample' retrieved from /opt/airflow/dags/model_sample_dags.py
[2025-12-30T22:23:20.771+0000] {logging_mixin.py:188} INFO - [2025-12-30T22:23:20.770+0000] {dag.py:3089} INFO - Sync 1 DAGs
[2025-12-30T22:23:20.795+0000] {logging_mixin.py:188} INFO - [2025-12-30T22:23:20.795+0000] {dag.py:3947} INFO - Setting next_dagrun for train_model_sample to None, run_after=None
[2025-12-30T22:23:20.843+0000] {processor.py:183} INFO - Processing /opt/airflow/dags/model_sample_dags.py took 0.200 seconds
[2025-12-30T22:23:52.909+0000] {processor.py:161} INFO - Started process (PID=2307) to work on /opt/airflow/dags/model_sample_dags.py
[2025-12-30T22:23:52.912+0000] {processor.py:830} INFO - Processing file /opt/airflow/dags/model_sample_dags.py for tasks to queue
[2025-12-30T22:23:52.915+0000] {logging_mixin.py:188} INFO - [2025-12-30T22:23:52.915+0000] {dagbag.py:545} INFO - Filling up the DagBag from /opt/airflow/dags/model_sample_dags.py
[2025-12-30T22:23:52.973+0000] {processor.py:840} INFO - DAG(s) 'train_model_sample' retrieved from /opt/airflow/dags/model_sample_dags.py
[2025-12-30T22:23:53.033+0000] {logging_mixin.py:188} INFO - [2025-12-30T22:23:53.032+0000] {dag.py:3089} INFO - Sync 1 DAGs
[2025-12-30T22:23:53.063+0000] {logging_mixin.py:188} INFO - [2025-12-30T22:23:53.063+0000] {dag.py:3947} INFO - Setting next_dagrun for train_model_sample to None, run_after=None
[2025-12-30T22:23:53.111+0000] {processor.py:183} INFO - Processing /opt/airflow/dags/model_sample_dags.py took 0.214 seconds
[2025-12-30T22:24:24.054+0000] {processor.py:161} INFO - Started process (PID=2312) to work on /opt/airflow/dags/model_sample_dags.py
[2025-12-30T22:24:24.058+0000] {processor.py:830} INFO - Processing file /opt/airflow/dags/model_sample_dags.py for tasks to queue
[2025-12-30T22:24:24.063+0000] {logging_mixin.py:188} INFO - [2025-12-30T22:24:24.062+0000] {dagbag.py:545} INFO - Filling up the DagBag from /opt/airflow/dags/model_sample_dags.py
[2025-12-30T22:24:24.125+0000] {processor.py:840} INFO - DAG(s) 'train_model_sample' retrieved from /opt/airflow/dags/model_sample_dags.py
[2025-12-30T22:24:24.186+0000] {logging_mixin.py:188} INFO - [2025-12-30T22:24:24.185+0000] {dag.py:3089} INFO - Sync 1 DAGs
[2025-12-30T22:24:24.214+0000] {logging_mixin.py:188} INFO - [2025-12-30T22:24:24.213+0000] {dag.py:3947} INFO - Setting next_dagrun for train_model_sample to None, run_after=None
[2025-12-30T22:24:24.262+0000] {processor.py:183} INFO - Processing /opt/airflow/dags/model_sample_dags.py took 0.224 seconds
[2025-12-30T22:24:56.345+0000] {processor.py:161} INFO - Started process (PID=2317) to work on /opt/airflow/dags/model_sample_dags.py
[2025-12-30T22:24:56.347+0000] {processor.py:830} INFO - Processing file /opt/airflow/dags/model_sample_dags.py for tasks to queue
[2025-12-30T22:24:56.351+0000] {logging_mixin.py:188} INFO - [2025-12-30T22:24:56.351+0000] {dagbag.py:545} INFO - Filling up the DagBag from /opt/airflow/dags/model_sample_dags.py
[2025-12-30T22:24:56.396+0000] {processor.py:840} INFO - DAG(s) 'train_model_sample' retrieved from /opt/airflow/dags/model_sample_dags.py
[2025-12-30T22:24:56.483+0000] {logging_mixin.py:188} INFO - [2025-12-30T22:24:56.482+0000] {dag.py:3089} INFO - Sync 1 DAGs
[2025-12-30T22:24:56.520+0000] {logging_mixin.py:188} INFO - [2025-12-30T22:24:56.519+0000] {dag.py:3947} INFO - Setting next_dagrun for train_model_sample to None, run_after=None
[2025-12-30T22:24:56.577+0000] {processor.py:183} INFO - Processing /opt/airflow/dags/model_sample_dags.py took 0.243 seconds
[2025-12-30T22:25:27.632+0000] {processor.py:161} INFO - Started process (PID=2322) to work on /opt/airflow/dags/model_sample_dags.py
[2025-12-30T22:25:27.635+0000] {processor.py:830} INFO - Processing file /opt/airflow/dags/model_sample_dags.py for tasks to queue
[2025-12-30T22:25:27.642+0000] {logging_mixin.py:188} INFO - [2025-12-30T22:25:27.640+0000] {dagbag.py:545} INFO - Filling up the DagBag from /opt/airflow/dags/model_sample_dags.py
[2025-12-30T22:25:27.711+0000] {processor.py:840} INFO - DAG(s) 'train_model_sample' retrieved from /opt/airflow/dags/model_sample_dags.py
[2025-12-30T22:25:27.794+0000] {logging_mixin.py:188} INFO - [2025-12-30T22:25:27.793+0000] {dag.py:3089} INFO - Sync 1 DAGs
[2025-12-30T22:25:27.834+0000] {logging_mixin.py:188} INFO - [2025-12-30T22:25:27.833+0000] {dag.py:3947} INFO - Setting next_dagrun for train_model_sample to None, run_after=None
[2025-12-30T22:25:27.884+0000] {processor.py:183} INFO - Processing /opt/airflow/dags/model_sample_dags.py took 0.268 seconds
[2025-12-30T22:26:00.165+0000] {processor.py:161} INFO - Started process (PID=2327) to work on /opt/airflow/dags/model_sample_dags.py
[2025-12-30T22:26:00.169+0000] {processor.py:830} INFO - Processing file /opt/airflow/dags/model_sample_dags.py for tasks to queue
[2025-12-30T22:26:00.177+0000] {logging_mixin.py:188} INFO - [2025-12-30T22:26:00.175+0000] {dagbag.py:545} INFO - Filling up the DagBag from /opt/airflow/dags/model_sample_dags.py
[2025-12-30T22:26:00.286+0000] {processor.py:840} INFO - DAG(s) 'train_model_sample' retrieved from /opt/airflow/dags/model_sample_dags.py
[2025-12-30T22:26:00.377+0000] {logging_mixin.py:188} INFO - [2025-12-30T22:26:00.376+0000] {dag.py:3089} INFO - Sync 1 DAGs
[2025-12-30T22:26:00.415+0000] {logging_mixin.py:188} INFO - [2025-12-30T22:26:00.415+0000] {dag.py:3947} INFO - Setting next_dagrun for train_model_sample to None, run_after=None
[2025-12-30T22:26:00.475+0000] {processor.py:183} INFO - Processing /opt/airflow/dags/model_sample_dags.py took 0.329 seconds
[2025-12-30T22:26:31.283+0000] {processor.py:161} INFO - Started process (PID=2332) to work on /opt/airflow/dags/model_sample_dags.py
[2025-12-30T22:26:31.285+0000] {processor.py:830} INFO - Processing file /opt/airflow/dags/model_sample_dags.py for tasks to queue
[2025-12-30T22:26:31.288+0000] {logging_mixin.py:188} INFO - [2025-12-30T22:26:31.288+0000] {dagbag.py:545} INFO - Filling up the DagBag from /opt/airflow/dags/model_sample_dags.py
[2025-12-30T22:26:31.321+0000] {processor.py:840} INFO - DAG(s) 'train_model_sample' retrieved from /opt/airflow/dags/model_sample_dags.py
[2025-12-30T22:26:31.370+0000] {logging_mixin.py:188} INFO - [2025-12-30T22:26:31.370+0000] {dag.py:3089} INFO - Sync 1 DAGs
[2025-12-30T22:26:31.395+0000] {logging_mixin.py:188} INFO - [2025-12-30T22:26:31.394+0000] {dag.py:3947} INFO - Setting next_dagrun for train_model_sample to None, run_after=None
[2025-12-30T22:26:31.448+0000] {processor.py:183} INFO - Processing /opt/airflow/dags/model_sample_dags.py took 0.178 seconds
[2025-12-30T22:27:03.531+0000] {processor.py:161} INFO - Started process (PID=2337) to work on /opt/airflow/dags/model_sample_dags.py
[2025-12-30T22:27:03.538+0000] {processor.py:830} INFO - Processing file /opt/airflow/dags/model_sample_dags.py for tasks to queue
[2025-12-30T22:27:03.550+0000] {logging_mixin.py:188} INFO - [2025-12-30T22:27:03.548+0000] {dagbag.py:545} INFO - Filling up the DagBag from /opt/airflow/dags/model_sample_dags.py
[2025-12-30T22:27:03.679+0000] {processor.py:840} INFO - DAG(s) 'train_model_sample' retrieved from /opt/airflow/dags/model_sample_dags.py
[2025-12-30T22:27:03.814+0000] {logging_mixin.py:188} INFO - [2025-12-30T22:27:03.813+0000] {dag.py:3089} INFO - Sync 1 DAGs
[2025-12-30T22:27:03.903+0000] {logging_mixin.py:188} INFO - [2025-12-30T22:27:03.902+0000] {dag.py:3947} INFO - Setting next_dagrun for train_model_sample to None, run_after=None
[2025-12-30T22:27:04.015+0000] {processor.py:183} INFO - Processing /opt/airflow/dags/model_sample_dags.py took 0.536 seconds
[2025-12-30T22:27:34.928+0000] {processor.py:161} INFO - Started process (PID=2342) to work on /opt/airflow/dags/model_sample_dags.py
[2025-12-30T22:27:34.931+0000] {processor.py:830} INFO - Processing file /opt/airflow/dags/model_sample_dags.py for tasks to queue
[2025-12-30T22:27:34.935+0000] {logging_mixin.py:188} INFO - [2025-12-30T22:27:34.934+0000] {dagbag.py:545} INFO - Filling up the DagBag from /opt/airflow/dags/model_sample_dags.py
[2025-12-30T22:27:34.998+0000] {processor.py:840} INFO - DAG(s) 'train_model_sample' retrieved from /opt/airflow/dags/model_sample_dags.py
[2025-12-30T22:27:35.109+0000] {logging_mixin.py:188} INFO - [2025-12-30T22:27:35.109+0000] {dag.py:3089} INFO - Sync 1 DAGs
[2025-12-30T22:27:35.138+0000] {logging_mixin.py:188} INFO - [2025-12-30T22:27:35.138+0000] {dag.py:3947} INFO - Setting next_dagrun for train_model_sample to None, run_after=None
[2025-12-30T22:27:35.177+0000] {processor.py:183} INFO - Processing /opt/airflow/dags/model_sample_dags.py took 0.262 seconds
[2025-12-30T22:28:02.338+0000] {processor.py:161} INFO - Started process (PID=2347) to work on /opt/airflow/dags/model_sample_dags.py
[2025-12-30T22:28:02.341+0000] {processor.py:830} INFO - Processing file /opt/airflow/dags/model_sample_dags.py for tasks to queue
[2025-12-30T22:28:02.346+0000] {logging_mixin.py:188} INFO - [2025-12-30T22:28:02.345+0000] {dagbag.py:545} INFO - Filling up the DagBag from /opt/airflow/dags/model_sample_dags.py
[2025-12-30T22:28:02.482+0000] {processor.py:840} INFO - DAG(s) 'train_model_sample' retrieved from /opt/airflow/dags/model_sample_dags.py
[2025-12-30T22:28:02.604+0000] {logging_mixin.py:188} INFO - [2025-12-30T22:28:02.603+0000] {dag.py:3089} INFO - Sync 1 DAGs
[2025-12-30T22:28:02.641+0000] {logging_mixin.py:188} INFO - [2025-12-30T22:28:02.641+0000] {dag.py:3947} INFO - Setting next_dagrun for train_model_sample to None, run_after=None
[2025-12-30T22:28:02.735+0000] {processor.py:183} INFO - Processing /opt/airflow/dags/model_sample_dags.py took 0.415 seconds
[2025-12-30T22:28:32.946+0000] {processor.py:161} INFO - Started process (PID=2354) to work on /opt/airflow/dags/model_sample_dags.py
[2025-12-30T22:28:32.950+0000] {processor.py:830} INFO - Processing file /opt/airflow/dags/model_sample_dags.py for tasks to queue
[2025-12-30T22:28:32.957+0000] {logging_mixin.py:188} INFO - [2025-12-30T22:28:32.956+0000] {dagbag.py:545} INFO - Filling up the DagBag from /opt/airflow/dags/model_sample_dags.py
[2025-12-30T22:28:33.036+0000] {processor.py:840} INFO - DAG(s) 'train_model_sample' retrieved from /opt/airflow/dags/model_sample_dags.py
[2025-12-30T22:28:33.124+0000] {logging_mixin.py:188} INFO - [2025-12-30T22:28:33.123+0000] {dag.py:3089} INFO - Sync 1 DAGs
[2025-12-30T22:28:33.169+0000] {logging_mixin.py:188} INFO - [2025-12-30T22:28:33.169+0000] {dag.py:3947} INFO - Setting next_dagrun for train_model_sample to None, run_after=None
[2025-12-30T22:28:33.246+0000] {processor.py:183} INFO - Processing /opt/airflow/dags/model_sample_dags.py took 0.322 seconds
[2025-12-30T22:29:03.498+0000] {processor.py:161} INFO - Started process (PID=2384) to work on /opt/airflow/dags/model_sample_dags.py
[2025-12-30T22:29:03.502+0000] {processor.py:830} INFO - Processing file /opt/airflow/dags/model_sample_dags.py for tasks to queue
[2025-12-30T22:29:03.512+0000] {logging_mixin.py:188} INFO - [2025-12-30T22:29:03.511+0000] {dagbag.py:545} INFO - Filling up the DagBag from /opt/airflow/dags/model_sample_dags.py
[2025-12-30T22:29:03.609+0000] {processor.py:840} INFO - DAG(s) 'train_model_sample' retrieved from /opt/airflow/dags/model_sample_dags.py
[2025-12-30T22:29:03.722+0000] {logging_mixin.py:188} INFO - [2025-12-30T22:29:03.721+0000] {dag.py:3089} INFO - Sync 1 DAGs
[2025-12-30T22:29:03.768+0000] {logging_mixin.py:188} INFO - [2025-12-30T22:29:03.768+0000] {dag.py:3947} INFO - Setting next_dagrun for train_model_sample to None, run_after=None
[2025-12-30T22:29:03.840+0000] {processor.py:183} INFO - Processing /opt/airflow/dags/model_sample_dags.py took 0.365 seconds
[2025-12-30T22:29:34.113+0000] {processor.py:161} INFO - Started process (PID=2389) to work on /opt/airflow/dags/model_sample_dags.py
[2025-12-30T22:29:34.116+0000] {processor.py:830} INFO - Processing file /opt/airflow/dags/model_sample_dags.py for tasks to queue
[2025-12-30T22:29:34.131+0000] {logging_mixin.py:188} INFO - [2025-12-30T22:29:34.129+0000] {dagbag.py:545} INFO - Filling up the DagBag from /opt/airflow/dags/model_sample_dags.py
[2025-12-30T22:29:34.224+0000] {processor.py:840} INFO - DAG(s) 'train_model_sample' retrieved from /opt/airflow/dags/model_sample_dags.py
[2025-12-30T22:29:34.350+0000] {logging_mixin.py:188} INFO - [2025-12-30T22:29:34.349+0000] {dag.py:3089} INFO - Sync 1 DAGs
[2025-12-30T22:29:34.455+0000] {logging_mixin.py:188} INFO - [2025-12-30T22:29:34.455+0000] {dag.py:3947} INFO - Setting next_dagrun for train_model_sample to None, run_after=None
[2025-12-30T22:29:34.560+0000] {processor.py:183} INFO - Processing /opt/airflow/dags/model_sample_dags.py took 0.494 seconds
[2025-12-30T22:30:04.762+0000] {processor.py:161} INFO - Started process (PID=2395) to work on /opt/airflow/dags/model_sample_dags.py
[2025-12-30T22:30:04.765+0000] {processor.py:830} INFO - Processing file /opt/airflow/dags/model_sample_dags.py for tasks to queue
[2025-12-30T22:30:04.769+0000] {logging_mixin.py:188} INFO - [2025-12-30T22:30:04.768+0000] {dagbag.py:545} INFO - Filling up the DagBag from /opt/airflow/dags/model_sample_dags.py
[2025-12-30T22:30:04.819+0000] {processor.py:840} INFO - DAG(s) 'train_model_sample' retrieved from /opt/airflow/dags/model_sample_dags.py
[2025-12-30T22:30:04.883+0000] {logging_mixin.py:188} INFO - [2025-12-30T22:30:04.882+0000] {dag.py:3089} INFO - Sync 1 DAGs
[2025-12-30T22:30:04.908+0000] {logging_mixin.py:188} INFO - [2025-12-30T22:30:04.907+0000] {dag.py:3947} INFO - Setting next_dagrun for train_model_sample to None, run_after=None
[2025-12-30T22:30:04.943+0000] {processor.py:183} INFO - Processing /opt/airflow/dags/model_sample_dags.py took 0.196 seconds
[2025-12-30T22:30:35.145+0000] {processor.py:161} INFO - Started process (PID=2400) to work on /opt/airflow/dags/model_sample_dags.py
[2025-12-30T22:30:35.149+0000] {processor.py:830} INFO - Processing file /opt/airflow/dags/model_sample_dags.py for tasks to queue
[2025-12-30T22:30:35.156+0000] {logging_mixin.py:188} INFO - [2025-12-30T22:30:35.155+0000] {dagbag.py:545} INFO - Filling up the DagBag from /opt/airflow/dags/model_sample_dags.py
[2025-12-30T22:30:35.226+0000] {processor.py:840} INFO - DAG(s) 'train_model_sample' retrieved from /opt/airflow/dags/model_sample_dags.py
[2025-12-30T22:30:35.313+0000] {logging_mixin.py:188} INFO - [2025-12-30T22:30:35.313+0000] {dag.py:3089} INFO - Sync 1 DAGs
[2025-12-30T22:30:35.343+0000] {logging_mixin.py:188} INFO - [2025-12-30T22:30:35.342+0000] {dag.py:3947} INFO - Setting next_dagrun for train_model_sample to None, run_after=None
[2025-12-30T22:30:35.398+0000] {processor.py:183} INFO - Processing /opt/airflow/dags/model_sample_dags.py took 0.272 seconds
[2025-12-30T22:30:50.423+0000] {processor.py:161} INFO - Started process (PID=2405) to work on /opt/airflow/dags/model_sample_dags.py
[2025-12-30T22:30:50.427+0000] {processor.py:830} INFO - Processing file /opt/airflow/dags/model_sample_dags.py for tasks to queue
[2025-12-30T22:30:50.433+0000] {logging_mixin.py:188} INFO - [2025-12-30T22:30:50.432+0000] {dagbag.py:545} INFO - Filling up the DagBag from /opt/airflow/dags/model_sample_dags.py
[2025-12-30T22:30:50.572+0000] {logging_mixin.py:188} INFO - [2025-12-30T22:30:50.552+0000] {dagbag.py:355} ERROR - Failed to import: /opt/airflow/dags/model_sample_dags.py
Traceback (most recent call last):
  File "/home/airflow/.local/lib/python3.10/site-packages/airflow/models/dagbag.py", line 351, in parse
    loader.exec_module(new_module)
  File "<frozen importlib._bootstrap_external>", line 883, in exec_module
  File "<frozen importlib._bootstrap>", line 241, in _call_with_frames_removed
  File "/opt/airflow/dags/model_sample_dags.py", line 26, in <module>
    train_task = PythonOperator(
  File "/home/airflow/.local/lib/python3.10/site-packages/airflow/models/baseoperator.py", line 485, in apply_defaults
    result = func(self, **kwargs, default_args=default_args)
  File "/home/airflow/.local/lib/python3.10/site-packages/airflow/operators/python.py", line 220, in __init__
    super().__init__(**kwargs)
  File "/home/airflow/.local/lib/python3.10/site-packages/airflow/models/baseoperator.py", line 485, in apply_defaults
    result = func(self, **kwargs, default_args=default_args)
  File "/home/airflow/.local/lib/python3.10/site-packages/airflow/models/baseoperator.py", line 882, in __init__
    raise AirflowException(
airflow.exceptions.AirflowException: Invalid arguments were passed to PythonOperator (task_id: train_model). Invalid arguments were:
**kwargs: {'requirements': ['mlflow==2.10.2', 'scikit-learn', 'pandas'], 'system_site_packages': False}
[2025-12-30T22:30:50.574+0000] {processor.py:842} WARNING - No viable dags retrieved from /opt/airflow/dags/model_sample_dags.py
[2025-12-30T22:30:50.657+0000] {processor.py:183} INFO - Processing /opt/airflow/dags/model_sample_dags.py took 0.255 seconds
[2025-12-30T22:31:20.864+0000] {processor.py:161} INFO - Started process (PID=2410) to work on /opt/airflow/dags/model_sample_dags.py
[2025-12-30T22:31:20.866+0000] {processor.py:830} INFO - Processing file /opt/airflow/dags/model_sample_dags.py for tasks to queue
[2025-12-30T22:31:20.870+0000] {logging_mixin.py:188} INFO - [2025-12-30T22:31:20.869+0000] {dagbag.py:545} INFO - Filling up the DagBag from /opt/airflow/dags/model_sample_dags.py
[2025-12-30T22:31:20.906+0000] {logging_mixin.py:188} INFO - [2025-12-30T22:31:20.896+0000] {dagbag.py:355} ERROR - Failed to import: /opt/airflow/dags/model_sample_dags.py
Traceback (most recent call last):
  File "/home/airflow/.local/lib/python3.10/site-packages/airflow/models/dagbag.py", line 351, in parse
    loader.exec_module(new_module)
  File "<frozen importlib._bootstrap_external>", line 883, in exec_module
  File "<frozen importlib._bootstrap>", line 241, in _call_with_frames_removed
  File "/opt/airflow/dags/model_sample_dags.py", line 26, in <module>
    train_task = PythonOperator(
  File "/home/airflow/.local/lib/python3.10/site-packages/airflow/models/baseoperator.py", line 485, in apply_defaults
    result = func(self, **kwargs, default_args=default_args)
  File "/home/airflow/.local/lib/python3.10/site-packages/airflow/operators/python.py", line 220, in __init__
    super().__init__(**kwargs)
  File "/home/airflow/.local/lib/python3.10/site-packages/airflow/models/baseoperator.py", line 485, in apply_defaults
    result = func(self, **kwargs, default_args=default_args)
  File "/home/airflow/.local/lib/python3.10/site-packages/airflow/models/baseoperator.py", line 882, in __init__
    raise AirflowException(
airflow.exceptions.AirflowException: Invalid arguments were passed to PythonOperator (task_id: train_model). Invalid arguments were:
**kwargs: {'requirements': ['mlflow==2.10.2', 'scikit-learn', 'pandas'], 'system_site_packages': False}
[2025-12-30T22:31:20.907+0000] {processor.py:842} WARNING - No viable dags retrieved from /opt/airflow/dags/model_sample_dags.py
[2025-12-30T22:31:20.955+0000] {processor.py:183} INFO - Processing /opt/airflow/dags/model_sample_dags.py took 0.105 seconds
[2025-12-30T22:31:42.154+0000] {processor.py:161} INFO - Started process (PID=2415) to work on /opt/airflow/dags/model_sample_dags.py
[2025-12-30T22:31:42.158+0000] {processor.py:830} INFO - Processing file /opt/airflow/dags/model_sample_dags.py for tasks to queue
[2025-12-30T22:31:42.163+0000] {logging_mixin.py:188} INFO - [2025-12-30T22:31:42.162+0000] {dagbag.py:545} INFO - Filling up the DagBag from /opt/airflow/dags/model_sample_dags.py
[2025-12-30T22:31:42.253+0000] {processor.py:840} INFO - DAG(s) 'train_model_sample' retrieved from /opt/airflow/dags/model_sample_dags.py
[2025-12-30T22:31:42.328+0000] {logging_mixin.py:188} INFO - [2025-12-30T22:31:42.328+0000] {dag.py:3089} INFO - Sync 1 DAGs
[2025-12-30T22:31:42.369+0000] {logging_mixin.py:188} INFO - [2025-12-30T22:31:42.368+0000] {dag.py:3947} INFO - Setting next_dagrun for train_model_sample to None, run_after=None
[2025-12-30T22:31:42.431+0000] {processor.py:183} INFO - Processing /opt/airflow/dags/model_sample_dags.py took 0.291 seconds
[2025-12-30T22:32:12.680+0000] {processor.py:161} INFO - Started process (PID=2420) to work on /opt/airflow/dags/model_sample_dags.py
[2025-12-30T22:32:12.683+0000] {processor.py:830} INFO - Processing file /opt/airflow/dags/model_sample_dags.py for tasks to queue
[2025-12-30T22:32:12.688+0000] {logging_mixin.py:188} INFO - [2025-12-30T22:32:12.687+0000] {dagbag.py:545} INFO - Filling up the DagBag from /opt/airflow/dags/model_sample_dags.py
[2025-12-30T22:32:12.743+0000] {processor.py:840} INFO - DAG(s) 'train_model_sample' retrieved from /opt/airflow/dags/model_sample_dags.py
[2025-12-30T22:32:12.808+0000] {logging_mixin.py:188} INFO - [2025-12-30T22:32:12.807+0000] {dag.py:3089} INFO - Sync 1 DAGs
[2025-12-30T22:32:12.839+0000] {logging_mixin.py:188} INFO - [2025-12-30T22:32:12.838+0000] {dag.py:3947} INFO - Setting next_dagrun for train_model_sample to None, run_after=None
[2025-12-30T22:32:12.898+0000] {processor.py:183} INFO - Processing /opt/airflow/dags/model_sample_dags.py took 0.234 seconds
